tag,step,wall_time,value
action/longitudinal_max,1024,1786572242.957061,0.9905156493186951
action/longitudinal_max,2048,1786572399.869311,0.9989913105964661
action/longitudinal_max,3072,1786572554.573128,0.9966652393341064
action/longitudinal_max,4096,1786572712.728831,0.9987109899520874
action/longitudinal_max,5120,1786572868.556996,0.9992156624794006
action/longitudinal_max,6144,1786573027.430860,0.9995572566986084
action/longitudinal_max,7168,1786573181.600774,0.9994003772735596
action/longitudinal_max,8192,1786573325.791187,0.9992916584014893
action/longitudinal_max,9216,1786573470.673583,0.9988937377929688
action/longitudinal_max,10240,1786573609.638668,0.998447835445404
action/longitudinal_max,11264,1786573771.152073,0.9982020854949951
action/longitudinal_max,12288,1786573896.138609,0.9994111061096191
action/longitudinal_max,13312,1786574030.870026,0.9960177540779114
action/longitudinal_max,14336,1786574198.345403,0.9963401556015015
action/longitudinal_max,15360,1786574338.580581,0.9985545873641968
action/longitudinal_max,16384,1786574478.254162,0.9991601705551147
action/longitudinal_max,17408,1786574638.620192,0.9995706081390381
action/longitudinal_max,18432,1786574775.967915,0.9987233877182007
action/longitudinal_max,19456,1786574921.166428,0.9992384910583496
action/longitudinal_max,20000,1786574987.332482,0.9982137084007263
action/longitudinal_mean,1024,1786572242.957024,-0.02201242558658123
action/longitudinal_mean,2048,1786572399.869271,-0.02021506056189537
action/longitudinal_mean,3072,1786572554.573092,0.05943774804472923
action/longitudinal_mean,4096,1786572712.728802,0.10840775072574615
action/longitudinal_mean,5120,1786572868.556949,0.20918864011764526
action/longitudinal_mean,6144,1786573027.430824,0.277710497379303
action/longitudinal_mean,7168,1786573181.600734,0.20160195231437683
action/longitudinal_mean,8192,1786573325.791149,0.2279755026102066
action/longitudinal_mean,9216,1786573470.673547,0.20653598010540009
action/longitudinal_mean,10240,1786573609.638629,0.22274646162986755
action/longitudinal_mean,11264,1786573771.152037,0.3241638243198395
action/longitudinal_mean,12288,1786573896.138562,0.20942839980125427
action/longitudinal_mean,13312,1786574030.869970,0.23876354098320007
action/longitudinal_mean,14336,1786574198.345364,0.2772623598575592
action/longitudinal_mean,15360,1786574338.580544,0.2499595284461975
action/longitudinal_mean,16384,1786574478.254120,0.24070489406585693
action/longitudinal_mean,17408,1786574638.620152,0.31145909428596497
action/longitudinal_mean,18432,1786574775.967885,0.3551870286464691
action/longitudinal_mean,19456,1786574921.166385,0.3926122784614563
action/longitudinal_mean,20000,1786574987.332441,0.33846092224121094
action/longitudinal_min,1024,1786572242.957052,-0.9922471642494202
action/longitudinal_min,2048,1786572399.869303,-0.994827389717102
action/longitudinal_min,3072,1786572554.573118,-0.9919067025184631
action/longitudinal_min,4096,1786572712.728823,-0.9963616132736206
action/longitudinal_min,5120,1786572868.556986,-0.9844975471496582
action/longitudinal_min,6144,1786573027.430851,-0.9965276718139648
action/longitudinal_min,7168,1786573181.600767,-0.9951838254928589
action/longitudinal_min,8192,1786573325.791177,-0.991148829460144
action/longitudinal_min,9216,1786573470.673573,-0.9978223443031311
action/longitudinal_min,10240,1786573609.638660,-0.9860674738883972
action/longitudinal_min,11264,1786573771.152065,-0.9993640780448914
action/longitudinal_min,12288,1786573896.138600,-0.9933762550354004
action/longitudinal_min,13312,1786574030.870015,-0.988219141960144
action/longitudinal_min,14336,1786574198.345394,-0.9982401728630066
action/longitudinal_min,15360,1786574338.580572,-0.9975994825363159
action/longitudinal_min,16384,1786574478.254152,-0.9878761172294617
action/longitudinal_min,17408,1786574638.620184,-0.9857816696166992
action/longitudinal_min,18432,1786574775.967908,-0.9863392114639282
action/longitudinal_min,19456,1786574921.166420,-0.9871608018875122
action/longitudinal_min,20000,1786574987.332475,-0.9708085656166077
action/longitudinal_std,1024,1786572242.957042,0.6262167096138
action/longitudinal_std,2048,1786572399.869292,0.627638041973114
action/longitudinal_std,3072,1786572554.573108,0.6427869200706482
action/longitudinal_std,4096,1786572712.728815,0.6267027258872986
action/longitudinal_std,5120,1786572868.556972,0.5999875068664551
action/longitudinal_std,6144,1786573027.430840,0.5838297009468079
action/longitudinal_std,7168,1786573181.600757,0.6202436089515686
action/longitudinal_std,8192,1786573325.791167,0.6099395155906677
action/longitudinal_std,9216,1786573470.673564,0.5924732685089111
action/longitudinal_std,10240,1786573609.638651,0.59247225522995
action/longitudinal_std,11264,1786573771.152055,0.575954258441925
action/longitudinal_std,12288,1786573896.138588,0.602399468421936
action/longitudinal_std,13312,1786574030.870002,0.601514995098114
action/longitudinal_std,14336,1786574198.345383,0.5995070934295654
action/longitudinal_std,15360,1786574338.580562,0.6000657677650452
action/longitudinal_std,16384,1786574478.254141,0.5960741639137268
action/longitudinal_std,17408,1786574638.620175,0.5860890746116638
action/longitudinal_std,18432,1786574775.967899,0.5708310008049011
action/longitudinal_std,19456,1786574921.166410,0.5638688206672668
action/longitudinal_std,20000,1786574987.332465,0.581780731678009
action/steer_max,1024,1786572242.957554,0.9943183660507202
action/steer_max,2048,1786572399.869341,0.9992150664329529
action/steer_max,3072,1786572554.573318,0.9951151609420776
action/steer_max,4096,1786572712.728994,0.997393012046814
action/steer_max,5120,1786572868.557118,0.9946842193603516
action/steer_max,6144,1786573027.431041,0.9981809258460999
action/steer_max,7168,1786573181.600802,0.9980645179748535
action/steer_max,8192,1786573325.791566,0.997653603553772
action/steer_max,9216,1786573470.673777,0.9923743009567261
action/steer_max,10240,1786573609.638696,0.9962993264198303
action/steer_max,11264,1786573771.152259,0.9950069189071655
action/steer_max,12288,1786573896.138682,0.9985074400901794
action/steer_max,13312,1786574030.870061,0.9978140592575073
action/steer_max,14336,1786574198.345650,0.998680591583252
action/steer_max,15360,1786574338.580772,0.9969120621681213
action/steer_max,16384,1786574478.254497,0.9946542978286743
action/steer_max,17408,1786574638.620526,0.9935983419418335
action/steer_max,18432,1786574775.968272,0.9995073676109314
action/steer_max,19456,1786574921.166457,0.9935173392295837
action/steer_max,20000,1786574987.332510,0.9998355507850647
action/steer_mean,1024,1786572242.957070,-0.00237515801563859
action/steer_mean,2048,1786572399.869319,0.024135924875736237
action/steer_mean,3072,1786572554.573136,0.08899641782045364
action/steer_mean,4096,1786572712.728838,0.12336066365242004
action/steer_mean,5120,1786572868.557005,0.1355338990688324
action/steer_mean,6144,1786573027.430870,0.18016445636749268
action/steer_mean,7168,1786573181.600781,0.0659729391336441
action/steer_mean,8192,1786573325.791199,0.03575553745031357
action/steer_mean,9216,1786573470.673592,0.03428572043776512
action/steer_mean,10240,1786573609.638675,0.02298293448984623
action/steer_mean,11264,1786573771.152082,0.009165101684629917
action/steer_mean,12288,1786573896.138619,0.026275768876075745
action/steer_mean,13312,1786574030.870036,0.044788748025894165
action/steer_mean,14336,1786574198.345413,0.0647813081741333
action/steer_mean,15360,1786574338.580590,0.035705842077732086
action/steer_mean,16384,1786574478.254175,0.035340815782547
action/steer_mean,17408,1786574638.620199,0.03164869546890259
action/steer_mean,18432,1786574775.967922,0.05058049038052559
action/steer_mean,19456,1786574921.166435,0.00015281885862350464
action/steer_mean,20000,1786574987.332489,0.03168648108839989
action/steer_min,1024,1786572242.957088,-0.993084728717804
action/steer_min,2048,1786572399.869334,-0.99539715051651
action/steer_min,3072,1786572554.573154,-0.9945942163467407
action/steer_min,4096,1786572712.728852,-0.9918053150177002
action/steer_min,5120,1786572868.557023,-0.9957698583602905
action/steer_min,6144,1786573027.430887,-0.9925026297569275
action/steer_min,7168,1786573181.600795,-0.9934791326522827
action/steer_min,8192,1786573325.791363,-0.9995661377906799
action/steer_min,9216,1786573470.673714,-0.9921135306358337
action/steer_min,10240,1786573609.638690,-0.9949094653129578
action/steer_min,11264,1786573771.152100,-0.9967248439788818
action/steer_min,12288,1786573896.138636,-0.9946693181991577
action/steer_min,13312,1786574030.870054,-0.9939599633216858
action/steer_min,14336,1786574198.345578,-0.9964238405227661
action/steer_min,15360,1786574338.580680,-0.9974008202552795
action/steer_min,16384,1786574478.254194,-0.9986432194709778
action/steer_min,17408,1786574638.620212,-0.9949727654457092
action/steer_min,18432,1786574775.967996,-0.9917616248130798
action/steer_min,19456,1786574921.166450,-0.9962551593780518
action/steer_min,20000,1786574987.332503,-0.9949978590011597
action/steer_std,1024,1786572242.957079,0.6292178630828857
action/steer_std,2048,1786572399.869326,0.6310712099075317
action/steer_std,3072,1786572554.573146,0.6209645867347717
action/steer_std,4096,1786572712.728845,0.6244768500328064
action/steer_std,5120,1786572868.557014,0.6237346529960632
action/steer_std,6144,1786573027.430878,0.6084466576576233
action/steer_std,7168,1786573181.600788,0.6276995539665222
action/steer_std,8192,1786573325.791208,0.6400204300880432
action/steer_std,9216,1786573470.673603,0.6240766644477844
action/steer_std,10240,1786573609.638683,0.62586510181427
action/steer_std,11264,1786573771.152091,0.6284264326095581
action/steer_std,12288,1786573896.138628,0.6330446600914001
action/steer_std,13312,1786574030.870044,0.628132164478302
action/steer_std,14336,1786574198.345422,0.6269482970237732
action/steer_std,15360,1786574338.580596,0.6227534413337708
action/steer_std,16384,1786574478.254184,0.6284891963005066
action/steer_std,17408,1786574638.620206,0.6369106769561768
action/steer_std,18432,1786574775.967930,0.6246259808540344
action/steer_std,19456,1786574921.166443,0.6324799060821533
action/steer_std,20000,1786574987.332496,0.6359823346138
episode/cost,91,1786572128.322626,20.0
episode/cost,212,1786572146.803920,20.0
episode/cost,329,1786572159.714095,20.0
episode/cost,434,1786572172.704041,30.0
episode/cost,502,1786572183.147946,30.0
episode/cost,633,1786572196.918203,20.0
episode/cost,743,1786572208.167781,30.0
episode/cost,835,1786572221.527349,20.0
episode/cost,1061,1786572246.549588,20.0
episode/cost,1208,1786572267.212926,20.0
episode/cost,1326,1786572278.225794,20.0
episode/cost,1367,1786572283.401081,20.0
episode/cost,1595,1786572330.589287,20.0
episode/cost,1724,1786572354.103633,20.0
episode/cost,1988,1786572386.155131,20.0
episode/cost,2093,1786572408.385936,20.0
episode/cost,2177,1786572424.028964,20.0
episode/cost,2208,1786572431.997398,20.0
episode/cost,2327,1786572446.928743,20.0
episode/cost,2374,1786572454.257004,30.0
episode/cost,2512,1786572470.972057,20.0
episode/cost,2568,1786572478.858301,20.0
episode/cost,2669,1786572490.491417,20.0
episode/cost,2854,1786572519.100046,20.0
episode/cost,2942,1786572533.417797,20.0
episode/cost,2981,1786572539.180812,20.0
episode/cost,3025,1786572547.570603,20.0
episode/cost,3091,1786572556.980881,20.0
episode/cost,3129,1786572561.586401,20.0
episode/cost,3156,1786572565.477244,20.0
episode/cost,3190,1786572569.696463,20.0
episode/cost,3229,1786572576.837607,20.0
episode/cost,3269,1786572580.556549,20.0
episode/cost,3323,1786572589.098032,20.0
episode/cost,3377,1786572599.037133,20.0
episode/cost,3496,1786572613.444888,20.0
episode/cost,3511,1786572615.828887,20.0
episode/cost,3548,1786572620.236327,20.0
episode/cost,3640,1786572630.132161,20.0
episode/cost,3676,1786572634.766712,20.0
episode/cost,3720,1786572641.020743,20.0
episode/cost,3748,1786572645.015065,20.0
episode/cost,3889,1786572669.376683,20.0
episode/cost,3928,1786572677.472127,20.0
episode/cost,4065,1786572708.085867,20.0
episode/cost,4098,1786572713.037026,20.0
episode/cost,4174,1786572723.368541,20.0
episode/cost,4203,1786572727.448032,20.0
episode/cost,4224,1786572732.112902,20.0
episode/cost,4253,1786572736.521341,20.0
episode/cost,4305,1786572743.841245,20.0
episode/cost,4376,1786572755.954724,20.0
episode/cost,4398,1786572760.974877,20.0
episode/cost,4453,1786572768.785031,20.0
episode/cost,4479,1786572772.237626,20.0
episode/cost,4582,1786572790.728493,20.0
episode/cost,4611,1786572795.285578,20.0
episode/cost,4696,1786572805.313841,20.0
episode/cost,4792,1786572815.341164,20.0
episode/cost,4844,1786572824.961572,20.0
episode/cost,4873,1786572828.754179,20.0
episode/cost,4930,1786572838.430357,20.0
episode/cost,4969,1786572843.849489,20.0
episode/cost,5011,1786572849.185040,20.0
episode/cost,5064,1786572856.744509,20.0
episode/cost,5102,1786572865.323151,20.0
episode/cost,5129,1786572870.456536,20.0
episode/cost,5182,1786572876.649701,20.0
episode/cost,5214,1786572881.213646,20.0
episode/cost,5274,1786572891.208082,20.0
episode/cost,5299,1786572896.806917,20.0
episode/cost,5377,1786572906.230340,20.0
episode/cost,5407,1786572910.276372,20.0
episode/cost,5445,1786572915.116409,20.0
episode/cost,5537,1786572929.768076,20.0
episode/cost,5564,1786572936.024202,20.0
episode/cost,5585,1786572938.862151,20.0
episode/cost,5641,1786572950.071209,20.0
episode/cost,5668,1786572955.942461,20.0
episode/cost,5695,1786572959.392191,20.0
episode/cost,5730,1786572963.910174,20.0
episode/cost,5772,1786572970.447240,20.0
episode/cost,5816,1786572975.994741,20.0
episode/cost,5861,1786572985.919549,20.0
episode/cost,6026,1786573005.930226,30.0
episode/cost,6054,1786573009.647895,20.0
episode/cost,6082,1786573015.666821,20.0
episode/cost,6122,1786573023.323687,20.0
episode/cost,6176,1786573031.875262,20.0
episode/cost,6221,1786573037.275100,20.0
episode/cost,6303,1786573047.942699,20.0
episode/cost,6336,1786573053.079009,20.0
episode/cost,6371,1786573061.331762,20.0
episode/cost,6511,1786573081.207516,20.0
episode/cost,6544,1786573085.305480,20.0
episode/cost,6572,1786573089.424538,20.0
episode/cost,6623,1786573098.354599,20.0
episode/cost,6689,1786573104.953828,20.0
episode/cost,6764,1786573116.788035,20.0
episode/cost,6895,1786573141.411532,20.0
episode/cost,6996,1786573154.732990,20.0
episode/cost,7055,1786573162.363805,20.0
episode/cost,7252,1786573194.112338,30.0
episode/cost,7497,1786573224.217751,40.0
episode/cost,7546,1786573234.769865,20.0
episode/cost,7652,1786573247.330279,20.0
episode/cost,7693,1786573257.328265,20.0
episode/cost,7755,1786573264.374497,20.0
episode/cost,7809,1786573272.094956,20.0
episode/cost,7835,1786573276.256549,30.0
episode/cost,7925,1786573289.053022,20.0
episode/cost,7960,1786573292.916832,20.0
episode/cost,8016,1786573302.615139,20.0
episode/cost,8142,1786573316.903525,30.0
episode/cost,8172,1786573320.572871,20.0
episode/cost,8237,1786573332.962233,20.0
episode/cost,8278,1786573341.053436,20.0
episode/cost,8471,1786573365.634620,20.0
episode/cost,8505,1786573370.980799,20.0
episode/cost,8701,1786573397.177190,20.0
episode/cost,8857,1786573421.099094,20.0
episode/cost,8938,1786573435.421923,20.0
episode/cost,9134,1786573456.740792,20.0
episode/cost,9371,1786573493.477406,20.0
episode/cost,9495,1786573517.754901,20.0
episode/cost,9691,1786573544.228458,20.0
episode/cost,9745,1786573553.396286,20.0
episode/cost,10015,1786573585.889434,30.0
episode/cost,10331,1786573618.156624,30.0
episode/cost,10461,1786573640.784243,20.0
episode/cost,10544,1786573656.744770,20.0
episode/cost,10603,1786573664.678887,20.0
episode/cost,10778,1786573690.373772,20.0
episode/cost,10816,1786573695.600116,20.0
episode/cost,10920,1786573716.611437,20.0
episode/cost,11029,1786573729.151443,20.0
episode/cost,11141,1786573751.513777,20.0
episode/cost,11209,1786573760.749847,20.0
episode/cost,11328,1786573780.451890,20.0
episode/cost,11374,1786573786.557143,20.0
episode/cost,11403,1786573790.616216,20.0
episode/cost,11450,1786573796.337433,20.0
episode/cost,11491,1786573801.717008,20.0
episode/cost,11560,1786573810.301683,20.0
episode/cost,11616,1786573819.453555,20.0
episode/cost,11738,1786573832.164386,30.0
episode/cost,11789,1786573838.959776,20.0
episode/cost,11865,1786573845.853254,30.0
episode/cost,12136,1786573877.932789,20.0
episode/cost,12239,1786573889.884639,20.0
episode/cost,12543,1786573922.691319,20.0
episode/cost,12601,1786573934.532686,20.0
episode/cost,12649,1786573940.858505,20.0
episode/cost,12689,1786573950.568931,20.0
episode/cost,12807,1786573970.467074,20.0
episode/cost,12920,1786573984.548608,20.0
episode/cost,12988,1786573993.823773,20.0
episode/cost,13093,1786574006.730017,20.0
episode/cost,13365,1786574036.093268,40.0
episode/cost,13501,1786574055.687249,20.0
episode/cost,13532,1786574061.274458,20.0
episode/cost,13604,1786574075.898621,20.0
episode/cost,13726,1786574093.475771,20.0
episode/cost,13771,1786574101.585903,20.0
episode/cost,13848,1786574109.021599,20.0
episode/cost,13887,1786574118.692168,20.0
episode/cost,13943,1786574128.974452,20.0
episode/cost,13996,1786574138.321317,20.0
episode/cost,14301,1786574189.549612,20.0
episode/cost,14436,1786574216.687815,20.0
episode/cost,14494,1786574224.617953,20.0
episode/cost,14542,1786574232.033816,20.0
episode/cost,14604,1786574239.848402,20.0
episode/cost,14663,1786574246.444160,20.0
episode/cost,14835,1786574262.381622,30.0
episode/cost,14950,1786574281.680296,30.0
episode/cost,15010,1786574289.379218,30.0
episode/cost,15056,1786574294.154864,20.0
episode/cost,15365,1786574339.153568,30.0
episode/cost,15471,1786574351.332586,20.0
episode/cost,15538,1786574358.700279,20.0
episode/cost,15664,1786574375.641183,30.0
episode/cost,15779,1786574389.784587,20.0
episode/cost,15803,1786574392.644651,20.0
episode/cost,15884,1786574402.525934,30.0
episode/cost,15915,1786574406.024717,20.0
episode/cost,16278,1786574459.795247,30.0
episode/cost,16425,1786574483.298000,20.0
episode/cost,16586,1786574515.683071,20.0
episode/cost,16665,1786574527.652323,20.0
episode/cost,16695,1786574532.929671,20.0
episode/cost,16759,1786574545.557882,20.0
episode/cost,16871,1786574560.306419,20.0
episode/cost,16906,1786574566.852290,20.0
episode/cost,16980,1786574575.695397,20.0
episode/cost,17121,1786574600.778436,30.0
episode/cost,17199,1786574611.317513,20.0
episode/cost,17237,1786574618.530067,20.0
episode/cost,17321,1786574628.140914,20.0
episode/cost,17889,1786574713.270386,40.0
episode/cost,18242,1786574751.142258,30.0
episode/cost,18693,1786574806.218729,20.0
episode/cost,18796,1786574819.997928,20.0
episode/cost,19312,1786574892.926500,40.0
episode/cost,19453,1786574919.856446,20.287736892700195
episode/cost,19582,1786574940.356477,20.0
episode/cost,19715,1786574954.467222,20.0
episode/cost,19850,1786574967.641191,20.0
episode/cost,19989,1786574984.338806,30.0
episode/index,91,1786572128.322672,0.0
episode/index,212,1786572146.803937,1.0
episode/index,329,1786572159.714111,2.0
episode/index,434,1786572172.704084,3.0
episode/index,502,1786572183.147959,4.0
episode/index,633,1786572196.918217,5.0
episode/index,743,1786572208.167823,6.0
episode/index,835,1786572221.527367,7.0
episode/index,1061,1786572246.549630,8.0
episode/index,1208,1786572267.212970,9.0
episode/index,1326,1786572278.225811,10.0
episode/index,1367,1786572283.401125,11.0
episode/index,1595,1786572330.589304,12.0
episode/index,1724,1786572354.103647,13.0
episode/index,1988,1786572386.155174,14.0
episode/index,2093,1786572408.385979,15.0
episode/index,2177,1786572424.028981,16.0
episode/index,2208,1786572431.997412,17.0
episode/index,2327,1786572446.928758,18.0
episode/index,2374,1786572454.257024,19.0
episode/index,2512,1786572470.972071,20.0
episode/index,2568,1786572478.858320,21.0
episode/index,2669,1786572490.491461,22.0
episode/index,2854,1786572519.100090,23.0
episode/index,2942,1786572533.417811,24.0
episode/index,2981,1786572539.180832,25.0
episode/index,3025,1786572547.570622,26.0
episode/index,3091,1786572556.980895,27.0
episode/index,3129,1786572561.586443,28.0
episode/index,3156,1786572565.477258,29.0
episode/index,3190,1786572569.696477,30.0
episode/index,3229,1786572576.837651,31.0
episode/index,3269,1786572580.556571,32.0
episode/index,3323,1786572589.098046,33.0
episode/index,3377,1786572599.037148,34.0
episode/index,3496,1786572613.444931,35.0
episode/index,3511,1786572615.828929,36.0
episode/index,3548,1786572620.236347,37.0
episode/index,3640,1786572630.132175,38.0
episode/index,3676,1786572634.766726,39.0
episode/index,3720,1786572641.020785,40.0
episode/index,3748,1786572645.015287,41.0
episode/index,3889,1786572669.376701,42.0
episode/index,3928,1786572677.472170,43.0
episode/index,4065,1786572708.085886,44.0
episode/index,4098,1786572713.037048,45.0
episode/index,4174,1786572723.368554,46.0
episode/index,4203,1786572727.448075,47.0
episode/index,4224,1786572732.112922,48.0
episode/index,4253,1786572736.521384,49.0
episode/index,4305,1786572743.841288,50.0
episode/index,4376,1786572755.954741,51.0
episode/index,4398,1786572760.974895,52.0
episode/index,4453,1786572768.785074,53.0
episode/index,4479,1786572772.237668,54.0
episode/index,4582,1786572790.728510,55.0
episode/index,4611,1786572795.285600,56.0
episode/index,4696,1786572805.313854,57.0
episode/index,4792,1786572815.341207,58.0
episode/index,4844,1786572824.961590,59.0
episode/index,4873,1786572828.754222,60.0
episode/index,4930,1786572838.430371,61.0
episode/index,4969,1786572843.849504,62.0
episode/index,5011,1786572849.185084,63.0
episode/index,5064,1786572856.744527,64.0
episode/index,5102,1786572865.323165,65.0
episode/index,5129,1786572870.456551,66.0
episode/index,5182,1786572876.649744,67.0
episode/index,5214,1786572881.213689,68.0
episode/index,5274,1786572891.208095,69.0
episode/index,5299,1786572896.806933,70.0
episode/index,5377,1786572906.230383,71.0
episode/index,5407,1786572910.276406,72.0
episode/index,5445,1786572915.116426,73.0
episode/index,5537,1786572929.768120,74.0
episode/index,5564,1786572936.024216,75.0
episode/index,5585,1786572938.862165,76.0
episode/index,5641,1786572950.071232,77.0
episode/index,5668,1786572955.942475,78.0
episode/index,5695,1786572959.392204,79.0
episode/index,5730,1786572963.910189,80.0
episode/index,5772,1786572970.447278,81.0
episode/index,5816,1786572975.994784,82.0
episode/index,5861,1786572985.919563,83.0
episode/index,6026,1786573005.930241,84.0
episode/index,6054,1786573009.647938,85.0
episode/index,6082,1786573015.666835,86.0
episode/index,6122,1786573023.323701,87.0
episode/index,6176,1786573031.875277,88.0
episode/index,6221,1786573037.275117,89.0
episode/index,6303,1786573047.942713,90.0
episode/index,6336,1786573053.079022,91.0
episode/index,6371,1786573061.331775,92.0
episode/index,6511,1786573081.207558,93.0
episode/index,6544,1786573085.305494,94.0
episode/index,6572,1786573089.424581,95.0
episode/index,6623,1786573098.354613,96.0
episode/index,6689,1786573104.953844,97.0
episode/index,6764,1786573116.788048,98.0
episode/index,6895,1786573141.411546,99.0
episode/index,6996,1786573154.733034,100.0
episode/index,7055,1786573162.363819,101.0
episode/index,7252,1786573194.112381,102.0
episode/index,7497,1786573224.217766,103.0
episode/index,7546,1786573234.769887,104.0
episode/index,7652,1786573247.330321,105.0
episode/index,7693,1786573257.328308,106.0
episode/index,7755,1786573264.374511,107.0
episode/index,7809,1786573272.095005,108.0
episode/index,7835,1786573276.256564,109.0
episode/index,7925,1786573289.053037,110.0
episode/index,7960,1786573292.916846,111.0
episode/index,8016,1786573302.615155,112.0
episode/index,8142,1786573316.903543,113.0
episode/index,8172,1786573320.572914,114.0
episode/index,8237,1786573332.962246,115.0
episode/index,8278,1786573341.053456,116.0
episode/index,8471,1786573365.634663,117.0
episode/index,8505,1786573370.980813,118.0
episode/index,8701,1786573397.177204,119.0
episode/index,8857,1786573421.099136,120.0
episode/index,8938,1786573435.421937,121.0
episode/index,9134,1786573456.740835,122.0
episode/index,9371,1786573493.477425,123.0
episode/index,9495,1786573517.754915,124.0
episode/index,9691,1786573544.228475,125.0
episode/index,9745,1786573553.396299,126.0
episode/index,10015,1786573585.889447,127.0
episode/index,10331,1786573618.156667,128.0
episode/index,10461,1786573640.784258,129.0
episode/index,10544,1786573656.744784,130.0
episode/index,10603,1786573664.678930,131.0
episode/index,10778,1786573690.373815,132.0
episode/index,10816,1786573695.600161,133.0
episode/index,10920,1786573716.611452,134.0
episode/index,11029,1786573729.151457,135.0
episode/index,11141,1786573751.513790,136.0
episode/index,11209,1786573760.749890,137.0
episode/index,11328,1786573780.451933,138.0
episode/index,11374,1786573786.557158,139.0
episode/index,11403,1786573790.616230,140.0
episode/index,11450,1786573796.337477,141.0
episode/index,11491,1786573801.717026,142.0
episode/index,11560,1786573810.301698,143.0
episode/index,11616,1786573819.453599,144.0
episode/index,11738,1786573832.164400,145.0
episode/index,11789,1786573838.959799,146.0
episode/index,11865,1786573845.853297,147.0
episode/index,12136,1786573877.932812,148.0
episode/index,12239,1786573889.884682,149.0
episode/index,12543,1786573922.691333,150.0
episode/index,12601,1786573934.532729,151.0
episode/index,12649,1786573940.858548,152.0
episode/index,12689,1786573950.568975,153.0
episode/index,12807,1786573970.467089,154.0
episode/index,12920,1786573984.548651,155.0
episode/index,12988,1786573993.823816,156.0
episode/index,13093,1786574006.730035,157.0
episode/index,13365,1786574036.093282,158.0
episode/index,13501,1786574055.687263,159.0
episode/index,13532,1786574061.274473,160.0
episode/index,13604,1786574075.898635,161.0
episode/index,13726,1786574093.475813,162.0
episode/index,13771,1786574101.585947,163.0
episode/index,13848,1786574109.021641,164.0
episode/index,13887,1786574118.692181,165.0
episode/index,13943,1786574128.974466,166.0
episode/index,13996,1786574138.321360,167.0
episode/index,14301,1786574189.549654,168.0
episode/index,14436,1786574216.687857,169.0
episode/index,14494,1786574224.617974,170.0
episode/index,14542,1786574232.033859,171.0
episode/index,14604,1786574239.848415,172.0
episode/index,14663,1786574246.444174,173.0
episode/index,14835,1786574262.381638,174.0
episode/index,14950,1786574281.680340,175.0
episode/index,15010,1786574289.379232,176.0
episode/index,15056,1786574294.154877,177.0
episode/index,15365,1786574339.153582,178.0
episode/index,15471,1786574351.332629,179.0
episode/index,15538,1786574358.700294,180.0
episode/index,15664,1786574375.641197,181.0
episode/index,15779,1786574389.784602,182.0
episode/index,15803,1786574392.644695,183.0
episode/index,15884,1786574402.525951,184.0
episode/index,15915,1786574406.024730,185.0
episode/index,16278,1786574459.795261,186.0
episode/index,16425,1786574483.298022,187.0
episode/index,16586,1786574515.683114,188.0
episode/index,16665,1786574527.652367,189.0
episode/index,16695,1786574532.929715,190.0
episode/index,16759,1786574545.557898,191.0
episode/index,16871,1786574560.306432,192.0
episode/index,16906,1786574566.852304,193.0
episode/index,16980,1786574575.695411,194.0
episode/index,17121,1786574600.778480,195.0
episode/index,17199,1786574611.317534,196.0
episode/index,17237,1786574618.530109,197.0
episode/index,17321,1786574628.140957,198.0
episode/index,17889,1786574713.270428,199.0
episode/index,18242,1786574751.142300,200.0
episode/index,18693,1786574806.218745,201.0
episode/index,18796,1786574819.997949,202.0
episode/index,19312,1786574892.926528,203.0
episode/index,19453,1786574919.856459,204.0
episode/index,19582,1786574940.356492,205.0
episode/index,19715,1786574954.467265,206.0
episode/index,19850,1786574967.641235,207.0
episode/index,19989,1786574984.338822,208.0
episode/length,91,1786572128.322650,91.0
episode/length,212,1786572146.803929,121.0
episode/length,329,1786572159.714104,117.0
episode/length,434,1786572172.704063,105.0
episode/length,502,1786572183.147952,68.0
episode/length,633,1786572196.918211,131.0
episode/length,743,1786572208.167802,110.0
episode/length,835,1786572221.527358,92.0
episode/length,1061,1786572246.549609,226.0
episode/length,1208,1786572267.212948,147.0
episode/length,1326,1786572278.225802,118.0
episode/length,1367,1786572283.401102,41.0
episode/length,1595,1786572330.589294,228.0
episode/length,1724,1786572354.103640,129.0
episode/length,1988,1786572386.155153,264.0
episode/length,2093,1786572408.385958,105.0
episode/length,2177,1786572424.028972,84.0
episode/length,2208,1786572431.997405,31.0
episode/length,2327,1786572446.928750,119.0
episode/length,2374,1786572454.257014,47.0
episode/length,2512,1786572470.972064,138.0
episode/length,2568,1786572478.858311,56.0
episode/length,2669,1786572490.491439,101.0
episode/length,2854,1786572519.100068,185.0
episode/length,2942,1786572533.417804,88.0
episode/length,2981,1786572539.180823,39.0
episode/length,3025,1786572547.570612,44.0
episode/length,3091,1786572556.980888,66.0
episode/length,3129,1786572561.586422,38.0
episode/length,3156,1786572565.477251,27.0
episode/length,3190,1786572569.696470,34.0
episode/length,3229,1786572576.837629,39.0
episode/length,3269,1786572580.556559,40.0
episode/length,3323,1786572589.098039,54.0
episode/length,3377,1786572599.037140,54.0
episode/length,3496,1786572613.444909,119.0
episode/length,3511,1786572615.828908,15.0
episode/length,3548,1786572620.236338,37.0
episode/length,3640,1786572630.132168,92.0
episode/length,3676,1786572634.766719,36.0
episode/length,3720,1786572641.020764,44.0
episode/length,3748,1786572645.015212,28.0
episode/length,3889,1786572669.376693,141.0
episode/length,3928,1786572677.472148,39.0
episode/length,4065,1786572708.085876,137.0
episode/length,4098,1786572713.037037,33.0
episode/length,4174,1786572723.368547,76.0
episode/length,4203,1786572727.448053,29.0
episode/length,4224,1786572732.112912,21.0
episode/length,4253,1786572736.521363,29.0
episode/length,4305,1786572743.841266,52.0
episode/length,4376,1786572755.954732,71.0
episode/length,4398,1786572760.974886,22.0
episode/length,4453,1786572768.785052,55.0
episode/length,4479,1786572772.237647,26.0
episode/length,4582,1786572790.728503,103.0
episode/length,4611,1786572795.285589,29.0
episode/length,4696,1786572805.313848,85.0
episode/length,4792,1786572815.341186,96.0
episode/length,4844,1786572824.961581,52.0
episode/length,4873,1786572828.754201,29.0
episode/length,4930,1786572838.430364,57.0
episode/length,4969,1786572843.849496,39.0
episode/length,5011,1786572849.185062,42.0
episode/length,5064,1786572856.744520,53.0
episode/length,5102,1786572865.323158,38.0
episode/length,5129,1786572870.456543,27.0
episode/length,5182,1786572876.649723,53.0
episode/length,5214,1786572881.213668,32.0
episode/length,5274,1786572891.208089,60.0
episode/length,5299,1786572896.806926,25.0
episode/length,5377,1786572906.230361,78.0
episode/length,5407,1786572910.276396,30.0
episode/length,5445,1786572915.116418,38.0
episode/length,5537,1786572929.768098,92.0
episode/length,5564,1786572936.024209,27.0
episode/length,5585,1786572938.862158,21.0
episode/length,5641,1786572950.071220,56.0
episode/length,5668,1786572955.942468,27.0
episode/length,5695,1786572959.392197,27.0
episode/length,5730,1786572963.910182,35.0
episode/length,5772,1786572970.447250,42.0
episode/length,5816,1786572975.994763,44.0
episode/length,5861,1786572985.919556,45.0
episode/length,6026,1786573005.930234,165.0
episode/length,6054,1786573009.647917,28.0
episode/length,6082,1786573015.666829,28.0
episode/length,6122,1786573023.323694,40.0
episode/length,6176,1786573031.875270,54.0
episode/length,6221,1786573037.275107,45.0
episode/length,6303,1786573047.942707,82.0
episode/length,6336,1786573053.079015,33.0
episode/length,6371,1786573061.331769,35.0
episode/length,6511,1786573081.207537,140.0
episode/length,6544,1786573085.305487,33.0
episode/length,6572,1786573089.424560,28.0
episode/length,6623,1786573098.354606,51.0
episode/length,6689,1786573104.953837,66.0
episode/length,6764,1786573116.788041,75.0
episode/length,6895,1786573141.411539,131.0
episode/length,6996,1786573154.733012,101.0
episode/length,7055,1786573162.363812,59.0
episode/length,7252,1786573194.112360,197.0
episode/length,7497,1786573224.217758,245.0
episode/length,7546,1786573234.769876,49.0
episode/length,7652,1786573247.330300,106.0
episode/length,7693,1786573257.328287,41.0
episode/length,7755,1786573264.374504,62.0
episode/length,7809,1786573272.094977,54.0
episode/length,7835,1786573276.256557,26.0
episode/length,7925,1786573289.053030,90.0
episode/length,7960,1786573292.916839,35.0
episode/length,8016,1786573302.615147,56.0
episode/length,8142,1786573316.903534,126.0
episode/length,8172,1786573320.572893,30.0
episode/length,8237,1786573332.962240,65.0
episode/length,8278,1786573341.053446,41.0
episode/length,8471,1786573365.634642,193.0
episode/length,8505,1786573370.980807,34.0
episode/length,8701,1786573397.177197,196.0
episode/length,8857,1786573421.099115,156.0
episode/length,8938,1786573435.421930,81.0
episode/length,9134,1786573456.740813,196.0
episode/length,9371,1786573493.477415,237.0
episode/length,9495,1786573517.754908,124.0
episode/length,9691,1786573544.228467,196.0
episode/length,9745,1786573553.396292,54.0
episode/length,10015,1786573585.889440,270.0
episode/length,10331,1786573618.156646,316.0
episode/length,10461,1786573640.784251,130.0
episode/length,10544,1786573656.744777,83.0
episode/length,10603,1786573664.678908,59.0
episode/length,10778,1786573690.373794,175.0
episode/length,10816,1786573695.600138,38.0
episode/length,10920,1786573716.611445,104.0
episode/length,11029,1786573729.151450,109.0
episode/length,11141,1786573751.513784,112.0
episode/length,11209,1786573760.749869,68.0
episode/length,11328,1786573780.451911,119.0
episode/length,11374,1786573786.557151,46.0
episode/length,11403,1786573790.616223,29.0
episode/length,11450,1786573796.337455,47.0
episode/length,11491,1786573801.717017,41.0
episode/length,11560,1786573810.301690,69.0
episode/length,11616,1786573819.453578,56.0
episode/length,11738,1786573832.164393,122.0
episode/length,11789,1786573838.959788,51.0
episode/length,11865,1786573845.853275,76.0
episode/length,12136,1786573877.932801,271.0
episode/length,12239,1786573889.884660,103.0
episode/length,12543,1786573922.691326,304.0
episode/length,12601,1786573934.532708,58.0
episode/length,12649,1786573940.858527,48.0
episode/length,12689,1786573950.568954,40.0
episode/length,12807,1786573970.467082,118.0
episode/length,12920,1786573984.548629,113.0
episode/length,12988,1786573993.823795,68.0
episode/length,13093,1786574006.730026,105.0
episode/length,13365,1786574036.093275,272.0
episode/length,13501,1786574055.687256,136.0
episode/length,13532,1786574061.274466,31.0
episode/length,13604,1786574075.898628,72.0
episode/length,13726,1786574093.475792,122.0
episode/length,13771,1786574101.585925,45.0
episode/length,13848,1786574109.021620,77.0
episode/length,13887,1786574118.692174,39.0
episode/length,13943,1786574128.974459,56.0
episode/length,13996,1786574138.321338,53.0
episode/length,14301,1786574189.549633,305.0
episode/length,14436,1786574216.687836,135.0
episode/length,14494,1786574224.617964,58.0
episode/length,14542,1786574232.033837,48.0
episode/length,14604,1786574239.848409,62.0
episode/length,14663,1786574246.444167,59.0
episode/length,14835,1786574262.381631,172.0
episode/length,14950,1786574281.680318,115.0
episode/length,15010,1786574289.379225,60.0
episode/length,15056,1786574294.154871,46.0
episode/length,15365,1786574339.153575,309.0
episode/length,15471,1786574351.332608,106.0
episode/length,15538,1786574358.700287,67.0
episode/length,15664,1786574375.641190,126.0
episode/length,15779,1786574389.784595,115.0
episode/length,15803,1786574392.644672,24.0
episode/length,15884,1786574402.525942,81.0
episode/length,15915,1786574406.024724,31.0
episode/length,16278,1786574459.795254,363.0
episode/length,16425,1786574483.298011,147.0
episode/length,16586,1786574515.683093,161.0
episode/length,16665,1786574527.652345,79.0
episode/length,16695,1786574532.929693,30.0
episode/length,16759,1786574545.557890,64.0
episode/length,16871,1786574560.306426,112.0
episode/length,16906,1786574566.852297,35.0
episode/length,16980,1786574575.695404,74.0
episode/length,17121,1786574600.778458,141.0
episode/length,17199,1786574611.317524,78.0
episode/length,17237,1786574618.530088,38.0
episode/length,17321,1786574628.140935,84.0
episode/length,17889,1786574713.270407,568.0
episode/length,18242,1786574751.142279,353.0
episode/length,18693,1786574806.218738,451.0
episode/length,18796,1786574819.997939,103.0
episode/length,19312,1786574892.926510,516.0
episode/length,19453,1786574919.856452,141.0
episode/length,19582,1786574940.356484,129.0
episode/length,19715,1786574954.467244,133.0
episode/length,19850,1786574967.641213,135.0
episode/length,19989,1786574984.338813,139.0
episode/reward,91,1786572128.322603,-35.536415100097656
episode/reward,212,1786572146.803911,-59.393829345703125
episode/reward,329,1786572159.714086,-33.30180358886719
episode/reward,434,1786572172.704019,-19.376087188720703
episode/reward,502,1786572183.147939,-54.95406723022461
episode/reward,633,1786572196.918196,-24.52971649169922
episode/reward,743,1786572208.167759,-43.0773811340332
episode/reward,835,1786572221.527340,-60.6018180847168
episode/reward,1061,1786572246.549566,-35.21415328979492
episode/reward,1208,1786572267.212904,-27.369050979614258
episode/reward,1326,1786572278.225785,-46.45061111450195
episode/reward,1367,1786572283.401057,-28.10158348083496
episode/reward,1595,1786572330.589279,-67.782958984375
episode/reward,1724,1786572354.103623,-31.544883728027344
episode/reward,1988,1786572386.155109,-70.56877899169922
episode/reward,2093,1786572408.385914,-50.19981002807617
episode/reward,2177,1786572424.028955,-34.737918853759766
episode/reward,2208,1786572431.997391,-15.96176528930664
episode/reward,2327,1786572446.928736,-59.65172576904297
episode/reward,2374,1786572454.256990,-25.36899185180664
episode/reward,2512,1786572470.972049,-19.516809463500977
episode/reward,2568,1786572478.858291,-8.95083236694336
episode/reward,2669,1786572490.491392,-17.981948852539062
episode/reward,2854,1786572519.100024,-49.465370178222656
episode/reward,2942,1786572533.417790,-16.856307983398438
episode/reward,2981,1786572539.180802,-10.50863265991211
episode/reward,3025,1786572547.570593,-14.795098304748535
episode/reward,3091,1786572556.980874,-17.360193252563477
episode/reward,3129,1786572561.586379,-26.72127342224121
episode/reward,3156,1786572565.477237,-16.63235855102539
episode/reward,3190,1786572569.696456,-15.61937141418457
episode/reward,3229,1786572576.837585,-19.902482986450195
episode/reward,3269,1786572580.556534,-15.899283409118652
episode/reward,3323,1786572589.098026,-14.601741790771484
episode/reward,3377,1786572599.037126,-20.12821388244629
episode/reward,3496,1786572613.444866,-39.632164001464844
episode/reward,3511,1786572615.828866,-11.114470481872559
episode/reward,3548,1786572620.236317,-8.24388599395752
episode/reward,3640,1786572630.132154,-22.326757431030273
episode/reward,3676,1786572634.766705,-22.327816009521484
episode/reward,3720,1786572641.020721,-15.240869522094727
episode/reward,3748,1786572645.015047,-16.784740447998047
episode/reward,3889,1786572669.376674,-8.131875991821289
episode/reward,3928,1786572677.472106,-19.98138999938965
episode/reward,4065,1786572708.085858,-50.962615966796875
episode/reward,4098,1786572713.037015,-20.018463134765625
episode/reward,4174,1786572723.368531,-12.034789085388184
episode/reward,4203,1786572727.448009,-14.408113479614258
episode/reward,4224,1786572732.112891,-10.819721221923828
episode/reward,4253,1786572736.521319,-18.840843200683594
episode/reward,4305,1786572743.841223,-10.073281288146973
episode/reward,4376,1786572755.954715,-13.712202072143555
episode/reward,4398,1786572760.974864,-12.452059745788574
episode/reward,4453,1786572768.785008,-30.56416130065918
episode/reward,4479,1786572772.237604,-22.3477725982666
episode/reward,4582,1786572790.728483,-22.505695343017578
episode/reward,4611,1786572795.285563,-14.644572257995605
episode/reward,4696,1786572805.313834,-21.768104553222656
episode/reward,4792,1786572815.341142,-49.00942611694336
episode/reward,4844,1786572824.961563,-15.220902442932129
episode/reward,4873,1786572828.754157,-18.95357322692871
episode/reward,4930,1786572838.430347,-13.25864028930664
episode/reward,4969,1786572843.849482,-3.781550645828247
episode/reward,5011,1786572849.185018,-11.080185890197754
episode/reward,5064,1786572856.744499,-13.629512786865234
episode/reward,5102,1786572865.323143,-7.747407913208008
episode/reward,5129,1786572870.456529,-14.039512634277344
episode/reward,5182,1786572876.649679,-11.097860336303711
episode/reward,5214,1786572881.213624,-15.213935852050781
episode/reward,5274,1786572891.208075,-8.879083633422852
episode/reward,5299,1786572896.806910,-14.221952438354492
episode/reward,5377,1786572906.230318,-18.95156478881836
episode/reward,5407,1786572910.276362,-17.833850860595703
episode/reward,5445,1786572915.116400,-8.658110618591309
episode/reward,5537,1786572929.768053,-12.040228843688965
episode/reward,5564,1786572936.024194,-15.164813995361328
episode/reward,5585,1786572938.862144,-17.334060668945312
episode/reward,5641,1786572950.071197,-16.621652603149414
episode/reward,5668,1786572955.942454,-8.370676040649414
episode/reward,5695,1786572959.392184,-21.028057098388672
episode/reward,5730,1786572963.910166,-19.536495208740234
episode/reward,5772,1786572970.447229,-5.136524677276611
episode/reward,5816,1786572975.994720,-10.22802448272705
episode/reward,5861,1786572985.919542,-5.938529968261719
episode/reward,6026,1786573005.930219,-15.878308296203613
episode/reward,6054,1786573009.647872,-12.82723617553711
episode/reward,6082,1786573015.666815,-11.991461753845215
episode/reward,6122,1786573023.323680,-3.857818365097046
episode/reward,6176,1786573031.875255,-18.56654930114746
episode/reward,6221,1786573037.275093,-14.672134399414062
episode/reward,6303,1786573047.942692,-11.455631256103516
episode/reward,6336,1786573053.079002,-15.437666893005371
episode/reward,6371,1786573061.331755,-14.116911888122559
episode/reward,6511,1786573081.207494,-82.76141357421875
episode/reward,6544,1786573085.305469,-15.973861694335938
episode/reward,6572,1786573089.424517,-9.40961742401123
episode/reward,6623,1786573098.354593,-11.63217544555664
episode/reward,6689,1786573104.953819,-19.19645881652832
episode/reward,6764,1786573116.788028,-2.6935691833496094
episode/reward,6895,1786573141.411525,-54.514617919921875
episode/reward,6996,1786573154.732963,-11.238697052001953
episode/reward,7055,1786573162.363798,-10.229063034057617
episode/reward,7252,1786573194.112316,-78.72488403320312
episode/reward,7497,1786573224.217744,-50.73435974121094
episode/reward,7546,1786573234.769852,-19.053701400756836
episode/reward,7652,1786573247.330257,-4.040618419647217
episode/reward,7693,1786573257.328243,-10.650773048400879
episode/reward,7755,1786573264.374489,-5.517904281616211
episode/reward,7809,1786573272.094934,-30.7530460357666
episode/reward,7835,1786573276.256540,-27.51283836364746
episode/reward,7925,1786573289.053015,-35.311500549316406
episode/reward,7960,1786573292.916825,-16.408031463623047
episode/reward,8016,1786573302.615131,-28.875843048095703
episode/reward,8142,1786573316.903515,-32.306053161621094
episode/reward,8172,1786573320.572850,-15.927513122558594
episode/reward,8237,1786573332.962226,-14.94786548614502
episode/reward,8278,1786573341.053425,-15.034523010253906
episode/reward,8471,1786573365.634599,-77.11270904541016
episode/reward,8505,1786573370.980792,-19.4143123626709
episode/reward,8701,1786573397.177182,-13.650674819946289
episode/reward,8857,1786573421.099072,-57.10666275024414
episode/reward,8938,1786573435.421916,-17.532936096191406
episode/reward,9134,1786573456.740770,-25.33647346496582
episode/reward,9371,1786573493.477395,-2.7346601486206055
episode/reward,9495,1786573517.754894,-27.492145538330078
episode/reward,9691,1786573544.228449,-27.27586555480957
episode/reward,9745,1786573553.396279,-11.668471336364746
episode/reward,10015,1786573585.889427,-90.22953796386719
episode/reward,10331,1786573618.156603,-114.97969818115234
episode/reward,10461,1786573640.784234,-22.351945877075195
episode/reward,10544,1786573656.744763,-22.231246948242188
episode/reward,10603,1786573664.678865,-27.398059844970703
episode/reward,10778,1786573690.373750,-12.346139907836914
episode/reward,10816,1786573695.600095,-13.5758695602417
episode/reward,10920,1786573716.611430,7.108236789703369
episode/reward,11029,1786573729.151435,-38.853031158447266
episode/reward,11141,1786573751.513770,-12.612176895141602
episode/reward,11209,1786573760.749826,-0.6846786141395569
episode/reward,11328,1786573780.451868,0.8065304756164551
episode/reward,11374,1786573786.557136,-14.850122451782227
episode/reward,11403,1786573790.616208,-14.420660018920898
episode/reward,11450,1786573796.337410,-24.565277099609375
episode/reward,11491,1786573801.716999,-26.413209915161133
episode/reward,11560,1786573810.301676,-15.86264705657959
episode/reward,11616,1786573819.453533,-17.67363739013672
episode/reward,11738,1786573832.164378,-32.726558685302734
episode/reward,11789,1786573838.959765,-17.934072494506836
episode/reward,11865,1786573845.853232,-11.06210708618164
episode/reward,12136,1786573877.932778,-4.424274444580078
episode/reward,12239,1786573889.884618,-10.677618980407715
episode/reward,12543,1786573922.691310,-26.82762336730957
episode/reward,12601,1786573934.532665,-27.75737953186035
episode/reward,12649,1786573940.858484,-13.066162109375
episode/reward,12689,1786573950.568907,-15.061747550964355
episode/reward,12807,1786573970.467067,-46.228057861328125
episode/reward,12920,1786573984.548586,-15.489707946777344
episode/reward,12988,1786573993.823752,-12.661914825439453
episode/reward,13093,1786574006.730007,-53.204505920410156
episode/reward,13365,1786574036.093261,-87.63871765136719
episode/reward,13501,1786574055.687242,-18.569944381713867
episode/reward,13532,1786574061.274451,-17.650585174560547
episode/reward,13604,1786574075.898614,-5.385439395904541
episode/reward,13726,1786574093.475749,-16.827322006225586
episode/reward,13771,1786574101.585881,-15.554512977600098
episode/reward,13848,1786574109.021577,-7.317335605621338
episode/reward,13887,1786574118.692161,-11.33348560333252
episode/reward,13943,1786574128.974445,-4.596194744110107
episode/reward,13996,1786574138.321295,-9.033198356628418
episode/reward,14301,1786574189.549589,8.077619552612305
episode/reward,14436,1786574216.687793,-7.832763195037842
episode/reward,14494,1786574224.617943,-16.69302749633789
episode/reward,14542,1786574232.033794,-4.194644451141357
episode/reward,14604,1786574239.848395,-20.886281967163086
episode/reward,14663,1786574246.444154,-19.620206832885742
episode/reward,14835,1786574262.381615,-44.937286376953125
episode/reward,14950,1786574281.680274,-19.620677947998047
episode/reward,15010,1786574289.379211,-15.623849868774414
episode/reward,15056,1786574294.154857,-15.123620986938477
episode/reward,15365,1786574339.153560,-86.91097259521484
episode/reward,15471,1786574351.332564,9.151597023010254
episode/reward,15538,1786574358.700272,-3.291959285736084
episode/reward,15664,1786574375.641176,-37.78291702270508
episode/reward,15779,1786574389.784578,5.307103633880615
episode/reward,15803,1786574392.644629,-9.610421180725098
episode/reward,15884,1786574402.525924,-33.75313186645508
episode/reward,15915,1786574406.024709,-12.689517974853516
episode/reward,16278,1786574459.795240,4.969817638397217
episode/reward,16425,1786574483.297989,-37.974239349365234
episode/reward,16586,1786574515.683048,22.88447380065918
episode/reward,16665,1786574527.652299,-29.3786678314209
episode/reward,16695,1786574532.929648,-18.158817291259766
episode/reward,16759,1786574545.557875,-12.775684356689453
episode/reward,16871,1786574560.306412,-25.26369857788086
episode/reward,16906,1786574566.852282,-12.877009391784668
episode/reward,16980,1786574575.695390,-20.32842445373535
episode/reward,17121,1786574600.778414,-33.695465087890625
episode/reward,17199,1786574611.317502,-21.430904388427734
episode/reward,17237,1786574618.530045,-11.804333686828613
episode/reward,17321,1786574628.140892,0.8089156746864319
episode/reward,17889,1786574713.270364,-58.663818359375
episode/reward,18242,1786574751.142236,-14.678999900817871
episode/reward,18693,1786574806.218721,22.620595932006836
episode/reward,18796,1786574819.997917,13.56836986541748
episode/reward,19312,1786574892.926491,48.57783508300781
episode/reward,19453,1786574919.856439,-3.3901758193969727
episode/reward,19582,1786574940.356470,13.961454391479492
episode/reward,19715,1786574954.467200,16.979694366455078
episode/reward,19850,1786574967.641169,-22.59174346923828
episode/reward,19989,1786574984.338799,-11.490440368652344
episode/route_completion,91,1786572128.323330,0.038457825779914856
episode/route_completion,212,1786572146.804310,0.030263688415288925
episode/route_completion,329,1786572159.714372,0.04238488897681236
episode/route_completion,434,1786572172.704489,0.07038689404726028
episode/route_completion,502,1786572183.148241,0.0681818276643753
episode/route_completion,633,1786572196.918630,0.032613374292850494
episode/route_completion,743,1786572208.168216,0.02681996114552021
episode/route_completion,835,1786572221.527680,0.03032236360013485
episode/route_completion,1061,1786572246.550402,0.05981144681572914
episode/route_completion,1208,1786572267.213630,0.035425882786512375
episode/route_completion,1326,1786572278.226092,0.03800079599022865
episode/route_completion,1367,1786572283.401832,0.005364495329558849
episode/route_completion,1595,1786572330.589690,0.09140212088823318
episode/route_completion,1724,1786572354.103939,0.05611293762922287
episode/route_completion,1988,1786572386.155756,0.0869487002491951
episode/route_completion,2093,1786572408.386507,0.03202124685049057
episode/route_completion,2177,1786572424.029426,0.036428675055503845
episode/route_completion,2208,1786572431.997668,0.004605085123330355
episode/route_completion,2327,1786572446.929147,0.04906143993139267
episode/route_completion,2374,1786572454.257812,0.019818143919110298
episode/route_completion,2512,1786572470.972399,0.030987396836280823
episode/route_completion,2568,1786572478.858637,0.015683656558394432
episode/route_completion,2669,1786572490.492086,0.0409289225935936
episode/route_completion,2854,1786572519.100787,0.06339328736066818
episode/route_completion,2942,1786572533.418278,0.02376583404839039
episode/route_completion,2981,1786572539.181149,0.021619297564029694
episode/route_completion,3025,1786572547.570958,0.011836571618914604
episode/route_completion,3091,1786572556.981177,0.010382170788943768
episode/route_completion,3129,1786572561.587043,0.00904082227498293
episode/route_completion,3156,1786572565.477525,0.004886573180556297
episode/route_completion,3190,1786572569.697147,0.005903212353587151
episode/route_completion,3229,1786572576.838229,0.01406086701899767
episode/route_completion,3269,1786572580.557022,0.015904255211353302
episode/route_completion,3323,1786572589.098506,0.017010757699608803
episode/route_completion,3377,1786572599.037598,0.048648834228515625
episode/route_completion,3496,1786572613.445603,0.03758976608514786
episode/route_completion,3511,1786572615.829370,0.014186786487698555
episode/route_completion,3548,1786572620.236652,0.020292451605200768
episode/route_completion,3640,1786572630.132831,0.042507022619247437
episode/route_completion,3676,1786572634.767751,0.005185086280107498
episode/route_completion,3720,1786572641.021195,0.018717734143137932
episode/route_completion,3748,1786572645.015893,0.005801720079034567
episode/route_completion,3889,1786572669.376977,0.04266924038529396
episode/route_completion,3928,1786572677.472731,0.005814963951706886
episode/route_completion,4065,1786572708.086344,0.08008212596178055
episode/route_completion,4098,1786572713.037395,0.009141550399363041
episode/route_completion,4174,1786572723.369065,0.02666565217077732
episode/route_completion,4203,1786572727.448692,0.014081547036767006
episode/route_completion,4224,1786572732.113739,0.007582215126603842
episode/route_completion,4253,1786572736.521848,0.006013411097228527
episode/route_completion,4305,1786572743.841800,0.010480303317308426
episode/route_completion,4376,1786572755.955234,0.025003915652632713
episode/route_completion,4398,1786572760.975252,0.004230873193591833
episode/route_completion,4453,1786572768.785603,0.02820677123963833
episode/route_completion,4479,1786572772.238587,0.010323037393391132
episode/route_completion,4582,1786572790.728887,0.07157457619905472
episode/route_completion,4611,1786572795.286168,0.01747535727918148
episode/route_completion,4696,1786572805.314136,0.04259022697806358
episode/route_completion,4792,1786572815.341722,0.03320180997252464
episode/route_completion,4844,1786572824.962379,0.011044405400753021
episode/route_completion,4873,1786572828.755140,0.007813152857124805
episode/route_completion,4930,1786572838.430846,0.014542215503752232
episode/route_completion,4969,1786572843.849795,0.006380608305335045
episode/route_completion,5011,1786572849.185570,0.009946883656084538
episode/route_completion,5064,1786572856.744808,0.020941369235515594
episode/route_completion,5102,1786572865.323449,0.012433429248631
episode/route_completion,5129,1786572870.457006,0.0019941909704357386
episode/route_completion,5182,1786572876.650491,0.012858179397881031
episode/route_completion,5214,1786572881.214182,0.0437467098236084
episode/route_completion,5274,1786572891.208422,0.02800181321799755
episode/route_completion,5299,1786572896.807376,0.0037264057900756598
episode/route_completion,5377,1786572906.230917,0.028356151655316353
episode/route_completion,5407,1786572910.276801,0.012398607097566128
episode/route_completion,5445,1786572915.116992,0.013266662135720253
episode/route_completion,5537,1786572929.768797,0.06979195028543472
episode/route_completion,5564,1786572936.024522,0.020568305626511574
episode/route_completion,5585,1786572938.862443,0.0032402779906988144
episode/route_completion,5641,1786572950.071552,0.041299574077129364
episode/route_completion,5668,1786572955.942753,0.007034133188426495
episode/route_completion,5695,1786572959.392549,0.018466154113411903
episode/route_completion,5730,1786572963.910731,0.015718404203653336
episode/route_completion,5772,1786572970.447739,0.01464520301669836
episode/route_completion,5816,1786572975.995218,0.014473143965005875
episode/route_completion,5861,1786572985.919855,0.010931035503745079
episode/route_completion,6026,1786573005.930530,0.07764814049005508
episode/route_completion,6054,1786573009.648545,0.007868005894124508
episode/route_completion,6082,1786573015.667106,0.005177134182304144
episode/route_completion,6122,1786573023.323982,0.009004738181829453
episode/route_completion,6176,1786573031.875659,0.012469404377043247
episode/route_completion,6221,1786573037.275465,0.010766020976006985
episode/route_completion,6303,1786573047.943258,0.025068238377571106
episode/route_completion,6336,1786573053.079431,0.006954495329409838
episode/route_completion,6371,1786573061.332479,0.021463366225361824
episode/route_completion,6511,1786573081.208366,0.036828070878982544
episode/route_completion,6544,1786573085.305817,0.011883480474352837
episode/route_completion,6572,1786573089.425018,0.00449681282043457
episode/route_completion,6623,1786573098.355157,0.014324059709906578
episode/route_completion,6689,1786573104.954126,0.014523441903293133
episode/route_completion,6764,1786573116.788318,0.03758629038929939
episode/route_completion,6895,1786573141.411840,0.032862309366464615
episode/route_completion,6996,1786573154.733552,0.03557060658931732
episode/route_completion,7055,1786573162.364677,0.029285985976457596
episode/route_completion,7252,1786573194.112961,0.20306959748268127
episode/route_completion,7497,1786573224.218052,0.34181490540504456
episode/route_completion,7546,1786573234.770175,0.010799406096339226
episode/route_completion,7652,1786573247.331051,0.045203909277915955
episode/route_completion,7693,1786573257.328763,0.020690543577075005
episode/route_completion,7755,1786573264.374873,0.03781254217028618
episode/route_completion,7809,1786573272.095521,0.1562500149011612
episode/route_completion,7835,1786573276.256907,0.013853074051439762
episode/route_completion,7925,1786573289.053496,0.030559789389371872
episode/route_completion,7960,1786573292.917348,0.02061009779572487
episode/route_completion,8016,1786573302.615425,0.026930348947644234
episode/route_completion,8142,1786573316.903913,0.0753571167588234
episode/route_completion,8172,1786573320.573310,0.010048927739262581
episode/route_completion,8237,1786573332.962626,0.017992042005062103
episode/route_completion,8278,1786573341.053809,0.02188830077648163
episode/route_completion,8471,1786573365.635355,0.051793769001960754
episode/route_completion,8505,1786573370.981267,0.018458886072039604
episode/route_completion,8701,1786573397.177504,0.07806538045406342
episode/route_completion,8857,1786573421.099717,0.04414152354001999
episode/route_completion,8938,1786573435.422445,0.08913765102624893
episode/route_completion,9134,1786573456.741540,0.09739432483911514
episode/route_completion,9371,1786573493.478458,0.12915007770061493
episode/route_completion,9495,1786573517.755233,0.07105423510074615
episode/route_completion,9691,1786573544.228950,0.1328379213809967
episode/route_completion,9745,1786573553.396626,0.019596852362155914
episode/route_completion,10015,1786573585.889908,0.11619587987661362
episode/route_completion,10331,1786573618.157090,0.06053309515118599
episode/route_completion,10461,1786573640.784778,0.0896548479795456
episode/route_completion,10544,1786573656.745262,0.057974956929683685
episode/route_completion,10603,1786573664.679553,0.020308926701545715
episode/route_completion,10778,1786573690.374309,0.08027997612953186
episode/route_completion,10816,1786573695.600713,0.020293084904551506
episode/route_completion,10920,1786573716.611872,0.07513944804668427
episode/route_completion,11029,1786573729.151835,0.06094498932361603
episode/route_completion,11141,1786573751.514266,0.0923120379447937
episode/route_completion,11209,1786573760.750495,0.07209895551204681
episode/route_completion,11328,1786573780.452824,0.021616104990243912
episode/route_completion,11374,1786573786.557516,0.022154787555336952
episode/route_completion,11403,1786573790.616575,0.023084109649062157
episode/route_completion,11450,1786573796.338137,0.017140453681349754
episode/route_completion,11491,1786573801.717425,0.012702304869890213
episode/route_completion,11560,1786573810.301969,0.018170271068811417
episode/route_completion,11616,1786573819.454026,0.02938097156584263
episode/route_completion,11738,1786573832.164864,0.040669627487659454
episode/route_completion,11789,1786573838.960669,0.02905244193971157
episode/route_completion,11865,1786573845.853897,0.023588499054312706
episode/route_completion,12136,1786573877.933596,0.15638983249664307
episode/route_completion,12239,1786573889.885185,0.03265749290585518
episode/route_completion,12543,1786573922.691598,0.22288502752780914
episode/route_completion,12601,1786573934.533643,0.05493316426873207
episode/route_completion,12649,1786573940.859067,0.049545809626579285
episode/route_completion,12689,1786573950.569343,0.02268362045288086
episode/route_completion,12807,1786573970.467553,0.0444001778960228
episode/route_completion,12920,1786573984.549627,0.10717839747667313
episode/route_completion,12988,1786573993.833882,0.04635673388838768
episode/route_completion,13093,1786574006.730345,0.02016710862517357
episode/route_completion,13365,1786574036.093574,0.16311216354370117
episode/route_completion,13501,1786574055.687656,0.04145178943872452
episode/route_completion,13532,1786574061.274869,0.01073911227285862
episode/route_completion,13604,1786574075.899318,0.0300374086946249
episode/route_completion,13726,1786574093.476696,0.04692969098687172
episode/route_completion,13771,1786574101.586550,0.01670185849070549
episode/route_completion,13848,1786574109.031979,0.02107880637049675
episode/route_completion,13887,1786574118.692513,0.011044692248106003
episode/route_completion,13943,1786574128.974727,0.06906800717115402
episode/route_completion,13996,1786574138.321745,0.01081847958266735
episode/route_completion,14301,1786574189.550259,0.14023582637310028
episode/route_completion,14436,1786574216.688254,0.03768958896398544
episode/route_completion,14494,1786574224.618786,0.016357626765966415
episode/route_completion,14542,1786574232.034668,0.05437115579843521
episode/route_completion,14604,1786574239.848682,0.013123998418450356
episode/route_completion,14663,1786574246.444445,0.015093072317540646
episode/route_completion,14835,1786574262.382132,0.11353658884763718
episode/route_completion,14950,1786574281.680765,0.07905446738004684
episode/route_completion,15010,1786574289.379728,0.019713502377271652
episode/route_completion,15056,1786574294.155194,0.014839712530374527
episode/route_completion,15365,1786574339.153906,0.28849273920059204
episode/route_completion,15471,1786574351.333063,0.03282345458865166
episode/route_completion,15538,1786574358.700758,0.027077270671725273
episode/route_completion,15664,1786574375.641473,0.13798370957374573
episode/route_completion,15779,1786574389.784963,0.04488363116979599
episode/route_completion,15803,1786574392.645079,0.004361368250101805
episode/route_completion,15884,1786574402.526366,0.04563567787408829
episode/route_completion,15915,1786574406.025160,0.008406080305576324
episode/route_completion,16278,1786574459.796247,0.33872735500335693
episode/route_completion,16425,1786574483.298367,0.03212980926036835
episode/route_completion,16586,1786574515.683728,0.08922377973794937
episode/route_completion,16665,1786574527.652961,0.04874524101614952
episode/route_completion,16695,1786574532.930366,0.006520140916109085
episode/route_completion,16759,1786574545.558205,0.038810137659311295
episode/route_completion,16871,1786574560.306766,0.03627234697341919
episode/route_completion,16906,1786574566.852806,0.045082394033670425
episode/route_completion,16980,1786574575.695813,0.03441806510090828
episode/route_completion,17121,1786574600.779063,0.065512515604496
episode/route_completion,17199,1786574611.317861,0.046143580228090286
episode/route_completion,17237,1786574618.530957,0.015268289484083652
episode/route_completion,17321,1786574628.141414,0.07709299027919769
episode/route_completion,17889,1786574713.270900,0.5169763565063477
episode/route_completion,18242,1786574751.142889,0.1849033385515213
episode/route_completion,18693,1786574806.219423,0.1860855519771576
episode/route_completion,18796,1786574819.998680,0.11796370148658752
episode/route_completion,19312,1786574892.926872,0.37312859296798706
episode/route_completion,19453,1786574919.857020,0.06015961244702339
episode/route_completion,19582,1786574940.356821,0.051934171468019485
episode/route_completion,19715,1786574954.467700,0.061176080256700516
episode/route_completion,19850,1786574967.641748,0.028888022527098656
episode/route_completion,19989,1786574984.339756,0.07788180559873581
events/collisions,91,1786572128.323062,0.0
events/collisions,212,1786572146.804296,0.0
events/collisions,329,1786572159.714320,0.0
events/collisions,434,1786572172.704447,0.0
events/collisions,502,1786572183.148185,0.0
events/collisions,633,1786572196.918540,0.0
events/collisions,743,1786572208.168171,1.0
events/collisions,835,1786572221.527630,0.0
events/collisions,1061,1786572246.550189,0.0
events/collisions,1208,1786572267.213585,1.0
events/collisions,1326,1786572278.226035,1.0
events/collisions,1367,1786572283.401672,0.0
events/collisions,1595,1786572330.589623,0.0
events/collisions,1724,1786572354.103879,1.0
events/collisions,1988,1786572386.155523,1.0
events/collisions,2093,1786572408.386331,0.0
events/collisions,2177,1786572424.029371,1.0
events/collisions,2208,1786572431.997616,0.0
events/collisions,2327,1786572446.929072,1.0
events/collisions,2374,1786572454.257724,0.0
events/collisions,2512,1786572470.972301,0.0
events/collisions,2568,1786572478.858583,1.0
events/collisions,2669,1786572490.491898,0.0
events/collisions,2854,1786572519.100687,1.0
events/collisions,2942,1786572533.418213,0.0
events/collisions,2981,1786572539.181093,0.0
events/collisions,3025,1786572547.570900,1.0
events/collisions,3091,1786572556.981119,0.0
events/collisions,3129,1786572561.586949,0.0
events/collisions,3156,1786572565.477473,0.0
events/collisions,3190,1786572569.696948,1.0
events/collisions,3229,1786572576.838186,0.0
events/collisions,3269,1786572580.556905,0.0
events/collisions,3323,1786572589.098354,0.0
events/collisions,3377,1786572599.037555,0.0
events/collisions,3496,1786572613.445422,0.0
events/collisions,3511,1786572615.829326,1.0
events/collisions,3548,1786572620.236596,1.0
events/collisions,3640,1786572630.132735,0.0
events/collisions,3676,1786572634.767505,0.0
events/collisions,3720,1786572641.021112,0.0
events/collisions,3748,1786572645.015848,1.0
events/collisions,3889,1786572669.376925,0.0
events/collisions,3928,1786572677.472539,0.0
events/collisions,4065,1786572708.086259,1.0
events/collisions,4098,1786572713.037324,0.0
events/collisions,4174,1786572723.368968,0.0
events/collisions,4203,1786572727.448538,0.0
events/collisions,4224,1786572732.113354,1.0
events/collisions,4253,1786572736.521791,0.0
events/collisions,4305,1786572743.841756,0.0
events/collisions,4376,1786572755.954951,0.0
events/collisions,4398,1786572760.975167,1.0
events/collisions,4453,1786572768.785500,0.0
events/collisions,4479,1786572772.238540,0.0
events/collisions,4582,1786572790.728834,0.0
events/collisions,4611,1786572795.285992,1.0
events/collisions,4696,1786572805.314082,0.0
events/collisions,4792,1786572815.341553,0.0
events/collisions,4844,1786572824.962188,0.0
events/collisions,4873,1786572828.754898,0.0
events/collisions,4930,1786572838.430772,1.0
events/collisions,4969,1786572843.849739,1.0
events/collisions,5011,1786572849.185526,0.0
events/collisions,5064,1786572856.744752,0.0
events/collisions,5102,1786572865.323385,1.0
events/collisions,5129,1786572870.456914,1.0
events/collisions,5182,1786572876.650323,0.0
events/collisions,5214,1786572881.214017,0.0
events/collisions,5274,1786572891.208408,0.0
events/collisions,5299,1786572896.807361,0.0
events/collisions,5377,1786572906.230873,0.0
events/collisions,5407,1786572910.276690,0.0
events/collisions,5445,1786572915.116972,0.0
events/collisions,5537,1786572929.768687,0.0
events/collisions,5564,1786572936.024460,0.0
events/collisions,5585,1786572938.862388,0.0
events/collisions,5641,1786572950.071490,0.0
events/collisions,5668,1786572955.942701,1.0
events/collisions,5695,1786572959.392534,0.0
events/collisions,5730,1786572963.910659,0.0
events/collisions,5772,1786572970.447723,1.0
events/collisions,5816,1786572975.995151,0.0
events/collisions,5861,1786572985.919803,1.0
events/collisions,6026,1786573005.930479,0.0
events/collisions,6054,1786573009.648495,0.0
events/collisions,6082,1786573015.667054,1.0
events/collisions,6122,1786573023.323924,1.0
events/collisions,6176,1786573031.875645,1.0
events/collisions,6221,1786573037.275400,0.0
events/collisions,6303,1786573047.943139,0.0
events/collisions,6336,1786573053.079416,0.0
events/collisions,6371,1786573061.332226,0.0
events/collisions,6511,1786573081.208074,1.0
events/collisions,6544,1786573085.305754,0.0
events/collisions,6572,1786573089.424921,1.0
events/collisions,6623,1786573098.354953,0.0
events/collisions,6689,1786573104.954065,0.0
events/collisions,6764,1786573116.788263,0.0
events/collisions,6895,1786573141.411781,0.0
events/collisions,6996,1786573154.733508,0.0
events/collisions,7055,1786573162.364618,0.0
events/collisions,7252,1786573194.112805,0.0
events/collisions,7497,1786573224.217991,1.0
events/collisions,7546,1786573234.770108,0.0
events/collisions,7652,1786573247.330832,0.0
events/collisions,7693,1786573257.328659,1.0
events/collisions,7755,1786573264.374816,1.0
events/collisions,7809,1786573272.095363,0.0
events/collisions,7835,1786573276.256845,0.0
events/collisions,7925,1786573289.053400,0.0
events/collisions,7960,1786573292.917186,0.0
events/collisions,8016,1786573302.615371,1.0
events/collisions,8142,1786573316.903895,0.0
events/collisions,8172,1786573320.573267,0.0
events/collisions,8237,1786573332.962541,0.0
events/collisions,8278,1786573341.053747,0.0
events/collisions,8471,1786573365.635312,1.0
events/collisions,8505,1786573370.981254,0.0
events/collisions,8701,1786573397.177443,1.0
events/collisions,8857,1786573421.099473,1.0
events/collisions,8938,1786573435.422428,0.0
events/collisions,9134,1786573456.741323,0.0
events/collisions,9371,1786573493.478186,1.0
events/collisions,9495,1786573517.755219,1.0
events/collisions,9691,1786573544.228864,0.0
events/collisions,9745,1786573553.396564,0.0
events/collisions,10015,1786573585.889809,0.0
events/collisions,10331,1786573618.156964,1.0
events/collisions,10461,1786573640.784719,0.0
events/collisions,10544,1786573656.745169,0.0
events/collisions,10603,1786573664.679296,0.0
events/collisions,10778,1786573690.374267,0.0
events/collisions,10816,1786573695.600562,1.0
events/collisions,10920,1786573716.611857,1.0
events/collisions,11029,1786573729.151773,1.0
events/collisions,11141,1786573751.514143,0.0
events/collisions,11209,1786573760.750378,0.0
events/collisions,11328,1786573780.452777,0.0
events/collisions,11374,1786573786.557446,1.0
events/collisions,11403,1786573790.616510,0.0
events/collisions,11450,1786573796.337960,0.0
events/collisions,11491,1786573801.717359,1.0
events/collisions,11560,1786573810.301910,0.0
events/collisions,11616,1786573819.453977,1.0
events/collisions,11738,1786573832.164773,1.0
events/collisions,11789,1786573838.960412,0.0
events/collisions,11865,1786573845.853809,1.0
events/collisions,12136,1786573877.933400,1.0
events/collisions,12239,1786573889.885128,1.0
events/collisions,12543,1786573922.691546,0.0
events/collisions,12601,1786573934.533587,0.0
events/collisions,12649,1786573940.858957,0.0
events/collisions,12689,1786573950.569288,0.0
events/collisions,12807,1786573970.467477,0.0
events/collisions,12920,1786573984.549560,0.0
events/collisions,12988,1786573993.833838,0.0
events/collisions,13093,1786574006.730280,1.0
events/collisions,13365,1786574036.093520,1.0
events/collisions,13501,1786574055.687640,0.0
events/collisions,13532,1786574061.274806,0.0
events/collisions,13604,1786574075.899064,1.0
events/collisions,13726,1786574093.476488,0.0
events/collisions,13771,1786574101.586508,0.0
events/collisions,13848,1786574109.031723,0.0
events/collisions,13887,1786574118.692448,0.0
events/collisions,13943,1786574128.974674,0.0
events/collisions,13996,1786574138.321663,0.0
events/collisions,14301,1786574189.550214,0.0
events/collisions,14436,1786574216.688210,1.0
events/collisions,14494,1786574224.618689,0.0
events/collisions,14542,1786574232.034408,1.0
events/collisions,14604,1786574239.848628,1.0
events/collisions,14663,1786574246.444391,1.0
events/collisions,14835,1786574262.382088,0.0
events/collisions,14950,1786574281.680721,1.0
events/collisions,15010,1786574289.379712,1.0
events/collisions,15056,1786574294.155180,1.0
events/collisions,15365,1786574339.153846,0.0
events/collisions,15471,1786574351.333018,0.0
events/collisions,15538,1786574358.700712,0.0
events/collisions,15664,1786574375.641421,1.0
events/collisions,15779,1786574389.784893,0.0
events/collisions,15803,1786574392.645011,1.0
events/collisions,15884,1786574402.526200,1.0
events/collisions,15915,1786574406.025091,0.0
events/collisions,16278,1786574459.795944,0.0
events/collisions,16425,1786574483.298302,0.0
events/collisions,16586,1786574515.683646,1.0
events/collisions,16665,1786574527.652918,0.0
events/collisions,16695,1786574532.930218,0.0
events/collisions,16759,1786574545.558139,0.0
events/collisions,16871,1786574560.306715,1.0
events/collisions,16906,1786574566.852716,1.0
events/collisions,16980,1786574575.695758,0.0
events/collisions,17121,1786574600.778852,0.0
events/collisions,17199,1786574611.317818,0.0
events/collisions,17237,1786574618.530821,0.0
events/collisions,17321,1786574628.141372,1.0
events/collisions,17889,1786574713.270857,1.0
events/collisions,18242,1786574751.142846,1.0
events/collisions,18693,1786574806.219098,1.0
events/collisions,18796,1786574819.998560,1.0
events/collisions,19312,1786574892.926817,1.0
events/collisions,19453,1786574919.856863,1.0
events/collisions,19582,1786574940.356759,1.0
events/collisions,19715,1786574954.467630,0.0
events/collisions,19850,1786574967.641692,0.0
events/collisions,19989,1786574984.339532,1.0
events/red_lights,91,1786572128.323299,0.0
events/red_lights,212,1786572146.804303,0.0
events/red_lights,329,1786572159.714346,0.0
events/red_lights,434,1786572172.704468,1.0
events/red_lights,502,1786572183.148212,1.0
events/red_lights,633,1786572196.918585,0.0
events/red_lights,743,1786572208.168194,1.0
events/red_lights,835,1786572221.527636,0.0
events/red_lights,1061,1786572246.550211,0.0
events/red_lights,1208,1786572267.213608,0.0
events/red_lights,1326,1786572278.226063,0.0
events/red_lights,1367,1786572283.401694,0.0
events/red_lights,1595,1786572330.589657,0.0
events/red_lights,1724,1786572354.103910,0.0
events/red_lights,1988,1786572386.155545,0.0
events/red_lights,2093,1786572408.386476,0.0
events/red_lights,2177,1786572424.029398,0.0
events/red_lights,2208,1786572431.997643,0.0
events/red_lights,2327,1786572446.929112,0.0
events/red_lights,2374,1786572454.257769,1.0
events/red_lights,2512,1786572470.972359,0.0
events/red_lights,2568,1786572478.858610,0.0
events/red_lights,2669,1786572490.491958,0.0
events/red_lights,2854,1786572519.100738,0.0
events/red_lights,2942,1786572533.418243,0.0
events/red_lights,2981,1786572539.181120,0.0
events/red_lights,3025,1786572547.570928,0.0
events/red_lights,3091,1786572556.981148,0.0
events/red_lights,3129,1786572561.586973,0.0
events/red_lights,3156,1786572565.477499,0.0
events/red_lights,3190,1786572569.697001,0.0
events/red_lights,3229,1786572576.838208,0.0
events/red_lights,3269,1786572580.556952,0.0
events/red_lights,3323,1786572589.098361,0.0
events/red_lights,3377,1786572599.037576,0.0
events/red_lights,3496,1786572613.445444,0.0
events/red_lights,3511,1786572615.829348,0.0
events/red_lights,3548,1786572620.236624,0.0
events/red_lights,3640,1786572630.132785,0.0
events/red_lights,3676,1786572634.767733,0.0
events/red_lights,3720,1786572641.021134,0.0
events/red_lights,3748,1786572645.015871,0.0
events/red_lights,3889,1786572669.376951,0.0
events/red_lights,3928,1786572677.472561,0.0
events/red_lights,4065,1786572708.086298,0.0
events/red_lights,4098,1786572713.037358,0.0
events/red_lights,4174,1786572723.369018,0.0
events/red_lights,4203,1786572727.448559,0.0
events/red_lights,4224,1786572732.113566,0.0
events/red_lights,4253,1786572736.521818,0.0
events/red_lights,4305,1786572743.841778,0.0
events/red_lights,4376,1786572755.954978,0.0
events/red_lights,4398,1786572760.975209,0.0
events/red_lights,4453,1786572768.785559,0.0
events/red_lights,4479,1786572772.238564,0.0
events/red_lights,4582,1786572790.728850,0.0
events/red_lights,4611,1786572795.286112,0.0
events/red_lights,4696,1786572805.314109,0.0
events/red_lights,4792,1786572815.341691,0.0
events/red_lights,4844,1786572824.962235,0.0
events/red_lights,4873,1786572828.755109,0.0
events/red_lights,4930,1786572838.430812,0.0
events/red_lights,4969,1786572843.849767,0.0
events/red_lights,5011,1786572849.185548,0.0
events/red_lights,5064,1786572856.744781,0.0
events/red_lights,5102,1786572865.323418,0.0
events/red_lights,5129,1786572870.456958,0.0
events/red_lights,5182,1786572876.650344,0.0
events/red_lights,5214,1786572881.214150,0.0
events/red_lights,5274,1786572891.208415,0.0
events/red_lights,5299,1786572896.807369,0.0
events/red_lights,5377,1786572906.230895,0.0
events/red_lights,5407,1786572910.276724,0.0
events/red_lights,5445,1786572915.116981,0.0
events/red_lights,5537,1786572929.768749,0.0
events/red_lights,5564,1786572936.024491,0.0
events/red_lights,5585,1786572938.862415,0.0
events/red_lights,5641,1786572950.071521,0.0
events/red_lights,5668,1786572955.942727,0.0
events/red_lights,5695,1786572959.392541,0.0
events/red_lights,5730,1786572963.910708,0.0
events/red_lights,5772,1786572970.447731,0.0
events/red_lights,5816,1786572975.995174,0.0
events/red_lights,5861,1786572985.919829,0.0
events/red_lights,6026,1786573005.930505,1.0
events/red_lights,6054,1786573009.648523,0.0
events/red_lights,6082,1786573015.667080,0.0
events/red_lights,6122,1786573023.323953,0.0
events/red_lights,6176,1786573031.875652,0.0
events/red_lights,6221,1786573037.275434,0.0
events/red_lights,6303,1786573047.943185,0.0
events/red_lights,6336,1786573053.079423,0.0
events/red_lights,6371,1786573061.332447,0.0
events/red_lights,6511,1786573081.208097,0.0
events/red_lights,6544,1786573085.305786,0.0
events/red_lights,6572,1786573089.424967,0.0
events/red_lights,6623,1786573098.354997,0.0
events/red_lights,6689,1786573104.954095,0.0
events/red_lights,6764,1786573116.788290,0.0
events/red_lights,6895,1786573141.411810,0.0
events/red_lights,6996,1786573154.733530,0.0
events/red_lights,7055,1786573162.364653,0.0
events/red_lights,7252,1786573194.112827,1.0
events/red_lights,7497,1786573224.218021,2.0
events/red_lights,7546,1786573234.770146,0.0
events/red_lights,7652,1786573247.330854,0.0
events/red_lights,7693,1786573257.328712,0.0
events/red_lights,7755,1786573264.374845,0.0
events/red_lights,7809,1786573272.095387,0.0
events/red_lights,7835,1786573276.256877,1.0
events/red_lights,7925,1786573289.053445,0.0
events/red_lights,7960,1786573292.917315,0.0
events/red_lights,8016,1786573302.615399,0.0
events/red_lights,8142,1786573316.903904,1.0
events/red_lights,8172,1786573320.573289,0.0
events/red_lights,8237,1786573332.962589,0.0
events/red_lights,8278,1786573341.053796,0.0
events/red_lights,8471,1786573365.635334,0.0
events/red_lights,8505,1786573370.981261,0.0
events/red_lights,8701,1786573397.177475,0.0
events/red_lights,8857,1786573421.099686,0.0
events/red_lights,8938,1786573435.422437,0.0
events/red_lights,9134,1786573456.741331,0.0
events/red_lights,9371,1786573493.478311,0.0
events/red_lights,9495,1786573517.755227,0.0
events/red_lights,9691,1786573544.228907,0.0
events/red_lights,9745,1786573553.396595,0.0
events/red_lights,10015,1786573585.889865,1.0
events/red_lights,10331,1786573618.157015,1.0
events/red_lights,10461,1786573640.784750,0.0
events/red_lights,10544,1786573656.745217,0.0
events/red_lights,10603,1786573664.679346,0.0
events/red_lights,10778,1786573690.374288,0.0
events/red_lights,10816,1786573695.600682,0.0
events/red_lights,10920,1786573716.611865,0.0
events/red_lights,11029,1786573729.151806,0.0
events/red_lights,11141,1786573751.514222,0.0
events/red_lights,11209,1786573760.750424,0.0
events/red_lights,11328,1786573780.452801,0.0
events/red_lights,11374,1786573786.557481,0.0
events/red_lights,11403,1786573790.616544,0.0
events/red_lights,11450,1786573796.338103,0.0
events/red_lights,11491,1786573801.717393,0.0
events/red_lights,11560,1786573810.301938,0.0
events/red_lights,11616,1786573819.454004,0.0
events/red_lights,11738,1786573832.164819,1.0
events/red_lights,11789,1786573838.960540,0.0
events/red_lights,11865,1786573845.853853,1.0
events/red_lights,12136,1786573877.933540,0.0
events/red_lights,12239,1786573889.885157,0.0
events/red_lights,12543,1786573922.691572,0.0
events/red_lights,12601,1786573934.533631,0.0
events/red_lights,12649,1786573940.858980,0.0
events/red_lights,12689,1786573950.569316,0.0
events/red_lights,12807,1786573970.467516,0.0
events/red_lights,12920,1786573984.549603,0.0
events/red_lights,12988,1786573993.833861,0.0
events/red_lights,13093,1786574006.730314,0.0
events/red_lights,13365,1786574036.093548,2.0
events/red_lights,13501,1786574055.687649,0.0
events/red_lights,13532,1786574061.274838,0.0
events/red_lights,13604,1786574075.899117,0.0
events/red_lights,13726,1786574093.476664,0.0
events/red_lights,13771,1786574101.586529,0.0
events/red_lights,13848,1786574109.031841,0.0
events/red_lights,13887,1786574118.692482,0.0
events/red_lights,13943,1786574128.974700,0.0
events/red_lights,13996,1786574138.321723,0.0
events/red_lights,14301,1786574189.550237,0.0
events/red_lights,14436,1786574216.688232,0.0
events/red_lights,14494,1786574224.618740,0.0
events/red_lights,14542,1786574232.034533,0.0
events/red_lights,14604,1786574239.848656,0.0
events/red_lights,14663,1786574246.444418,0.0
events/red_lights,14835,1786574262.382110,1.0
events/red_lights,14950,1786574281.680743,1.0
events/red_lights,15010,1786574289.379721,1.0
events/red_lights,15056,1786574294.155187,0.0
events/red_lights,15365,1786574339.153874,1.0
events/red_lights,15471,1786574351.333041,0.0
events/red_lights,15538,1786574358.700736,0.0
events/red_lights,15664,1786574375.641447,1.0
events/red_lights,15779,1786574389.784929,0.0
events/red_lights,15803,1786574392.645033,0.0
events/red_lights,15884,1786574402.526236,1.0
events/red_lights,15915,1786574406.025145,0.0
events/red_lights,16278,1786574459.796216,1.0
events/red_lights,16425,1786574483.298335,0.0
events/red_lights,16586,1786574515.683705,0.0
events/red_lights,16665,1786574527.652940,0.0
events/red_lights,16695,1786574532.930241,0.0
events/red_lights,16759,1786574545.558170,0.0
events/red_lights,16871,1786574560.306741,0.0
events/red_lights,16906,1786574566.852762,0.0
events/red_lights,16980,1786574575.695786,0.0
events/red_lights,17121,1786574600.779032,1.0
events/red_lights,17199,1786574611.317829,0.0
events/red_lights,17237,1786574618.530892,0.0
events/red_lights,17321,1786574628.141393,0.0
events/red_lights,17889,1786574713.270879,2.0
events/red_lights,18242,1786574751.142868,1.0
events/red_lights,18693,1786574806.219278,0.0
events/red_lights,18796,1786574819.998617,0.0
events/red_lights,19312,1786574892.926845,2.0
events/red_lights,19453,1786574919.856943,0.0
events/red_lights,19582,1786574940.356790,0.0
events/red_lights,19715,1786574954.467652,0.0
events/red_lights,19850,1786574967.641724,0.0
events/red_lights,19989,1786574984.339681,1.0
reward/collision,3,1786572116.608027,0.0
reward/collision,24,1786572119.360152,0.0
reward/collision,53,1786572123.233372,0.0
reward/collision,79,1786572126.722449,0.0
reward/collision,97,1786572130.816102,0.0
reward/collision,119,1786572133.881573,0.0
reward/collision,137,1786572136.336096,0.0
reward/collision,153,1786572138.535048,0.0
reward/collision,177,1786572141.858764,0.0
reward/collision,206,1786572145.929873,0.0
reward/collision,221,1786572148.090251,0.0
reward/collision,241,1786572150.371816,0.0
reward/collision,261,1786572152.514711,0.0
reward/collision,282,1786572154.716015,0.0
reward/collision,302,1786572156.850552,0.0
reward/collision,322,1786572158.974304,0.0
reward/collision,334,1786572160.648088,0.0
reward/collision,356,1786572163.183315,0.0
reward/collision,381,1786572166.078185,0.0
reward/collision,405,1786572168.845411,0.0
reward/collision,422,1786572170.802692,0.0
reward/collision,443,1786572175.832658,0.0
reward/collision,466,1786572179.004411,0.0
reward/collision,494,1786572182.216252,0.0
reward/collision,517,1786572185.004798,0.0
reward/collision,545,1786572187.845184,0.0
reward/collision,556,1786572188.973856,0.0
reward/collision,580,1786572191.493528,0.0
reward/collision,599,1786572193.493694,0.0
reward/collision,621,1786572195.716530,0.0
reward/collision,646,1786572198.526272,0.0
reward/collision,668,1786572200.758045,0.0
reward/collision,686,1786572202.537621,0.0
reward/collision,708,1786572204.718833,0.0
reward/collision,729,1786572206.800477,0.0
reward/collision,751,1786572209.793129,0.0
reward/collision,771,1786572212.632273,0.0
reward/collision,794,1786572215.884396,0.0
reward/collision,812,1786572218.416288,0.0
reward/collision,835,1786572221.527310,0.0
reward/collision,851,1786572223.683359,0.0
reward/collision,868,1786572225.540770,0.0
reward/collision,883,1786572227.201829,0.0
reward/collision,901,1786572229.244205,0.0
reward/collision,915,1786572230.801679,0.0
reward/collision,933,1786572232.744101,0.0
reward/collision,946,1786572234.171272,0.0
reward/collision,971,1786572236.819895,0.0
reward/collision,989,1786572238.749618,0.0
reward/collision,1004,1786572240.352539,0.0
reward/collision,1027,1786572243.240161,0.0
reward/collision,1053,1786572245.801378,0.0
reward/collision,1070,1786572248.127647,0.0
reward/collision,1088,1786572250.678483,0.0
reward/collision,1102,1786572252.653260,0.0
reward/collision,1119,1786572255.060419,0.0
reward/collision,1146,1786572258.930646,0.0
reward/collision,1166,1786572261.709296,0.0
reward/collision,1186,1786572264.449466,0.0
reward/collision,1208,1786572267.212834,-10.0
reward/collision,1228,1786572269.440723,0.0
reward/collision,1251,1786572271.647365,0.0
reward/collision,1266,1786572272.980358,0.0
reward/collision,1279,1786572274.121790,0.0
reward/collision,1300,1786572275.966233,0.0
reward/collision,1323,1786572277.971550,0.0
reward/collision,1337,1786572279.878966,0.0
reward/collision,1357,1786572282.238008,0.0
reward/collision,1381,1786572287.898398,0.0
reward/collision,1398,1786572291.328336,0.0
reward/collision,1412,1786572294.118766,0.0
reward/collision,1433,1786572298.316248,0.0
reward/collision,1451,1786572301.848886,0.0
reward/collision,1468,1786572305.166820,0.0
reward/collision,1485,1786572308.451440,0.0
reward/collision,1515,1786572314.207500,0.0
reward/collision,1532,1786572317.498275,0.0
reward/collision,1552,1786572321.488326,0.0
reward/collision,1574,1786572326.062058,0.0
reward/collision,1595,1786572330.589252,0.0
reward/collision,1611,1786572335.023907,0.0
reward/collision,1624,1786572337.247267,0.0
reward/collision,1637,1786572339.474366,0.0
reward/collision,1655,1786572342.595563,0.0
reward/collision,1675,1786572346.078618,0.0
reward/collision,1692,1786572348.986597,0.0
reward/collision,1707,1786572351.484824,0.0
reward/collision,1729,1786572355.064616,0.0
reward/collision,1747,1786572357.185396,0.0
reward/collision,1759,1786572358.573415,0.0
reward/collision,1773,1786572360.892120,0.0
reward/collision,1790,1786572363.260766,0.0
reward/collision,1808,1786572365.750310,0.0
reward/collision,1828,1786572368.459642,0.0
reward/collision,1858,1786572371.785264,0.0
reward/collision,1880,1786572374.283737,0.0
reward/collision,1899,1786572376.380541,0.0
reward/collision,1919,1786572378.530363,0.0
reward/collision,1941,1786572380.906564,0.0
reward/collision,1968,1786572383.900780,0.0
reward/collision,1995,1786572389.315280,0.0
reward/collision,2014,1786572392.937293,0.0
reward/collision,2028,1786572395.566272,0.0
reward/collision,2048,1786572399.439959,0.0
reward/collision,2061,1786572402.369495,0.0
reward/collision,2083,1786572406.544280,0.0
reward/collision,2104,1786572412.051873,0.0
reward/collision,2126,1786572415.995495,0.0
reward/collision,2147,1786572419.760211,0.0
reward/collision,2172,1786572423.336228,0.0
reward/collision,2197,1786572430.000586,0.0
reward/collision,2219,1786572433.736642,0.0
reward/collision,2233,1786572435.462924,0.0
reward/collision,2248,1786572437.397770,0.0
reward/collision,2270,1786572439.994156,0.0
reward/collision,2289,1786572442.231524,0.0
reward/collision,2314,1786572445.300342,0.0
reward/collision,2333,1786572448.178700,0.0
reward/collision,2351,1786572451.429929,0.0
reward/collision,2384,1786572455.779430,0.0
reward/collision,2405,1786572458.271121,0.0
reward/collision,2423,1786572460.444607,0.0
reward/collision,2449,1786572463.550016,0.0
reward/collision,2462,1786572465.076489,0.0
reward/collision,2477,1786572466.844121,0.0
reward/collision,2491,1786572468.508032,0.0
reward/collision,2513,1786572471.495093,0.0
reward/collision,2534,1786572474.314526,0.0
reward/collision,2557,1786572477.359452,0.0
reward/collision,2579,1786572480.511800,0.0
reward/collision,2602,1786572483.112061,0.0
reward/collision,2618,1786572484.949817,0.0
reward/collision,2647,1786572488.136526,0.0
reward/collision,2673,1786572492.663059,0.0
reward/collision,2696,1786572496.114639,0.0
reward/collision,2717,1786572499.308400,0.0
reward/collision,2745,1786572503.559718,0.0
reward/collision,2766,1786572506.776332,0.0
reward/collision,2801,1786572511.807819,0.0
reward/collision,2823,1786572514.776057,0.0
reward/collision,2849,1786572518.400994,0.0
reward/collision,2864,1786572522.434857,0.0
reward/collision,2886,1786572525.522016,0.0
reward/collision,2904,1786572528.040208,0.0
reward/collision,2921,1786572530.452366,0.0
reward/collision,2938,1786572532.850893,0.0
reward/collision,2957,1786572535.840823,0.0
reward/collision,2976,1786572538.458267,0.0
reward/collision,2998,1786572543.517821,0.0
reward/collision,3023,1786572547.268488,0.0
reward/collision,3046,1786572550.693753,0.0
reward/collision,3064,1786572553.003274,0.0
reward/collision,3087,1786572556.462636,0.0
reward/collision,3108,1786572559.234936,0.0
reward/collision,3135,1786572562.769402,0.0
reward/collision,3159,1786572566.172470,0.0
reward/collision,3177,1786572568.319250,0.0
reward/collision,3196,1786572572.083530,0.0
reward/collision,3212,1786572574.482086,0.0
reward/collision,3230,1786572577.190857,0.0
reward/collision,3260,1786572579.772886,0.0
reward/collision,3283,1786572583.814556,0.0
reward/collision,3302,1786572586.303352,0.0
reward/collision,3331,1786572592.123257,0.0
reward/collision,3344,1786572594.116405,0.0
reward/collision,3363,1786572596.958175,0.0
reward/collision,3378,1786572599.620688,0.0
reward/collision,3406,1786572602.775959,0.0
reward/collision,3421,1786572604.513492,0.0
reward/collision,3434,1786572606.014446,0.0
reward/collision,3450,1786572607.906389,0.0
reward/collision,3472,1786572610.499458,0.0
reward/collision,3488,1786572612.432291,0.0
reward/collision,3509,1786572615.575812,0.0
reward/collision,3532,1786572618.500009,0.0
reward/collision,3546,1786572620.014626,0.0
reward/collision,3564,1786572622.295564,0.0
reward/collision,3586,1786572624.602822,0.0
reward/collision,3607,1786572626.750573,0.0
reward/collision,3629,1786572629.004210,0.0
reward/collision,3659,1786572632.756190,0.0
reward/collision,3675,1786572634.648555,0.0
reward/collision,3690,1786572636.970029,0.0
reward/collision,3707,1786572639.242870,0.0
reward/collision,3722,1786572641.733251,0.0
reward/collision,3743,1786572644.428196,0.0
reward/collision,3767,1786572649.860640,0.0
reward/collision,3788,1786572653.236260,0.0
reward/collision,3800,1786572655.263846,0.0
reward/collision,3818,1786572658.228331,0.0
reward/collision,3836,1786572661.165921,0.0
reward/collision,3856,1786572664.389301,0.0
reward/collision,3881,1786572668.205553,0.0
reward/collision,3898,1786572672.684918,0.0
reward/collision,3915,1786572675.536044,0.0
reward/collision,3931,1786572679.890739,0.0
reward/collision,3946,1786572683.294602,0.0
reward/collision,3962,1786572686.857976,0.0
reward/collision,3978,1786572689.883133,0.0
reward/collision,4002,1786572694.548639,0.0
reward/collision,4021,1786572698.678152,0.0
reward/collision,4039,1786572702.550510,0.0
reward/collision,4055,1786572705.975809,0.0
reward/collision,4071,1786572709.147650,0.0
reward/collision,4087,1786572711.075193,0.0
reward/collision,4105,1786572715.499505,0.0
reward/collision,4122,1786572717.634532,0.0
reward/collision,4148,1786572720.721089,0.0
reward/collision,4172,1786572723.147642,0.0
reward/collision,4188,1786572725.640867,0.0
reward/collision,4208,1786572729.802507,0.0
reward/collision,4221,1786572731.697246,0.0
reward/collision,4240,1786572734.829514,0.0
reward/collision,4257,1786572737.382007,0.0
reward/collision,4270,1786572739.123632,0.0
reward/collision,4292,1786572742.067715,0.0
reward/collision,4308,1786572746.133409,0.0
reward/collision,4323,1786572748.290533,0.0
reward/collision,4363,1786572754.022707,0.0
reward/collision,4375,1786572755.805084,0.0
reward/collision,4396,1786572760.674874,0.0
reward/collision,4426,1786572765.161890,0.0
reward/collision,4451,1786572768.512007,0.0
reward/collision,4468,1786572770.948606,0.0
reward/collision,4486,1786572775.131203,0.0
reward/collision,4520,1786572780.721396,0.0
reward/collision,4538,1786572783.652181,0.0
reward/collision,4560,1786572787.231964,0.0
reward/collision,4585,1786572791.647994,0.0
reward/collision,4602,1786572794.008355,0.0
reward/collision,4617,1786572796.327896,0.0
reward/collision,4636,1786572798.461821,0.0
reward/collision,4661,1786572801.294951,0.0
reward/collision,4680,1786572803.490081,0.0
reward/collision,4699,1786572805.938816,0.0
reward/collision,4716,1786572807.645533,0.0
reward/collision,4736,1786572809.602591,0.0
reward/collision,4762,1786572812.202354,0.0
reward/collision,4775,1786572813.573081,0.0
reward/collision,4795,1786572817.343367,0.0
reward/collision,4814,1786572820.236511,0.0
reward/collision,4827,1786572822.266223,0.0
reward/collision,4843,1786572824.803035,0.0
reward/collision,4860,1786572827.185076,0.0
reward/collision,4877,1786572829.674035,0.0
reward/collision,4894,1786572831.903120,0.0
reward/collision,4911,1786572834.844030,0.0
reward/collision,4929,1786572838.241735,0.0
reward/collision,4951,1786572841.603169,0.0
reward/collision,4974,1786572844.927100,0.0
reward/collision,4989,1786572846.650197,0.0
reward/collision,5007,1786572848.704920,0.0
reward/collision,5026,1786572851.759103,0.0
reward/collision,5046,1786572854.390249,0.0
reward/collision,5064,1786572856.744465,0.0
reward/collision,5087,1786572862.706766,0.0
reward/collision,5109,1786572866.629640,0.0
reward/collision,5131,1786572870.992578,0.0
reward/collision,5153,1786572873.514981,0.0
reward/collision,5171,1786572875.569459,0.0
reward/collision,5192,1786572878.283149,0.0
reward/collision,5223,1786572884.124012,0.0
reward/collision,5244,1786572886.929362,0.0
reward/collision,5259,1786572889.073830,0.0
reward/collision,5274,1786572891.208050,0.0
reward/collision,5291,1786572895.567975,0.0
reward/collision,5317,1786572899.300688,0.0
reward/collision,5341,1786572902.014457,0.0
reward/collision,5367,1786572904.996254,0.0
reward/collision,5381,1786572907.101285,0.0
reward/collision,5395,1786572908.848663,0.0
reward/collision,5418,1786572912.002328,0.0
reward/collision,5433,1786572913.762850,0.0
reward/collision,5451,1786572917.715824,0.0
reward/collision,5471,1786572920.645485,0.0
reward/collision,5494,1786572923.735346,0.0
reward/collision,5509,1786572925.804412,0.0
reward/collision,5537,1786572929.767975,0.0
reward/collision,5552,1786572934.120593,0.0
reward/collision,5571,1786572937.126527,0.0
reward/collision,5592,1786572941.701684,0.0
reward/collision,5610,1786572944.718811,0.0
reward/collision,5632,1786572948.512202,0.0
reward/collision,5653,1786572953.655766,0.0
reward/collision,5668,1786572955.942429,-10.0
reward/collision,5680,1786572957.655988,0.0
reward/collision,5700,1786572960.367830,0.0
reward/collision,5716,1786572962.239959,0.0
reward/collision,5746,1786572966.675216,0.0
reward/collision,5773,1786572970.942382,0.0
reward/collision,5789,1786572972.807279,0.0
reward/collision,5805,1786572974.623614,0.0
reward/collision,5821,1786572979.044032,0.0
reward/collision,5837,1786572981.786650,0.0
reward/collision,5861,1786572985.919518,-10.0
reward/collision,5884,1786572988.578036,0.0
reward/collision,5905,1786572990.627701,0.0
reward/collision,5926,1786572992.706768,0.0
reward/collision,5941,1786572994.176822,0.0
reward/collision,5961,1786572996.190511,0.0
reward/collision,5981,1786572998.431613,0.0
reward/collision,6004,1786573002.240402,0.0
reward/collision,6025,1786573005.759599,0.0
reward/collision,6042,1786573008.150406,0.0
reward/collision,6059,1786573012.145392,0.0
reward/collision,6079,1786573015.232026,0.0
reward/collision,6094,1786573019.160250,0.0
reward/collision,6112,1786573021.886760,0.0
reward/collision,6135,1786573025.647992,0.0
reward/collision,6148,1786573027.943549,0.0
reward/collision,6164,1786573030.166811,0.0
reward/collision,6190,1786573033.729815,0.0
reward/collision,6214,1786573036.449710,0.0
reward/collision,6236,1786573039.440600,0.0
reward/collision,6259,1786573042.302418,0.0
reward/collision,6285,1786573045.646389,0.0
reward/collision,6305,1786573048.520591,0.0
reward/collision,6325,1786573051.508784,0.0
reward/collision,6341,1786573055.791445,0.0
reward/collision,6362,1786573059.705680,0.0
reward/collision,6394,1786573064.490752,0.0
reward/collision,6414,1786573066.914603,0.0
reward/collision,6439,1786573069.897425,0.0
reward/collision,6457,1786573072.840113,0.0
reward/collision,6472,1786573075.054087,0.0
reward/collision,6500,1786573079.478657,0.0
reward/collision,6520,1786573082.705305,0.0
reward/collision,6541,1786573084.991421,0.0
reward/collision,6560,1786573087.859907,0.0
reward/collision,6581,1786573092.471597,0.0
reward/collision,6597,1786573094.438126,0.0
reward/collision,6616,1786573097.253067,0.0
reward/collision,6636,1786573099.945105,0.0
reward/collision,6661,1786573102.251997,0.0
reward/collision,6686,1786573104.654298,0.0
reward/collision,6704,1786573108.677963,0.0
reward/collision,6719,1786573110.757449,0.0
reward/collision,6744,1786573114.262141,0.0
reward/collision,6761,1786573116.420706,0.0
reward/collision,6789,1786573122.785980,0.0
reward/collision,6813,1786573127.092060,0.0
reward/collision,6826,1786573129.400544,0.0
reward/collision,6845,1786573132.780241,0.0
reward/collision,6861,1786573135.587578,0.0
reward/collision,6876,1786573138.187338,0.0
reward/collision,6896,1786573143.092036,0.0
reward/collision,6913,1786573145.127737,0.0
reward/collision,6943,1786573148.536154,0.0
reward/collision,6963,1786573151.018294,0.0
reward/collision,6978,1786573152.731137,0.0
reward/collision,6994,1786573154.523493,0.0
reward/collision,7014,1786573158.314093,0.0
reward/collision,7031,1786573159.974216,0.0
reward/collision,7053,1786573162.169278,0.0
reward/collision,7073,1786573166.796024,0.0
reward/collision,7089,1786573169.225242,0.0
reward/collision,7119,1786573173.669589,0.0
reward/collision,7136,1786573176.310159,0.0
reward/collision,7157,1786573179.429254,0.0
reward/collision,7177,1786573182.913605,0.0
reward/collision,7194,1786573185.423937,0.0
reward/collision,7210,1786573187.773001,0.0
reward/collision,7227,1786573190.415903,0.0
reward/collision,7250,1786573193.844275,0.0
reward/collision,7269,1786573196.531584,0.0
reward/collision,7292,1786573199.436061,0.0
reward/collision,7310,1786573201.672451,0.0
reward/collision,7329,1786573204.064614,0.0
reward/collision,7347,1786573206.379114,0.0
reward/collision,7371,1786573209.457848,0.0
reward/collision,7392,1786573212.128603,0.0
reward/collision,7410,1786573214.299862,0.0
reward/collision,7430,1786573216.582577,0.0
reward/collision,7444,1786573218.188037,0.0
reward/collision,7465,1786573220.608764,0.0
reward/collision,7484,1786573222.751467,0.0
reward/collision,7510,1786573228.155113,0.0
reward/collision,7531,1786573231.939838,0.0
reward/collision,7547,1786573235.272321,0.0
reward/collision,7563,1786573237.094905,0.0
reward/collision,7583,1786573239.339777,0.0
reward/collision,7611,1786573242.499902,0.0
reward/collision,7637,1786573245.477171,0.0
reward/collision,7653,1786573249.313805,0.0
reward/collision,7671,1786573252.960253,0.0
reward/collision,7693,1786573257.328174,-10.0
reward/collision,7718,1786573260.454789,0.0
reward/collision,7737,1786573262.545575,0.0
reward/collision,7763,1786573265.940907,0.0
reward/collision,7783,1786573268.733459,0.0
reward/collision,7793,1786573270.075010,0.0
reward/collision,7817,1786573273.691890,0.0
reward/collision,7840,1786573277.498899,0.0
reward/collision,7856,1786573279.881322,0.0
reward/collision,7870,1786573281.729790,0.0
reward/collision,7887,1786573284.038191,0.0
reward/collision,7916,1786573287.842417,0.0
reward/collision,7932,1786573290.062446,0.0
reward/collision,7951,1786573292.009998,0.0
reward/collision,7969,1786573294.878182,0.0
reward/collision,7990,1786573298.263054,0.0
reward/collision,8006,1786573300.882190,0.0
reward/collision,8022,1786573303.669154,0.0
reward/collision,8050,1786573306.667935,0.0
reward/collision,8076,1786573309.465048,0.0
reward/collision,8093,1786573311.406974,0.0
reward/collision,8115,1786573313.933856,0.0
reward/collision,8128,1786573315.409600,0.0
reward/collision,8151,1786573318.190619,0.0
reward/collision,8179,1786573323.280416,0.0
reward/collision,8198,1786573326.824761,0.0
reward/collision,8216,1786573329.684274,0.0
reward/collision,8233,1786573332.359967,0.0
reward/collision,8245,1786573335.824311,0.0
reward/collision,8269,1786573339.671982,0.0
reward/collision,8288,1786573342.673568,0.0
reward/collision,8311,1786573346.017091,0.0
reward/collision,8327,1786573347.860697,0.0
reward/collision,8349,1786573350.518275,0.0
reward/collision,8366,1786573352.520587,0.0
reward/collision,8394,1786573355.740095,0.0
reward/collision,8412,1786573358.250334,0.0
reward/collision,8427,1786573360.700819,0.0
reward/collision,8446,1786573362.931629,0.0
reward/collision,8468,1786573365.322619,0.0
reward/collision,8490,1786573368.904193,0.0
reward/collision,8507,1786573371.632423,0.0
reward/collision,8529,1786573375.066976,0.0
reward/collision,8549,1786573377.538901,0.0
reward/collision,8574,1786573380.881112,0.0
reward/collision,8595,1786573383.491029,0.0
reward/collision,8620,1786573386.766742,0.0
reward/collision,8646,1786573389.945545,0.0
reward/collision,8660,1786573391.654902,0.0
reward/collision,8683,1786573394.936843,0.0
reward/collision,8705,1786573399.626343,0.0
reward/collision,8727,1786573402.510302,0.0
reward/collision,8747,1786573405.802942,0.0
reward/collision,8763,1786573408.415982,0.0
reward/collision,8782,1786573411.135370,0.0
reward/collision,8802,1786573413.479612,0.0
reward/collision,8825,1786573416.073222,0.0
reward/collision,8846,1786573419.267058,0.0
reward/collision,8864,1786573423.615842,0.0
reward/collision,8887,1786573427.160684,0.0
reward/collision,8904,1786573429.909848,0.0
reward/collision,8930,1786573434.135827,0.0
reward/collision,8947,1786573436.659347,0.0
reward/collision,8967,1786573438.780828,0.0
reward/collision,8982,1786573440.353130,0.0
reward/collision,8996,1786573441.845844,0.0
reward/collision,9008,1786573443.126304,0.0
reward/collision,9032,1786573445.705320,0.0
reward/collision,9053,1786573448.001312,0.0
reward/collision,9085,1786573451.529881,0.0
reward/collision,9103,1786573453.454258,0.0
reward/collision,9122,1786573455.478071,0.0
reward/collision,9133,1786573456.631734,0.0
reward/collision,9158,1786573462.027794,0.0
reward/collision,9178,1786573464.849241,0.0
reward/collision,9203,1786573468.387340,0.0
reward/collision,9223,1786573471.639800,0.0
reward/collision,9241,1786573474.238504,0.0
reward/collision,9264,1786573477.603393,0.0
reward/collision,9286,1786573480.810724,0.0
reward/collision,9304,1786573483.540438,0.0
reward/collision,9315,1786573485.197906,0.0
reward/collision,9332,1786573487.690819,0.0
reward/collision,9356,1786573491.240500,0.0
reward/collision,9380,1786573496.731209,0.0
reward/collision,9396,1786573499.621817,0.0
reward/collision,9411,1786573502.432089,0.0
reward/collision,9430,1786573505.954353,0.0
reward/collision,9444,1786573508.497435,0.0
reward/collision,9463,1786573511.968028,0.0
reward/collision,9480,1786573515.029613,0.0
reward/collision,9500,1786573518.847082,0.0
reward/collision,9519,1786573521.403739,0.0
reward/collision,9536,1786573523.759833,0.0
reward/collision,9554,1786573526.020982,0.0
reward/collision,9576,1786573528.685230,0.0
reward/collision,9594,1786573531.047974,0.0
reward/collision,9614,1786573533.713481,0.0
reward/collision,9628,1786573535.579154,0.0
reward/collision,9643,1786573537.642690,0.0
reward/collision,9662,1786573540.252163,0.0
reward/collision,9683,1786573543.145416,0.0
reward/collision,9702,1786573547.418488,0.0
reward/collision,9720,1786573550.086380,0.0
reward/collision,9741,1786573552.900711,0.0
reward/collision,9764,1786573555.530041,0.0
reward/collision,9780,1786573557.000196,0.0
reward/collision,9798,1786573558.641609,0.0
reward/collision,9814,1786573560.121591,0.0
reward/collision,9831,1786573561.686949,0.0
reward/collision,9857,1786573564.165792,0.0
reward/collision,9871,1786573565.846337,0.0
reward/collision,9893,1786573569.638050,0.0
reward/collision,9908,1786573571.797020,0.0
reward/collision,9934,1786573574.821632,0.0
reward/collision,9954,1786573577.087659,0.0
reward/collision,9974,1786573579.526033,0.0
reward/collision,9998,1786573583.149880,0.0
reward/collision,10011,1786573585.247971,0.0
reward/collision,10029,1786573587.741127,0.0
reward/collision,10057,1786573590.628346,0.0
reward/collision,10073,1786573592.267927,0.0
reward/collision,10096,1786573594.665339,0.0
reward/collision,10110,1786573596.112156,0.0
reward/collision,10127,1786573597.875225,0.0
reward/collision,10148,1786573600.026778,0.0
reward/collision,10168,1786573602.026270,0.0
reward/collision,10190,1786573604.216792,0.0
reward/collision,10213,1786573606.437312,0.0
reward/collision,10228,1786573607.924822,0.0
reward/collision,10242,1786573609.825837,0.0
reward/collision,10263,1786573611.866548,0.0
reward/collision,10286,1786573613.988640,0.0
reward/collision,10306,1786573615.841013,0.0
reward/collision,10333,1786573620.043683,0.0
reward/collision,10350,1786573622.891959,0.0
reward/collision,10374,1786573626.826091,0.0
reward/collision,10396,1786573630.403126,0.0
reward/collision,10418,1786573633.938945,0.0
reward/collision,10439,1786573637.299211,0.0
reward/collision,10462,1786573642.953082,0.0
reward/collision,10487,1786573647.120547,0.0
reward/collision,10505,1786573650.151826,0.0
reward/collision,10527,1786573653.871008,0.0
reward/collision,10544,1786573656.744739,0.0
reward/collision,10566,1786573660.138977,0.0
reward/collision,10580,1786573661.939896,0.0
reward/collision,10606,1786573665.505916,0.0
reward/collision,10621,1786573667.436647,0.0
reward/collision,10638,1786573669.626945,0.0
reward/collision,10652,1786573671.361357,0.0
reward/collision,10666,1786573673.952498,0.0
reward/collision,10681,1786573676.737203,0.0
reward/collision,10702,1786573679.563844,0.0
reward/collision,10716,1786573681.322024,0.0
reward/collision,10741,1786573684.437306,0.0
reward/collision,10766,1786573688.115924,0.0
reward/collision,10783,1786573691.354200,0.0
reward/collision,10803,1786573693.862020,0.0
reward/collision,10828,1786573699.427940,0.0
reward/collision,10851,1786573703.772291,0.0
reward/collision,10866,1786573706.622767,0.0
reward/collision,10886,1786573710.369775,0.0
reward/collision,10913,1786573715.339457,0.0
reward/collision,10932,1786573718.342212,0.0
reward/collision,10953,1786573720.842693,0.0
reward/collision,10969,1786573722.749181,0.0
reward/collision,10989,1786573724.915683,0.0
reward/collision,11017,1786573727.880981,0.0
reward/collision,11036,1786573732.070673,0.0
reward/collision,11053,1786573735.308079,0.0
reward/collision,11072,1786573738.895544,0.0
reward/collision,11089,1786573741.649144,0.0
reward/collision,11108,1786573745.271023,0.0
reward/collision,11127,1786573748.873173,0.0
reward/collision,11149,1786573752.833842,0.0
reward/collision,11168,1786573755.762730,0.0
reward/collision,11187,1786573757.981428,0.0
reward/collision,11203,1786573759.995626,0.0
reward/collision,11223,1786573764.622328,0.0
reward/collision,11242,1786573767.457615,0.0
reward/collision,11266,1786573771.500862,0.0
reward/collision,11285,1786573774.203215,0.0
reward/collision,11301,1786573776.469140,0.0
reward/collision,11318,1786573778.992085,0.0
reward/collision,11343,1786573782.697007,0.0
reward/collision,11364,1786573785.305082,0.0
reward/collision,11385,1786573788.313567,0.0
reward/collision,11405,1786573791.171515,0.0
reward/collision,11426,1786573793.595421,0.0
reward/collision,11447,1786573795.986333,0.0
reward/collision,11472,1786573799.278517,0.0
reward/collision,11497,1786573802.744374,0.0
reward/collision,11517,1786573805.078444,0.0
reward/collision,11537,1786573807.458621,0.0
reward/collision,11559,1786573810.179943,0.0
reward/collision,11574,1786573812.887896,0.0
reward/collision,11604,1786573817.560348,0.0
reward/collision,11639,1786573822.099039,0.0
reward/collision,11655,1786573823.761227,0.0
reward/collision,11675,1786573825.811314,0.0
reward/collision,11689,1786573827.198894,0.0
reward/collision,11721,1786573830.398987,0.0
reward/collision,11739,1786573832.626654,0.0
reward/collision,11755,1786573834.391732,0.0
reward/collision,11768,1786573835.870202,0.0
reward/collision,11791,1786573839.366789,0.0
reward/collision,11811,1786573841.165660,0.0
reward/collision,11826,1786573842.481433,0.0
reward/collision,11858,1786573845.257353,0.0
reward/collision,11874,1786573847.409878,0.0
reward/collision,11894,1786573850.004866,0.0
reward/collision,11909,1786573851.925302,0.0
reward/collision,11929,1786573854.411483,0.0
reward/collision,11943,1786573856.139332,0.0
reward/collision,11962,1786573858.434240,0.0
reward/collision,11978,1786573860.365915,0.0
reward/collision,12003,1786573863.367060,0.0
reward/collision,12020,1786573865.330970,0.0
reward/collision,12039,1786573867.435858,0.0
reward/collision,12058,1786573869.494160,0.0
reward/collision,12073,1786573871.110775,0.0
reward/collision,12085,1786573872.381430,0.0
reward/collision,12102,1786573874.183967,0.0
reward/collision,12124,1786573876.606491,0.0
reward/collision,12142,1786573878.987267,0.0
reward/collision,12166,1786573881.801951,0.0
reward/collision,12188,1786573884.385527,0.0
reward/collision,12219,1786573887.811237,0.0
reward/collision,12241,1786573890.433803,0.0
reward/collision,12258,1786573892.294967,0.0
reward/collision,12273,1786573893.957785,0.0
reward/collision,12295,1786573897.102852,0.0
reward/collision,12314,1786573899.250207,0.0
reward/collision,12331,1786573901.098266,0.0
reward/collision,12344,1786573902.468831,0.0
reward/collision,12368,1786573905.002264,0.0
reward/collision,12386,1786573906.870137,0.0
reward/collision,12405,1786573908.807718,0.0
reward/collision,12418,1786573910.115832,0.0
reward/collision,12443,1786573912.600374,0.0
reward/collision,12460,1786573914.283691,0.0
reward/collision,12471,1786573915.407272,0.0
reward/collision,12494,1786573917.732765,0.0
reward/collision,12509,1786573919.258601,0.0
reward/collision,12525,1786573920.868675,0.0
reward/collision,12541,1786573922.487473,0.0
reward/collision,12559,1786573927.307708,0.0
reward/collision,12584,1786573931.560438,0.0
reward/collision,12600,1786573934.355457,0.0
reward/collision,12628,1786573938.383391,0.0
reward/collision,12657,1786573944.148739,0.0
reward/collision,12685,1786573949.762018,0.0
reward/collision,12700,1786573954.153254,0.0
reward/collision,12716,1786573956.621820,0.0
reward/collision,12733,1786573959.285557,0.0
reward/collision,12754,1786573962.733493,0.0
reward/collision,12782,1786573967.547290,0.0
reward/collision,12812,1786573971.515062,0.0
reward/collision,12837,1786573974.632380,0.0
reward/collision,12857,1786573977.128265,0.0
reward/collision,12876,1786573979.416180,0.0
reward/collision,12898,1786573982.007446,0.0
reward/collision,12921,1786573985.085279,0.0
reward/collision,12941,1786573987.705923,0.0
reward/collision,12961,1786573990.339358,0.0
reward/collision,12985,1786573993.433101,0.0
reward/collision,13009,1786573996.680093,0.0
reward/collision,13026,1786573998.671896,0.0
reward/collision,13064,1786574003.115335,0.0
reward/collision,13078,1786574004.870578,0.0
reward/collision,13094,1786574007.206264,0.0
reward/collision,13112,1786574009.178359,0.0
reward/collision,13126,1786574010.725603,0.0
reward/collision,13148,1786574013.206395,0.0
reward/collision,13172,1786574015.815807,0.0
reward/collision,13192,1786574017.967318,0.0
reward/collision,13207,1786574019.614701,0.0
reward/collision,13229,1786574022.027777,0.0
reward/collision,13252,1786574024.427551,0.0
reward/collision,13275,1786574026.770996,0.0
reward/collision,13289,1786574028.169721,0.0
reward/collision,13319,1786574031.519453,0.0
reward/collision,13345,1786574034.095225,0.0
reward/collision,13363,1786574035.893918,0.0
reward/collision,13376,1786574038.418166,0.0
reward/collision,13403,1786574042.137679,0.0
reward/collision,13422,1786574044.678065,0.0
reward/collision,13437,1786574046.648891,0.0
reward/collision,13459,1786574049.736422,0.0
reward/collision,13477,1786574052.191550,0.0
reward/collision,13493,1786574054.525843,0.0
reward/collision,13508,1786574058.553135,0.0
reward/collision,13540,1786574064.587260,0.0
reward/collision,13559,1786574068.054007,0.0
reward/collision,13580,1786574071.812231,0.0
reward/collision,13594,1786574074.231937,0.0
reward/collision,13612,1786574077.426656,0.0
reward/collision,13637,1786574081.573821,0.0
reward/collision,13654,1786574083.815809,0.0
reward/collision,13667,1786574085.610518,0.0
reward/collision,13690,1786574088.731485,0.0
reward/collision,13705,1786574090.759196,0.0
reward/collision,13726,1786574093.475679,0.0
reward/collision,13744,1786574098.122322,0.0
reward/collision,13762,1786574100.404638,0.0
reward/collision,13783,1786574103.001855,0.0
reward/collision,13802,1786574104.786997,0.0
reward/collision,13820,1786574106.478350,0.0
reward/collision,13846,1786574108.840668,0.0
reward/collision,13865,1786574114.369937,0.0
reward/collision,13878,1786574116.878238,0.0
reward/collision,13898,1786574121.880172,0.0
reward/collision,13923,1786574125.692564,0.0
reward/collision,13942,1786574128.810949,0.0
reward/collision,13962,1786574133.662949,0.0
reward/collision,13987,1786574137.041937,0.0
reward/collision,14003,1786574141.135886,0.0
reward/collision,14030,1786574145.818011,0.0
reward/collision,14051,1786574149.435406,0.0
reward/collision,14066,1786574152.039816,0.0
reward/collision,14094,1786574156.876869,0.0
reward/collision,14110,1786574159.450779,0.0
reward/collision,14127,1786574162.238622,0.0
reward/collision,14150,1786574166.134286,0.0
reward/collision,14169,1786574169.342520,0.0
reward/collision,14193,1786574173.318002,0.0
reward/collision,14210,1786574176.086857,0.0
reward/collision,14234,1786574179.570893,0.0
reward/collision,14249,1786574181.332399,0.0
reward/collision,14268,1786574184.308749,0.0
reward/collision,14299,1786574189.235467,0.0
reward/collision,14328,1786574196.419119,0.0
reward/collision,14345,1786574199.969995,0.0
reward/collision,14360,1786574202.735958,0.0
reward/collision,14381,1786574206.593360,0.0
reward/collision,14399,1786574209.895404,0.0
reward/collision,14419,1786574213.555650,0.0
reward/collision,14446,1786574219.427401,0.0
reward/collision,14458,1786574220.720192,0.0
reward/collision,14470,1786574222.021715,0.0
reward/collision,14493,1786574224.509720,0.0
reward/collision,14510,1786574227.449309,0.0
reward/collision,14529,1786574230.264282,0.0
reward/collision,14545,1786574232.744994,0.0
reward/collision,14569,1786574235.642225,0.0
reward/collision,14589,1786574238.067543,0.0
reward/collision,14605,1786574240.287103,0.0
reward/collision,14624,1786574242.268670,0.0
reward/collision,14650,1786574245.043125,0.0
reward/collision,14664,1786574246.879126,0.0
reward/collision,14681,1786574248.569860,0.0
reward/collision,14709,1786574251.066992,0.0
reward/collision,14727,1786574252.634356,0.0
reward/collision,14750,1786574254.656607,0.0
reward/collision,14773,1786574256.654797,0.0
reward/collision,14797,1786574258.678347,0.0
reward/collision,14817,1786574260.378888,0.0
reward/collision,14844,1786574264.349785,0.0
reward/collision,14865,1786574267.889917,0.0
reward/collision,14885,1786574271.269126,0.0
reward/collision,14902,1786574274.040207,0.0
reward/collision,14922,1786574277.318000,0.0
reward/collision,14940,1786574280.158724,0.0
reward/collision,14954,1786574282.621284,0.0
reward/collision,14985,1786574286.502174,0.0
reward/collision,15002,1786574288.472023,0.0
reward/collision,15021,1786574290.793758,0.0
reward/collision,15043,1786574292.918498,0.0
reward/collision,15062,1786574295.356643,0.0
reward/collision,15083,1786574299.418437,0.0
reward/collision,15112,1786574303.364792,0.0
reward/collision,15131,1786574305.958388,0.0
reward/collision,15152,1786574309.764763,0.0
reward/collision,15168,1786574312.635495,0.0
reward/collision,15192,1786574315.919886,0.0
reward/collision,15208,1786574317.953542,0.0
reward/collision,15231,1786574321.078724,0.0
reward/collision,15251,1786574323.614244,0.0
reward/collision,15267,1786574325.638733,0.0
reward/collision,15291,1786574329.170011,0.0
reward/collision,15306,1786574331.272167,0.0
reward/collision,15331,1786574334.449811,0.0
reward/collision,15353,1786574337.188860,0.0
reward/collision,15371,1786574340.280947,0.0
reward/collision,15393,1786574342.747087,0.0
reward/collision,15411,1786574344.800064,0.0
reward/collision,15434,1786574347.354439,0.0
reward/collision,15449,1786574348.945365,0.0
reward/collision,15474,1786574351.943227,0.0
reward/collision,15497,1786574354.393370,0.0
reward/collision,15517,1786574356.562933,0.0
reward/collision,15535,1786574358.399767,0.0
reward/collision,15553,1786574361.142364,0.0
reward/collision,15566,1786574362.895399,0.0
reward/collision,15590,1786574366.019030,0.0
reward/collision,15614,1786574369.138155,0.0
reward/collision,15640,1786574372.487673,0.0
reward/collision,15662,1786574375.369438,0.0
reward/collision,15687,1786574378.792930,0.0
reward/collision,15713,1786574381.957102,0.0
reward/collision,15729,1786574383.864721,0.0
reward/collision,15753,1786574386.686337,0.0
reward/collision,15767,1786574388.407416,0.0
reward/collision,15792,1786574391.511620,0.0
reward/collision,15815,1786574394.451449,0.0
reward/collision,15840,1786574397.485332,0.0
reward/collision,15856,1786574399.391040,0.0
reward/collision,15884,1786574402.525894,-10.0
reward/collision,15900,1786574404.509433,0.0
reward/collision,15925,1786574409.140838,0.0
reward/collision,15940,1786574411.492530,0.0
reward/collision,15964,1786574415.107403,0.0
reward/collision,15982,1786574417.650891,0.0
reward/collision,16008,1786574421.404782,0.0
reward/collision,16024,1786574423.721475,0.0
reward/collision,16039,1786574425.828778,0.0
reward/collision,16062,1786574428.987157,0.0
reward/collision,16082,1786574431.958828,0.0
reward/collision,16102,1786574434.860960,0.0
reward/collision,16113,1786574436.512582,0.0
reward/collision,16129,1786574438.890865,0.0
reward/collision,16146,1786574441.319184,0.0
reward/collision,16166,1786574444.213896,0.0
reward/collision,16176,1786574445.632607,0.0
reward/collision,16196,1786574448.428437,0.0
reward/collision,16211,1786574450.529096,0.0
reward/collision,16235,1786574453.903446,0.0
reward/collision,16251,1786574456.114220,0.0
reward/collision,16275,1786574459.408168,0.0
reward/collision,16291,1786574463.619138,0.0
reward/collision,16317,1786574467.368244,0.0
reward/collision,16349,1786574472.105953,0.0
reward/collision,16368,1786574475.166546,0.0
reward/collision,16395,1786574479.614772,0.0
reward/collision,16408,1786574481.160805,0.0
reward/collision,16428,1786574485.536560,0.0
reward/collision,16446,1786574488.944924,0.0
reward/collision,16466,1786574492.758595,0.0
reward/collision,16486,1786574496.538668,0.0
reward/collision,16506,1786574500.492838,0.0
reward/collision,16529,1786574504.944488,0.0
reward/collision,16555,1786574509.864838,0.0
reward/collision,16572,1786574513.027033,0.0
reward/collision,16585,1786574515.482486,0.0
reward/collision,16603,1786574518.460520,0.0
reward/collision,16627,1786574521.694849,0.0
reward/collision,16645,1786574524.937627,0.0
reward/collision,16665,1786574527.652227,0.0
reward/collision,16680,1786574530.640811,0.0
reward/collision,16697,1786574534.954350,0.0
reward/collision,16725,1786574539.917880,0.0
reward/collision,16742,1786574542.848797,0.0
reward/collision,16769,1786574547.213234,0.0
reward/collision,16787,1786574549.548479,0.0
reward/collision,16803,1786574551.657514,0.0
reward/collision,16823,1786574554.371036,0.0
reward/collision,16843,1786574556.816306,0.0
reward/collision,16864,1786574559.434326,0.0
reward/collision,16885,1786574563.850344,0.0
reward/collision,16903,1786574566.414762,0.0
reward/collision,16924,1786574569.253683,0.0
reward/collision,16942,1786574571.313019,0.0
reward/collision,16959,1786574573.316590,0.0
reward/collision,16977,1786574575.350595,0.0
reward/collision,16997,1786574580.211198,0.0
reward/collision,17012,1786574582.784790,0.0
reward/collision,17026,1786574585.197495,0.0
reward/collision,17045,1786574588.416033,0.0
reward/collision,17069,1786574592.416682,0.0
reward/collision,17094,1786574596.568831,0.0
reward/collision,17116,1786574600.019906,0.0
reward/collision,17134,1786574602.883851,0.0
reward/collision,17156,1786574605.619982,0.0
reward/collision,17173,1786574607.733559,0.0
reward/collision,17198,1786574611.181351,0.0
reward/collision,17216,1786574615.399077,0.0
reward/collision,17243,1786574619.504274,0.0
reward/collision,17256,1786574620.908229,0.0
reward/collision,17286,1786574624.157162,0.0
reward/collision,17322,1786574628.575959,0.0
reward/collision,17345,1786574631.205848,0.0
reward/collision,17362,1786574633.013981,0.0
reward/collision,17388,1786574635.904746,0.0
reward/collision,17406,1786574637.967781,0.0
reward/collision,17434,1786574641.851115,0.0
reward/collision,17458,1786574644.918891,0.0
reward/collision,17481,1786574647.900971,0.0
reward/collision,17504,1786574650.926779,0.0
reward/collision,17521,1786574653.214320,0.0
reward/collision,17537,1786574655.362138,0.0
reward/collision,17557,1786574658.015555,0.0
reward/collision,17577,1786574660.591368,0.0
reward/collision,17595,1786574663.899956,0.0
reward/collision,17616,1786574667.552605,0.0
reward/collision,17630,1786574670.033661,0.0
reward/collision,17643,1786574672.272806,0.0
reward/collision,17669,1786574676.462921,0.0
reward/collision,17687,1786574679.518901,0.0
reward/collision,17699,1786574681.577383,0.0
reward/collision,17722,1786574685.573396,0.0
reward/collision,17735,1786574687.826946,0.0
reward/collision,17754,1786574691.110073,0.0
reward/collision,17782,1786574695.834685,0.0
reward/collision,17805,1786574699.539499,0.0
reward/collision,17824,1786574702.656321,0.0
reward/collision,17841,1786574705.517318,0.0
reward/collision,17866,1786574709.592285,0.0
reward/collision,17884,1786574712.483379,0.0
reward/collision,17901,1786574716.476223,0.0
reward/collision,17925,1786574719.726008,0.0
reward/collision,17941,1786574721.906188,0.0
reward/collision,17965,1786574725.159108,0.0
reward/collision,17980,1786574727.117041,0.0
reward/collision,18003,1786574729.449041,0.0
reward/collision,18025,1786574731.651468,0.0
reward/collision,18042,1786574733.352072,0.0
reward/collision,18062,1786574735.297034,0.0
reward/collision,18081,1786574737.086481,0.0
reward/collision,18107,1786574739.470932,0.0
reward/collision,18121,1786574740.724261,0.0
reward/collision,18136,1786574742.075699,0.0
reward/collision,18153,1786574743.590318,0.0
reward/collision,18176,1786574745.639462,0.0
reward/collision,18197,1786574747.440634,0.0
reward/collision,18215,1786574748.926187,0.0
reward/collision,18231,1786574750.242100,0.0
reward/collision,18245,1786574751.848198,0.0
reward/collision,18265,1786574754.373982,0.0
reward/collision,18278,1786574756.044369,0.0
reward/collision,18300,1786574758.824893,0.0
reward/collision,18318,1786574761.057584,0.0
reward/collision,18345,1786574764.398378,0.0
reward/collision,18366,1786574767.161104,0.0
reward/collision,18390,1786574770.177124,0.0
reward/collision,18405,1786574772.040798,0.0
reward/collision,18423,1786574774.284203,0.0
reward/collision,18441,1786574777.056748,0.0
reward/collision,18458,1786574779.120759,0.0
reward/collision,18479,1786574781.593269,0.0
reward/collision,18504,1786574784.541155,0.0
reward/collision,18523,1786574786.815126,0.0
reward/collision,18542,1786574789.053194,0.0
reward/collision,18556,1786574790.702704,0.0
reward/collision,18580,1786574793.525761,0.0
reward/collision,18592,1786574794.919443,0.0
reward/collision,18607,1786574796.645437,0.0
reward/collision,18626,1786574798.786141,0.0
reward/collision,18652,1786574801.702312,0.0
reward/collision,18670,1786574803.718696,0.0
reward/collision,18682,1786574805.035068,0.0
reward/collision,18701,1786574807.564582,0.0
reward/collision,18722,1786574810.255548,0.0
reward/collision,18739,1786574812.426443,0.0
reward/collision,18758,1786574814.920847,0.0
reward/collision,18778,1786574817.560802,0.0
reward/collision,18802,1786574822.690979,0.0
reward/collision,18821,1786574826.056250,0.0
reward/collision,18839,1786574829.253729,0.0
reward/collision,18860,1786574832.938862,0.0
reward/collision,18879,1786574836.271259,0.0
reward/collision,18894,1786574838.854264,0.0
reward/collision,18917,1786574842.908001,0.0
reward/collision,18932,1786574845.571707,0.0
reward/collision,18953,1786574849.176350,0.0
reward/collision,18977,1786574853.204457,0.0
reward/collision,18994,1786574855.910567,0.0
reward/collision,19014,1786574859.066909,0.0
reward/collision,19029,1786574861.406515,0.0
reward/collision,19044,1786574863.740619,0.0
reward/collision,19070,1786574867.701002,0.0
reward/collision,19092,1786574870.979072,0.0
reward/collision,19111,1786574873.775501,0.0
reward/collision,19135,1786574877.209481,0.0
reward/collision,19154,1786574879.297805,0.0
reward/collision,19185,1786574882.072737,0.0
reward/collision,19206,1786574883.919733,0.0
reward/collision,19227,1786574885.818359,0.0
reward/collision,19246,1786574887.463708,0.0
reward/collision,19275,1786574889.893912,0.0
reward/collision,19294,1786574891.450680,0.0
reward/collision,19319,1786574896.043991,0.0
reward/collision,19343,1786574900.437954,0.0
reward/collision,19363,1786574904.106311,0.0
reward/collision,19389,1786574908.756573,0.0
reward/collision,19408,1786574912.074883,0.0
reward/collision,19441,1786574917.768589,0.0
reward/collision,19461,1786574921.933993,0.0
reward/collision,19480,1786574924.874202,0.0
reward/collision,19494,1786574927.008954,0.0
reward/collision,19509,1786574929.327755,0.0
reward/collision,19534,1786574933.239740,0.0
reward/collision,19551,1786574935.834756,0.0
reward/collision,19581,1786574940.227355,0.0
reward/collision,19596,1786574942.137745,0.0
reward/collision,19612,1786574943.768231,0.0
reward/collision,19635,1786574946.119764,0.0
reward/collision,19665,1786574949.323650,0.0
reward/collision,19685,1786574951.429850,0.0
reward/collision,19699,1786574952.847063,0.0
reward/collision,19714,1786574954.364386,0.0
reward/collision,19736,1786574956.771880,0.0
reward/collision,19759,1786574958.947498,0.0
reward/collision,19772,1786574960.151428,0.0
reward/collision,19794,1786574962.241450,0.0
reward/collision,19813,1786574964.103124,0.0
reward/collision,19831,1786574965.831605,0.0
reward/collision,19852,1786574968.266097,0.0
reward/collision,19873,1786574970.725268,0.0
reward/collision,19887,1786574972.324705,0.0
reward/collision,19905,1786574974.414497,0.0
reward/collision,19933,1786574977.675795,0.0
reward/collision,19947,1786574979.349650,0.0
reward/collision,19971,1786574982.262973,0.0
reward/collision,20000,1786574986.932735,0.0
reward/heading,3,1786572116.608013,-0.00010679275874281302
reward/heading,24,1786572119.360103,-0.09019436687231064
reward/heading,53,1786572123.233326,-0.07855129987001419
reward/heading,79,1786572126.722430,-0.14694157242774963
reward/heading,97,1786572130.816082,-0.0001131843455368653
reward/heading,119,1786572133.881526,-0.1308285892009735
reward/heading,137,1786572136.336050,-0.06527061760425568
reward/heading,153,1786572138.535030,-0.21873846650123596
reward/heading,177,1786572141.858741,-0.23218584060668945
reward/heading,206,1786572145.929856,-0.5976514220237732
reward/heading,221,1786572148.090237,-8.125945169012994e-05
reward/heading,241,1786572150.371770,-0.02612697333097458
reward/heading,261,1786572152.514694,-0.24015545845031738
reward/heading,282,1786572154.715961,-0.05131581798195839
reward/heading,302,1786572156.850506,-0.055315129458904266
reward/heading,322,1786572158.974257,-0.130917489528656
reward/heading,334,1786572160.648041,-8.548747427994385e-05
reward/heading,356,1786572163.183300,-0.015366439707577229
reward/heading,381,1786572166.078170,-0.08670000731945038
reward/heading,405,1786572168.845363,-0.05469893291592598
reward/heading,422,1786572170.802645,-0.17888745665550232
reward/heading,443,1786572175.832639,-8.016114588826895e-05
reward/heading,466,1786572179.004392,-0.3358677625656128
reward/heading,494,1786572182.216232,-0.756738007068634
reward/heading,517,1786572185.004778,-0.0966598317027092
reward/heading,545,1786572187.845163,-0.045433662831783295
reward/heading,556,1786572188.973807,-0.03319563716650009
reward/heading,580,1786572191.493502,-0.1522461324930191
reward/heading,599,1786572193.493647,-0.023389479145407677
reward/heading,621,1786572195.716509,-0.3665452301502228
reward/heading,646,1786572198.526256,-0.05147118121385574
reward/heading,668,1786572200.758028,-0.3567813038825989
reward/heading,686,1786572202.537605,-0.184475839138031
reward/heading,708,1786572204.718786,-0.13394315540790558
reward/heading,729,1786572206.800431,-0.21571338176727295
reward/heading,751,1786572209.793114,-0.010920470580458641
reward/heading,771,1786572212.632224,-0.33331429958343506
reward/heading,794,1786572215.884374,-0.20484523475170135
reward/heading,812,1786572218.416242,-0.38657501339912415
reward/heading,835,1786572221.527289,-0.5368209481239319
reward/heading,851,1786572223.683344,-0.03388116508722305
reward/heading,868,1786572225.540724,-0.17860491573810577
reward/heading,883,1786572227.201783,-0.06468813121318817
reward/heading,901,1786572229.244190,-0.09197540581226349
reward/heading,915,1786572230.801656,-0.10653583705425262
reward/heading,933,1786572232.744054,-0.0711951032280922
reward/heading,946,1786572234.171239,-0.01798992231488228
reward/heading,971,1786572236.819848,-0.05485766753554344
reward/heading,989,1786572238.749571,-0.04400154948234558
reward/heading,1004,1786572240.352492,-0.05383714288473129
reward/heading,1027,1786572243.240114,-0.19673891365528107
reward/heading,1053,1786572245.801359,-0.5497047305107117
reward/heading,1070,1786572248.127629,-8.125945169012994e-05
reward/heading,1088,1786572250.678435,-0.18281592428684235
reward/heading,1102,1786572252.653241,-0.05377655476331711
reward/heading,1119,1786572255.060371,-0.23300166428089142
reward/heading,1146,1786572258.930598,-0.2923058867454529
reward/heading,1166,1786572261.709281,-0.040004175156354904
reward/heading,1186,1786572264.449418,-0.1735485941171646
reward/heading,1208,1786572267.212786,-0.12803290784358978
reward/heading,1228,1786572269.440676,-0.13983632624149323
reward/heading,1251,1786572271.647345,-0.026425348594784737
reward/heading,1266,1786572272.980334,-0.33575376868247986
reward/heading,1279,1786572274.121744,-0.4547668397426605
reward/heading,1300,1786572275.966213,-0.3971933126449585
reward/heading,1323,1786572277.971502,-0.19963814318180084
reward/heading,1337,1786572279.878952,-0.048266999423503876
reward/heading,1357,1786572282.237993,-0.19389982521533966
reward/heading,1381,1786572287.898378,-0.0010696586687117815
reward/heading,1398,1786572291.328315,-0.07450206577777863
reward/heading,1412,1786572294.118741,-0.09548018127679825
reward/heading,1433,1786572298.316232,-0.05843188613653183
reward/heading,1451,1786572301.848870,-0.054814647883176804
reward/heading,1468,1786572305.166773,-0.03186485543847084
reward/heading,1485,1786572308.451421,-0.24989625811576843
reward/heading,1515,1786572314.207452,-0.20268480479717255
reward/heading,1532,1786572317.498228,-0.04402138665318489
reward/heading,1552,1786572321.488279,-0.1758369356393814
reward/heading,1574,1786572326.062039,-0.40172693133354187
reward/heading,1595,1786572330.589236,-0.5389949083328247
reward/heading,1611,1786572335.023885,-0.004542021080851555
reward/heading,1624,1786572337.247220,-0.053040582686662674
reward/heading,1637,1786572339.474345,-0.034514036029577255
reward/heading,1655,1786572342.595548,-0.0848642885684967
reward/heading,1675,1786572346.078571,-0.2559675872325897
reward/heading,1692,1786572348.986582,-0.04183080419898033
reward/heading,1707,1786572351.484792,-0.19875197112560272
reward/heading,1729,1786572355.064595,-8.548747427994385e-05
reward/heading,1747,1786572357.185381,-0.024528779089450836
reward/heading,1759,1786572358.573369,-0.03231293335556984
reward/heading,1773,1786572360.892072,-0.1602000594139099
reward/heading,1790,1786572363.260719,-0.18648892641067505
reward/heading,1808,1786572365.750292,-0.11426026374101639
reward/heading,1828,1786572368.459621,-0.06869224458932877
reward/heading,1858,1786572371.785247,-0.2365472912788391
reward/heading,1880,1786572374.283690,-0.02725479006767273
reward/heading,1899,1786572376.380521,-0.3116055727005005
reward/heading,1919,1786572378.530347,-0.20766344666481018
reward/heading,1941,1786572380.906516,-0.14772021770477295
reward/heading,1968,1786572383.900733,-0.09006038308143616
reward/heading,1995,1786572389.315233,-0.0004511394945438951
reward/heading,2014,1786572392.937273,-0.2826964259147644
reward/heading,2028,1786572395.566225,-0.09390758723020554
reward/heading,2048,1786572399.439913,-0.03871304169297218
reward/heading,2061,1786572402.369476,-0.12228543311357498
reward/heading,2083,1786572406.544233,-0.4976081848144531
reward/heading,2104,1786572412.051858,-0.0038282941095530987
reward/heading,2126,1786572415.995446,-0.23469454050064087
reward/heading,2147,1786572419.760191,-0.1348307877779007
reward/heading,2172,1786572423.336181,-0.5031939148902893
reward/heading,2197,1786572430.000568,-0.2349722981452942
reward/heading,2219,1786572433.736595,-0.0012237199116498232
reward/heading,2233,1786572435.462909,-0.2833092510700226
reward/heading,2248,1786572437.397737,-0.2585620880126953
reward/heading,2270,1786572439.994137,-0.13994817435741425
reward/heading,2289,1786572442.231477,-0.06214727461338043
reward/heading,2314,1786572445.300290,-0.3045787811279297
reward/heading,2333,1786572448.178680,-0.0006086654611863196
reward/heading,2351,1786572451.429913,-0.06765227764844894
reward/heading,2384,1786572455.779382,-0.025056617334485054
reward/heading,2405,1786572458.271074,-0.0961783304810524
reward/heading,2423,1786572460.444559,-0.022068018093705177
reward/heading,2449,1786572463.549963,-0.07132957130670547
reward/heading,2462,1786572465.076475,-0.11753036081790924
reward/heading,2477,1786572466.844074,-0.062009841203689575
reward/heading,2491,1786572468.507977,-0.18712927401065826
reward/heading,2513,1786572471.495047,-0.0006029396899975836
reward/heading,2534,1786572474.314480,-0.05747953802347183
reward/heading,2557,1786572477.359436,-0.090511254966259
reward/heading,2579,1786572480.511754,-0.0001492701849201694
reward/heading,2602,1786572483.112014,-0.11103291064500809
reward/heading,2618,1786572484.949796,-0.14261147379875183
reward/heading,2647,1786572488.136505,-0.04733222723007202
reward/heading,2673,1786572492.663012,-0.00014767228276468813
reward/heading,2696,1786572496.114623,-0.24011953175067902
reward/heading,2717,1786572499.308381,-0.3499593436717987
reward/heading,2745,1786572503.559698,-0.0244615338742733
reward/heading,2766,1786572506.776307,-0.14517463743686676
reward/heading,2801,1786572511.807799,-0.20264045894145966
reward/heading,2823,1786572514.776041,-0.17823398113250732
reward/heading,2849,1786572518.400942,-0.0005040888790972531
reward/heading,2864,1786572522.434811,-0.0005162537563592196
reward/heading,2886,1786572525.521991,-0.00043609263957478106
reward/heading,2904,1786572528.040188,-0.05632638931274414
reward/heading,2921,1786572530.452344,-0.036007534712553024
reward/heading,2938,1786572532.850878,-0.559390664100647
reward/heading,2957,1786572535.840804,-0.026070136576890945
reward/heading,2976,1786572538.458220,-0.3588329255580902
reward/heading,2998,1786572543.517804,-0.20219704508781433
reward/heading,3023,1786572547.268457,-0.3658280670642853
reward/heading,3046,1786572550.693730,-0.10864352434873581
reward/heading,3064,1786572553.003211,-0.041366349905729294
reward/heading,3087,1786572556.462622,-0.36653777956962585
reward/heading,3108,1786572559.234905,-0.3416072428226471
reward/heading,3135,1786572562.769383,-0.00044679365237243474
reward/heading,3159,1786572566.172423,-8.125945169012994e-05
reward/heading,3177,1786572568.319234,-0.20625804364681244
reward/heading,3196,1786572572.083511,-0.0004964132094755769
reward/heading,3212,1786572574.482061,-0.11375266313552856
reward/heading,3230,1786572577.190808,-0.00014767228276468813
reward/heading,3260,1786572579.772838,-0.26777058839797974
reward/heading,3283,1786572583.814541,-0.0010093380697071552
reward/heading,3302,1786572586.303303,-0.1008339375257492
reward/heading,3331,1786572592.123234,-0.0017249294323846698
reward/heading,3344,1786572594.116357,-0.1514880657196045
reward/heading,3363,1786572596.958154,-0.1494201123714447
reward/heading,3378,1786572599.620640,-0.00010679275874281302
reward/heading,3406,1786572602.775921,-0.12708590924739838
reward/heading,3421,1786572604.513472,-0.006870155688375235
reward/heading,3434,1786572606.014400,-0.09340082854032516
reward/heading,3450,1786572607.906342,-0.11829692125320435
reward/heading,3472,1786572610.499411,-0.09707494080066681
reward/heading,3488,1786572612.432243,-0.42910292744636536
reward/heading,3509,1786572615.575797,-0.21998175978660583
reward/heading,3532,1786572618.499989,-0.10065923631191254
reward/heading,3546,1786572620.014605,-0.3197513818740845
reward/heading,3564,1786572622.295516,-0.06118066608905792
reward/heading,3586,1786572624.602775,-0.09690643846988678
reward/heading,3607,1786572626.750549,-0.1951998472213745
reward/heading,3629,1786572629.004183,-0.06588660180568695
reward/heading,3659,1786572632.756142,-0.1810142546892166
reward/heading,3675,1786572634.648508,-0.4096422493457794
reward/heading,3690,1786572636.970014,-0.03689071908593178
reward/heading,3707,1786572639.242823,-0.24199335277080536
reward/heading,3722,1786572641.733202,-8.125945169012994e-05
reward/heading,3743,1786572644.428180,-0.31743597984313965
reward/heading,3767,1786572649.860593,-0.1574319750070572
reward/heading,3788,1786572653.236240,-0.17825709283351898
reward/heading,3800,1786572655.263831,-0.18095380067825317
reward/heading,3818,1786572658.228308,-0.03796149790287018
reward/heading,3836,1786572661.165901,-0.12696221470832825
reward/heading,3856,1786572664.389253,-0.10399830341339111
reward/heading,3881,1786572668.205534,-0.43343213200569153
reward/heading,3898,1786572672.684902,-0.00452790642157197
reward/heading,3915,1786572675.535996,-0.20588871836662292
reward/heading,3931,1786572679.890690,-0.0004511394945438951
reward/heading,3946,1786572683.294555,-0.019694875925779343
reward/heading,3962,1786572686.857961,-0.19389517605304718
reward/heading,3978,1786572689.883087,-0.320240318775177
reward/heading,4002,1786572694.548624,-0.18379619717597961
reward/heading,4021,1786572698.678104,-0.14848613739013672
reward/heading,4039,1786572702.550462,-0.13629205524921417
reward/heading,4055,1786572705.975761,-0.6088635921478271
reward/heading,4071,1786572709.147602,-0.000603871769271791
reward/heading,4087,1786572711.075173,-0.24121367931365967
reward/heading,4105,1786572715.499480,-0.00015339808305725455
reward/heading,4122,1786572717.634485,-0.2498178333044052
reward/heading,4148,1786572720.721041,-0.15846846997737885
reward/heading,4172,1786572723.147622,-0.42533957958221436
reward/heading,4188,1786572725.640851,-0.10911376774311066
reward/heading,4208,1786572729.802460,-0.00014767228276468813
reward/heading,4221,1786572731.697199,-0.353859543800354
reward/heading,4240,1786572734.829467,-0.19571557641029358
reward/heading,4257,1786572737.381953,-0.00021172130072955042
reward/heading,4270,1786572739.123585,-0.060345232486724854
reward/heading,4292,1786572742.067668,-0.23799525201320648
reward/heading,4308,1786572746.133387,-0.0003921504830941558
reward/heading,4323,1786572748.290487,-0.15979938209056854
reward/heading,4363,1786572754.022688,-0.14907044172286987
reward/heading,4375,1786572755.805031,-0.32971158623695374
reward/heading,4396,1786572760.674853,-0.3513798713684082
reward/heading,4426,1786572765.161843,-0.11893171072006226
reward/heading,4451,1786572768.511954,-0.15524537861347198
reward/heading,4468,1786572770.948585,-0.15769162774085999
reward/heading,4486,1786572775.131187,-0.0011257182341068983
reward/heading,4520,1786572780.721381,-0.05427549034357071
reward/heading,4538,1786572783.652165,-0.18670250475406647
reward/heading,4560,1786572787.231949,-0.1940847933292389
reward/heading,4585,1786572791.647969,-0.0003259709046687931
reward/heading,4602,1786572794.008335,-0.24715684354305267
reward/heading,4617,1786572796.327867,-0.00010679275874281302
reward/heading,4636,1786572798.461806,-0.03754064813256264
reward/heading,4661,1786572801.294932,-0.10860095918178558
reward/heading,4680,1786572803.489962,-0.010583986528217793
reward/heading,4699,1786572805.938768,-0.0005400890950113535
reward/heading,4716,1786572807.645512,-0.17574173212051392
reward/heading,4736,1786572809.602572,-0.13705825805664062
reward/heading,4762,1786572812.202331,-0.40617653727531433
reward/heading,4775,1786572813.573034,-0.25582778453826904
reward/heading,4795,1786572817.343320,-8.548747427994385e-05
reward/heading,4814,1786572820.236495,-0.011116567067801952
reward/heading,4827,1786572822.266203,-0.2139626294374466
reward/heading,4843,1786572824.803017,-0.442065566778183
reward/heading,4860,1786572827.185056,-0.2857847511768341
reward/heading,4877,1786572829.674016,-8.548747427994385e-05
reward/heading,4894,1786572831.903097,-0.011562912724912167
reward/heading,4911,1786572834.844015,-0.10009996592998505
reward/heading,4929,1786572838.241719,-0.6131584644317627
reward/heading,4951,1786572841.603152,-0.03879570960998535
reward/heading,4974,1786572844.927053,-0.00015246597467921674
reward/heading,4989,1786572846.650180,-0.06525969505310059
reward/heading,5007,1786572848.704874,-0.444682240486145
reward/heading,5026,1786572851.759088,-0.1101352795958519
reward/heading,5046,1786572854.390231,-0.12581703066825867
reward/heading,5064,1786572856.744444,-0.3533194065093994
reward/heading,5087,1786572862.706719,-0.1703333854675293
reward/heading,5109,1786572866.629591,-0.00010572749306447804
reward/heading,5131,1786572870.992558,-0.00010679032129701227
reward/heading,5153,1786572873.514935,-0.051822729408741
reward/heading,5171,1786572875.569440,-0.14628548920154572
reward/heading,5192,1786572878.283131,-0.023336555808782578
reward/heading,5223,1786572884.123980,-8.548747427994385e-05
reward/heading,5244,1786572886.929316,-0.03279416635632515
reward/heading,5259,1786572889.073812,-0.18723300099372864
reward/heading,5274,1786572891.208034,-0.3410971462726593
reward/heading,5291,1786572895.567928,-0.22626084089279175
reward/heading,5317,1786572899.300672,-0.033786192536354065
reward/heading,5341,1786572902.014438,-0.19636978209018707
reward/heading,5367,1786572904.996239,-0.6544177532196045
reward/heading,5381,1786572907.101238,-0.0006086654611863196
reward/heading,5395,1786572908.848616,-0.2815849483013153
reward/heading,5418,1786572912.002282,-0.059840720146894455
reward/heading,5433,1786572913.762832,-0.11693817377090454
reward/heading,5451,1786572917.715809,-0.00044581317342817783
reward/heading,5471,1786572920.645466,-0.012892362661659718
reward/heading,5494,1786572923.735326,-0.2701726257801056
reward/heading,5509,1786572925.804383,-0.04737843573093414
reward/heading,5537,1786572929.767928,-1.0013556480407715
reward/heading,5552,1786572934.120571,-0.06154272332787514
reward/heading,5571,1786572937.126504,-0.0005315669695846736
reward/heading,5592,1786572941.701637,-0.00015339808305725455
reward/heading,5610,1786572944.718796,-0.0018473017262294888
reward/heading,5632,1786572948.512155,-0.27635902166366577
reward/heading,5653,1786572953.655718,-0.006703975610435009
reward/heading,5668,1786572955.942409,-0.2977869510650635
reward/heading,5680,1786572957.655969,-0.11265744268894196
reward/heading,5700,1786572960.367814,-0.0006029396899975836
reward/heading,5716,1786572962.239944,-0.2563002407550812
reward/heading,5746,1786572966.675199,-0.007176601327955723
reward/heading,5773,1786572970.942365,-0.00010679275874281302
reward/heading,5789,1786572972.807256,-0.011542800813913345
reward/heading,5805,1786572974.623567,-0.1502661108970642
reward/heading,5821,1786572979.044013,-0.0003921504830941558
reward/heading,5837,1786572981.786636,-0.050642140209674835
reward/heading,5861,1786572985.919503,-0.42658156156539917
reward/heading,5884,1786572988.577987,-0.2171468287706375
reward/heading,5905,1786572990.627682,-0.08304282277822495
reward/heading,5926,1786572992.706749,-0.0335792638361454
reward/heading,5941,1786572994.176807,-0.0011049455497413874
reward/heading,5961,1786572996.190496,-0.18320311605930328
reward/heading,5981,1786572998.431597,-0.2245130091905594
reward/heading,6004,1786573002.240355,-0.167235866189003
reward/heading,6025,1786573005.759581,-0.35560497641563416
reward/heading,6042,1786573008.150360,-0.1856999546289444
reward/heading,6059,1786573012.145344,-0.00011771172285079956
reward/heading,6079,1786573015.231971,-0.362007200717926
reward/heading,6094,1786573019.160203,-0.005197159014642239
reward/heading,6112,1786573021.886738,-0.09218079596757889
reward/heading,6135,1786573025.647938,-0.08101925998926163
reward/heading,6148,1786573027.943502,-0.3432478606700897
reward/heading,6164,1786573030.166762,-0.030836451798677444
reward/heading,6190,1786573033.729800,-0.00010679275874281302
reward/heading,6214,1786573036.449691,-0.2552298903465271
reward/heading,6236,1786573039.440580,-0.08134625852108002
reward/heading,6259,1786573042.302371,-0.009676196612417698
reward/heading,6285,1786573045.646368,-0.10359763354063034
reward/heading,6305,1786573048.520567,-8.548747427994385e-05
reward/heading,6325,1786573051.508736,-0.2601082921028137
reward/heading,6341,1786573055.791398,-0.0004511394945438951
reward/heading,6362,1786573059.705660,-0.2739039957523346
reward/heading,6394,1786573064.490704,-0.22090841829776764
reward/heading,6414,1786573066.914578,-0.01242524478584528
reward/heading,6439,1786573069.897409,-0.1237255409359932
reward/heading,6457,1786573072.840068,-0.8732420206069946
reward/heading,6472,1786573075.054067,-1.2403062582015991
reward/heading,6500,1786573079.478610,-1.3250696659088135
reward/heading,6520,1786573082.705285,-0.004583756439387798
reward/heading,6541,1786573084.991404,-0.3676171600818634
reward/heading,6560,1786573087.859859,-0.046852536499500275
reward/heading,6581,1786573092.471550,-0.012544287368655205
reward/heading,6597,1786573094.438078,-0.13527633249759674
reward/heading,6616,1786573097.253018,-0.49660924077033997
reward/heading,6636,1786573099.945083,-0.11692382395267487
reward/heading,6661,1786573102.251940,-0.4096164107322693
reward/heading,6686,1786573104.654284,-0.3105156719684601
reward/heading,6704,1786573108.677916,-0.05452662706375122
reward/heading,6719,1786573110.757402,-0.08112281560897827
reward/heading,6744,1786573114.262120,-0.18084754049777985
reward/heading,6761,1786573116.420691,-0.39997270703315735
reward/heading,6789,1786573122.785932,-0.09291822463274002
reward/heading,6813,1786573127.092010,-0.2073485255241394
reward/heading,6826,1786573129.400497,-0.04164278507232666
reward/heading,6845,1786573132.780193,-0.0786810964345932
reward/heading,6861,1786573135.587563,-0.09987013787031174
reward/heading,6876,1786573138.187324,-0.2925519645214081
reward/heading,6896,1786573143.091982,-0.00010599381494103
reward/heading,6913,1786573145.127691,-0.03834818676114082
reward/heading,6943,1786573148.536134,-0.06166789308190346
reward/heading,6963,1786573151.018270,-0.07172238826751709
reward/heading,6978,1786573152.731118,-0.11416119337081909
reward/heading,6994,1786573154.523446,-0.20290863513946533
reward/heading,7014,1786573158.314067,-0.023518908768892288
reward/heading,7031,1786573159.974165,-0.052981458604335785
reward/heading,7053,1786573162.169232,-0.2801980972290039
reward/heading,7073,1786573166.795969,-0.13027571141719818
reward/heading,7089,1786573169.225195,-0.04026007279753685
reward/heading,7119,1786573173.669573,-0.01778498850762844
reward/heading,7136,1786573176.310143,-0.07958710193634033
reward/heading,7157,1786573179.429204,-0.17385715246200562
reward/heading,7177,1786573182.913558,-0.019856395199894905
reward/heading,7194,1786573185.423890,-0.13308574259281158
reward/heading,7210,1786573187.772981,-0.08265373110771179
reward/heading,7227,1786573190.415883,-0.38373368978500366
reward/heading,7250,1786573193.844259,-0.4854210317134857
reward/heading,7269,1786573196.531569,-0.0923275351524353
reward/heading,7292,1786573199.436037,-0.1855233907699585
reward/heading,7310,1786573201.672404,-0.08265360444784164
reward/heading,7329,1786573204.064566,-0.3084249496459961
reward/heading,7347,1786573206.379067,-0.2477962225675583
reward/heading,7371,1786573209.457798,-0.07102970033884048
reward/heading,7392,1786573212.128555,-0.07895713299512863
reward/heading,7410,1786573214.299847,-0.08318090438842773
reward/heading,7430,1786573216.582561,-0.04796872287988663
reward/heading,7444,1786573218.188020,-0.2641984820365906
reward/heading,7465,1786573220.608745,-0.09973938018083572
reward/heading,7484,1786573222.751452,-0.04208553582429886
reward/heading,7510,1786573228.155097,-0.062099456787109375
reward/heading,7531,1786573231.939819,-0.332753986120224
reward/heading,7547,1786573235.272160,-0.00010679275874281302
reward/heading,7563,1786573237.094886,-0.08985377103090286
reward/heading,7583,1786573239.339757,-0.024224096909165382
reward/heading,7611,1786573242.499855,-0.005495965015143156
reward/heading,7637,1786573245.477123,-0.2918068468570709
reward/heading,7653,1786573249.313791,-0.00011771172285079956
reward/heading,7671,1786573252.960237,-0.14074194431304932
reward/heading,7693,1786573257.328126,-0.3543279767036438
reward/heading,7718,1786573260.454740,-0.023442504927515984
reward/heading,7737,1786573262.545527,-0.25889959931373596
reward/heading,7763,1786573265.940861,-0.001199354650452733
reward/heading,7783,1786573268.733443,-0.2505936026573181
reward/heading,7793,1786573270.074986,-0.545056939125061
reward/heading,7817,1786573273.691841,-0.03762100636959076
reward/heading,7840,1786573277.498850,-0.00018101403838954866
reward/heading,7856,1786573279.881273,-0.37682512402534485
reward/heading,7870,1786573281.729769,-0.3439160883426666
reward/heading,7887,1786573284.038143,-0.2855622172355652
reward/heading,7916,1786573287.842370,-0.13856950402259827
reward/heading,7932,1786573290.062412,-0.00014767228276468813
reward/heading,7951,1786573292.009945,-0.2909753918647766
reward/heading,7969,1786573294.878164,-0.0003918841539416462
reward/heading,7990,1786573298.263030,-0.27556538581848145
reward/heading,8006,1786573300.882175,-0.3018990159034729
reward/heading,8022,1786573303.669138,-8.125945169012994e-05
reward/heading,8050,1786573306.667888,-0.011781590059399605
reward/heading,8076,1786573309.464996,-0.0789870172739029
reward/heading,8093,1786573311.406955,-0.2955954074859619
reward/heading,8115,1786573313.933839,-0.32041192054748535
reward/heading,8128,1786573315.409584,-0.606078028678894
reward/heading,8151,1786573318.190572,-0.00010679275874281302
reward/heading,8179,1786573323.280399,-0.0004511394945438951
reward/heading,8198,1786573326.824708,-0.15709267556667328
reward/heading,8216,1786573329.684254,-0.1026691198348999
reward/heading,8233,1786573332.359949,-0.27824628353118896
reward/heading,8245,1786573335.824263,-0.00044767739018425345
reward/heading,8269,1786573339.671933,-0.3481374680995941
reward/heading,8288,1786573342.673521,-8.548747427994385e-05
reward/heading,8311,1786573346.017043,-0.1234969049692154
reward/heading,8327,1786573347.860650,-0.16459214687347412
reward/heading,8349,1786573350.518257,-0.017140638083219528
reward/heading,8366,1786573352.520540,-0.1334291696548462
reward/heading,8394,1786573355.740048,-0.034937210381031036
reward/heading,8412,1786573358.250311,-0.28110596537590027
reward/heading,8427,1786573360.700800,-0.06280719488859177
reward/heading,8446,1786573362.931611,-0.14222638309001923
reward/heading,8468,1786573365.322571,-0.3937284052371979
reward/heading,8490,1786573368.904178,-0.21026694774627686
reward/heading,8507,1786573371.632406,-8.548747427994385e-05
reward/heading,8529,1786573375.066957,-0.060514211654663086
reward/heading,8549,1786573377.538847,-0.1972060203552246
reward/heading,8574,1786573380.881063,-0.08296465873718262
reward/heading,8595,1786573383.491012,-0.017180051654577255
reward/heading,8620,1786573386.766695,-0.058270230889320374
reward/heading,8646,1786573389.945497,-0.010147975757718086
reward/heading,8660,1786573391.654855,-0.09663892537355423
reward/heading,8683,1786573394.936824,-0.19590026140213013
reward/heading,8705,1786573399.626295,-4.261057711119065e-06
reward/heading,8727,1786573402.510255,-0.04674380272626877
reward/heading,8747,1786573405.802894,-0.21264035999774933
reward/heading,8763,1786573408.415967,-0.011513910256326199
reward/heading,8782,1786573411.135355,-0.04769694805145264
reward/heading,8802,1786573413.479594,-0.7446089386940002
reward/heading,8825,1786573416.073202,-0.9946408867835999
reward/heading,8846,1786573419.267008,-0.656318724155426
reward/heading,8864,1786573423.615826,-0.0011089402250945568
reward/heading,8887,1786573427.160669,-0.06405368447303772
reward/heading,8904,1786573429.909801,-0.1805412769317627
reward/heading,8930,1786573434.135805,-0.24983154237270355
reward/heading,8947,1786573436.659293,-0.0017531589837744832
reward/heading,8967,1786573438.780781,-0.03256113827228546
reward/heading,8982,1786573440.353083,-0.08920803666114807
reward/heading,8996,1786573441.845824,-0.03569168597459793
reward/heading,9008,1786573443.126258,-0.11474189907312393
reward/heading,9032,1786573445.705302,-0.4208758473396301
reward/heading,9053,1786573448.001265,-0.3179071247577667
reward/heading,9085,1786573451.529862,-0.02551255002617836
reward/heading,9103,1786573453.454235,-0.24695520102977753
reward/heading,9122,1786573455.478056,-0.487533837556839
reward/heading,9133,1786573456.631718,-0.6079680919647217
reward/heading,9158,1786573462.027779,-0.0507393442094326
reward/heading,9178,1786573464.849194,-0.16886132955551147
reward/heading,9203,1786573468.387292,-0.0700075775384903
reward/heading,9223,1786573471.639785,-0.04673461616039276
reward/heading,9241,1786573474.238486,-0.18793009221553802
reward/heading,9264,1786573477.603347,-0.05348719283938408
reward/heading,9286,1786573480.810707,-0.03378020226955414
reward/heading,9304,1786573483.540423,-0.12202563881874084
reward/heading,9315,1786573485.197859,-0.14592404663562775
reward/heading,9332,1786573487.690804,-0.5606633424758911
reward/heading,9356,1786573491.240448,-0.39484426379203796
reward/heading,9380,1786573496.731185,-0.018809907138347626
reward/heading,9396,1786573499.621797,-0.04003103822469711
reward/heading,9411,1786573502.432074,-0.2102144956588745
reward/heading,9430,1786573505.954339,-0.1420615315437317
reward/heading,9444,1786573508.497388,-0.04344068467617035
reward/heading,9463,1786573511.968011,-0.19509226083755493
reward/heading,9480,1786573515.029567,-0.2516804337501526
reward/heading,9500,1786573518.847064,-0.0005357000045478344
reward/heading,9519,1786573521.403692,-0.22073684632778168
reward/heading,9536,1786573523.759818,-0.014940737746655941
reward/heading,9554,1786573526.020964,-0.20924049615859985
reward/heading,9576,1786573528.685214,-0.11814266443252563
reward/heading,9594,1786573531.047959,-0.033701103180646896
reward/heading,9614,1786573533.713434,-0.23273654282093048
reward/heading,9628,1786573535.579131,-0.13380467891693115
reward/heading,9643,1786573537.642643,-0.09179215878248215
reward/heading,9662,1786573540.252143,-0.3524750769138336
reward/heading,9683,1786573543.145370,-0.29885366559028625
reward/heading,9702,1786573547.418468,-0.002008289797231555
reward/heading,9720,1786573550.086356,-0.15013357996940613
reward/heading,9741,1786573552.900664,-0.4524731934070587
reward/heading,9764,1786573555.530026,-0.09024054557085037
reward/heading,9780,1786573557.000149,-0.09614544361829758
reward/heading,9798,1786573558.641591,-0.02156401425600052
reward/heading,9814,1786573560.121576,-0.11857884377241135
reward/heading,9831,1786573561.686933,-0.007244330830872059
reward/heading,9857,1786573564.165766,-0.04049469530582428
reward/heading,9871,1786573565.846290,-0.033061813563108444
reward/heading,9893,1786573569.638003,-0.1814289093017578
reward/heading,9908,1786573571.797001,-0.11360778659582138
reward/heading,9934,1786573574.821617,-0.25685521960258484
reward/heading,9954,1786573577.087639,-0.21392320096492767
reward/heading,9974,1786573579.525977,-0.07810439169406891
reward/heading,9998,1786573583.149862,-0.4250892400741577
reward/heading,10011,1786573585.247956,-0.671638548374176
reward/heading,10029,1786573587.741112,-0.02247082069516182
reward/heading,10057,1786573590.628330,-0.17517141997814178
reward/heading,10073,1786573592.267880,-0.013978400267660618
reward/heading,10096,1786573594.665316,-0.05778060853481293
reward/heading,10110,1786573596.112140,-0.025016004219651222
reward/heading,10127,1786573597.875204,-0.14370097219944
reward/heading,10148,1786573600.026763,-0.056031178683042526
reward/heading,10168,1786573602.026243,-0.001178315607830882
reward/heading,10190,1786573604.216762,-0.38489362597465515
reward/heading,10213,1786573606.437292,-0.7082262635231018
reward/heading,10228,1786573607.924773,-1.3948938846588135
reward/heading,10242,1786573609.825817,-1.3123985528945923
reward/heading,10263,1786573611.866532,-1.131795048713684
reward/heading,10286,1786573613.988593,-1.3441051244735718
reward/heading,10306,1786573615.840996,-1.1939685344696045
reward/heading,10333,1786573620.043664,-0.00014767228276468813
reward/heading,10350,1786573622.891910,-0.0014321148628368974
reward/heading,10374,1786573626.826070,-0.23282113671302795
reward/heading,10396,1786573630.403079,-0.16892869770526886
reward/heading,10418,1786573633.938926,-0.200876384973526
reward/heading,10439,1786573637.299195,-0.31324899196624756
reward/heading,10462,1786573642.953063,-0.000523577444255352
reward/heading,10487,1786573647.120499,-0.15814237296581268
reward/heading,10505,1786573650.151810,-0.37420302629470825
reward/heading,10527,1786573653.870956,-0.35851994156837463
reward/heading,10544,1786573656.744723,-0.2606941759586334
reward/heading,10566,1786573660.138953,-0.2255483716726303
reward/heading,10580,1786573661.939848,-0.5689107179641724
reward/heading,10606,1786573665.505896,-0.00011105381418019533
reward/heading,10621,1786573667.436599,-0.04616003856062889
reward/heading,10638,1786573669.626921,-0.1299702525138855
reward/heading,10652,1786573671.361339,-0.07963650673627853
reward/heading,10666,1786573673.952477,-0.33596548438072205
reward/heading,10681,1786573676.737187,-0.16525766253471375
reward/heading,10702,1786573679.563828,-0.13857093453407288
reward/heading,10716,1786573681.321971,-0.0005824333056807518
reward/heading,10741,1786573684.437291,-0.21051889657974243
reward/heading,10766,1786573688.115875,-0.3357798755168915
reward/heading,10783,1786573691.354152,-0.00010679032129701227
reward/heading,10803,1786573693.861981,-0.25652480125427246
reward/heading,10828,1786573699.427893,-0.0033963292371481657
reward/heading,10851,1786573703.772274,-0.0251450352370739
reward/heading,10866,1786573706.622699,-0.19364537298679352
reward/heading,10886,1786573710.369728,-0.04086407646536827
reward/heading,10913,1786573715.339410,-0.1527160406112671
reward/heading,10932,1786573718.342189,-0.08668037503957748
reward/heading,10953,1786573720.842646,-0.2486269772052765
reward/heading,10969,1786573722.749156,-0.08127269893884659
reward/heading,10989,1786573724.915663,-0.19924338161945343
reward/heading,11017,1786573727.880962,-0.30370983481407166
reward/heading,11036,1786573732.070653,-0.016527311876416206
reward/heading,11053,1786573735.308031,-0.3043721616268158
reward/heading,11072,1786573738.895525,-0.2415148913860321
reward/heading,11089,1786573741.649121,-0.06804749369621277
reward/heading,11108,1786573745.271003,-0.004882639739662409
reward/heading,11127,1786573748.873157,-0.019596071913838387
reward/heading,11149,1786573752.833823,-0.000362988852430135
reward/heading,11168,1786573755.762683,-0.04873691499233246
reward/heading,11187,1786573757.981376,-0.09595528990030289
reward/heading,11203,1786573759.995607,-0.45152297616004944
reward/heading,11223,1786573764.622313,-0.004219246096909046
reward/heading,11242,1786573767.457596,-0.026279941201210022
reward/heading,11266,1786573771.500847,-0.0344807468354702
reward/heading,11285,1786573774.203199,-0.010979014448821545
reward/heading,11301,1786573776.469120,-0.09626688063144684
reward/heading,11318,1786573778.992036,-0.30590400099754333
reward/heading,11343,1786573782.696978,-0.07499349862337112
reward/heading,11364,1786573785.305033,-0.2486215978860855
reward/heading,11385,1786573788.313517,-0.057685621082782745
reward/heading,11405,1786573791.171469,-0.00010679275874281302
reward/heading,11426,1786573793.595399,-0.32407575845718384
reward/heading,11447,1786573795.986316,-0.20566819608211517
reward/heading,11472,1786573799.278491,-0.5365056991577148
reward/heading,11497,1786573802.744327,-0.0003918841539416462
reward/heading,11517,1786573805.078425,-0.033389247953891754
reward/heading,11537,1786573807.458606,-0.25668811798095703
reward/heading,11559,1786573810.179928,-0.15882347524166107
reward/heading,11574,1786573812.887877,-0.2769542336463928
reward/heading,11604,1786573817.560320,-0.36982882022857666
reward/heading,11639,1786573822.099020,-0.09000486135482788
reward/heading,11655,1786573823.761179,-0.1743861883878708
reward/heading,11675,1786573825.811299,-0.07238871604204178
reward/heading,11689,1786573827.198847,-0.11712595820426941
reward/heading,11721,1786573830.398961,-0.4753320515155792
reward/heading,11739,1786573832.626632,-0.00011105381418019533
reward/heading,11755,1786573834.391683,-0.11489222943782806
reward/heading,11768,1786573835.870181,-0.15559625625610352
reward/heading,11791,1786573839.366769,-0.00014767228276468813
reward/heading,11811,1786573841.165613,-0.1210329458117485
reward/heading,11826,1786573842.481413,-0.10186710953712463
reward/heading,11858,1786573845.257333,-0.3091622292995453
reward/heading,11874,1786573847.409830,-0.014956179074943066
reward/heading,11894,1786573850.004851,-0.046625956892967224
reward/heading,11909,1786573851.925283,-0.02078876830637455
reward/heading,11929,1786573854.411469,-0.04740506783127785
reward/heading,11943,1786573856.139317,-0.07232852280139923
reward/heading,11962,1786573858.434221,-0.10221332311630249
reward/heading,11978,1786573860.365865,-0.12073826789855957
reward/heading,12003,1786573863.366956,-0.09420040249824524
reward/heading,12020,1786573865.330922,-0.019753864035010338
reward/heading,12039,1786573867.435843,-0.03941105678677559
reward/heading,12058,1786573869.494143,-0.048524126410484314
reward/heading,12073,1786573871.110758,-0.07763141393661499
reward/heading,12085,1786573872.381415,-0.16126199066638947
reward/heading,12102,1786573874.183951,-0.0956086814403534
reward/heading,12124,1786573876.606463,-0.07770198583602905
reward/heading,12142,1786573878.987247,-8.125945169012994e-05
reward/heading,12166,1786573881.801930,-0.051935140043497086
reward/heading,12188,1786573884.385509,-0.023842955008149147
reward/heading,12219,1786573887.811220,-0.21287915110588074
reward/heading,12241,1786573890.433787,-0.00015299860388040543
reward/heading,12258,1786573892.294948,-0.0996893122792244
reward/heading,12273,1786573893.957768,-0.039232492446899414
reward/heading,12295,1786573897.102805,-0.03653138130903244
reward/heading,12314,1786573899.250186,-0.016233164817094803
reward/heading,12331,1786573901.098246,-0.17707957327365875
reward/heading,12344,1786573902.468784,-0.22925595939159393
reward/heading,12368,1786573905.002217,-0.19864225387573242
reward/heading,12386,1786573906.870116,-0.3355705440044403
reward/heading,12405,1786573908.807699,-0.022284001111984253
reward/heading,12418,1786573910.115785,-0.18977153301239014
reward/heading,12443,1786573912.600360,-0.29183292388916016
reward/heading,12460,1786573914.283673,-0.036616865545511246
reward/heading,12471,1786573915.407247,-0.25997164845466614
reward/heading,12494,1786573917.732749,-0.10938161611557007
reward/heading,12509,1786573919.258578,-0.4664275050163269
reward/heading,12525,1786573920.868628,-0.41936931014060974
reward/heading,12541,1786573922.487425,-0.41627511382102966
reward/heading,12559,1786573927.307661,-0.1324108988046646
reward/heading,12584,1786573931.560423,-0.292184978723526
reward/heading,12600,1786573934.355438,-0.271518737077713
reward/heading,12628,1786573938.383373,-0.2400856465101242
reward/heading,12657,1786573944.148719,-0.0006583334179595113
reward/heading,12685,1786573949.762002,-0.29871347546577454
reward/heading,12700,1786573954.153239,-0.01612783782184124
reward/heading,12716,1786573956.621716,-0.20611855387687683
reward/heading,12733,1786573959.285530,-0.1955825537443161
reward/heading,12754,1786573962.733470,-0.12553608417510986
reward/heading,12782,1786573967.547274,-0.14281174540519714
reward/heading,12812,1786573971.515013,-0.00044679365237243474
reward/heading,12837,1786573974.632360,-0.19066816568374634
reward/heading,12857,1786573977.128247,-0.00439948495477438
reward/heading,12876,1786573979.416132,-0.06879943609237671
reward/heading,12898,1786573982.007399,-0.06058409810066223
reward/heading,12921,1786573985.085230,-0.000603871769271791
reward/heading,12941,1786573987.705906,-0.0772300735116005
reward/heading,12961,1786573990.339342,-0.09293007105588913
reward/heading,12985,1786573993.433079,-0.1936388462781906
reward/heading,13009,1786573996.680046,-0.12663677334785461
reward/heading,13026,1786573998.671848,-0.1278434544801712
reward/heading,13064,1786574003.115304,-0.015991749241948128
reward/heading,13078,1786574004.870531,-0.47229164838790894
reward/heading,13094,1786574007.206247,-0.00015299860388040543
reward/heading,13112,1786574009.178343,-0.15529903769493103
reward/heading,13126,1786574010.725555,-0.2047848403453827
reward/heading,13148,1786574013.206364,-0.15112560987472534
reward/heading,13172,1786574015.815758,-0.01673237420618534
reward/heading,13192,1786574017.967273,-0.08063466101884842
reward/heading,13207,1786574019.614654,-0.01829911209642887
reward/heading,13229,1786574022.027762,-0.0331433042883873
reward/heading,13252,1786574024.427502,-0.1060517355799675
reward/heading,13275,1786574026.770972,-0.23855651915073395
reward/heading,13289,1786574028.169673,-0.2051897644996643
reward/heading,13319,1786574031.519407,-0.2890235483646393
reward/heading,13345,1786574034.095211,-0.13202501833438873
reward/heading,13363,1786574035.893903,-0.09840486943721771
reward/heading,13376,1786574038.418119,-0.04686577618122101
reward/heading,13403,1786574042.137631,-0.15034502744674683
reward/heading,13422,1786574044.678016,-0.08427999168634415
reward/heading,13437,1786574046.648872,-0.04273201897740364
reward/heading,13459,1786574049.736402,-0.04116474837064743
reward/heading,13477,1786574052.191535,-0.1938493698835373
reward/heading,13493,1786574054.525823,-0.1924232393503189
reward/heading,13508,1786574058.553118,-4.740426811622456e-05
reward/heading,13540,1786574064.587236,-0.014670821838080883
reward/heading,13559,1786574068.053953,-0.13549737632274628
reward/heading,13580,1786574071.812216,-0.18370725214481354
reward/heading,13594,1786574074.231915,-0.15185317397117615
reward/heading,13612,1786574077.426610,-0.025293372571468353
reward/heading,13637,1786574081.573806,-0.2492949217557907
reward/heading,13654,1786574083.815789,-0.15538252890110016
reward/heading,13667,1786574085.610504,-0.02096640132367611
reward/heading,13690,1786574088.731470,-0.12294243276119232
reward/heading,13705,1786574090.759149,-0.013860954903066158
reward/heading,13726,1786574093.475633,-0.4904235005378723
reward/heading,13744,1786574098.122274,-0.11486693471670151
reward/heading,13762,1786574100.404587,-0.16806957125663757
reward/heading,13783,1786574103.001840,-0.028413131833076477
reward/heading,13802,1786574104.786977,-0.0485793873667717
reward/heading,13820,1786574106.478320,-0.16067609190940857
reward/heading,13846,1786574108.840653,-0.11012610793113708
reward/heading,13865,1786574114.369916,-0.23120179772377014
reward/heading,13878,1786574116.878222,-0.3596210181713104
reward/heading,13898,1786574121.880124,-0.015780560672283173
reward/heading,13923,1786574125.692517,-0.1519160270690918
reward/heading,13942,1786574128.810929,-0.4993858337402344
reward/heading,13962,1786574133.662902,-0.22480487823486328
reward/heading,13987,1786574137.041917,-0.14465118944644928
reward/heading,14003,1786574141.135838,-0.0004511394945438951
reward/heading,14030,1786574145.817956,-0.04351658374071121
reward/heading,14051,1786574149.435382,-0.12378852069377899
reward/heading,14066,1786574152.039769,-0.04953666031360626
reward/heading,14094,1786574156.876852,-0.005087436642497778
reward/heading,14110,1786574159.450731,-0.27206215262413025
reward/heading,14127,1786574162.238574,-0.14895619451999664
reward/heading,14150,1786574166.134266,-0.022665364667773247
reward/heading,14169,1786574169.342502,-0.06071554496884346
reward/heading,14193,1786574173.317974,-0.07612486183643341
reward/heading,14210,1786574176.086809,-0.27050819993019104
reward/heading,14234,1786574179.570871,-0.21671420335769653
reward/heading,14249,1786574181.332347,-0.22298434376716614
reward/heading,14268,1786574184.308700,-0.11026951670646667
reward/heading,14299,1786574189.235415,-0.43346649408340454
reward/heading,14328,1786574196.419100,-0.12252378463745117
reward/heading,14345,1786574199.969942,-0.06856707483530045
reward/heading,14360,1786574202.735943,-0.1296277642250061
reward/heading,14381,1786574206.593343,-0.07955341786146164
reward/heading,14399,1786574209.895386,-0.1440831422805786
reward/heading,14419,1786574213.555632,-0.09347988665103912
reward/heading,14446,1786574219.427354,-0.0028537102043628693
reward/heading,14458,1786574220.720177,-0.2057742029428482
reward/heading,14470,1786574222.021696,-0.16800685226917267
reward/heading,14493,1786574224.509706,-0.2708650529384613
reward/heading,14510,1786574227.449262,-0.04227759689092636
reward/heading,14529,1786574230.264235,-0.10619362443685532
reward/heading,14545,1786574232.744974,-0.00044679365237243474
reward/heading,14569,1786574235.642209,-0.01076547522097826
reward/heading,14589,1786574238.067497,-0.1445070207118988
reward/heading,14605,1786574240.287087,-0.0005350290448404849
reward/heading,14624,1786574242.268650,-0.0392368845641613
reward/heading,14650,1786574245.043109,-0.09493476897478104
reward/heading,14664,1786574246.879110,-0.00015246597467921674
reward/heading,14681,1786574248.569838,-0.21667131781578064
reward/heading,14709,1786574251.066940,-0.02954084798693657
reward/heading,14727,1786574252.634336,-0.22789867222309113
reward/heading,14750,1786574254.656560,-0.14689584076404572
reward/heading,14773,1786574256.654779,-0.5426615476608276
reward/heading,14797,1786574258.678299,-0.012808206491172314
reward/heading,14817,1786574260.378872,-0.43069905042648315
reward/heading,14844,1786574264.349738,-0.0024518510326743126
reward/heading,14865,1786574267.889902,-0.1863020956516266
reward/heading,14885,1786574271.269079,-0.20182010531425476
reward/heading,14902,1786574274.040160,-0.08814441412687302
reward/heading,14922,1786574277.317947,-0.013574784621596336
reward/heading,14940,1786574280.158704,-0.2332794964313507
reward/heading,14954,1786574282.621237,-0.001213868847116828
reward/heading,14985,1786574286.502155,-0.04108072444796562
reward/heading,15002,1786574288.472000,-0.12239635735750198
reward/heading,15021,1786574290.793711,-0.005887183826416731
reward/heading,15043,1786574292.918480,-0.24649469554424286
reward/heading,15062,1786574295.356593,-0.0006086654611863196
reward/heading,15083,1786574299.418422,-0.1723679155111313
reward/heading,15112,1786574303.364745,-0.006430868059396744
reward/heading,15131,1786574305.958316,-0.13718648254871368
reward/heading,15152,1786574309.764744,-0.26341739296913147
reward/heading,15168,1786574312.635479,-0.46085110306739807
reward/heading,15192,1786574315.919838,-0.2025284767150879
reward/heading,15208,1786574317.953526,-0.12047501653432846
reward/heading,15231,1786574321.078676,-0.03660767897963524
reward/heading,15251,1786574323.614226,-0.35028010606765747
reward/heading,15267,1786574325.638717,-0.034904588013887405
reward/heading,15291,1786574329.169992,-0.20222313702106476
reward/heading,15306,1786574331.272111,-0.04293881356716156
reward/heading,15331,1786574334.449763,-0.16334418952465057
reward/heading,15353,1786574337.188845,-0.3605588674545288
reward/heading,15371,1786574340.280925,-0.005249886307865381
reward/heading,15393,1786574342.747038,-0.01511796098202467
reward/heading,15411,1786574344.800015,-0.06429653614759445
reward/heading,15434,1786574347.354425,-0.16533100605010986
reward/heading,15449,1786574348.945347,-0.16321483254432678
reward/heading,15474,1786574351.943207,-8.125945169012994e-05
reward/heading,15497,1786574354.393323,-0.029276374727487564
reward/heading,15517,1786574356.562912,-0.04174108803272247
reward/heading,15535,1786574358.399745,-0.45505383610725403
reward/heading,15553,1786574361.142316,-0.0992572158575058
reward/heading,15566,1786574362.895385,-0.042837876826524734
reward/heading,15590,1786574366.019001,-0.10822220891714096
reward/heading,15614,1786574369.138107,-0.15782225131988525
reward/heading,15640,1786574372.487655,-0.5413984060287476
reward/heading,15662,1786574375.369390,-0.6768445372581482
reward/heading,15687,1786574378.792911,-0.05146000161767006
reward/heading,15713,1786574381.957054,-0.036914337426424026
reward/heading,15729,1786574383.864702,-0.000707271508872509
reward/heading,15753,1786574386.686318,-0.05365978553891182
reward/heading,15767,1786574388.407397,-0.015524893999099731
reward/heading,15792,1786574391.511600,-0.11088050156831741
reward/heading,15815,1786574394.451398,-0.06718135625123978
reward/heading,15840,1786574397.485312,-0.03849857673048973
reward/heading,15856,1786574399.390991,-0.1569729596376419
reward/heading,15884,1786574402.525874,-0.18647508323192596
reward/heading,15900,1786574404.509386,-0.11115908622741699
reward/heading,15925,1786574409.140819,-0.03199375420808792
reward/heading,15940,1786574411.492483,-0.2522852420806885
reward/heading,15964,1786574415.107388,-0.005389039404690266
reward/heading,15982,1786574417.650844,-0.07229883223772049
reward/heading,16008,1786574421.404766,-0.0507768951356411
reward/heading,16024,1786574423.721456,-0.009258479811251163
reward/heading,16039,1786574425.828758,-0.23603303730487823
reward/heading,16062,1786574428.987142,-0.2882891893386841
reward/heading,16082,1786574431.958812,-0.04756924882531166
reward/heading,16102,1786574434.860914,-0.2902502119541168
reward/heading,16113,1786574436.512533,-0.07156606018543243
reward/heading,16129,1786574438.890844,-0.06412944942712784
reward/heading,16146,1786574441.319167,-0.03802195191383362
reward/heading,16166,1786574444.213874,-0.10259095579385757
reward/heading,16176,1786574445.632558,-0.024260198697447777
reward/heading,16196,1786574448.428380,-0.05536658689379692
reward/heading,16211,1786574450.529077,-0.039835430681705475
reward/heading,16235,1786574453.903426,-0.0750751793384552
reward/heading,16251,1786574456.114205,-0.04160430282354355
reward/heading,16275,1786574459.408142,-0.43252891302108765
reward/heading,16291,1786574463.619122,-0.06999879330396652
reward/heading,16317,1786574467.368195,-0.07949935644865036
reward/heading,16349,1786574472.105905,-0.020383035764098167
reward/heading,16368,1786574475.166497,-0.11002157628536224
reward/heading,16395,1786574479.614726,-0.2509768307209015
reward/heading,16408,1786574481.160785,-0.3368784189224243
reward/heading,16428,1786574485.536511,-0.000130894361063838
reward/heading,16446,1786574488.944876,-0.03827015683054924
reward/heading,16466,1786574492.758572,-0.05178556591272354
reward/heading,16486,1786574496.538621,-0.0938107818365097
reward/heading,16506,1786574500.492824,-0.022784940898418427
reward/heading,16529,1786574504.944442,-0.02690192125737667
reward/heading,16555,1786574509.864822,-0.31117358803749084
reward/heading,16572,1786574513.026980,-0.03707386553287506
reward/heading,16585,1786574515.482471,-0.34715330600738525
reward/heading,16603,1786574518.460473,-0.11684300005435944
reward/heading,16627,1786574521.694819,-0.02140102908015251
reward/heading,16645,1786574524.937604,-0.05281154811382294
reward/heading,16665,1786574527.652159,-0.3815937042236328
reward/heading,16680,1786574530.640790,-0.32371628284454346
reward/heading,16697,1786574534.954335,-0.0001131843455368653
reward/heading,16725,1786574539.917861,-0.19625073671340942
reward/heading,16742,1786574542.848773,-0.3239903151988983
reward/heading,16769,1786574547.213195,-0.01873840019106865
reward/heading,16787,1786574549.548459,-0.12554727494716644
reward/heading,16803,1786574551.657499,-0.4368729293346405
reward/heading,16823,1786574554.371021,-0.3507721424102783
reward/heading,16843,1786574556.816291,-0.15642955899238586
reward/heading,16864,1786574559.434306,-0.5335296988487244
reward/heading,16885,1786574563.850329,-0.1784869134426117
reward/heading,16903,1786574566.414715,-0.11576614528894424
reward/heading,16924,1786574569.253668,-0.1084756851196289
reward/heading,16942,1786574571.313002,-0.3388623297214508
reward/heading,16959,1786574573.316569,-0.1189308762550354
reward/heading,16977,1786574575.350577,-0.10092734545469284
reward/heading,16997,1786574580.211146,-0.07272852957248688
reward/heading,17012,1786574582.784743,-0.1313987672328949
reward/heading,17026,1786574585.197446,-0.1554252803325653
reward/heading,17045,1786574588.416018,-0.04922986403107643
reward/heading,17069,1786574592.416667,-0.12310275435447693
reward/heading,17094,1786574596.568784,-0.18430140614509583
reward/heading,17116,1786574600.019857,-0.2798319160938263
reward/heading,17134,1786574602.883835,-0.0538637638092041
reward/heading,17156,1786574605.619964,-0.0985783040523529
reward/heading,17173,1786574607.733511,-0.08036317676305771
reward/heading,17198,1786574611.181302,-0.4097735285758972
reward/heading,17216,1786574615.399027,-0.021950172260403633
reward/heading,17243,1786574619.504257,-0.0005315669695846736
reward/heading,17256,1786574620.908180,-0.06605441123247147
reward/heading,17286,1786574624.157140,-0.005934054963290691
reward/heading,17322,1786574628.575941,-0.0005315669695846736
reward/heading,17345,1786574631.205801,-0.04466613754630089
reward/heading,17362,1786574633.013934,-0.1955530047416687
reward/heading,17388,1786574635.904723,-0.15280401706695557
reward/heading,17406,1786574637.967762,-0.12700605392456055
reward/heading,17434,1786574641.851099,-0.29530274868011475
reward/heading,17458,1786574644.918844,-0.08210339397192001
reward/heading,17481,1786574647.900923,-0.04349527880549431
reward/heading,17504,1786574650.926763,-0.014273610897362232
reward/heading,17521,1786574653.214303,-0.03898615017533302
reward/heading,17537,1786574655.362091,-0.1329151690006256
reward/heading,17557,1786574658.015540,-0.07210055738687515
reward/heading,17577,1786574660.591321,-0.20937639474868774
reward/heading,17595,1786574663.899941,-0.3972666561603546
reward/heading,17616,1786574667.552578,-0.2558791935443878
reward/heading,17630,1786574670.033612,-0.21075084805488586
reward/heading,17643,1786574672.272787,-0.30067116022109985
reward/heading,17669,1786574676.462872,-0.07395598292350769
reward/heading,17687,1786574679.518853,-0.11277315765619278
reward/heading,17699,1786574681.577363,-0.025802569463849068
reward/heading,17722,1786574685.573376,-0.061648983508348465
reward/heading,17735,1786574687.826927,-0.2985920310020447
reward/heading,17754,1786574691.110056,-0.11254172772169113
reward/heading,17782,1786574695.834638,-0.02051406353712082
reward/heading,17805,1786574699.539475,-0.21303796768188477
reward/heading,17824,1786574702.656304,-0.1290522664785385
reward/heading,17841,1786574705.517293,-0.038780421018600464
reward/heading,17866,1786574709.592269,-0.12113627791404724
reward/heading,17884,1786574712.483361,-0.2080264389514923
reward/heading,17901,1786574716.476176,-0.04433617368340492
reward/heading,17925,1786574719.725992,-0.0880570188164711
reward/heading,17941,1786574721.906165,-0.24368762969970703
reward/heading,17965,1786574725.159061,-0.33883506059646606
reward/heading,17980,1786574727.116992,-0.018240656703710556
reward/heading,18003,1786574729.449026,-0.11780985444784164
reward/heading,18025,1786574731.651439,-0.49993500113487244
reward/heading,18042,1786574733.352026,-0.4090781807899475
reward/heading,18062,1786574735.296978,-0.13008010387420654
reward/heading,18081,1786574737.086435,-0.09609045088291168
reward/heading,18107,1786574739.470914,-0.046212103217840195
reward/heading,18121,1786574740.724247,-0.07524215430021286
reward/heading,18136,1786574742.075652,-0.03498275205492973
reward/heading,18153,1786574743.590221,-0.033541981130838394
reward/heading,18176,1786574745.639415,-0.4196643829345703
reward/heading,18197,1786574747.440587,-0.4233767092227936
reward/heading,18215,1786574748.926171,-0.017736120149493217
reward/heading,18231,1786574750.242076,-0.5813771486282349
reward/heading,18245,1786574751.848183,-0.00020626182958949357
reward/heading,18265,1786574754.373936,-0.10499352961778641
reward/heading,18278,1786574756.044348,-0.08293416351079941
reward/heading,18300,1786574758.824846,-0.022966168820858
reward/heading,18318,1786574761.057536,-0.19266825914382935
reward/heading,18345,1786574764.398330,-0.024119850248098373
reward/heading,18366,1786574767.161088,-0.18989430367946625
reward/heading,18390,1786574770.177078,-0.28656506538391113
reward/heading,18405,1786574772.040751,-0.11005699634552002
reward/heading,18423,1786574774.284155,-0.2941974103450775
reward/heading,18441,1786574777.056732,-0.033539317548274994
reward/heading,18458,1786574779.120743,-0.04283428192138672
reward/heading,18479,1786574781.593243,-0.2772304117679596
reward/heading,18504,1786574784.541106,-0.062164969742298126
reward/heading,18523,1786574786.815108,-0.2715946137905121
reward/heading,18542,1786574789.053178,-0.08838445693254471
reward/heading,18556,1786574790.702682,-0.1586369127035141
reward/heading,18580,1786574793.525741,-0.08611451089382172
reward/heading,18592,1786574794.919427,-0.015843011438846588
reward/heading,18607,1786574796.645391,-0.09615489840507507
reward/heading,18626,1786574798.786121,-0.054326754063367844
reward/heading,18652,1786574801.702297,-0.03569634631276131
reward/heading,18670,1786574803.718680,-0.08648189902305603
reward/heading,18682,1786574805.035019,-0.1111021563410759
reward/heading,18701,1786574807.564558,-8.125945169012994e-05
reward/heading,18722,1786574810.255519,-0.026293920353055
reward/heading,18739,1786574812.426429,-0.13696414232254028
reward/heading,18758,1786574814.920830,-0.02330615743994713
reward/heading,18778,1786574817.560787,-0.14905811846256256
reward/heading,18802,1786574822.690965,-0.00011771172285079956
reward/heading,18821,1786574826.056235,-0.10313331335783005
reward/heading,18839,1786574829.253713,-0.013184777460992336
reward/heading,18860,1786574832.938814,-0.16475805640220642
reward/heading,18879,1786574836.271239,-0.19158302247524261
reward/heading,18894,1786574838.854249,-0.1424463540315628
reward/heading,18917,1786574842.907976,-0.1561448574066162
reward/heading,18932,1786574845.571689,-0.14512737095355988
reward/heading,18953,1786574849.176335,-0.04115116596221924
reward/heading,18977,1786574853.204443,-0.0397985465824604
reward/heading,18994,1786574855.910552,-0.08218169212341309
reward/heading,19014,1786574859.066893,-0.02761857770383358
reward/heading,19029,1786574861.406491,-0.22833570837974548
reward/heading,19044,1786574863.740592,-0.10484838485717773
reward/heading,19070,1786574867.700979,-0.10266832262277603
reward/heading,19092,1786574870.979052,-0.020077038556337357
reward/heading,19111,1786574873.775455,-0.09134136885404587
reward/heading,19135,1786574877.209460,-0.2087755799293518
reward/heading,19154,1786574879.297758,-0.2343169003725052
reward/heading,19185,1786574882.072720,-0.11787004768848419
reward/heading,19206,1786574883.919718,-0.00818176381289959
reward/heading,19227,1786574885.818339,-0.1255083978176117
reward/heading,19246,1786574887.463662,-0.17486022412776947
reward/heading,19275,1786574889.893892,-0.039709463715553284
reward/heading,19294,1786574891.450631,-0.3308551609516144
reward/heading,19319,1786574896.043972,-0.0005154548562131822
reward/heading,19343,1786574900.437906,-0.029714087024331093
reward/heading,19363,1786574904.106288,-0.058844808489084244
reward/heading,19389,1786574908.756559,-0.03655494749546051
reward/heading,19408,1786574912.074869,-0.16077104210853577
reward/heading,19441,1786574917.768542,-0.4348124563694
reward/heading,19461,1786574921.933942,-0.013625359162688255
reward/heading,19480,1786574924.874187,-0.06673073023557663
reward/heading,19494,1786574927.008934,-0.1657310575246811
reward/heading,19509,1786574929.327736,-0.029765624552965164
reward/heading,19534,1786574933.239724,-0.010232493281364441
reward/heading,19551,1786574935.834707,-0.13473042845726013
reward/heading,19581,1786574940.227339,-0.2598390579223633
reward/heading,19596,1786574942.137697,-0.03686217591166496
reward/heading,19612,1786574943.768204,-0.15448062121868134
reward/heading,19635,1786574946.119745,-0.09433057904243469
reward/heading,19665,1786574949.323603,-0.0052850754000246525
reward/heading,19685,1786574951.429801,-0.10103420913219452
reward/heading,19699,1786574952.847008,-0.12967731058597565
reward/heading,19714,1786574954.364365,-0.3162749409675598
reward/heading,19736,1786574956.771833,-0.05628031864762306
reward/heading,19759,1786574958.947476,-0.15191376209259033
reward/heading,19772,1786574960.151381,-0.135647714138031
reward/heading,19794,1786574962.241402,-0.1733466237783432
reward/heading,19813,1786574964.103108,-0.4390547275543213
reward/heading,19831,1786574965.831556,-0.29480379819869995
reward/heading,19852,1786574968.266076,-0.00044679365237243474
reward/heading,19873,1786574970.725248,-0.08328232914209366
reward/heading,19887,1786574972.324657,-0.06172134354710579
reward/heading,19905,1786574974.414450,-0.07391630113124847
reward/heading,19933,1786574977.675747,-0.07526993006467819
reward/heading,19947,1786574979.349603,-0.047177817672491074
reward/heading,19971,1786574982.262926,-0.07581908255815506
reward/heading,20000,1786574986.932714,-0.15068192780017853
reward/off_road,3,1786572116.608038,0.0
reward/off_road,24,1786572119.360174,0.0
reward/off_road,53,1786572123.233394,0.0
reward/off_road,79,1786572126.722456,0.0
reward/off_road,97,1786572130.816111,0.0
reward/off_road,119,1786572133.881595,0.0
reward/off_road,137,1786572136.336118,0.0
reward/off_road,153,1786572138.535059,0.0
reward/off_road,177,1786572141.858777,0.0
reward/off_road,206,1786572145.929880,0.0
reward/off_road,221,1786572148.090259,0.0
reward/off_road,241,1786572150.371838,0.0
reward/off_road,261,1786572152.514719,0.0
reward/off_road,282,1786572154.716037,0.0
reward/off_road,302,1786572156.850574,0.0
reward/off_road,322,1786572158.974327,0.0
reward/off_road,334,1786572160.648110,0.0
reward/off_road,356,1786572163.183322,0.0
reward/off_road,381,1786572166.078192,0.0
reward/off_road,405,1786572168.845432,0.0
reward/off_road,422,1786572170.802714,0.0
reward/off_road,443,1786572175.832667,0.0
reward/off_road,466,1786572179.004421,0.0
reward/off_road,494,1786572182.216261,0.0
reward/off_road,517,1786572185.004807,0.0
reward/off_road,545,1786572187.845193,0.0
reward/off_road,556,1786572188.973878,0.0
reward/off_road,580,1786572191.493539,0.0
reward/off_road,599,1786572193.493717,0.0
reward/off_road,621,1786572195.716540,0.0
reward/off_road,646,1786572198.526280,0.0
reward/off_road,668,1786572200.758054,0.0
reward/off_road,686,1786572202.537628,0.0
reward/off_road,708,1786572204.718855,0.0
reward/off_road,729,1786572206.800498,0.0
reward/off_road,751,1786572209.793137,0.0
reward/off_road,771,1786572212.632295,0.0
reward/off_road,794,1786572215.884407,0.0
reward/off_road,812,1786572218.416310,0.0
reward/off_road,835,1786572221.527319,-10.0
reward/off_road,851,1786572223.683366,0.0
reward/off_road,868,1786572225.540792,0.0
reward/off_road,883,1786572227.201851,0.0
reward/off_road,901,1786572229.244212,0.0
reward/off_road,915,1786572230.801688,0.0
reward/off_road,933,1786572232.744123,0.0
reward/off_road,946,1786572234.171284,0.0
reward/off_road,971,1786572236.819917,0.0
reward/off_road,989,1786572238.749640,0.0
reward/off_road,1004,1786572240.352561,0.0
reward/off_road,1027,1786572243.240183,0.0
reward/off_road,1053,1786572245.801385,0.0
reward/off_road,1070,1786572248.127658,0.0
reward/off_road,1088,1786572250.678505,0.0
reward/off_road,1102,1786572252.653270,0.0
reward/off_road,1119,1786572255.060443,0.0
reward/off_road,1146,1786572258.930668,0.0
reward/off_road,1166,1786572261.709304,0.0
reward/off_road,1186,1786572264.449488,0.0
reward/off_road,1208,1786572267.212856,0.0
reward/off_road,1228,1786572269.440745,0.0
reward/off_road,1251,1786572271.647374,0.0
reward/off_road,1266,1786572272.980369,0.0
reward/off_road,1279,1786572274.121812,0.0
reward/off_road,1300,1786572275.966243,0.0
reward/off_road,1323,1786572277.971572,0.0
reward/off_road,1337,1786572279.878973,0.0
reward/off_road,1357,1786572282.238015,0.0
reward/off_road,1381,1786572287.898407,0.0
reward/off_road,1398,1786572291.328345,0.0
reward/off_road,1412,1786572294.118776,0.0
reward/off_road,1433,1786572298.316255,0.0
reward/off_road,1451,1786572301.848896,0.0
reward/off_road,1468,1786572305.166841,0.0
reward/off_road,1485,1786572308.451451,0.0
reward/off_road,1515,1786572314.207523,0.0
reward/off_road,1532,1786572317.498298,0.0
reward/off_road,1552,1786572321.488349,0.0
reward/off_road,1574,1786572326.062067,0.0
reward/off_road,1595,1786572330.589260,-10.0
reward/off_road,1611,1786572335.023915,0.0
reward/off_road,1624,1786572337.247289,0.0
reward/off_road,1637,1786572339.474376,0.0
reward/off_road,1655,1786572342.595571,0.0
reward/off_road,1675,1786572346.078641,0.0
reward/off_road,1692,1786572348.986604,0.0
reward/off_road,1707,1786572351.484838,0.0
reward/off_road,1729,1786572355.064626,0.0
reward/off_road,1747,1786572357.185403,0.0
reward/off_road,1759,1786572358.573437,0.0
reward/off_road,1773,1786572360.892142,0.0
reward/off_road,1790,1786572363.260788,0.0
reward/off_road,1808,1786572365.750317,0.0
reward/off_road,1828,1786572368.459651,0.0
reward/off_road,1858,1786572371.785271,0.0
reward/off_road,1880,1786572374.283760,0.0
reward/off_road,1899,1786572376.380549,0.0
reward/off_road,1919,1786572378.530371,0.0
reward/off_road,1941,1786572380.906587,0.0
reward/off_road,1968,1786572383.900803,0.0
reward/off_road,1995,1786572389.315303,0.0
reward/off_road,2014,1786572392.937302,0.0
reward/off_road,2028,1786572395.566295,0.0
reward/off_road,2048,1786572399.439981,0.0
reward/off_road,2061,1786572402.369504,0.0
reward/off_road,2083,1786572406.544303,0.0
reward/off_road,2104,1786572412.051880,0.0
reward/off_road,2126,1786572415.995517,0.0
reward/off_road,2147,1786572419.760220,0.0
reward/off_road,2172,1786572423.336250,0.0
reward/off_road,2197,1786572430.000595,0.0
reward/off_road,2219,1786572433.736664,0.0
reward/off_road,2233,1786572435.462931,0.0
reward/off_road,2248,1786572437.397781,0.0
reward/off_road,2270,1786572439.994163,0.0
reward/off_road,2289,1786572442.231545,0.0
reward/off_road,2314,1786572445.300364,0.0
reward/off_road,2333,1786572448.178711,0.0
reward/off_road,2351,1786572451.429936,0.0
reward/off_road,2384,1786572455.779452,0.0
reward/off_road,2405,1786572458.271143,0.0
reward/off_road,2423,1786572460.444629,0.0
reward/off_road,2449,1786572463.550038,0.0
reward/off_road,2462,1786572465.076496,0.0
reward/off_road,2477,1786572466.844143,0.0
reward/off_road,2491,1786572468.508055,0.0
reward/off_road,2513,1786572471.495115,0.0
reward/off_road,2534,1786572474.314548,0.0
reward/off_road,2557,1786572477.359459,0.0
reward/off_road,2579,1786572480.511823,0.0
reward/off_road,2602,1786572483.112083,0.0
reward/off_road,2618,1786572484.949826,0.0
reward/off_road,2647,1786572488.136535,0.0
reward/off_road,2673,1786572492.663082,0.0
reward/off_road,2696,1786572496.114646,0.0
reward/off_road,2717,1786572499.308410,0.0
reward/off_road,2745,1786572503.559726,0.0
reward/off_road,2766,1786572506.776345,0.0
reward/off_road,2801,1786572511.807829,0.0
reward/off_road,2823,1786572514.776063,0.0
reward/off_road,2849,1786572518.401017,0.0
reward/off_road,2864,1786572522.434880,0.0
reward/off_road,2886,1786572525.522029,0.0
reward/off_road,2904,1786572528.040215,0.0
reward/off_road,2921,1786572530.452376,0.0
reward/off_road,2938,1786572532.850901,0.0
reward/off_road,2957,1786572535.840832,0.0
reward/off_road,2976,1786572538.458289,0.0
reward/off_road,2998,1786572543.517828,0.0
reward/off_road,3023,1786572547.268499,0.0
reward/off_road,3046,1786572550.693763,0.0
reward/off_road,3064,1786572553.003296,0.0
reward/off_road,3087,1786572556.462646,0.0
reward/off_road,3108,1786572559.234950,0.0
reward/off_road,3135,1786572562.769413,0.0
reward/off_road,3159,1786572566.172492,0.0
reward/off_road,3177,1786572568.319261,0.0
reward/off_road,3196,1786572572.083537,0.0
reward/off_road,3212,1786572574.482098,0.0
reward/off_road,3230,1786572577.190879,0.0
reward/off_road,3260,1786572579.772908,0.0
reward/off_road,3283,1786572583.814563,0.0
reward/off_road,3302,1786572586.303374,0.0
reward/off_road,3331,1786572592.123266,0.0
reward/off_road,3344,1786572594.116427,0.0
reward/off_road,3363,1786572596.958184,0.0
reward/off_road,3378,1786572599.620711,0.0
reward/off_road,3406,1786572602.775974,0.0
reward/off_road,3421,1786572604.513501,0.0
reward/off_road,3434,1786572606.014468,0.0
reward/off_road,3450,1786572607.906411,0.0
reward/off_road,3472,1786572610.499480,0.0
reward/off_road,3488,1786572612.432314,0.0
reward/off_road,3509,1786572615.575819,0.0
reward/off_road,3532,1786572618.500015,0.0
reward/off_road,3546,1786572620.014633,0.0
reward/off_road,3564,1786572622.295591,0.0
reward/off_road,3586,1786572624.602844,0.0
reward/off_road,3607,1786572626.750585,0.0
reward/off_road,3629,1786572629.004224,0.0
reward/off_road,3659,1786572632.756212,0.0
reward/off_road,3675,1786572634.648577,0.0
reward/off_road,3690,1786572636.970037,0.0
reward/off_road,3707,1786572639.242892,0.0
reward/off_road,3722,1786572641.733273,0.0
reward/off_road,3743,1786572644.428204,0.0
reward/off_road,3767,1786572649.860662,0.0
reward/off_road,3788,1786572653.236269,0.0
reward/off_road,3800,1786572655.263854,0.0
reward/off_road,3818,1786572658.228340,0.0
reward/off_road,3836,1786572661.165931,0.0
reward/off_road,3856,1786572664.389323,0.0
reward/off_road,3881,1786572668.205562,0.0
reward/off_road,3898,1786572672.684926,0.0
reward/off_road,3915,1786572675.536067,0.0
reward/off_road,3931,1786572679.890762,0.0
reward/off_road,3946,1786572683.294625,0.0
reward/off_road,3962,1786572686.857988,0.0
reward/off_road,3978,1786572689.883155,0.0
reward/off_road,4002,1786572694.548646,0.0
reward/off_road,4021,1786572698.678174,0.0
reward/off_road,4039,1786572702.550532,0.0
reward/off_road,4055,1786572705.975831,0.0
reward/off_road,4071,1786572709.147673,0.0
reward/off_road,4087,1786572711.075202,0.0
reward/off_road,4105,1786572715.499516,0.0
reward/off_road,4122,1786572717.634554,0.0
reward/off_road,4148,1786572720.721112,0.0
reward/off_road,4172,1786572723.147651,0.0
reward/off_road,4188,1786572725.640875,0.0
reward/off_road,4208,1786572729.802530,0.0
reward/off_road,4221,1786572731.697268,0.0
reward/off_road,4240,1786572734.829536,0.0
reward/off_road,4257,1786572737.382030,0.0
reward/off_road,4270,1786572739.123654,0.0
reward/off_road,4292,1786572742.067738,0.0
reward/off_road,4308,1786572746.133418,0.0
reward/off_road,4323,1786572748.290555,0.0
reward/off_road,4363,1786572754.022717,0.0
reward/off_road,4375,1786572755.805107,0.0
reward/off_road,4396,1786572760.674883,0.0
reward/off_road,4426,1786572765.161912,0.0
reward/off_road,4451,1786572768.512030,0.0
reward/off_road,4468,1786572770.948615,0.0
reward/off_road,4486,1786572775.131211,0.0
reward/off_road,4520,1786572780.721405,0.0
reward/off_road,4538,1786572783.652188,0.0
reward/off_road,4560,1786572787.231971,0.0
reward/off_road,4585,1786572791.648004,0.0
reward/off_road,4602,1786572794.008363,0.0
reward/off_road,4617,1786572796.327910,0.0
reward/off_road,4636,1786572798.461828,0.0
reward/off_road,4661,1786572801.294960,0.0
reward/off_road,4680,1786572803.490093,0.0
reward/off_road,4699,1786572805.938838,0.0
reward/off_road,4716,1786572807.645543,0.0
reward/off_road,4736,1786572809.602598,0.0
reward/off_road,4762,1786572812.202365,0.0
reward/off_road,4775,1786572813.573103,0.0
reward/off_road,4795,1786572817.343389,0.0
reward/off_road,4814,1786572820.236519,0.0
reward/off_road,4827,1786572822.266232,0.0
reward/off_road,4843,1786572824.803043,0.0
reward/off_road,4860,1786572827.185085,0.0
reward/off_road,4877,1786572829.674044,0.0
reward/off_road,4894,1786572831.903131,0.0
reward/off_road,4911,1786572834.844037,0.0
reward/off_road,4929,1786572838.241742,0.0
reward/off_road,4951,1786572841.603177,0.0
reward/off_road,4974,1786572844.927123,0.0
reward/off_road,4989,1786572846.650204,0.0
reward/off_road,5007,1786572848.704943,0.0
reward/off_road,5026,1786572851.759110,0.0
reward/off_road,5046,1786572854.390256,0.0
reward/off_road,5064,1786572856.744474,-10.0
reward/off_road,5087,1786572862.706788,0.0
reward/off_road,5109,1786572866.629663,0.0
reward/off_road,5131,1786572870.992585,0.0
reward/off_road,5153,1786572873.515010,0.0
reward/off_road,5171,1786572875.569469,0.0
reward/off_road,5192,1786572878.283158,0.0
reward/off_road,5223,1786572884.124023,0.0
reward/off_road,5244,1786572886.929384,0.0
reward/off_road,5259,1786572889.073839,0.0
reward/off_road,5274,1786572891.208058,-10.0
reward/off_road,5291,1786572895.568003,0.0
reward/off_road,5317,1786572899.300695,0.0
reward/off_road,5341,1786572902.014465,0.0
reward/off_road,5367,1786572904.996261,0.0
reward/off_road,5381,1786572907.101308,0.0
reward/off_road,5395,1786572908.848686,0.0
reward/off_road,5418,1786572912.002351,0.0
reward/off_road,5433,1786572913.762859,0.0
reward/off_road,5451,1786572917.715831,0.0
reward/off_road,5471,1786572920.645494,0.0
reward/off_road,5494,1786572923.735357,0.0
reward/off_road,5509,1786572925.804420,0.0
reward/off_road,5537,1786572929.768004,-10.0
reward/off_road,5552,1786572934.120604,0.0
reward/off_road,5571,1786572937.126538,0.0
reward/off_road,5592,1786572941.701706,0.0
reward/off_road,5610,1786572944.718817,0.0
reward/off_road,5632,1786572948.512224,0.0
reward/off_road,5653,1786572953.655788,0.0
reward/off_road,5668,1786572955.942438,0.0
reward/off_road,5680,1786572957.655996,0.0
reward/off_road,5700,1786572960.367838,0.0
reward/off_road,5716,1786572962.239966,0.0
reward/off_road,5746,1786572966.675223,0.0
reward/off_road,5773,1786572970.942389,0.0
reward/off_road,5789,1786572972.807289,0.0
reward/off_road,5805,1786572974.623636,0.0
reward/off_road,5821,1786572979.044041,0.0
reward/off_road,5837,1786572981.786658,0.0
reward/off_road,5861,1786572985.919525,0.0
reward/off_road,5884,1786572988.578059,0.0
reward/off_road,5905,1786572990.627710,0.0
reward/off_road,5926,1786572992.706777,0.0
reward/off_road,5941,1786572994.176829,0.0
reward/off_road,5961,1786572996.190518,0.0
reward/off_road,5981,1786572998.431620,0.0
reward/off_road,6004,1786573002.240424,0.0
reward/off_road,6025,1786573005.759608,0.0
reward/off_road,6042,1786573008.150429,0.0
reward/off_road,6059,1786573012.145414,0.0
reward/off_road,6079,1786573015.232048,0.0
reward/off_road,6094,1786573019.160272,0.0
reward/off_road,6112,1786573021.886769,0.0
reward/off_road,6135,1786573025.648017,0.0
reward/off_road,6148,1786573027.943572,0.0
reward/off_road,6164,1786573030.166837,0.0
reward/off_road,6190,1786573033.729822,0.0
reward/off_road,6214,1786573036.449719,0.0
reward/off_road,6236,1786573039.440609,0.0
reward/off_road,6259,1786573042.302440,0.0
reward/off_road,6285,1786573045.646396,0.0
reward/off_road,6305,1786573048.520600,0.0
reward/off_road,6325,1786573051.508806,0.0
reward/off_road,6341,1786573055.791467,0.0
reward/off_road,6362,1786573059.705689,0.0
reward/off_road,6394,1786573064.490774,0.0
reward/off_road,6414,1786573066.914614,0.0
reward/off_road,6439,1786573069.897432,0.0
reward/off_road,6457,1786573072.840135,0.0
reward/off_road,6472,1786573075.054096,0.0
reward/off_road,6500,1786573079.478678,0.0
reward/off_road,6520,1786573082.705317,0.0
reward/off_road,6541,1786573084.991431,0.0
reward/off_road,6560,1786573087.859929,0.0
reward/off_road,6581,1786573092.471619,0.0
reward/off_road,6597,1786573094.438148,0.0
reward/off_road,6616,1786573097.253089,0.0
reward/off_road,6636,1786573099.945114,0.0
reward/off_road,6661,1786573102.252021,0.0
reward/off_road,6686,1786573104.654305,0.0
reward/off_road,6704,1786573108.677992,0.0
reward/off_road,6719,1786573110.757471,0.0
reward/off_road,6744,1786573114.262150,0.0
reward/off_road,6761,1786573116.420713,0.0
reward/off_road,6789,1786573122.786008,0.0
reward/off_road,6813,1786573127.092083,0.0
reward/off_road,6826,1786573129.400567,0.0
reward/off_road,6845,1786573132.780264,0.0
reward/off_road,6861,1786573135.587585,0.0
reward/off_road,6876,1786573138.187346,0.0
reward/off_road,6896,1786573143.092059,0.0
reward/off_road,6913,1786573145.127759,0.0
reward/off_road,6943,1786573148.536163,0.0
reward/off_road,6963,1786573151.018309,0.0
reward/off_road,6978,1786573152.731148,0.0
reward/off_road,6994,1786573154.523515,0.0
reward/off_road,7014,1786573158.314101,0.0
reward/off_road,7031,1786573159.974239,0.0
reward/off_road,7053,1786573162.169301,0.0
reward/off_road,7073,1786573166.796047,0.0
reward/off_road,7089,1786573169.225264,0.0
reward/off_road,7119,1786573173.669596,0.0
reward/off_road,7136,1786573176.310167,0.0
reward/off_road,7157,1786573179.429276,0.0
reward/off_road,7177,1786573182.913628,0.0
reward/off_road,7194,1786573185.423959,0.0
reward/off_road,7210,1786573187.773008,0.0
reward/off_road,7227,1786573190.415913,0.0
reward/off_road,7250,1786573193.844282,0.0
reward/off_road,7269,1786573196.531590,0.0
reward/off_road,7292,1786573199.436069,0.0
reward/off_road,7310,1786573201.672473,0.0
reward/off_road,7329,1786573204.064636,0.0
reward/off_road,7347,1786573206.379136,0.0
reward/off_road,7371,1786573209.457871,0.0
reward/off_road,7392,1786573212.128626,0.0
reward/off_road,7410,1786573214.299870,0.0
reward/off_road,7430,1786573216.582585,0.0
reward/off_road,7444,1786573218.188046,0.0
reward/off_road,7465,1786573220.608773,0.0
reward/off_road,7484,1786573222.751474,0.0
reward/off_road,7510,1786573228.155120,0.0
reward/off_road,7531,1786573231.939848,0.0
reward/off_road,7547,1786573235.272374,0.0
reward/off_road,7563,1786573237.094913,0.0
reward/off_road,7583,1786573239.339785,0.0
reward/off_road,7611,1786573242.499924,0.0
reward/off_road,7637,1786573245.477193,0.0
reward/off_road,7653,1786573249.313812,0.0
reward/off_road,7671,1786573252.960260,0.0
reward/off_road,7693,1786573257.328195,0.0
reward/off_road,7718,1786573260.454811,0.0
reward/off_road,7737,1786573262.545597,0.0
reward/off_road,7763,1786573265.940933,0.0
reward/off_road,7783,1786573268.733467,0.0
reward/off_road,7793,1786573270.075020,0.0
reward/off_road,7817,1786573273.691912,0.0
reward/off_road,7840,1786573277.498921,0.0
reward/off_road,7856,1786573279.881344,0.0
reward/off_road,7870,1786573281.729797,0.0
reward/off_road,7887,1786573284.038212,0.0
reward/off_road,7916,1786573287.842439,0.0
reward/off_road,7932,1786573290.062459,0.0
reward/off_road,7951,1786573292.010022,0.0
reward/off_road,7969,1786573294.878189,0.0
reward/off_road,7990,1786573298.263063,0.0
reward/off_road,8006,1786573300.882198,0.0
reward/off_road,8022,1786573303.669162,0.0
reward/off_road,8050,1786573306.667957,0.0
reward/off_road,8076,1786573309.465071,0.0
reward/off_road,8093,1786573311.406987,0.0
reward/off_road,8115,1786573313.933866,0.0
reward/off_road,8128,1786573315.409607,0.0
reward/off_road,8151,1786573318.190641,0.0
reward/off_road,8179,1786573323.280423,0.0
reward/off_road,8198,1786573326.824783,0.0
reward/off_road,8216,1786573329.684283,0.0
reward/off_road,8233,1786573332.359976,0.0
reward/off_road,8245,1786573335.824334,0.0
reward/off_road,8269,1786573339.672010,0.0
reward/off_road,8288,1786573342.673590,0.0
reward/off_road,8311,1786573346.017113,0.0
reward/off_road,8327,1786573347.860719,0.0
reward/off_road,8349,1786573350.518282,0.0
reward/off_road,8366,1786573352.520609,0.0
reward/off_road,8394,1786573355.740118,0.0
reward/off_road,8412,1786573358.250342,0.0
reward/off_road,8427,1786573360.700827,0.0
reward/off_road,8446,1786573362.931636,0.0
reward/off_road,8468,1786573365.322641,0.0
reward/off_road,8490,1786573368.904200,0.0
reward/off_road,8507,1786573371.632430,0.0
reward/off_road,8529,1786573375.066991,0.0
reward/off_road,8549,1786573377.538924,0.0
reward/off_road,8574,1786573380.881134,0.0
reward/off_road,8595,1786573383.491036,0.0
reward/off_road,8620,1786573386.766764,0.0
reward/off_road,8646,1786573389.945568,0.0
reward/off_road,8660,1786573391.654924,0.0
reward/off_road,8683,1786573394.936852,0.0
reward/off_road,8705,1786573399.626366,0.0
reward/off_road,8727,1786573402.510325,0.0
reward/off_road,8747,1786573405.802964,0.0
reward/off_road,8763,1786573408.415994,0.0
reward/off_road,8782,1786573411.135378,0.0
reward/off_road,8802,1786573413.479621,0.0
reward/off_road,8825,1786573416.073231,0.0
reward/off_road,8846,1786573419.267081,0.0
reward/off_road,8864,1786573423.615849,0.0
reward/off_road,8887,1786573427.160691,0.0
reward/off_road,8904,1786573429.909871,0.0
reward/off_road,8930,1786573434.135838,0.0
reward/off_road,8947,1786573436.659395,0.0
reward/off_road,8967,1786573438.780851,0.0
reward/off_road,8982,1786573440.353152,0.0
reward/off_road,8996,1786573441.845854,0.0
reward/off_road,9008,1786573443.126327,0.0
reward/off_road,9032,1786573445.705330,0.0
reward/off_road,9053,1786573448.001336,0.0
reward/off_road,9085,1786573451.529891,0.0
reward/off_road,9103,1786573453.454268,0.0
reward/off_road,9122,1786573455.478079,0.0
reward/off_road,9133,1786573456.631742,0.0
reward/off_road,9158,1786573462.027801,0.0
reward/off_road,9178,1786573464.849263,0.0
reward/off_road,9203,1786573468.387362,0.0
reward/off_road,9223,1786573471.639807,0.0
reward/off_road,9241,1786573474.238513,0.0
reward/off_road,9264,1786573477.603415,0.0
reward/off_road,9286,1786573480.810731,0.0
reward/off_road,9304,1786573483.540445,0.0
reward/off_road,9315,1786573485.197928,0.0
reward/off_road,9332,1786573487.690827,0.0
reward/off_road,9356,1786573491.240523,0.0
reward/off_road,9380,1786573496.731221,0.0
reward/off_road,9396,1786573499.621826,0.0
reward/off_road,9411,1786573502.432097,0.0
reward/off_road,9430,1786573505.954361,0.0
reward/off_road,9444,1786573508.497458,0.0
reward/off_road,9463,1786573511.968035,0.0
reward/off_road,9480,1786573515.029636,0.0
reward/off_road,9500,1786573518.847089,0.0
reward/off_road,9519,1786573521.403761,0.0
reward/off_road,9536,1786573523.759843,0.0
reward/off_road,9554,1786573526.020992,0.0
reward/off_road,9576,1786573528.685237,0.0
reward/off_road,9594,1786573531.047982,0.0
reward/off_road,9614,1786573533.713502,0.0
reward/off_road,9628,1786573535.579165,0.0
reward/off_road,9643,1786573537.642712,0.0
reward/off_road,9662,1786573540.252173,0.0
reward/off_road,9683,1786573543.145438,0.0
reward/off_road,9702,1786573547.418497,0.0
reward/off_road,9720,1786573550.086390,0.0
reward/off_road,9741,1786573552.900733,0.0
reward/off_road,9764,1786573555.530047,0.0
reward/off_road,9780,1786573557.000218,0.0
reward/off_road,9798,1786573558.641617,0.0
reward/off_road,9814,1786573560.121599,0.0
reward/off_road,9831,1786573561.686956,0.0
reward/off_road,9857,1786573564.165803,0.0
reward/off_road,9871,1786573565.846359,0.0
reward/off_road,9893,1786573569.638072,0.0
reward/off_road,9908,1786573571.797030,0.0
reward/off_road,9934,1786573574.821640,0.0
reward/off_road,9954,1786573577.087669,0.0
reward/off_road,9974,1786573579.526055,0.0
reward/off_road,9998,1786573583.149887,0.0
reward/off_road,10011,1786573585.247977,0.0
reward/off_road,10029,1786573587.741134,0.0
reward/off_road,10057,1786573590.628354,0.0
reward/off_road,10073,1786573592.267949,0.0
reward/off_road,10096,1786573594.665349,0.0
reward/off_road,10110,1786573596.112163,0.0
reward/off_road,10127,1786573597.875235,0.0
reward/off_road,10148,1786573600.026786,0.0
reward/off_road,10168,1786573602.026278,0.0
reward/off_road,10190,1786573604.216802,0.0
reward/off_road,10213,1786573606.437319,0.0
reward/off_road,10228,1786573607.924847,0.0
reward/off_road,10242,1786573609.825847,0.0
reward/off_road,10263,1786573611.866556,0.0
reward/off_road,10286,1786573613.988662,0.0
reward/off_road,10306,1786573615.841021,0.0
reward/off_road,10333,1786573620.043692,0.0
reward/off_road,10350,1786573622.891982,0.0
reward/off_road,10374,1786573626.826117,0.0
reward/off_road,10396,1786573630.403149,0.0
reward/off_road,10418,1786573633.938955,0.0
reward/off_road,10439,1786573637.299218,0.0
reward/off_road,10462,1786573642.953089,0.0
reward/off_road,10487,1786573647.120570,0.0
reward/off_road,10505,1786573650.151834,0.0
reward/off_road,10527,1786573653.871031,0.0
reward/off_road,10544,1786573656.744746,-10.0
reward/off_road,10566,1786573660.139057,0.0
reward/off_road,10580,1786573661.939919,0.0
reward/off_road,10606,1786573665.505925,0.0
reward/off_road,10621,1786573667.436669,0.0
reward/off_road,10638,1786573669.626955,0.0
reward/off_road,10652,1786573671.361366,0.0
reward/off_road,10666,1786573673.952507,0.0
reward/off_road,10681,1786573676.737210,0.0
reward/off_road,10702,1786573679.563852,0.0
reward/off_road,10716,1786573681.322047,0.0
reward/off_road,10741,1786573684.437314,0.0
reward/off_road,10766,1786573688.115947,0.0
reward/off_road,10783,1786573691.354222,0.0
reward/off_road,10803,1786573693.862031,0.0
reward/off_road,10828,1786573699.427962,0.0
reward/off_road,10851,1786573703.772299,0.0
reward/off_road,10866,1786573706.622790,0.0
reward/off_road,10886,1786573710.369797,0.0
reward/off_road,10913,1786573715.339479,0.0
reward/off_road,10932,1786573718.342223,0.0
reward/off_road,10953,1786573720.842716,0.0
reward/off_road,10969,1786573722.749193,0.0
reward/off_road,10989,1786573724.915692,0.0
reward/off_road,11017,1786573727.880997,0.0
reward/off_road,11036,1786573732.070682,0.0
reward/off_road,11053,1786573735.308101,0.0
reward/off_road,11072,1786573738.895553,0.0
reward/off_road,11089,1786573741.649158,0.0
reward/off_road,11108,1786573745.271032,0.0
reward/off_road,11127,1786573748.873180,0.0
reward/off_road,11149,1786573752.833851,0.0
reward/off_road,11168,1786573755.762752,0.0
reward/off_road,11187,1786573757.981451,0.0
reward/off_road,11203,1786573759.995633,0.0
reward/off_road,11223,1786573764.622334,0.0
reward/off_road,11242,1786573767.457624,0.0
reward/off_road,11266,1786573771.500869,0.0
reward/off_road,11285,1786573774.203222,0.0
reward/off_road,11301,1786573776.469149,0.0
reward/off_road,11318,1786573778.992108,0.0
reward/off_road,11343,1786573782.697017,0.0
reward/off_road,11364,1786573785.305104,0.0
reward/off_road,11385,1786573788.313589,0.0
reward/off_road,11405,1786573791.171538,0.0
reward/off_road,11426,1786573793.595431,0.0
reward/off_road,11447,1786573795.986340,0.0
reward/off_road,11472,1786573799.278527,0.0
reward/off_road,11497,1786573802.744396,0.0
reward/off_road,11517,1786573805.078454,0.0
reward/off_road,11537,1786573807.458628,0.0
reward/off_road,11559,1786573810.179950,0.0
reward/off_road,11574,1786573812.887903,0.0
reward/off_road,11604,1786573817.560355,0.0
reward/off_road,11639,1786573822.099048,0.0
reward/off_road,11655,1786573823.761250,0.0
reward/off_road,11675,1786573825.811321,0.0
reward/off_road,11689,1786573827.198917,0.0
reward/off_road,11721,1786573830.398998,0.0
reward/off_road,11739,1786573832.626661,0.0
reward/off_road,11755,1786573834.391754,0.0
reward/off_road,11768,1786573835.870212,0.0
reward/off_road,11791,1786573839.366798,0.0
reward/off_road,11811,1786573841.165683,0.0
reward/off_road,11826,1786573842.481441,0.0
reward/off_road,11858,1786573845.257362,0.0
reward/off_road,11874,1786573847.409900,0.0
reward/off_road,11894,1786573850.004873,0.0
reward/off_road,11909,1786573851.925309,0.0
reward/off_road,11929,1786573854.411490,0.0
reward/off_road,11943,1786573856.139339,0.0
reward/off_road,11962,1786573858.434248,0.0
reward/off_road,11978,1786573860.365938,0.0
reward/off_road,12003,1786573863.367095,0.0
reward/off_road,12020,1786573865.330997,0.0
reward/off_road,12039,1786573867.435865,0.0
reward/off_road,12058,1786573869.494168,0.0
reward/off_road,12073,1786573871.110783,0.0
reward/off_road,12085,1786573872.381437,0.0
reward/off_road,12102,1786573874.183975,0.0
reward/off_road,12124,1786573876.606506,0.0
reward/off_road,12142,1786573878.987277,0.0
reward/off_road,12166,1786573881.801961,0.0
reward/off_road,12188,1786573884.385536,0.0
reward/off_road,12219,1786573887.811245,0.0
reward/off_road,12241,1786573890.433810,0.0
reward/off_road,12258,1786573892.294976,0.0
reward/off_road,12273,1786573893.957792,0.0
reward/off_road,12295,1786573897.102874,0.0
reward/off_road,12314,1786573899.250216,0.0
reward/off_road,12331,1786573901.098273,0.0
reward/off_road,12344,1786573902.468853,0.0
reward/off_road,12368,1786573905.002286,0.0
reward/off_road,12386,1786573906.870147,0.0
reward/off_road,12405,1786573908.807725,0.0
reward/off_road,12418,1786573910.115854,0.0
reward/off_road,12443,1786573912.600382,0.0
reward/off_road,12460,1786573914.283703,0.0
reward/off_road,12471,1786573915.407283,0.0
reward/off_road,12494,1786573917.732773,0.0
reward/off_road,12509,1786573919.258611,0.0
reward/off_road,12525,1786573920.868697,0.0
reward/off_road,12541,1786573922.487496,0.0
reward/off_road,12559,1786573927.307730,0.0
reward/off_road,12584,1786573931.560444,0.0
reward/off_road,12600,1786573934.355471,0.0
reward/off_road,12628,1786573938.383399,0.0
reward/off_road,12657,1786573944.148749,0.0
reward/off_road,12685,1786573949.762025,0.0
reward/off_road,12700,1786573954.153272,0.0
reward/off_road,12716,1786573956.621832,0.0
reward/off_road,12733,1786573959.285570,0.0
reward/off_road,12754,1786573962.733502,0.0
reward/off_road,12782,1786573967.547297,0.0
reward/off_road,12812,1786573971.515085,0.0
reward/off_road,12837,1786573974.632389,0.0
reward/off_road,12857,1786573977.128274,0.0
reward/off_road,12876,1786573979.416202,0.0
reward/off_road,12898,1786573982.007469,0.0
reward/off_road,12921,1786573985.085301,0.0
reward/off_road,12941,1786573987.705933,0.0
reward/off_road,12961,1786573990.339365,0.0
reward/off_road,12985,1786573993.433112,0.0
reward/off_road,13009,1786573996.680115,0.0
reward/off_road,13026,1786573998.671919,0.0
reward/off_road,13064,1786574003.115350,0.0
reward/off_road,13078,1786574004.870600,0.0
reward/off_road,13094,1786574007.206271,0.0
reward/off_road,13112,1786574009.178366,0.0
reward/off_road,13126,1786574010.725626,0.0
reward/off_road,13148,1786574013.206407,0.0
reward/off_road,13172,1786574015.815830,0.0
reward/off_road,13192,1786574017.967340,0.0
reward/off_road,13207,1786574019.614724,0.0
reward/off_road,13229,1786574022.027785,0.0
reward/off_road,13252,1786574024.427573,0.0
reward/off_road,13275,1786574026.771005,0.0
reward/off_road,13289,1786574028.169744,0.0
reward/off_road,13319,1786574031.519475,0.0
reward/off_road,13345,1786574034.095232,0.0
reward/off_road,13363,1786574035.893925,0.0
reward/off_road,13376,1786574038.418188,0.0
reward/off_road,13403,1786574042.137702,0.0
reward/off_road,13422,1786574044.678087,0.0
reward/off_road,13437,1786574046.648900,0.0
reward/off_road,13459,1786574049.736429,0.0
reward/off_road,13477,1786574052.191557,0.0
reward/off_road,13493,1786574054.525853,0.0
reward/off_road,13508,1786574058.553146,0.0
reward/off_road,13540,1786574064.587271,0.0
reward/off_road,13559,1786574068.054030,0.0
reward/off_road,13580,1786574071.812238,0.0
reward/off_road,13594,1786574074.231944,0.0
reward/off_road,13612,1786574077.426678,0.0
reward/off_road,13637,1786574081.573828,0.0
reward/off_road,13654,1786574083.815830,0.0
reward/off_road,13667,1786574085.610525,0.0
reward/off_road,13690,1786574088.731492,0.0
reward/off_road,13705,1786574090.759219,0.0
reward/off_road,13726,1786574093.475702,-10.0
reward/off_road,13744,1786574098.122344,0.0
reward/off_road,13762,1786574100.404660,0.0
reward/off_road,13783,1786574103.001861,0.0
reward/off_road,13802,1786574104.787004,0.0
reward/off_road,13820,1786574106.478365,0.0
reward/off_road,13846,1786574108.840676,0.0
reward/off_road,13865,1786574114.369947,0.0
reward/off_road,13878,1786574116.878245,0.0
reward/off_road,13898,1786574121.880194,0.0
reward/off_road,13923,1786574125.692587,0.0
reward/off_road,13942,1786574128.810958,0.0
reward/off_road,13962,1786574133.662971,0.0
reward/off_road,13987,1786574137.041945,0.0
reward/off_road,14003,1786574141.135908,0.0
reward/off_road,14030,1786574145.818034,0.0
reward/off_road,14051,1786574149.435417,0.0
reward/off_road,14066,1786574152.039839,0.0
reward/off_road,14094,1786574156.876877,0.0
reward/off_road,14110,1786574159.450801,0.0
reward/off_road,14127,1786574162.238645,0.0
reward/off_road,14150,1786574166.134296,0.0
reward/off_road,14169,1786574169.342528,0.0
reward/off_road,14193,1786574173.318012,0.0
reward/off_road,14210,1786574176.086880,0.0
reward/off_road,14234,1786574179.570900,0.0
reward/off_road,14249,1786574181.332434,0.0
reward/off_road,14268,1786574184.308772,0.0
reward/off_road,14299,1786574189.235490,0.0
reward/off_road,14328,1786574196.419129,0.0
reward/off_road,14345,1786574199.970019,0.0
reward/off_road,14360,1786574202.735964,0.0
reward/off_road,14381,1786574206.593367,0.0
reward/off_road,14399,1786574209.895413,0.0
reward/off_road,14419,1786574213.555668,0.0
reward/off_road,14446,1786574219.427423,0.0
reward/off_road,14458,1786574220.720199,0.0
reward/off_road,14470,1786574222.021724,0.0
reward/off_road,14493,1786574224.509727,0.0
reward/off_road,14510,1786574227.449332,0.0
reward/off_road,14529,1786574230.264304,0.0
reward/off_road,14545,1786574232.745001,0.0
reward/off_road,14569,1786574235.642231,0.0
reward/off_road,14589,1786574238.067565,0.0
reward/off_road,14605,1786574240.287110,0.0
reward/off_road,14624,1786574242.268677,0.0
reward/off_road,14650,1786574245.043133,0.0
reward/off_road,14664,1786574246.879134,0.0
reward/off_road,14681,1786574248.569870,0.0
reward/off_road,14709,1786574251.067016,0.0
reward/off_road,14727,1786574252.634366,0.0
reward/off_road,14750,1786574254.656630,0.0
reward/off_road,14773,1786574256.654807,0.0
reward/off_road,14797,1786574258.678369,0.0
reward/off_road,14817,1786574260.378895,0.0
reward/off_road,14844,1786574264.349808,0.0
reward/off_road,14865,1786574267.889924,0.0
reward/off_road,14885,1786574271.269149,0.0
reward/off_road,14902,1786574274.040230,0.0
reward/off_road,14922,1786574277.318024,0.0
reward/off_road,14940,1786574280.158733,0.0
reward/off_road,14954,1786574282.621306,0.0
reward/off_road,14985,1786574286.502183,0.0
reward/off_road,15002,1786574288.472030,0.0
reward/off_road,15021,1786574290.793781,0.0
reward/off_road,15043,1786574292.918506,0.0
reward/off_road,15062,1786574295.356666,0.0
reward/off_road,15083,1786574299.418444,0.0
reward/off_road,15112,1786574303.364814,0.0
reward/off_road,15131,1786574305.958410,0.0
reward/off_road,15152,1786574309.764772,0.0
reward/off_road,15168,1786574312.635502,0.0
reward/off_road,15192,1786574315.919908,0.0
reward/off_road,15208,1786574317.953549,0.0
reward/off_road,15231,1786574321.078746,0.0
reward/off_road,15251,1786574323.614252,0.0
reward/off_road,15267,1786574325.638740,0.0
reward/off_road,15291,1786574329.170020,0.0
reward/off_road,15306,1786574331.272190,0.0
reward/off_road,15331,1786574334.449833,0.0
reward/off_road,15353,1786574337.188867,0.0
reward/off_road,15371,1786574340.280956,0.0
reward/off_road,15393,1786574342.747109,0.0
reward/off_road,15411,1786574344.800087,0.0
reward/off_road,15434,1786574347.354446,0.0
reward/off_road,15449,1786574348.945374,0.0
reward/off_road,15474,1786574351.943237,0.0
reward/off_road,15497,1786574354.393392,0.0
reward/off_road,15517,1786574356.562943,0.0
reward/off_road,15535,1786574358.399778,0.0
reward/off_road,15553,1786574361.142387,0.0
reward/off_road,15566,1786574362.895408,0.0
reward/off_road,15590,1786574366.019044,0.0
reward/off_road,15614,1786574369.138177,0.0
reward/off_road,15640,1786574372.487689,0.0
reward/off_road,15662,1786574375.369460,0.0
reward/off_road,15687,1786574378.792939,0.0
reward/off_road,15713,1786574381.957124,0.0
reward/off_road,15729,1786574383.864730,0.0
reward/off_road,15753,1786574386.686347,0.0
reward/off_road,15767,1786574388.407423,0.0
reward/off_road,15792,1786574391.511627,0.0
reward/off_road,15815,1786574394.451472,0.0
reward/off_road,15840,1786574397.485340,0.0
reward/off_road,15856,1786574399.391062,0.0
reward/off_road,15884,1786574402.525903,0.0
reward/off_road,15900,1786574404.509455,0.0
reward/off_road,15925,1786574409.140846,0.0
reward/off_road,15940,1786574411.492552,0.0
reward/off_road,15964,1786574415.107410,0.0
reward/off_road,15982,1786574417.650913,0.0
reward/off_road,16008,1786574421.404789,0.0
reward/off_road,16024,1786574423.721485,0.0
reward/off_road,16039,1786574425.828791,0.0
reward/off_road,16062,1786574428.987164,0.0
reward/off_road,16082,1786574431.958836,0.0
reward/off_road,16102,1786574434.860987,0.0
reward/off_road,16113,1786574436.512605,0.0
reward/off_road,16129,1786574438.890874,0.0
reward/off_road,16146,1786574441.319191,0.0
reward/off_road,16166,1786574444.213906,0.0
reward/off_road,16176,1786574445.632629,0.0
reward/off_road,16196,1786574448.428460,0.0
reward/off_road,16211,1786574450.529105,0.0
reward/off_road,16235,1786574453.903455,0.0
reward/off_road,16251,1786574456.114227,0.0
reward/off_road,16275,1786574459.408180,0.0
reward/off_road,16291,1786574463.619145,0.0
reward/off_road,16317,1786574467.368267,0.0
reward/off_road,16349,1786574472.105976,0.0
reward/off_road,16368,1786574475.166568,0.0
reward/off_road,16395,1786574479.614794,0.0
reward/off_road,16408,1786574481.160812,0.0
reward/off_road,16428,1786574485.536582,0.0
reward/off_road,16446,1786574488.944946,0.0
reward/off_road,16466,1786574492.758603,0.0
reward/off_road,16486,1786574496.538690,0.0
reward/off_road,16506,1786574500.492846,0.0
reward/off_road,16529,1786574504.944510,0.0
reward/off_road,16555,1786574509.864845,0.0
reward/off_road,16572,1786574513.027055,0.0
reward/off_road,16585,1786574515.482493,0.0
reward/off_road,16603,1786574518.460542,0.0
reward/off_road,16627,1786574521.694860,0.0
reward/off_road,16645,1786574524.937635,0.0
reward/off_road,16665,1786574527.652250,-10.0
reward/off_road,16680,1786574530.640820,0.0
reward/off_road,16697,1786574534.954357,0.0
reward/off_road,16725,1786574539.917890,0.0
reward/off_road,16742,1786574542.848807,0.0
reward/off_road,16769,1786574547.213242,0.0
reward/off_road,16787,1786574549.548488,0.0
reward/off_road,16803,1786574551.657521,0.0
reward/off_road,16823,1786574554.371046,0.0
reward/off_road,16843,1786574556.816313,0.0
reward/off_road,16864,1786574559.434335,0.0
reward/off_road,16885,1786574563.850351,0.0
reward/off_road,16903,1786574566.414784,0.0
reward/off_road,16924,1786574569.253690,0.0
reward/off_road,16942,1786574571.313025,0.0
reward/off_road,16959,1786574573.316599,0.0
reward/off_road,16977,1786574575.350604,0.0
reward/off_road,16997,1786574580.211220,0.0
reward/off_road,17012,1786574582.784812,0.0
reward/off_road,17026,1786574585.197518,0.0
reward/off_road,17045,1786574588.416040,0.0
reward/off_road,17069,1786574592.416689,0.0
reward/off_road,17094,1786574596.568854,0.0
reward/off_road,17116,1786574600.019928,0.0
reward/off_road,17134,1786574602.883858,0.0
reward/off_road,17156,1786574605.619993,0.0
reward/off_road,17173,1786574607.733581,0.0
reward/off_road,17198,1786574611.181373,0.0
reward/off_road,17216,1786574615.399099,0.0
reward/off_road,17243,1786574619.504282,0.0
reward/off_road,17256,1786574620.908252,0.0
reward/off_road,17286,1786574624.157173,0.0
reward/off_road,17322,1786574628.575969,0.0
reward/off_road,17345,1786574631.205870,0.0
reward/off_road,17362,1786574633.014205,0.0
reward/off_road,17388,1786574635.904755,0.0
reward/off_road,17406,1786574637.967793,0.0
reward/off_road,17434,1786574641.851122,0.0
reward/off_road,17458,1786574644.918913,0.0
reward/off_road,17481,1786574647.900999,0.0
reward/off_road,17504,1786574650.926786,0.0
reward/off_road,17521,1786574653.214327,0.0
reward/off_road,17537,1786574655.362161,0.0
reward/off_road,17557,1786574658.015563,0.0
reward/off_road,17577,1786574660.591390,0.0
reward/off_road,17595,1786574663.899963,0.0
reward/off_road,17616,1786574667.552616,0.0
reward/off_road,17630,1786574670.033683,0.0
reward/off_road,17643,1786574672.272814,0.0
reward/off_road,17669,1786574676.462944,0.0
reward/off_road,17687,1786574679.518923,0.0
reward/off_road,17699,1786574681.577392,0.0
reward/off_road,17722,1786574685.573404,0.0
reward/off_road,17735,1786574687.826956,0.0
reward/off_road,17754,1786574691.110080,0.0
reward/off_road,17782,1786574695.834708,0.0
reward/off_road,17805,1786574699.539510,0.0
reward/off_road,17824,1786574702.656330,0.0
reward/off_road,17841,1786574705.517327,0.0
reward/off_road,17866,1786574709.592293,0.0
reward/off_road,17884,1786574712.483388,0.0
reward/off_road,17901,1786574716.476245,0.0
reward/off_road,17925,1786574719.726015,0.0
reward/off_road,17941,1786574721.906194,0.0
reward/off_road,17965,1786574725.159130,0.0
reward/off_road,17980,1786574727.117064,0.0
reward/off_road,18003,1786574729.449049,0.0
reward/off_road,18025,1786574731.651477,0.0
reward/off_road,18042,1786574733.352096,0.0
reward/off_road,18062,1786574735.297056,0.0
reward/off_road,18081,1786574737.086504,0.0
reward/off_road,18107,1786574739.470940,0.0
reward/off_road,18121,1786574740.724269,0.0
reward/off_road,18136,1786574742.075722,0.0
reward/off_road,18153,1786574743.590327,0.0
reward/off_road,18176,1786574745.639485,0.0
reward/off_road,18197,1786574747.440656,0.0
reward/off_road,18215,1786574748.926194,0.0
reward/off_road,18231,1786574750.242112,0.0
reward/off_road,18245,1786574751.848205,0.0
reward/off_road,18265,1786574754.374011,0.0
reward/off_road,18278,1786574756.044377,0.0
reward/off_road,18300,1786574758.824915,0.0
reward/off_road,18318,1786574761.057607,0.0
reward/off_road,18345,1786574764.398400,0.0
reward/off_road,18366,1786574767.161111,0.0
reward/off_road,18390,1786574770.177146,0.0
reward/off_road,18405,1786574772.040820,0.0
reward/off_road,18423,1786574774.284225,0.0
reward/off_road,18441,1786574777.056756,0.0
reward/off_road,18458,1786574779.120767,0.0
reward/off_road,18479,1786574781.593276,0.0
reward/off_road,18504,1786574784.541177,0.0
reward/off_road,18523,1786574786.815133,0.0
reward/off_road,18542,1786574789.053201,0.0
reward/off_road,18556,1786574790.702722,0.0
reward/off_road,18580,1786574793.525771,0.0
reward/off_road,18592,1786574794.919450,0.0
reward/off_road,18607,1786574796.645459,0.0
reward/off_road,18626,1786574798.786150,0.0
reward/off_road,18652,1786574801.702319,0.0
reward/off_road,18670,1786574803.718703,0.0
reward/off_road,18682,1786574805.035090,0.0
reward/off_road,18701,1786574807.564589,0.0
reward/off_road,18722,1786574810.255561,0.0
reward/off_road,18739,1786574812.426450,0.0
reward/off_road,18758,1786574814.920854,0.0
reward/off_road,18778,1786574817.560812,0.0
reward/off_road,18802,1786574822.690991,0.0
reward/off_road,18821,1786574826.056257,0.0
reward/off_road,18839,1786574829.253738,0.0
reward/off_road,18860,1786574832.938884,0.0
reward/off_road,18879,1786574836.271268,0.0
reward/off_road,18894,1786574838.854272,0.0
reward/off_road,18917,1786574842.908010,0.0
reward/off_road,18932,1786574845.571715,0.0
reward/off_road,18953,1786574849.176358,0.0
reward/off_road,18977,1786574853.204464,0.0
reward/off_road,18994,1786574855.910573,0.0
reward/off_road,19014,1786574859.066917,0.0
reward/off_road,19029,1786574861.406529,0.0
reward/off_road,19044,1786574863.740631,0.0
reward/off_road,19070,1786574867.701009,0.0
reward/off_road,19092,1786574870.979083,0.0
reward/off_road,19111,1786574873.775522,0.0
reward/off_road,19135,1786574877.209488,0.0
reward/off_road,19154,1786574879.297827,0.0
reward/off_road,19185,1786574882.072745,0.0
reward/off_road,19206,1786574883.919739,0.0
reward/off_road,19227,1786574885.818368,0.0
reward/off_road,19246,1786574887.463730,0.0
reward/off_road,19275,1786574889.893922,0.0
reward/off_road,19294,1786574891.450702,0.0
reward/off_road,19319,1786574896.043998,0.0
reward/off_road,19343,1786574900.437977,0.0
reward/off_road,19363,1786574904.106319,0.0
reward/off_road,19389,1786574908.756581,0.0
reward/off_road,19408,1786574912.074890,0.0
reward/off_road,19441,1786574917.768611,0.0
reward/off_road,19461,1786574921.934016,0.0
reward/off_road,19480,1786574924.874209,0.0
reward/off_road,19494,1786574927.008963,0.0
reward/off_road,19509,1786574929.327765,0.0
reward/off_road,19534,1786574933.239747,0.0
reward/off_road,19551,1786574935.834778,0.0
reward/off_road,19581,1786574940.227363,0.0
reward/off_road,19596,1786574942.137767,0.0
reward/off_road,19612,1786574943.768242,0.0
reward/off_road,19635,1786574946.119772,0.0
reward/off_road,19665,1786574949.323672,0.0
reward/off_road,19685,1786574951.429872,0.0
reward/off_road,19699,1786574952.847086,0.0
reward/off_road,19714,1786574954.364395,0.0
reward/off_road,19736,1786574956.771903,0.0
reward/off_road,19759,1786574958.947509,0.0
reward/off_road,19772,1786574960.151449,0.0
reward/off_road,19794,1786574962.241472,0.0
reward/off_road,19813,1786574964.103132,0.0
reward/off_road,19831,1786574965.831628,0.0
reward/off_road,19852,1786574968.266106,0.0
reward/off_road,19873,1786574970.725275,0.0
reward/off_road,19887,1786574972.324727,0.0
reward/off_road,19905,1786574974.414520,0.0
reward/off_road,19933,1786574977.675817,0.0
reward/off_road,19947,1786574979.349673,0.0
reward/off_road,19971,1786574982.263002,0.0
reward/off_road,20000,1786574986.932745,0.0
reward/position,3,1786572116.608001,-0.02748429775238037
reward/position,24,1786572119.360076,-0.07548314332962036
reward/position,53,1786572123.233299,-0.2849053144454956
reward/position,79,1786572126.722418,-0.7603315711021423
reward/position,97,1786572130.816069,-0.03689177334308624
reward/position,119,1786572133.881498,-0.30416473746299744
reward/position,137,1786572136.336019,-0.3870454728603363
reward/position,153,1786572138.535017,-0.7331025004386902
reward/position,177,1786572141.858728,-0.7592566609382629
reward/position,206,1786572145.929843,-0.5308274626731873
reward/position,221,1786572148.090226,-0.195953369140625
reward/position,241,1786572150.371743,-0.2885894775390625
reward/position,261,1786572152.514678,-0.1466064453125
reward/position,282,1786572154.715933,-0.47078704833984375
reward/position,302,1786572156.850479,-0.6178970336914062
reward/position,322,1786572158.974228,-0.8432159423828125
reward/position,334,1786572160.648013,-0.06646728515625
reward/position,356,1786572163.183290,-0.009185790084302425
reward/position,381,1786572166.078160,-0.01965332217514515
reward/position,405,1786572168.845336,-0.1798553466796875
reward/position,422,1786572170.802617,-0.56036376953125
reward/position,443,1786572175.832627,-0.21314239501953125
reward/position,466,1786572179.004379,-0.51409912109375
reward/position,494,1786572182.216219,-0.502349853515625
reward/position,517,1786572185.004767,-0.0794677883386612
reward/position,545,1786572187.845150,-0.2987671494483948
reward/position,556,1786572188.973779,-0.2936554551124573
reward/position,580,1786572191.493485,-0.0347290113568306
reward/position,599,1786572193.493619,-0.2565307915210724
reward/position,621,1786572195.716497,-0.2907257676124573
reward/position,646,1786572198.526246,-0.1134185940027237
reward/position,668,1786572200.758015,-0.4226379990577698
reward/position,686,1786572202.537596,-0.863144040107727
reward/position,708,1786572204.718760,-0.2657776474952698
reward/position,729,1786572206.800404,-0.0222778357565403
reward/position,751,1786572209.793100,-0.10039521008729935
reward/position,771,1786572212.632195,-0.6660462021827698
reward/position,794,1786572215.884361,-0.9369812607765198
reward/position,812,1786572218.416205,-0.15287020802497864
reward/position,835,1786572221.527277,-1.0072098970413208
reward/position,851,1786572223.683334,-0.2985827326774597
reward/position,868,1786572225.540697,-0.02433222532272339
reward/position,883,1786572227.201756,-0.10546749830245972
reward/position,901,1786572229.244179,-0.28422874212265015
reward/position,915,1786572230.801644,-0.15752750635147095
reward/position,933,1786572232.744025,-0.021121084690093994
reward/position,946,1786572234.171227,-0.027527570724487305
reward/position,971,1786572236.819820,-0.4520721435546875
reward/position,989,1786572238.749544,-0.5117285847663879
reward/position,1004,1786572240.352465,-0.49894845485687256
reward/position,1027,1786572243.240087,-0.9263334274291992
reward/position,1053,1786572245.801346,-0.4118967652320862
reward/position,1070,1786572248.127616,-0.19322967529296875
reward/position,1088,1786572250.678407,-0.44388580322265625
reward/position,1102,1786572252.653228,-0.47676849365234375
reward/position,1119,1786572255.060344,-0.8967056274414062
reward/position,1146,1786572258.930568,-0.38796234130859375
reward/position,1166,1786572261.709272,-0.1123046875
reward/position,1186,1786572264.449391,-0.011734009720385075
reward/position,1208,1786572267.212758,-0.6348419189453125
reward/position,1228,1786572269.440648,-0.3215637803077698
reward/position,1251,1786572271.647331,-0.5255585312843323
reward/position,1266,1786572272.980319,-0.0229949988424778
reward/position,1279,1786572274.121716,-0.714950680732727
reward/position,1300,1786572275.966200,-0.3014984726905823
reward/position,1323,1786572277.971474,-0.3172608017921448
reward/position,1337,1786572279.878942,-0.22769609093666077
reward/position,1357,1786572282.237973,-0.4813615679740906
reward/position,1381,1786572287.898365,-0.022959118708968163
reward/position,1398,1786572291.328300,-0.2470792979001999
reward/position,1412,1786572294.118726,-0.4067985415458679
reward/position,1433,1786572298.316221,-0.5312647819519043
reward/position,1451,1786572301.848858,-0.3864487409591675
reward/position,1468,1786572305.166747,-0.37920352816581726
reward/position,1485,1786572308.451408,-0.12668539583683014
reward/position,1515,1786572314.207424,-0.7701849341392517
reward/position,1532,1786572317.498201,-0.6576693058013916
reward/position,1552,1786572321.488251,-0.8831081390380859
reward/position,1574,1786572326.062027,-0.09176512062549591
reward/position,1595,1786572330.589224,-1.027504801750183
reward/position,1611,1786572335.023871,-0.1859874725341797
reward/position,1624,1786572337.247192,-0.1315441131591797
reward/position,1637,1786572339.474332,-0.10279273986816406
reward/position,1655,1786572342.595538,-0.24660110473632812
reward/position,1675,1786572346.078544,-0.8251361846923828
reward/position,1692,1786572348.986572,-0.7343788146972656
reward/position,1707,1786572351.484775,-0.49556541442871094
reward/position,1729,1786572355.064581,-0.0617828369140625
reward/position,1747,1786572357.185370,-0.04315948486328125
reward/position,1759,1786572358.573342,-0.131805419921875
reward/position,1773,1786572360.892044,-0.09578704833984375
reward/position,1790,1786572363.260692,-0.2610321044921875
reward/position,1808,1786572365.750282,-0.49660491943359375
reward/position,1828,1786572368.459608,-0.8862991333007812
reward/position,1858,1786572371.785237,-0.015495301224291325
reward/position,1880,1786572374.283663,-0.06855010986328125
reward/position,1899,1786572376.380502,-0.545257568359375
reward/position,1919,1786572378.530337,-0.9582443237304688
reward/position,1941,1786572380.906489,-0.5967788696289062
reward/position,1968,1786572383.900705,-0.67620849609375
reward/position,1995,1786572389.315207,-0.12332155555486679
reward/position,2014,1786572392.937260,-0.5600586533546448
reward/position,2028,1786572395.566198,-0.8421784043312073
reward/position,2048,1786572399.439885,-0.854591429233551
reward/position,2061,1786572402.369462,-0.7021942734718323
reward/position,2083,1786572406.544206,-0.4086609184741974
reward/position,2104,1786572412.051846,-0.11191488802433014
reward/position,2126,1786572415.995419,-0.3321748375892639
reward/position,2147,1786572419.760178,-0.458163321018219
reward/position,2172,1786572423.336154,-0.593350350856781
reward/position,2197,1786572430.000556,-0.3073474168777466
reward/position,2219,1786572433.736567,-0.06649775803089142
reward/position,2233,1786572435.462896,-0.5245055556297302
reward/position,2248,1786572437.397709,-0.9037017822265625
reward/position,2270,1786572439.994126,-0.8486480116844177
reward/position,2289,1786572442.231449,-0.973358154296875
reward/position,2314,1786572445.300263,-0.1731719970703125
reward/position,2333,1786572448.178667,-0.10850527882575989
reward/position,2351,1786572451.429902,-0.0964355617761612
reward/position,2384,1786572455.779355,-0.1592712104320526
reward/position,2405,1786572458.271047,-0.2912276089191437
reward/position,2423,1786572460.444531,-0.2876570522785187
reward/position,2449,1786572463.549935,-0.2524397671222687
reward/position,2462,1786572465.076465,-0.1342604160308838
reward/position,2477,1786572466.844047,-0.11453079432249069
reward/position,2491,1786572468.507949,-0.6584151983261108
reward/position,2513,1786572471.495019,-0.0281524695456028
reward/position,2534,1786572474.314452,-0.024795537814497948
reward/position,2557,1786572477.359426,-0.0394744947552681
reward/position,2579,1786572480.511727,-0.09478759765625
reward/position,2602,1786572483.111980,-0.1501007080078125
reward/position,2618,1786572484.949783,-0.4376526176929474
reward/position,2647,1786572488.136486,-0.3779144585132599
reward/position,2673,1786572492.662977,-0.14216995239257812
reward/position,2696,1786572496.114610,-0.5409736633300781
reward/position,2717,1786572499.308368,-0.9114532470703125
reward/position,2745,1786572503.559685,-0.4210853576660156
reward/position,2766,1786572506.776291,-0.03757476806640625
reward/position,2801,1786572511.807786,-0.4790031909942627
reward/position,2823,1786572514.776031,-0.6546856760978699
reward/position,2849,1786572518.400914,-0.586231529712677
reward/position,2864,1786572522.434783,-0.19698689877986908
reward/position,2886,1786572525.521969,-0.30866119265556335
reward/position,2904,1786572528.040176,-0.2045297473669052
reward/position,2921,1786572530.452329,-0.29930880665779114
reward/position,2938,1786572532.850868,-0.6930135488510132
reward/position,2957,1786572535.840791,-0.05554157495498657
reward/position,2976,1786572538.458192,-0.563946008682251
reward/position,2998,1786572543.517795,-0.0050048828125
reward/position,3023,1786572547.268440,-0.9076309204101562
reward/position,3046,1786572550.693716,-0.042831115424633026
reward/position,3064,1786572553.003184,-0.2747039794921875
reward/position,3087,1786572556.462612,-0.8986664414405823
reward/position,3108,1786572559.234880,-0.388445109128952
reward/position,3135,1786572562.769370,-0.1806945949792862
reward/position,3159,1786572566.172395,-0.19322967529296875
reward/position,3177,1786572568.319224,-0.03485107421875
reward/position,3196,1786572572.083499,-0.10922665894031525
reward/position,3212,1786572574.482043,-0.3843117356300354
reward/position,3230,1786572577.190781,-0.13234329223632812
reward/position,3260,1786572579.772810,-0.5219917297363281
reward/position,3283,1786572583.814531,-0.065277099609375
reward/position,3302,1786572586.303276,-0.24951171875
reward/position,3331,1786572592.123217,-0.037339285016059875
reward/position,3344,1786572594.116330,-0.2131228893995285
reward/position,3363,1786572596.958142,-0.6225513219833374
reward/position,3378,1786572599.620612,-0.025631966069340706
reward/position,3406,1786572602.775904,-0.7754042744636536
reward/position,3421,1786572604.513459,-0.6734110713005066
reward/position,3434,1786572606.014373,-0.5663464665412903
reward/position,3450,1786572607.906315,-0.4124869108200073
reward/position,3472,1786572610.499383,-0.14673340320587158
reward/position,3488,1786572612.432215,-0.5761958360671997
reward/position,3509,1786572615.575783,-0.3954547345638275
reward/position,3532,1786572618.499972,-0.034259796142578125
reward/position,3546,1786572620.014586,-0.3316497802734375
reward/position,3564,1786572622.295488,-0.1401367336511612
reward/position,3586,1786572624.602748,-0.3568573594093323
reward/position,3607,1786572626.750532,-0.5668488144874573
reward/position,3629,1786572629.004155,-0.634781002998352
reward/position,3659,1786572632.756114,-0.38531333208084106
reward/position,3675,1786572634.648480,-0.9800094962120056
reward/position,3690,1786572636.970004,-0.05442017316818237
reward/position,3707,1786572639.242795,-0.4580649137496948
reward/position,3722,1786572641.733166,-0.146026611328125
reward/position,3743,1786572644.428170,-0.5664215087890625
reward/position,3767,1786572649.860565,-0.0013523101806640625
reward/position,3788,1786572653.236228,-0.022014617919921875
reward/position,3800,1786572655.263821,-0.12883377075195312
reward/position,3818,1786572658.228296,-0.16150283813476562
reward/position,3836,1786572661.165888,-0.35923194885253906
reward/position,3856,1786572664.389226,-0.1979217529296875
reward/position,3881,1786572668.205521,-0.7316246032714844
reward/position,3898,1786572672.684892,-0.04830360412597656
reward/position,3915,1786572675.535963,-0.24950361251831055
reward/position,3931,1786572679.890662,-0.13210298120975494
reward/position,3946,1786572683.294527,-0.0857086330652237
reward/position,3962,1786572686.857952,-0.39650729298591614
reward/position,3978,1786572689.883060,-0.6869660019874573
reward/position,4002,1786572694.548614,-0.5239792466163635
reward/position,4021,1786572698.678077,-0.42264559864997864
reward/position,4039,1786572702.550434,-0.5243530869483948
reward/position,4055,1786572705.975734,-0.4041290581226349
reward/position,4071,1786572709.147574,-0.2534637749195099
reward/position,4087,1786572711.075160,-0.48576363921165466
reward/position,4105,1786572715.499460,-0.20599746704101562
reward/position,4122,1786572717.634458,-0.19556427001953125
reward/position,4148,1786572720.721013,-0.01031112764030695
reward/position,4172,1786572723.147605,-0.7984657287597656
reward/position,4188,1786572725.640838,-0.04352569952607155
reward/position,4208,1786572729.802432,-0.14879989624023438
reward/position,4221,1786572731.697171,-0.20672607421875
reward/position,4240,1786572734.829440,-0.3271789848804474
reward/position,4257,1786572737.381926,-0.09124784171581268
reward/position,4270,1786572739.123557,-0.1468203365802765
reward/position,4292,1786572742.067640,-0.26216089725494385
reward/position,4308,1786572746.133374,-0.19754092395305634
reward/position,4323,1786572748.290459,-0.0038403805810958147
reward/position,4363,1786572754.022675,-0.5560872554779053
reward/position,4375,1786572755.805002,-0.9671112298965454
reward/position,4396,1786572760.674840,-0.24688720703125
reward/position,4426,1786572765.161815,-0.6037893891334534
reward/position,4451,1786572768.511926,-0.9663965702056885
reward/position,4468,1786572770.948572,-0.5104942321777344
reward/position,4486,1786572775.131177,-0.1374512016773224
reward/position,4520,1786572780.721371,-0.334724485874176
reward/position,4538,1786572783.652155,-0.6557770371437073
reward/position,4560,1786572787.231939,-0.3236084282398224
reward/position,4585,1786572791.647956,-0.24139626324176788
reward/position,4602,1786572794.008321,-0.5266613960266113
reward/position,4617,1786572796.327849,-0.2676391005516052
reward/position,4636,1786572798.461796,-0.27597111463546753
reward/position,4661,1786572801.294918,-0.5147563219070435
reward/position,4680,1786572803.489934,-0.699219286441803
reward/position,4699,1786572805.938741,-0.2012939751148224
reward/position,4716,1786572807.645500,-0.48921212553977966
reward/position,4736,1786572809.602559,-0.9815980792045593
reward/position,4762,1786572812.202313,-0.573684811592102
reward/position,4775,1786572813.573007,-0.11581423133611679
reward/position,4795,1786572817.343293,-0.2082061767578125
reward/position,4814,1786572820.236485,-0.26058197021484375
reward/position,4827,1786572822.266190,-0.0963287353515625
reward/position,4843,1786572824.803007,-0.9227523803710938
reward/position,4860,1786572827.185043,-0.16213379800319672
reward/position,4877,1786572829.674004,-0.0607757568359375
reward/position,4894,1786572831.903080,-0.1563262939453125
reward/position,4911,1786572834.844005,-0.28255462646484375
reward/position,4929,1786572838.241709,-0.8619232177734375
reward/position,4951,1786572841.603142,-0.0452575758099556
reward/position,4974,1786572844.927026,-0.10111236572265625
reward/position,4989,1786572846.650170,-0.029987335205078125
reward/position,5007,1786572848.704846,-0.6317024230957031
reward/position,5026,1786572851.759078,-0.05003361403942108
reward/position,5046,1786572854.390218,-0.4949494004249573
reward/position,5064,1786572856.744431,-1.011962890625
reward/position,5087,1786572862.706692,-0.14483320713043213
reward/position,5109,1786572866.629565,-0.1721038818359375
reward/position,5131,1786572870.992517,-0.06710810959339142
reward/position,5153,1786572873.514907,-0.13389582931995392
reward/position,5171,1786572875.569427,-0.05064387619495392
reward/position,5192,1786572878.283119,-0.042017579078674316
reward/position,5223,1786572884.123962,-0.05895233154296875
reward/position,5244,1786572886.929290,-0.18990325927734375
reward/position,5259,1786572889.073800,-0.323883056640625
reward/position,5274,1786572891.208024,-1.0261154174804688
reward/position,5291,1786572895.567900,-0.3747558891773224
reward/position,5317,1786572899.300662,-0.0637664794921875
reward/position,5341,1786572902.014426,-0.5401611924171448
reward/position,5367,1786572904.996229,-0.0964660719037056
reward/position,5381,1786572907.101211,-0.10850527882575989
reward/position,5395,1786572908.848589,-0.44091805815696716
reward/position,5418,1786572912.002254,-0.0041350857354700565
reward/position,5433,1786572913.762819,-0.3373566269874573
reward/position,5451,1786572917.715799,-0.05113982409238815
reward/position,5471,1786572920.645452,-0.0314788781106472
reward/position,5494,1786572923.735312,-0.6095886826515198
reward/position,5509,1786572925.804370,-0.5848999619483948
reward/position,5537,1786572929.767900,-1.0551186800003052
reward/position,5552,1786572934.120553,-0.008182572200894356
reward/position,5571,1786572937.126490,-0.11371864378452301
reward/position,5592,1786572941.701611,-0.0336914099752903
reward/position,5610,1786572944.718786,-0.1336669921875
reward/position,5632,1786572948.512127,-0.8333587646484375
reward/position,5653,1786572953.655691,-0.06414031982421875
reward/position,5668,1786572955.942395,-0.4110107421875
reward/position,5680,1786572957.655958,-0.42017364501953125
reward/position,5700,1786572960.367804,-0.09460451453924179
reward/position,5716,1786572962.239933,-0.46118173003196716
reward/position,5746,1786572966.675188,-0.105712890625
reward/position,5773,1786572970.942354,-0.02981114387512207
reward/position,5789,1786572972.807243,-0.08544963598251343
reward/position,5805,1786572974.623539,-0.08025556802749634
reward/position,5821,1786572979.043999,-0.1916433423757553
reward/position,5837,1786572981.786626,-0.07251786440610886
reward/position,5861,1786572985.919493,-0.48457419872283936
reward/position,5884,1786572988.577955,-0.11373903602361679
reward/position,5905,1786572990.627669,-0.24725346267223358
reward/position,5926,1786572992.706736,-0.37231454253196716
reward/position,5941,1786572994.176797,-0.07626456022262573
reward/position,5961,1786572996.190485,-0.25376832485198975
reward/position,5981,1786572998.431588,-0.2984466552734375
reward/position,6004,1786573002.240328,-0.2410430908203125
reward/position,6025,1786573005.759565,-0.942840576171875
reward/position,6042,1786573008.150333,-0.12054411321878433
reward/position,6059,1786573012.145316,-0.18021202087402344
reward/position,6079,1786573015.231942,-0.4232769012451172
reward/position,6094,1786573019.160176,-0.017688756808638573
reward/position,6112,1786573021.886728,-0.14514878392219543
reward/position,6135,1786573025.647909,-0.04821015149354935
reward/position,6148,1786573027.943475,-0.5073395371437073
reward/position,6164,1786573030.166734,-0.589363157749176
reward/position,6190,1786573033.729789,-0.02981114387512207
reward/position,6214,1786573036.449679,-0.5344337224960327
reward/position,6236,1786573039.440567,-0.0977783277630806
reward/position,6259,1786573042.302345,-0.32733154296875
reward/position,6285,1786573045.646358,-0.03497314453125
reward/position,6305,1786573048.520548,-0.06646728515625
reward/position,6325,1786573051.508709,-0.398345947265625
reward/position,6341,1786573055.791370,-0.1346130520105362
reward/position,6362,1786573059.705642,-0.13962554931640625
reward/position,6394,1786573064.490677,-0.3687934875488281
reward/position,6414,1786573066.914560,-0.6134223937988281
reward/position,6439,1786573069.897397,-0.6006278395652771
reward/position,6457,1786573072.840041,-0.06572723388671875
reward/position,6472,1786573075.054048,-0.25639045238494873
reward/position,6500,1786573079.478583,-0.01826198771595955
reward/position,6520,1786573082.705271,-0.06269831955432892
reward/position,6541,1786573084.991394,-0.8877258896827698
reward/position,6560,1786573087.859832,-0.0876617580652237
reward/position,6581,1786573092.471523,-0.180145263671875
reward/position,6597,1786573094.438047,-0.1195526123046875
reward/position,6616,1786573097.252990,-0.5853500366210938
reward/position,6636,1786573099.945070,-0.10189821571111679
reward/position,6661,1786573102.251911,-0.12327577918767929
reward/position,6686,1786573104.654274,-0.881240963935852
reward/position,6704,1786573108.677888,-0.10800981521606445
reward/position,6719,1786573110.757374,-0.024536775425076485
reward/position,6744,1786573114.262103,-0.031583596020936966
reward/position,6761,1786573116.420681,-0.8484521508216858
reward/position,6789,1786573122.785905,-0.5398193597793579
reward/position,6813,1786573127.091976,-0.9764320850372314
reward/position,6826,1786573129.400470,-0.9427452087402344
reward/position,6845,1786573132.780165,-0.8032909631729126
reward/position,6861,1786573135.587553,-0.5924707055091858
reward/position,6876,1786573138.187313,-0.0626448392868042
reward/position,6896,1786573143.091955,-0.0393025279045105
reward/position,6913,1786573145.127663,-0.016562461853027344
reward/position,6943,1786573148.536121,-0.6213332414627075
reward/position,6963,1786573151.018254,-0.0739436149597168
reward/position,6978,1786573152.731105,-0.44854307174682617
reward/position,6994,1786573154.523415,-0.8716973066329956
reward/position,7014,1786573158.314044,-0.15276718139648438
reward/position,7031,1786573159.974126,-0.057025909423828125
reward/position,7053,1786573162.169204,-0.8858871459960938
reward/position,7073,1786573166.795943,-0.0053291344083845615
reward/position,7089,1786573169.225168,-0.05881500244140625
reward/position,7119,1786573173.669563,-0.47571563720703125
reward/position,7136,1786573176.310133,-0.2540740966796875
reward/position,7157,1786573179.429176,-0.776336669921875
reward/position,7177,1786573182.913530,-0.8635330200195312
reward/position,7194,1786573185.423862,-0.9847831726074219
reward/position,7210,1786573187.772972,-0.8240928649902344
reward/position,7227,1786573190.415867,-0.6213645935058594
reward/position,7250,1786573193.844248,-0.9360313415527344
reward/position,7269,1786573196.531559,-0.021480560302734375
reward/position,7292,1786573199.436024,-0.5063400268554688
reward/position,7310,1786573201.672377,-0.6467781066894531
reward/position,7329,1786573204.064539,-0.8748970031738281
reward/position,7347,1786573206.379040,-0.2555580139160156
reward/position,7371,1786573209.457770,-0.32129761576652527
reward/position,7392,1786573212.128528,-0.27623748779296875
reward/position,7410,1786573214.299836,-0.01123046875
reward/position,7430,1786573216.582551,-0.08455783128738403
reward/position,7444,1786573218.188010,-0.18109512329101562
reward/position,7465,1786573220.608732,-0.9488182067871094
reward/position,7484,1786573222.751441,-0.7752494812011719
reward/position,7510,1786573228.155087,-0.16573473811149597
reward/position,7531,1786573231.939807,-0.32033437490463257
reward/position,7547,1786573235.272133,-0.028294622898101807
reward/position,7563,1786573237.094874,-0.11335831880569458
reward/position,7583,1786573239.339744,-0.27181869745254517
reward/position,7611,1786573242.499828,-0.4044454097747803
reward/position,7637,1786573245.477096,-0.011454702354967594
reward/position,7653,1786573249.313778,-0.18273353576660156
reward/position,7671,1786573252.960227,-0.15517234802246094
reward/position,7693,1786573257.328099,-0.6772346496582031
reward/position,7718,1786573260.454714,-0.144287109375
reward/position,7737,1786573262.545495,-0.044769287109375
reward/position,7763,1786573265.940833,-0.051040664315223694
reward/position,7783,1786573268.733433,-0.5254060626029968
reward/position,7793,1786573270.074966,-0.8204822540283203
reward/position,7817,1786573273.691814,-0.11450004577636719
reward/position,7840,1786573277.498822,-0.03438444435596466
reward/position,7856,1786573279.881245,-0.34266960620880127
reward/position,7870,1786573281.729752,-0.9353246688842773
reward/position,7887,1786573284.038116,-0.4374786615371704
reward/position,7916,1786573287.842343,-0.7022392749786377
reward/position,7932,1786573290.062391,-0.13622283935546875
reward/position,7951,1786573292.009917,-0.472442626953125
reward/position,7969,1786573294.878150,-0.2514607906341553
reward/position,7990,1786573298.263016,-0.8427139520645142
reward/position,8006,1786573300.882165,-0.5798125863075256
reward/position,8022,1786573303.669128,-0.04845428466796875
reward/position,8050,1786573306.667861,-0.23303985595703125
reward/position,8076,1786573309.464964,-0.190155029296875
reward/position,8093,1786573311.406942,-0.6077342629432678
reward/position,8115,1786573313.933829,-0.16721884906291962
reward/position,8128,1786573315.409571,-0.14554177224636078
reward/position,8151,1786573318.190545,-0.026891829445958138
reward/position,8179,1786573323.280386,-0.1390838772058487
reward/position,8198,1786573326.824681,-0.016334528103470802
reward/position,8216,1786573329.684241,-0.33734896779060364
reward/position,8233,1786573332.359936,-0.817787230014801
reward/position,8245,1786573335.824236,-0.12333681434392929
reward/position,8269,1786573339.671904,-0.5802002549171448
reward/position,8288,1786573342.673493,-0.0607757568359375
reward/position,8311,1786573346.017015,-0.446868896484375
reward/position,8327,1786573347.860623,-0.8109130859375
reward/position,8349,1786573350.518247,-0.7954559326171875
reward/position,8366,1786573352.520513,-0.9901580810546875
reward/position,8394,1786573355.740001,-0.6339569091796875
reward/position,8412,1786573358.250299,-0.9581985473632812
reward/position,8427,1786573360.700790,-0.7645111083984375
reward/position,8446,1786573362.931599,-0.8680191040039062
reward/position,8468,1786573365.322543,-0.03887176513671875
reward/position,8490,1786573368.904167,-0.51220703125
reward/position,8507,1786573371.632393,-0.0607757568359375
reward/position,8529,1786573375.066943,-0.0241851806640625
reward/position,8549,1786573377.538819,-0.5240554809570312
reward/position,8574,1786573380.881036,-0.40024566650390625
reward/position,8595,1786573383.491001,-0.6782150268554688
reward/position,8620,1786573386.766668,-0.5281143188476562
reward/position,8646,1786573389.945470,-0.367767333984375
reward/position,8660,1786573391.654828,-0.3839874267578125
reward/position,8683,1786573394.936812,-0.3139190673828125
reward/position,8705,1786573399.626267,-0.220001220703125
reward/position,8727,1786573402.510226,-0.621795654296875
reward/position,8747,1786573405.802867,-0.107330322265625
reward/position,8763,1786573408.415955,-0.019287109375
reward/position,8782,1786573411.135344,-0.086669921875
reward/position,8802,1786573413.479581,-0.3882443904876709
reward/position,8825,1786573416.073190,-0.1106414794921875
reward/position,8846,1786573419.266973,-0.938201904296875
reward/position,8864,1786573423.615816,-0.15227508544921875
reward/position,8887,1786573427.160659,-0.3919563293457031
reward/position,8904,1786573429.909774,-0.08765029907226562
reward/position,8930,1786573434.135791,-0.8972320556640625
reward/position,8947,1786573436.659267,-0.07406623661518097
reward/position,8967,1786573438.780753,-0.15322870016098022
reward/position,8982,1786573440.353056,-0.2821044325828552
reward/position,8996,1786573441.845810,-0.3226165175437927
reward/position,9008,1786573443.126232,-0.22451777756214142
reward/position,9032,1786573445.705289,-0.22338874638080597
reward/position,9053,1786573448.001238,-0.5392913818359375
reward/position,9085,1786573451.529850,-0.1092376783490181
reward/position,9103,1786573453.454222,-0.7795258164405823
reward/position,9122,1786573455.478046,-0.054870542138814926
reward/position,9133,1786573456.631708,-0.99249267578125
reward/position,9158,1786573462.027769,-0.3206954598426819
reward/position,9178,1786573464.849168,-0.03206634894013405
reward/position,9203,1786573468.387265,-0.16401204466819763
reward/position,9223,1786573471.639774,-0.28562235832214355
reward/position,9241,1786573474.238473,-0.09112979471683502
reward/position,9264,1786573477.603320,-0.020412983372807503
reward/position,9286,1786573480.810694,-0.018685700371861458
reward/position,9304,1786573483.540414,-0.6065110564231873
reward/position,9315,1786573485.197832,-0.7959094643592834
reward/position,9332,1786573487.690793,-0.23203805088996887
reward/position,9356,1786573491.240420,-0.34913235902786255
reward/position,9380,1786573496.731171,-0.16986083984375
reward/position,9396,1786573499.621785,-0.07678031921386719
reward/position,9411,1786573502.432064,-0.6834354400634766
reward/position,9430,1786573505.954329,-0.8438949584960938
reward/position,9444,1786573508.497360,-0.8213443756103516
reward/position,9463,1786573511.968000,-0.1836376190185547
reward/position,9480,1786573515.029540,-0.16268539428710938
reward/position,9500,1786573518.847052,-0.0432586744427681
reward/position,9519,1786573521.403665,-0.2079620659351349
reward/position,9536,1786573523.759809,-0.723770260810852
reward/position,9554,1786573526.020952,-0.2532348930835724
reward/position,9576,1786573528.685201,-0.3413849472999573
reward/position,9594,1786573531.047948,-0.3905182480812073
reward/position,9614,1786573533.713404,-0.02519226260483265
reward/position,9628,1786573535.579116,-0.18481449782848358
reward/position,9643,1786573537.642616,-0.5325623750686646
reward/position,9662,1786573540.252129,-0.7395631670951843
reward/position,9683,1786573543.145343,-0.6510010957717896
reward/position,9702,1786573547.418455,-0.030512090772390366
reward/position,9720,1786573550.086342,-0.09099026024341583
reward/position,9741,1786573552.900637,-0.7377704977989197
reward/position,9764,1786573555.530015,-0.561142086982727
reward/position,9780,1786573557.000122,-0.733139157295227
reward/position,9798,1786573558.641577,-0.7793275713920593
reward/position,9814,1786573560.121563,-0.8960572481155396
reward/position,9831,1786573561.686923,-0.6729334592819214
reward/position,9857,1786573564.165751,-0.41925048828125
reward/position,9871,1786573565.846263,-0.22484484314918518
reward/position,9893,1786573569.637971,-0.43511962890625
reward/position,9908,1786573571.796988,-0.3367919921875
reward/position,9934,1786573574.821603,-0.60467529296875
reward/position,9954,1786573577.087626,-0.69097900390625
reward/position,9974,1786573579.525949,-0.5919342041015625
reward/position,9998,1786573583.149849,-0.7019805908203125
reward/position,10011,1786573585.247946,-0.601226806640625
reward/position,10029,1786573587.741103,-0.33853912353515625
reward/position,10057,1786573590.628319,-0.0275955218821764
reward/position,10073,1786573592.267853,-0.0213623046875
reward/position,10096,1786573594.665302,-0.3739471435546875
reward/position,10110,1786573596.112129,-0.34911346435546875
reward/position,10127,1786573597.875188,-0.107879638671875
reward/position,10148,1786573600.026752,-0.17582321166992188
reward/position,10168,1786573602.026233,-0.14539337158203125
reward/position,10190,1786573604.216742,-0.07130050659179688
reward/position,10213,1786573606.437278,-0.05188651382923126
reward/position,10228,1786573607.924745,-0.40094009041786194
reward/position,10242,1786573609.825804,-0.18404388427734375
reward/position,10263,1786573611.866522,-0.2510414123535156
reward/position,10286,1786573613.988565,-0.47068023681640625
reward/position,10306,1786573615.840980,-0.7252235412597656
reward/position,10333,1786573620.043648,-0.14728164672851562
reward/position,10350,1786573622.891882,-0.1546478271484375
reward/position,10374,1786573626.826057,-0.4808235168457031
reward/position,10396,1786573630.403052,-0.72564697265625
reward/position,10418,1786573633.938913,-0.5777279138565063
reward/position,10439,1786573637.299185,-0.0237884521484375
reward/position,10462,1786573642.953026,-0.05348663404583931
reward/position,10487,1786573647.120473,-0.2354568988084793
reward/position,10505,1786573650.151800,-0.7011556625366211
reward/position,10527,1786573653.870929,-0.20037639141082764
reward/position,10544,1786573656.744713,-1.0224305391311646
reward/position,10566,1786573660.138927,-0.0099334716796875
reward/position,10580,1786573661.939821,-0.9160366058349609
reward/position,10606,1786573665.505883,-0.1831360012292862
reward/position,10621,1786573667.436572,-0.2295684963464737
reward/position,10638,1786573669.626902,-0.3553924560546875
reward/position,10652,1786573671.361326,-0.7528533935546875
reward/position,10666,1786573673.952464,-0.400238037109375
reward/position,10681,1786573676.737177,-0.30535888671875
reward/position,10702,1786573679.563818,-0.208740234375
reward/position,10716,1786573681.321944,-0.1724700927734375
reward/position,10741,1786573684.437280,-0.4210052490234375
reward/position,10766,1786573688.115847,-0.3049163818359375
reward/position,10783,1786573691.354125,-0.124420166015625
reward/position,10803,1786573693.861963,-0.2073516845703125
reward/position,10828,1786573699.427866,-0.1375427395105362
reward/position,10851,1786573703.772260,-0.1716766655445099
reward/position,10866,1786573706.622671,-0.18375398218631744
reward/position,10886,1786573710.369701,-0.15201568603515625
reward/position,10913,1786573715.339381,-0.7614936828613281
reward/position,10932,1786573718.342178,-0.27616119384765625
reward/position,10953,1786573720.842619,-0.9418182373046875
reward/position,10969,1786573722.749138,-0.6730499267578125
reward/position,10989,1786573724.915650,-0.7370376586914062
reward/position,11017,1786573727.880949,-0.381256103515625
reward/position,11036,1786573732.070641,-0.007377630565315485
reward/position,11053,1786573735.308003,-0.5186005234718323
reward/position,11072,1786573738.895514,-0.5341950058937073
reward/position,11089,1786573741.649106,-0.1560669094324112
reward/position,11108,1786573745.270990,-0.21166229248046875
reward/position,11127,1786573748.873147,-0.5101624131202698
reward/position,11149,1786573752.833813,-0.06053924560546875
reward/position,11168,1786573755.762655,-0.10359954833984375
reward/position,11187,1786573757.981348,-0.0621337890625
reward/position,11203,1786573759.995594,-0.5539398193359375
reward/position,11223,1786573764.622300,-0.2518044710159302
reward/position,11242,1786573767.457584,-0.025674106553196907
reward/position,11266,1786573771.500837,-0.2123301774263382
reward/position,11285,1786573774.203189,-0.06462381780147552
reward/position,11301,1786573776.469108,-0.0004595370264723897
reward/position,11318,1786573778.992008,-0.7066653370857239
reward/position,11343,1786573782.696965,-0.1631775051355362
reward/position,11364,1786573785.305005,-0.47519686818122864
reward/position,11385,1786573788.313489,-0.027612686157226562
reward/position,11405,1786573791.171441,-0.028294622898101807
reward/position,11426,1786573793.595385,-0.6305723190307617
reward/position,11447,1786573795.986307,-0.8835577964782715
reward/position,11472,1786573799.278471,-0.7972259521484375
reward/position,11497,1786573802.744300,-0.1593267321586609
reward/position,11517,1786573805.078411,-0.2536207437515259
reward/position,11537,1786573807.458593,-0.38773205876350403
reward/position,11559,1786573810.179918,-0.9843717217445374
reward/position,11574,1786573812.887863,-0.37586212158203125
reward/position,11604,1786573817.560310,-0.052471160888671875
reward/position,11639,1786573822.099007,-0.6430360078811646
reward/position,11655,1786573823.761150,-0.3511200547218323
reward/position,11675,1786573825.811289,-0.2918854355812073
reward/position,11689,1786573827.198820,-0.20832830667495728
reward/position,11721,1786573830.398946,-0.6685791015625
reward/position,11739,1786573832.626618,-0.186279296875
reward/position,11755,1786573834.391656,-0.02874755859375
reward/position,11768,1786573835.870167,-0.3331146240234375
reward/position,11791,1786573839.366757,-0.13234329223632812
reward/position,11811,1786573841.165586,-0.02002716064453125
reward/position,11826,1786573842.481400,-0.09671401977539062
reward/position,11858,1786573845.257320,-0.18906402587890625
reward/position,11874,1786573847.409802,-0.10362271219491959
reward/position,11894,1786573850.004840,-0.3463898003101349
reward/position,11909,1786573851.925272,-0.3611908257007599
reward/position,11929,1786573854.411457,-0.3348541259765625
reward/position,11943,1786573856.139305,-0.5368194580078125
reward/position,11962,1786573858.434208,-0.3664551079273224
reward/position,11978,1786573860.365837,-0.3322906792163849
reward/position,12003,1786573863.366929,-0.0243682861328125
reward/position,12020,1786573865.330894,-0.17767333984375
reward/position,12039,1786573867.435831,-0.4918518364429474
reward/position,12058,1786573869.494133,-0.4827270805835724
reward/position,12073,1786573871.110745,-0.3932342827320099
reward/position,12085,1786573872.381404,-0.5870361328125
reward/position,12102,1786573874.183941,-0.4560241997241974
reward/position,12124,1786573876.606443,-0.0159454345703125
reward/position,12142,1786573878.987233,-0.19378662109375
reward/position,12166,1786573881.801917,-0.1988372802734375
reward/position,12188,1786573884.385496,-0.48503875732421875
reward/position,12219,1786573887.811210,-0.0559539794921875
reward/position,12241,1786573890.433776,-0.11653900146484375
reward/position,12258,1786573892.294935,-0.35251617431640625
reward/position,12273,1786573893.957757,-0.248870849609375
reward/position,12295,1786573897.102779,-0.11900029331445694
reward/position,12314,1786573899.250173,-0.087371826171875
reward/position,12331,1786573901.098235,-0.47765350341796875
reward/position,12344,1786573902.468757,-0.38112467527389526
reward/position,12368,1786573905.002190,-0.46862390637397766
reward/position,12386,1786573906.870102,-0.08349990844726562
reward/position,12405,1786573908.807686,-0.1087646484375
reward/position,12418,1786573910.115759,-0.5680427551269531
reward/position,12443,1786573912.600350,-0.6071624755859375
reward/position,12460,1786573914.283660,-0.23955154418945312
reward/position,12471,1786573915.407229,-0.07047271728515625
reward/position,12494,1786573917.732738,-0.013687134720385075
reward/position,12509,1786573919.258563,-0.7324676513671875
reward/position,12525,1786573920.868588,-0.15554428100585938
reward/position,12541,1786573922.487397,-0.8978843688964844
reward/position,12559,1786573927.307633,-0.33953991532325745
reward/position,12584,1786573931.560413,-0.6037500500679016
reward/position,12600,1786573934.355425,-0.9322104454040527
reward/position,12628,1786573938.383361,-0.09206390380859375
reward/position,12657,1786573944.148705,-0.20839691162109375
reward/position,12685,1786573949.761991,-0.8049468994140625
reward/position,12700,1786573954.153229,-0.02144181728363037
reward/position,12716,1786573956.621689,-0.3444376587867737
reward/position,12733,1786573959.285513,-0.7849498391151428
reward/position,12754,1786573962.733452,-0.5619667768478394
reward/position,12782,1786573967.547264,-0.882662296295166
reward/position,12812,1786573971.514981,-0.11789704114198685
reward/position,12837,1786573974.632347,-0.17925265431404114
reward/position,12857,1786573977.128233,-0.5879364609718323
reward/position,12876,1786573979.416105,-0.2474060207605362
reward/position,12898,1786573982.007371,-0.18773651123046875
reward/position,12921,1786573985.085203,-0.2534637749195099
reward/position,12941,1786573987.705896,-0.1782837212085724
reward/position,12961,1786573990.339329,-0.18611149489879608
reward/position,12985,1786573993.433059,-0.9001314043998718
reward/position,13009,1786573996.680019,-0.37168893218040466
reward/position,13026,1786573998.671821,-0.618606686592102
reward/position,13064,1786574003.115285,-0.9233796000480652
reward/position,13078,1786574004.870504,-0.5284596681594849
reward/position,13094,1786574007.206237,-0.11810684204101562
reward/position,13112,1786574009.178333,-0.32610321044921875
reward/position,13126,1786574010.725527,-0.6563758850097656
reward/position,13148,1786574013.206333,-0.6985740661621094
reward/position,13172,1786574015.815730,-0.5699653625488281
reward/position,13192,1786574017.967247,-0.6792259216308594
reward/position,13207,1786574019.614627,-0.6724128723144531
reward/position,13229,1786574022.027752,-0.17151157557964325
reward/position,13252,1786574024.427474,-0.19937896728515625
reward/position,13275,1786574026.770959,-0.8551216125488281
reward/position,13289,1786574028.169645,-0.8389892578125
reward/position,13319,1786574031.519381,-0.7334213256835938
reward/position,13345,1786574034.095201,-0.26720428466796875
reward/position,13363,1786574035.893890,-0.6165122985839844
reward/position,13376,1786574038.418092,-0.1837310791015625
reward/position,13403,1786574042.137604,-0.4513397216796875
reward/position,13422,1786574044.677988,-0.476470947265625
reward/position,13437,1786574046.648859,-0.720489501953125
reward/position,13459,1786574049.736355,-0.4606781005859375
reward/position,13477,1786574052.191525,-0.2011566311120987
reward/position,13493,1786574054.525811,-0.4429473876953125
reward/position,13508,1786574058.553094,-0.02667832188308239
reward/position,13540,1786574064.587217,-0.19213104248046875
reward/position,13559,1786574068.053926,-0.49536895751953125
reward/position,13580,1786574071.812206,-0.2601184844970703
reward/position,13594,1786574074.231902,-0.057910919189453125
reward/position,13612,1786574077.426583,-0.2107238918542862
reward/position,13637,1786574081.573796,-0.146575927734375
reward/position,13654,1786574083.815777,-0.4708710014820099
reward/position,13667,1786574085.610494,-0.3550110161304474
reward/position,13690,1786574088.731460,-0.327911376953125
reward/position,13705,1786574090.759121,-0.3442077934741974
reward/position,13726,1786574093.475605,-1.0401611328125
reward/position,13744,1786574098.122246,-0.01253509521484375
reward/position,13762,1786574100.404559,-0.42266082763671875
reward/position,13783,1786574103.001830,-0.021560674533247948
reward/position,13802,1786574104.786963,-0.0781860500574112
reward/position,13820,1786574106.478300,-0.19847111403942108
reward/position,13846,1786574108.840641,-0.9992524981498718
reward/position,13865,1786574114.369903,-0.16649629175662994
reward/position,13878,1786574116.878209,-0.5275726914405823
reward/position,13898,1786574121.880096,-0.07440948486328125
reward/position,13923,1786574125.692490,-0.0334930419921875
reward/position,13942,1786574128.810917,-0.9310150146484375
reward/position,13962,1786574133.662873,-0.22776605188846588
reward/position,13987,1786574137.041904,-0.492832213640213
reward/position,14003,1786574141.135811,-0.1346130520105362
reward/position,14030,1786574145.817928,-0.24007418751716614
reward/position,14051,1786574149.435367,-0.08376313745975494
reward/position,14066,1786574152.039742,-0.21094514429569244
reward/position,14094,1786574156.876841,-0.30567172169685364
reward/position,14110,1786574159.450703,-0.7375718355178833
reward/position,14127,1786574162.238545,-0.517707884311676
reward/position,14150,1786574166.134252,-0.26744845509529114
reward/position,14169,1786574169.342489,-0.030548105016350746
reward/position,14193,1786574173.317961,-0.10640715807676315
reward/position,14210,1786574176.086781,-0.9415131211280823
reward/position,14234,1786574179.570858,-0.3822021484375
reward/position,14249,1786574181.332319,-0.43895724415779114
reward/position,14268,1786574184.308672,-0.46158602833747864
reward/position,14299,1786574189.235387,-0.8831444382667542
reward/position,14328,1786574196.419086,-0.4499359428882599
reward/position,14345,1786574199.969915,-0.5649719834327698
reward/position,14360,1786574202.735932,-0.2377929985523224
reward/position,14381,1786574206.593331,-0.1962890774011612
reward/position,14399,1786574209.895372,-0.17226411402225494
reward/position,14419,1786574213.555619,-0.29039767384529114
reward/position,14446,1786574219.427327,-0.13975143432617188
reward/position,14458,1786574220.720167,-0.17571640014648438
reward/position,14470,1786574222.021683,-0.4784660339355469
reward/position,14493,1786574224.509694,-0.9802932739257812
reward/position,14510,1786574227.449234,-0.1500396877527237
reward/position,14529,1786574230.264207,-0.08928681910037994
reward/position,14545,1786574232.744964,-0.11582185328006744
reward/position,14569,1786574235.642194,-0.38130953907966614
reward/position,14589,1786574238.067470,-0.513649046421051
reward/position,14605,1786574240.287076,-0.0714721828699112
reward/position,14624,1786574242.268638,-0.1064453274011612
reward/position,14650,1786574245.043099,-0.7764283418655396
reward/position,14664,1786574246.879099,-0.10111236572265625
reward/position,14681,1786574248.569823,-0.35186004638671875
reward/position,14709,1786574251.066913,-0.576385498046875
reward/position,14727,1786574252.634323,-0.096160888671875
reward/position,14750,1786574254.656532,-0.07538223266601562
reward/position,14773,1786574256.654766,-0.8371658325195312
reward/position,14797,1786574258.678272,-0.12886810302734375
reward/position,14817,1786574260.378862,-0.047348715364933014
reward/position,14844,1786574264.349710,-0.07530784606933594
reward/position,14865,1786574267.889891,-0.1458263397216797
reward/position,14885,1786574271.269052,-0.04966163635253906
reward/position,14902,1786574274.040133,-0.3063793182373047
reward/position,14922,1786574277.317919,-0.3305206298828125
reward/position,14940,1786574280.158690,-0.8659555912017822
reward/position,14954,1786574282.621210,-0.1424180120229721
reward/position,14985,1786574286.502141,-0.05645756050944328
reward/position,15002,1786574288.471981,-0.5714725852012634
reward/position,15021,1786574290.793683,-0.13641357421875
reward/position,15043,1786574292.918468,-0.43435409665107727
reward/position,15062,1786574295.356565,-0.1310119926929474
reward/position,15083,1786574299.418412,-0.41043099761009216
reward/position,15112,1786574303.364718,-0.2145843803882599
reward/position,15131,1786574305.958289,-0.2629394829273224
reward/position,15152,1786574309.764731,-0.9580385088920593
reward/position,15168,1786574312.635467,-0.20719915628433228
reward/position,15192,1786574315.919810,-0.7904207110404968
reward/position,15208,1786574317.953516,-0.7849733233451843
reward/position,15231,1786574321.078649,-0.5059204697608948
reward/position,15251,1786574323.614215,-0.7985841631889343
reward/position,15267,1786574325.638706,-0.628952145576477
reward/position,15291,1786574329.169976,-0.838211178779602
reward/position,15306,1786574331.272084,-0.721237301826477
reward/position,15331,1786574334.449734,-0.6868287324905396
reward/position,15353,1786574337.188835,-0.0542755089700222
reward/position,15371,1786574340.280912,-0.06898494064807892
reward/position,15393,1786574342.747010,-0.06660465896129608
reward/position,15411,1786574344.799987,-0.07273869216442108
reward/position,15434,1786574347.354415,-0.2854462265968323
reward/position,15449,1786574348.945334,-0.6369934678077698
reward/position,15474,1786574351.943192,-0.04680633544921875
reward/position,15497,1786574354.393296,-0.08225250244140625
reward/position,15517,1786574356.562899,-0.0667877197265625
reward/position,15535,1786574358.399729,-0.7831802368164062
reward/position,15553,1786574361.142289,-0.26070424914360046
reward/position,15566,1786574362.895375,-0.1822129637002945
reward/position,15590,1786574366.018977,-0.5978779792785645
reward/position,15614,1786574369.138079,-0.3212856650352478
reward/position,15640,1786574372.487642,-0.024754609912633896
reward/position,15662,1786574375.369363,-0.21027755737304688
reward/position,15687,1786574378.792899,-0.0264129638671875
reward/position,15713,1786574381.957027,-0.080657958984375
reward/position,15729,1786574383.864688,-0.088104248046875
reward/position,15753,1786574386.686302,-0.4889373779296875
reward/position,15767,1786574388.407384,-0.358306884765625
reward/position,15792,1786574391.511587,-0.09439849853515625
reward/position,15815,1786574394.451370,-0.17800141870975494
reward/position,15840,1786574397.485300,-0.5246201157569885
reward/position,15856,1786574399.390959,-0.28757479786872864
reward/position,15884,1786574402.525861,-0.7665558457374573
reward/position,15900,1786574404.509359,-0.0293731689453125
reward/position,15925,1786574409.140806,-0.18026351928710938
reward/position,15940,1786574411.492455,-0.4434852600097656
reward/position,15964,1786574415.107378,-0.5294189453125
reward/position,15982,1786574417.650816,-0.2876129150390625
reward/position,16008,1786574421.404756,-0.08502960205078125
reward/position,16024,1786574423.721443,-0.14859771728515625
reward/position,16039,1786574425.828746,-0.2691078186035156
reward/position,16062,1786574428.987131,-0.6898345947265625
reward/position,16082,1786574431.958799,-0.6954612731933594
reward/position,16102,1786574434.860887,-0.2854652404785156
reward/position,16113,1786574436.512505,-0.03863525390625
reward/position,16129,1786574438.890831,-0.14245986938476562
reward/position,16146,1786574441.319156,-0.07061386108398438
reward/position,16166,1786574444.213861,-0.17296218872070312
reward/position,16176,1786574445.632530,-0.171844482421875
reward/position,16196,1786574448.428353,-0.07944488525390625
reward/position,16211,1786574450.529065,-0.26287841796875
reward/position,16235,1786574453.903411,-0.038578033447265625
reward/position,16251,1786574456.114195,-0.10049819946289062
reward/position,16275,1786574459.408123,-0.8531951904296875
reward/position,16291,1786574463.619112,-0.10697013139724731
reward/position,16317,1786574467.368167,-0.3583291172981262
reward/position,16349,1786574472.105876,-0.46397605538368225
reward/position,16368,1786574475.166468,-0.7592428922653198
reward/position,16395,1786574479.614699,-0.822711706161499
reward/position,16408,1786574481.160772,-0.33760541677474976
reward/position,16428,1786574485.536484,-0.018242288380861282
reward/position,16446,1786574488.944848,-0.02795398235321045
reward/position,16466,1786574492.758558,-0.031021714210510254
reward/position,16486,1786574496.538593,-0.7268730998039246
reward/position,16506,1786574500.492813,-0.20352637767791748
reward/position,16529,1786574504.944415,-0.17919743061065674
reward/position,16555,1786574509.864811,-0.22636401653289795
reward/position,16572,1786574513.026953,-0.1795666217803955
reward/position,16585,1786574515.482458,-0.6253876686096191
reward/position,16603,1786574518.460446,-0.2555847465991974
reward/position,16627,1786574521.694798,-0.6077882051467896
reward/position,16645,1786574524.937591,-0.5350952744483948
reward/position,16665,1786574527.652131,-1.0012208223342896
reward/position,16680,1786574530.640777,-0.1500701904296875
reward/position,16697,1786574534.954325,-0.039839982986450195
reward/position,16725,1786574539.917848,-0.3415493369102478
reward/position,16742,1786574542.848759,-0.2304668426513672
reward/position,16769,1786574547.213178,-0.23554259538650513
reward/position,16787,1786574549.548445,-0.15706801414489746
reward/position,16803,1786574551.657489,-0.6629553437232971
reward/position,16823,1786574554.371011,-0.03324563056230545
reward/position,16843,1786574556.816281,-0.03346223011612892
reward/position,16864,1786574559.434294,-0.5098304152488708
reward/position,16885,1786574563.850319,-0.031253814697265625
reward/position,16903,1786574566.414688,-0.603485107421875
reward/position,16924,1786574569.253657,-0.16545355319976807
reward/position,16942,1786574571.312992,-0.2818068265914917
reward/position,16959,1786574573.316555,-0.7840571403503418
reward/position,16977,1786574575.350564,-0.9466228485107422
reward/position,16997,1786574580.211118,-0.28565025329589844
reward/position,17012,1786574582.784715,-0.4910144805908203
reward/position,17026,1786574585.197419,-0.7592239379882812
reward/position,17045,1786574588.416008,-0.5647659301757812
reward/position,17069,1786574592.416657,-0.5624256134033203
reward/position,17094,1786574596.568757,-0.3383636474609375
reward/position,17116,1786574600.019830,-0.8360153436660767
reward/position,17134,1786574602.883825,-0.02154676802456379
reward/position,17156,1786574605.619950,-0.5108359456062317
reward/position,17173,1786574607.733484,-0.688445508480072
reward/position,17198,1786574611.181275,-0.997765064239502
reward/position,17216,1786574615.398999,-0.24731826782226562
reward/position,17243,1786574619.504247,-0.024214819073677063
reward/position,17256,1786574620.908153,-0.0486777238547802
reward/position,17286,1786574624.157124,-0.22620588541030884
reward/position,17322,1786574628.575928,-0.020807521417737007
reward/position,17345,1786574631.205773,-0.07132538408041
reward/position,17362,1786574633.013908,-0.5581243634223938
reward/position,17388,1786574635.904710,-0.27616560459136963
reward/position,17406,1786574637.967752,-0.08918185532093048
reward/position,17434,1786574641.851088,-0.7515532374382019
reward/position,17458,1786574644.918816,-0.38874825835227966
reward/position,17481,1786574647.900895,-0.3477936387062073
reward/position,17504,1786574650.926752,-0.7458345293998718
reward/position,17521,1786574653.214293,-0.709671139717102
reward/position,17537,1786574655.362064,-0.40489205718040466
reward/position,17557,1786574658.015531,-0.057358238846063614
reward/position,17577,1786574660.591295,-0.18812565505504608
reward/position,17595,1786574663.899931,-0.1987714022397995
reward/position,17616,1786574667.552562,-0.34044647216796875
reward/position,17630,1786574670.033585,-0.09053611755371094
reward/position,17643,1786574672.272775,-0.4727287292480469
reward/position,17669,1786574676.462845,-0.4404773712158203
reward/position,17687,1786574679.518827,-0.44106292724609375
reward/position,17699,1786574681.577351,-0.4283885955810547
reward/position,17722,1786574685.573364,-0.8196372985839844
reward/position,17735,1786574687.826913,-0.4419708251953125
reward/position,17754,1786574691.110046,-0.5146389007568359
reward/position,17782,1786574695.834610,-0.6079044342041016
reward/position,17805,1786574699.539459,-0.5062789916992188
reward/position,17824,1786574702.656294,-0.40882110595703125
reward/position,17841,1786574705.517279,-0.480987548828125
reward/position,17866,1786574709.592258,-0.11568832397460938
reward/position,17884,1786574712.483348,-0.2655601501464844
reward/position,17901,1786574716.476149,-0.17465972900390625
reward/position,17925,1786574719.725977,-0.4412040710449219
reward/position,17941,1786574721.906155,-0.7747077941894531
reward/position,17965,1786574725.159034,-0.05376434326171875
reward/position,17980,1786574727.116958,-0.25008392333984375
reward/position,18003,1786574729.449009,-0.1783294677734375
reward/position,18025,1786574731.651423,-0.7826309204101562
reward/position,18042,1786574733.351997,-0.08723568171262741
reward/position,18062,1786574735.296949,-0.09152984619140625
reward/position,18081,1786574737.086408,-0.2024652510881424
reward/position,18107,1786574739.470901,-0.218414306640625
reward/position,18121,1786574740.724237,-0.30429840087890625
reward/position,18136,1786574742.075625,-0.06566619873046875
reward/position,18153,1786574743.590074,-0.14004135131835938
reward/position,18176,1786574745.639388,-0.8463554382324219
reward/position,18197,1786574747.440560,-0.9668540954589844
reward/position,18215,1786574748.926161,-0.3430525064468384
reward/position,18231,1786574750.242056,-0.2705809473991394
reward/position,18245,1786574751.848172,-0.1718597561120987
reward/position,18265,1786574754.373909,-0.31536865234375
reward/position,18278,1786574756.044334,-0.4586334526538849
reward/position,18300,1786574758.824818,-0.4494629204273224
reward/position,18318,1786574761.057507,-0.0500335693359375
reward/position,18345,1786574764.398303,-0.0741577222943306
reward/position,18366,1786574767.161077,-0.9294129014015198
reward/position,18390,1786574770.177051,-0.4622040092945099
reward/position,18405,1786574772.040724,-0.2669677138328552
reward/position,18423,1786574774.284127,-0.46141043305397034
reward/position,18441,1786574777.056722,-0.703933596611023
reward/position,18458,1786574779.120732,-0.10777280479669571
reward/position,18479,1786574781.593232,-0.6758421659469604
reward/position,18504,1786574784.541078,-0.9003433585166931
reward/position,18523,1786574786.815095,-0.37873679399490356
reward/position,18542,1786574789.053168,-0.7253555059432983
reward/position,18556,1786574790.702667,-0.3659651577472687
reward/position,18580,1786574793.525728,-0.18853594362735748
reward/position,18592,1786574794.919416,-0.2967665493488312
reward/position,18607,1786574796.645354,-0.0645277351140976
reward/position,18626,1786574798.786108,-0.0616743341088295
reward/position,18652,1786574801.702287,-0.0021531975362449884
reward/position,18670,1786574803.718670,-0.18787981569766998
reward/position,18682,1786574805.034990,-0.5011580586433411
reward/position,18701,1786574807.564540,-0.0479583740234375
reward/position,18722,1786574810.255504,-0.005561827216297388
reward/position,18739,1786574812.426418,-0.0033340442460030317
reward/position,18758,1786574814.920820,-0.0571136474609375
reward/position,18778,1786574817.560775,-0.2886962890625
reward/position,18802,1786574822.690954,-0.17684364318847656
reward/position,18821,1786574826.056223,-0.04449462890625
reward/position,18839,1786574829.253703,-0.12959861755371094
reward/position,18860,1786574832.938786,-0.1573772430419922
reward/position,18879,1786574836.271225,-0.17785072326660156
reward/position,18894,1786574838.854236,-0.2336711883544922
reward/position,18917,1786574842.907963,-0.1656951904296875
reward/position,18932,1786574845.571676,-0.7378749847412109
reward/position,18953,1786574849.176324,-0.36899375915527344
reward/position,18977,1786574853.204433,-0.37491798400878906
reward/position,18994,1786574855.910542,-0.17018508911132812
reward/position,19014,1786574859.066880,-0.04146003723144531
reward/position,19029,1786574861.406476,-0.4315223693847656
reward/position,19044,1786574863.740573,-0.6565418243408203
reward/position,19070,1786574867.700967,-0.4481048583984375
reward/position,19092,1786574870.979037,-0.4711170196533203
reward/position,19111,1786574873.775427,-0.3258020579814911
reward/position,19135,1786574877.209447,-0.20531082153320312
reward/position,19154,1786574879.297730,-0.5217781066894531
reward/position,19185,1786574882.072710,-0.06861114501953125
reward/position,19206,1786574883.919707,-0.2938652038574219
reward/position,19227,1786574885.818326,-0.4361839294433594
reward/position,19246,1786574887.463635,-0.11273574829101562
reward/position,19275,1786574889.893878,-0.33225560188293457
reward/position,19294,1786574891.450604,-0.4816627502441406
reward/position,19319,1786574896.043962,-0.20619341731071472
reward/position,19343,1786574900.437880,-0.015599848702549934
reward/position,19363,1786574904.106275,-0.1444554626941681
reward/position,19389,1786574908.756548,-0.5681003332138062
reward/position,19408,1786574912.074855,-0.6284352540969849
reward/position,19441,1786574917.768516,-0.002929031616076827
reward/position,19461,1786574921.933915,-0.030410772189497948
reward/position,19480,1786574924.874177,-0.1563263237476349
reward/position,19494,1786574927.008919,-0.48651131987571716
reward/position,19509,1786574929.327723,-0.5335389375686646
reward/position,19534,1786574933.239714,-0.1648559868335724
reward/position,19551,1786574935.834680,-0.11801149696111679
reward/position,19581,1786574940.227326,-0.6575318574905396
reward/position,19596,1786574942.137668,-0.02733612060546875
reward/position,19612,1786574943.768186,-0.279083251953125
reward/position,19635,1786574946.119732,-0.28034210205078125
reward/position,19665,1786574949.323575,-0.037750244140625
reward/position,19685,1786574951.429774,-0.03180694580078125
reward/position,19699,1786574952.846975,-0.4579925537109375
reward/position,19714,1786574954.364351,-0.9798736572265625
reward/position,19736,1786574956.771806,-0.057205211371183395
reward/position,19759,1786574958.947462,-0.23431400954723358
reward/position,19772,1786574960.151354,-0.5547791123390198
reward/position,19794,1786574962.241374,-0.051635753363370895
reward/position,19813,1786574964.103095,-0.8080446124076843
reward/position,19831,1786574965.831527,-0.9829713702201843
reward/position,19852,1786574968.266063,-0.0331268273293972
reward/position,19873,1786574970.725234,-0.2500915825366974
reward/position,19887,1786574972.324630,-0.13312532007694244
reward/position,19905,1786574974.414423,-0.3438873589038849
reward/position,19933,1786574977.675720,-0.48401644825935364
reward/position,19947,1786574979.349576,-0.2615967094898224
reward/position,19971,1786574982.262899,-0.0129470806568861
reward/position,20000,1786574986.932702,-0.0595703125
reward/red_light,3,1786572116.608046,0.0
reward/red_light,24,1786572119.360196,0.0
reward/red_light,53,1786572123.233417,0.0
reward/red_light,79,1786572126.722463,0.0
reward/red_light,97,1786572130.816120,0.0
reward/red_light,119,1786572133.881617,0.0
reward/red_light,137,1786572136.336139,0.0
reward/red_light,153,1786572138.535069,0.0
reward/red_light,177,1786572141.858788,0.0
reward/red_light,206,1786572145.929888,0.0
reward/red_light,221,1786572148.090266,0.0
reward/red_light,241,1786572150.371860,0.0
reward/red_light,261,1786572152.514726,0.0
reward/red_light,282,1786572154.716058,0.0
reward/red_light,302,1786572156.850595,0.0
reward/red_light,322,1786572158.974349,0.0
reward/red_light,334,1786572160.648132,0.0
reward/red_light,356,1786572163.183328,0.0
reward/red_light,381,1786572166.078200,0.0
reward/red_light,405,1786572168.845454,0.0
reward/red_light,422,1786572170.802736,0.0
reward/red_light,443,1786572175.832675,0.0
reward/red_light,466,1786572179.004430,0.0
reward/red_light,494,1786572182.216271,0.0
reward/red_light,517,1786572185.004816,0.0
reward/red_light,545,1786572187.845203,0.0
reward/red_light,556,1786572188.973901,0.0
reward/red_light,580,1786572191.493550,0.0
reward/red_light,599,1786572193.493739,0.0
reward/red_light,621,1786572195.716549,0.0
reward/red_light,646,1786572198.526287,0.0
reward/red_light,668,1786572200.758063,0.0
reward/red_light,686,1786572202.537635,0.0
reward/red_light,708,1786572204.718878,0.0
reward/red_light,729,1786572206.800520,0.0
reward/red_light,751,1786572209.793150,0.0
reward/red_light,771,1786572212.632317,0.0
reward/red_light,794,1786572215.884417,0.0
reward/red_light,812,1786572218.416332,0.0
reward/red_light,835,1786572221.527328,0.0
reward/red_light,851,1786572223.683373,0.0
reward/red_light,868,1786572225.540814,0.0
reward/red_light,883,1786572227.201873,0.0
reward/red_light,901,1786572229.244219,0.0
reward/red_light,915,1786572230.801697,0.0
reward/red_light,933,1786572232.744145,0.0
reward/red_light,946,1786572234.171297,0.0
reward/red_light,971,1786572236.819939,0.0
reward/red_light,989,1786572238.749662,0.0
reward/red_light,1004,1786572240.352582,0.0
reward/red_light,1027,1786572243.240205,0.0
reward/red_light,1053,1786572245.801392,0.0
reward/red_light,1070,1786572248.127667,0.0
reward/red_light,1088,1786572250.678528,0.0
reward/red_light,1102,1786572252.653279,0.0
reward/red_light,1119,1786572255.060466,0.0
reward/red_light,1146,1786572258.930691,0.0
reward/red_light,1166,1786572261.709311,0.0
reward/red_light,1186,1786572264.449510,0.0
reward/red_light,1208,1786572267.212878,0.0
reward/red_light,1228,1786572269.440767,0.0
reward/red_light,1251,1786572271.647383,0.0
reward/red_light,1266,1786572272.980381,0.0
reward/red_light,1279,1786572274.121834,0.0
reward/red_light,1300,1786572275.966252,0.0
reward/red_light,1323,1786572277.971594,0.0
reward/red_light,1337,1786572279.878980,0.0
reward/red_light,1357,1786572282.238022,0.0
reward/red_light,1381,1786572287.898416,0.0
reward/red_light,1398,1786572291.328355,0.0
reward/red_light,1412,1786572294.118787,0.0
reward/red_light,1433,1786572298.316263,0.0
reward/red_light,1451,1786572301.848903,0.0
reward/red_light,1468,1786572305.166863,0.0
reward/red_light,1485,1786572308.451461,0.0
reward/red_light,1515,1786572314.207545,0.0
reward/red_light,1532,1786572317.498320,0.0
reward/red_light,1552,1786572321.488371,0.0
reward/red_light,1574,1786572326.062076,0.0
reward/red_light,1595,1786572330.589267,0.0
reward/red_light,1611,1786572335.023921,0.0
reward/red_light,1624,1786572337.247311,0.0
reward/red_light,1637,1786572339.474386,0.0
reward/red_light,1655,1786572342.595578,0.0
reward/red_light,1675,1786572346.078664,0.0
reward/red_light,1692,1786572348.986611,0.0
reward/red_light,1707,1786572351.484854,0.0
reward/red_light,1729,1786572355.064635,0.0
reward/red_light,1747,1786572357.185410,0.0
reward/red_light,1759,1786572358.573458,0.0
reward/red_light,1773,1786572360.892164,0.0
reward/red_light,1790,1786572363.260810,0.0
reward/red_light,1808,1786572365.750324,0.0
reward/red_light,1828,1786572368.459661,0.0
reward/red_light,1858,1786572371.785278,0.0
reward/red_light,1880,1786572374.283782,0.0
reward/red_light,1899,1786572376.380558,0.0
reward/red_light,1919,1786572378.530379,0.0
reward/red_light,1941,1786572380.906609,0.0
reward/red_light,1968,1786572383.900825,0.0
reward/red_light,1995,1786572389.315324,0.0
reward/red_light,2014,1786572392.937311,0.0
reward/red_light,2028,1786572395.566317,0.0
reward/red_light,2048,1786572399.440008,0.0
reward/red_light,2061,1786572402.369513,0.0
reward/red_light,2083,1786572406.544324,0.0
reward/red_light,2104,1786572412.051886,0.0
reward/red_light,2126,1786572415.995539,0.0
reward/red_light,2147,1786572419.760229,0.0
reward/red_light,2172,1786572423.336272,0.0
reward/red_light,2197,1786572430.000607,0.0
reward/red_light,2219,1786572433.736685,0.0
reward/red_light,2233,1786572435.462938,0.0
reward/red_light,2248,1786572437.397791,0.0
reward/red_light,2270,1786572439.994170,0.0
reward/red_light,2289,1786572442.231567,0.0
reward/red_light,2314,1786572445.300386,0.0
reward/red_light,2333,1786572448.178726,0.0
reward/red_light,2351,1786572451.429944,0.0
reward/red_light,2384,1786572455.779474,0.0
reward/red_light,2405,1786572458.271165,0.0
reward/red_light,2423,1786572460.444651,0.0
reward/red_light,2449,1786572463.550060,0.0
reward/red_light,2462,1786572465.076504,0.0
reward/red_light,2477,1786572466.844165,0.0
reward/red_light,2491,1786572468.508078,0.0
reward/red_light,2513,1786572471.495136,0.0
reward/red_light,2534,1786572474.314570,0.0
reward/red_light,2557,1786572477.359466,0.0
reward/red_light,2579,1786572480.511845,0.0
reward/red_light,2602,1786572483.112105,0.0
reward/red_light,2618,1786572484.949836,0.0
reward/red_light,2647,1786572488.136545,0.0
reward/red_light,2673,1786572492.663104,0.0
reward/red_light,2696,1786572496.114653,0.0
reward/red_light,2717,1786572499.308418,0.0
reward/red_light,2745,1786572503.559735,0.0
reward/red_light,2766,1786572506.776356,0.0
reward/red_light,2801,1786572511.807838,0.0
reward/red_light,2823,1786572514.776071,0.0
reward/red_light,2849,1786572518.401039,0.0
reward/red_light,2864,1786572522.434901,0.0
reward/red_light,2886,1786572525.522039,0.0
reward/red_light,2904,1786572528.040223,0.0
reward/red_light,2921,1786572530.452383,0.0
reward/red_light,2938,1786572532.850909,0.0
reward/red_light,2957,1786572535.840841,0.0
reward/red_light,2976,1786572538.458311,0.0
reward/red_light,2998,1786572543.517835,0.0
reward/red_light,3023,1786572547.268510,0.0
reward/red_light,3046,1786572550.693773,0.0
reward/red_light,3064,1786572553.003321,0.0
reward/red_light,3087,1786572556.462653,0.0
reward/red_light,3108,1786572559.234962,0.0
reward/red_light,3135,1786572562.769420,0.0
reward/red_light,3159,1786572566.172514,0.0
reward/red_light,3177,1786572568.319270,0.0
reward/red_light,3196,1786572572.083544,0.0
reward/red_light,3212,1786572574.482110,0.0
reward/red_light,3230,1786572577.190902,0.0
reward/red_light,3260,1786572579.772930,0.0
reward/red_light,3283,1786572583.814571,0.0
reward/red_light,3302,1786572586.303396,0.0
reward/red_light,3331,1786572592.123278,0.0
reward/red_light,3344,1786572594.116450,0.0
reward/red_light,3363,1786572596.958193,0.0
reward/red_light,3378,1786572599.620733,0.0
reward/red_light,3406,1786572602.775991,0.0
reward/red_light,3421,1786572604.513510,0.0
reward/red_light,3434,1786572606.014490,0.0
reward/red_light,3450,1786572607.906433,0.0
reward/red_light,3472,1786572610.499502,0.0
reward/red_light,3488,1786572612.432336,0.0
reward/red_light,3509,1786572615.575826,0.0
reward/red_light,3532,1786572618.500022,0.0
reward/red_light,3546,1786572620.014640,0.0
reward/red_light,3564,1786572622.295613,0.0
reward/red_light,3586,1786572624.602866,0.0
reward/red_light,3607,1786572626.750596,0.0
reward/red_light,3629,1786572629.004236,0.0
reward/red_light,3659,1786572632.756233,0.0
reward/red_light,3675,1786572634.648599,0.0
reward/red_light,3690,1786572636.970043,0.0
reward/red_light,3707,1786572639.242913,0.0
reward/red_light,3722,1786572641.733295,0.0
reward/red_light,3743,1786572644.428211,0.0
reward/red_light,3767,1786572649.860684,0.0
reward/red_light,3788,1786572653.236276,0.0
reward/red_light,3800,1786572655.263861,0.0
reward/red_light,3818,1786572658.228349,0.0
reward/red_light,3836,1786572661.165941,0.0
reward/red_light,3856,1786572664.389346,0.0
reward/red_light,3881,1786572668.205571,0.0
reward/red_light,3898,1786572672.684933,0.0
reward/red_light,3915,1786572675.536089,0.0
reward/red_light,3931,1786572679.890785,0.0
reward/red_light,3946,1786572683.294647,0.0
reward/red_light,3962,1786572686.857995,0.0
reward/red_light,3978,1786572689.883177,0.0
reward/red_light,4002,1786572694.548653,0.0
reward/red_light,4021,1786572698.678196,0.0
reward/red_light,4039,1786572702.550554,0.0
reward/red_light,4055,1786572705.975853,0.0
reward/red_light,4071,1786572709.147695,0.0
reward/red_light,4087,1786572711.075211,0.0
reward/red_light,4105,1786572715.499527,0.0
reward/red_light,4122,1786572717.634576,0.0
reward/red_light,4148,1786572720.721136,0.0
reward/red_light,4172,1786572723.147660,0.0
reward/red_light,4188,1786572725.640882,0.0
reward/red_light,4208,1786572729.802552,0.0
reward/red_light,4221,1786572731.697290,0.0
reward/red_light,4240,1786572734.829558,0.0
reward/red_light,4257,1786572737.382053,0.0
reward/red_light,4270,1786572739.123676,0.0
reward/red_light,4292,1786572742.067760,0.0
reward/red_light,4308,1786572746.133427,0.0
reward/red_light,4323,1786572748.290576,0.0
reward/red_light,4363,1786572754.022725,0.0
reward/red_light,4375,1786572755.805129,0.0
reward/red_light,4396,1786572760.674892,0.0
reward/red_light,4426,1786572765.161934,0.0
reward/red_light,4451,1786572768.512052,0.0
reward/red_light,4468,1786572770.948625,0.0
reward/red_light,4486,1786572775.131218,0.0
reward/red_light,4520,1786572780.721412,0.0
reward/red_light,4538,1786572783.652196,0.0
reward/red_light,4560,1786572787.231978,0.0
reward/red_light,4585,1786572791.648013,0.0
reward/red_light,4602,1786572794.008372,0.0
reward/red_light,4617,1786572796.327923,0.0
reward/red_light,4636,1786572798.461835,0.0
reward/red_light,4661,1786572801.294966,0.0
reward/red_light,4680,1786572803.490102,0.0
reward/red_light,4699,1786572805.938860,0.0
reward/red_light,4716,1786572807.645552,0.0
reward/red_light,4736,1786572809.602606,0.0
reward/red_light,4762,1786572812.202376,0.0
reward/red_light,4775,1786572813.573125,0.0
reward/red_light,4795,1786572817.343411,0.0
reward/red_light,4814,1786572820.236526,0.0
reward/red_light,4827,1786572822.266241,0.0
reward/red_light,4843,1786572824.803050,0.0
reward/red_light,4860,1786572827.185094,0.0
reward/red_light,4877,1786572829.674052,0.0
reward/red_light,4894,1786572831.903142,0.0
reward/red_light,4911,1786572834.844044,0.0
reward/red_light,4929,1786572838.241749,0.0
reward/red_light,4951,1786572841.603184,0.0
reward/red_light,4974,1786572844.927145,0.0
reward/red_light,4989,1786572846.650212,0.0
reward/red_light,5007,1786572848.704964,0.0
reward/red_light,5026,1786572851.759117,0.0
reward/red_light,5046,1786572854.390264,0.0
reward/red_light,5064,1786572856.744486,0.0
reward/red_light,5087,1786572862.706810,0.0
reward/red_light,5109,1786572866.629685,0.0
reward/red_light,5131,1786572870.992592,0.0
reward/red_light,5153,1786572873.515033,0.0
reward/red_light,5171,1786572875.569478,0.0
reward/red_light,5192,1786572878.283168,0.0
reward/red_light,5223,1786572884.124035,0.0
reward/red_light,5244,1786572886.929406,0.0
reward/red_light,5259,1786572889.073847,0.0
reward/red_light,5274,1786572891.208065,0.0
reward/red_light,5291,1786572895.568025,0.0
reward/red_light,5317,1786572899.300702,0.0
reward/red_light,5341,1786572902.014474,0.0
reward/red_light,5367,1786572904.996268,0.0
reward/red_light,5381,1786572907.101330,0.0
reward/red_light,5395,1786572908.848707,0.0
reward/red_light,5418,1786572912.002372,0.0
reward/red_light,5433,1786572913.762868,0.0
reward/red_light,5451,1786572917.715838,0.0
reward/red_light,5471,1786572920.645502,0.0
reward/red_light,5494,1786572923.735367,0.0
reward/red_light,5509,1786572925.804427,0.0
reward/red_light,5537,1786572929.768027,0.0
reward/red_light,5552,1786572934.120614,0.0
reward/red_light,5571,1786572937.126548,0.0
reward/red_light,5592,1786572941.701729,0.0
reward/red_light,5610,1786572944.718824,0.0
reward/red_light,5632,1786572948.512246,0.0
reward/red_light,5653,1786572953.655810,0.0
reward/red_light,5668,1786572955.942445,0.0
reward/red_light,5680,1786572957.656003,0.0
reward/red_light,5700,1786572960.367845,0.0
reward/red_light,5716,1786572962.239973,0.0
reward/red_light,5746,1786572966.675230,0.0
reward/red_light,5773,1786572970.942396,0.0
reward/red_light,5789,1786572972.807300,0.0
reward/red_light,5805,1786572974.623658,0.0
reward/red_light,5821,1786572979.044050,0.0
reward/red_light,5837,1786572981.786664,0.0
reward/red_light,5861,1786572985.919533,0.0
reward/red_light,5884,1786572988.578081,0.0
reward/red_light,5905,1786572990.627719,0.0
reward/red_light,5926,1786572992.706786,0.0
reward/red_light,5941,1786572994.176837,0.0
reward/red_light,5961,1786572996.190525,0.0
reward/red_light,5981,1786572998.431627,0.0
reward/red_light,6004,1786573002.240445,0.0
reward/red_light,6025,1786573005.759617,0.0
reward/red_light,6042,1786573008.150450,0.0
reward/red_light,6059,1786573012.145437,0.0
reward/red_light,6079,1786573015.232070,0.0
reward/red_light,6094,1786573019.160294,0.0
reward/red_light,6112,1786573021.886778,0.0
reward/red_light,6135,1786573025.648039,0.0
reward/red_light,6148,1786573027.943593,0.0
reward/red_light,6164,1786573030.166861,0.0
reward/red_light,6190,1786573033.729833,0.0
reward/red_light,6214,1786573036.449729,0.0
reward/red_light,6236,1786573039.440619,0.0
reward/red_light,6259,1786573042.302463,0.0
reward/red_light,6285,1786573045.646403,0.0
reward/red_light,6305,1786573048.520611,0.0
reward/red_light,6325,1786573051.508828,0.0
reward/red_light,6341,1786573055.791489,0.0
reward/red_light,6362,1786573059.705698,0.0
reward/red_light,6394,1786573064.490796,0.0
reward/red_light,6414,1786573066.914625,0.0
reward/red_light,6439,1786573069.897439,0.0
reward/red_light,6457,1786573072.840156,0.0
reward/red_light,6472,1786573075.054106,0.0
reward/red_light,6500,1786573079.478700,0.0
reward/red_light,6520,1786573082.705327,0.0
reward/red_light,6541,1786573084.991438,0.0
reward/red_light,6560,1786573087.859951,0.0
reward/red_light,6581,1786573092.471642,0.0
reward/red_light,6597,1786573094.438171,0.0
reward/red_light,6616,1786573097.253111,0.0
reward/red_light,6636,1786573099.945123,0.0
reward/red_light,6661,1786573102.252044,0.0
reward/red_light,6686,1786573104.654313,0.0
reward/red_light,6704,1786573108.678016,0.0
reward/red_light,6719,1786573110.757493,0.0
reward/red_light,6744,1786573114.262159,0.0
reward/red_light,6761,1786573116.420720,0.0
reward/red_light,6789,1786573122.786030,0.0
reward/red_light,6813,1786573127.092104,0.0
reward/red_light,6826,1786573129.400589,0.0
reward/red_light,6845,1786573132.780285,0.0
reward/red_light,6861,1786573135.587592,0.0
reward/red_light,6876,1786573138.187355,0.0
reward/red_light,6896,1786573143.092081,0.0
reward/red_light,6913,1786573145.127781,0.0
reward/red_light,6943,1786573148.536172,0.0
reward/red_light,6963,1786573151.018319,0.0
reward/red_light,6978,1786573152.731154,0.0
reward/red_light,6994,1786573154.523537,0.0
reward/red_light,7014,1786573158.314108,0.0
reward/red_light,7031,1786573159.974262,0.0
reward/red_light,7053,1786573162.169323,0.0
reward/red_light,7073,1786573166.796069,0.0
reward/red_light,7089,1786573169.225285,0.0
reward/red_light,7119,1786573173.669603,0.0
reward/red_light,7136,1786573176.310174,0.0
reward/red_light,7157,1786573179.429298,0.0
reward/red_light,7177,1786573182.913650,0.0
reward/red_light,7194,1786573185.423982,0.0
reward/red_light,7210,1786573187.773015,0.0
reward/red_light,7227,1786573190.415922,0.0
reward/red_light,7250,1786573193.844289,0.0
reward/red_light,7269,1786573196.531597,0.0
reward/red_light,7292,1786573199.436076,0.0
reward/red_light,7310,1786573201.672496,0.0
reward/red_light,7329,1786573204.064658,-10.0
reward/red_light,7347,1786573206.379158,0.0
reward/red_light,7371,1786573209.457893,0.0
reward/red_light,7392,1786573212.128648,0.0
reward/red_light,7410,1786573214.299877,0.0
reward/red_light,7430,1786573216.582592,0.0
reward/red_light,7444,1786573218.188057,0.0
reward/red_light,7465,1786573220.608782,0.0
reward/red_light,7484,1786573222.751481,0.0
reward/red_light,7510,1786573228.155127,0.0
reward/red_light,7531,1786573231.939855,0.0
reward/red_light,7547,1786573235.272386,0.0
reward/red_light,7563,1786573237.094922,0.0
reward/red_light,7583,1786573239.339794,0.0
reward/red_light,7611,1786573242.499946,0.0
reward/red_light,7637,1786573245.477215,0.0
reward/red_light,7653,1786573249.313820,0.0
reward/red_light,7671,1786573252.960267,0.0
reward/red_light,7693,1786573257.328217,0.0
reward/red_light,7718,1786573260.454833,0.0
reward/red_light,7737,1786573262.545619,0.0
reward/red_light,7763,1786573265.940955,0.0
reward/red_light,7783,1786573268.733474,0.0
reward/red_light,7793,1786573270.075030,0.0
reward/red_light,7817,1786573273.691934,0.0
reward/red_light,7840,1786573277.498943,0.0
reward/red_light,7856,1786573279.881367,0.0
reward/red_light,7870,1786573281.729804,0.0
reward/red_light,7887,1786573284.038234,0.0
reward/red_light,7916,1786573287.842461,0.0
reward/red_light,7932,1786573290.062469,0.0
reward/red_light,7951,1786573292.010044,0.0
reward/red_light,7969,1786573294.878197,0.0
reward/red_light,7990,1786573298.263072,0.0
reward/red_light,8006,1786573300.882205,0.0
reward/red_light,8022,1786573303.669173,0.0
reward/red_light,8050,1786573306.667979,0.0
reward/red_light,8076,1786573309.465093,0.0
reward/red_light,8093,1786573311.406996,0.0
reward/red_light,8115,1786573313.933873,0.0
reward/red_light,8128,1786573315.409613,0.0
reward/red_light,8151,1786573318.190663,0.0
reward/red_light,8179,1786573323.280431,0.0
reward/red_light,8198,1786573326.824807,0.0
reward/red_light,8216,1786573329.684293,0.0
reward/red_light,8233,1786573332.359988,0.0
reward/red_light,8245,1786573335.824356,0.0
reward/red_light,8269,1786573339.672033,0.0
reward/red_light,8288,1786573342.673611,0.0
reward/red_light,8311,1786573346.017135,0.0
reward/red_light,8327,1786573347.860741,0.0
reward/red_light,8349,1786573350.518289,0.0
reward/red_light,8366,1786573352.520631,0.0
reward/red_light,8394,1786573355.740140,0.0
reward/red_light,8412,1786573358.250351,0.0
reward/red_light,8427,1786573360.700834,0.0
reward/red_light,8446,1786573362.931643,0.0
reward/red_light,8468,1786573365.322663,0.0
reward/red_light,8490,1786573368.904208,0.0
reward/red_light,8507,1786573371.632437,0.0
reward/red_light,8529,1786573375.066998,0.0
reward/red_light,8549,1786573377.538947,0.0
reward/red_light,8574,1786573380.881156,0.0
reward/red_light,8595,1786573383.491044,0.0
reward/red_light,8620,1786573386.766786,0.0
reward/red_light,8646,1786573389.945589,0.0
reward/red_light,8660,1786573391.654946,0.0
reward/red_light,8683,1786573394.936861,0.0
reward/red_light,8705,1786573399.626389,0.0
reward/red_light,8727,1786573402.510347,0.0
reward/red_light,8747,1786573405.802992,0.0
reward/red_light,8763,1786573408.416001,0.0
reward/red_light,8782,1786573411.135385,0.0
reward/red_light,8802,1786573413.479630,0.0
reward/red_light,8825,1786573416.073240,0.0
reward/red_light,8846,1786573419.267103,0.0
reward/red_light,8864,1786573423.615856,0.0
reward/red_light,8887,1786573427.160698,0.0
reward/red_light,8904,1786573429.909893,0.0
reward/red_light,8930,1786573434.135849,0.0
reward/red_light,8947,1786573436.659417,0.0
reward/red_light,8967,1786573438.780874,0.0
reward/red_light,8982,1786573440.353174,0.0
reward/red_light,8996,1786573441.845861,0.0
reward/red_light,9008,1786573443.126348,0.0
reward/red_light,9032,1786573445.705337,0.0
reward/red_light,9053,1786573448.001358,0.0
reward/red_light,9085,1786573451.529899,0.0
reward/red_light,9103,1786573453.454277,0.0
reward/red_light,9122,1786573455.478086,0.0
reward/red_light,9133,1786573456.631749,0.0
reward/red_light,9158,1786573462.027808,0.0
reward/red_light,9178,1786573464.849285,0.0
reward/red_light,9203,1786573468.387383,0.0
reward/red_light,9223,1786573471.639814,0.0
reward/red_light,9241,1786573474.238522,0.0
reward/red_light,9264,1786573477.603437,0.0
reward/red_light,9286,1786573480.810738,0.0
reward/red_light,9304,1786573483.540452,0.0
reward/red_light,9315,1786573485.197950,0.0
reward/red_light,9332,1786573487.690834,0.0
reward/red_light,9356,1786573491.240546,0.0
reward/red_light,9380,1786573496.731232,0.0
reward/red_light,9396,1786573499.621835,0.0
reward/red_light,9411,1786573502.432105,0.0
reward/red_light,9430,1786573505.954368,0.0
reward/red_light,9444,1786573508.497479,0.0
reward/red_light,9463,1786573511.968042,0.0
reward/red_light,9480,1786573515.029658,0.0
reward/red_light,9500,1786573518.847096,0.0
reward/red_light,9519,1786573521.403783,0.0
reward/red_light,9536,1786573523.759850,0.0
reward/red_light,9554,1786573526.020998,0.0
reward/red_light,9576,1786573528.685244,0.0
reward/red_light,9594,1786573531.047993,0.0
reward/red_light,9614,1786573533.713524,0.0
reward/red_light,9628,1786573535.579176,0.0
reward/red_light,9643,1786573537.642734,0.0
reward/red_light,9662,1786573540.252182,0.0
reward/red_light,9683,1786573543.145460,0.0
reward/red_light,9702,1786573547.418506,0.0
reward/red_light,9720,1786573550.086401,0.0
reward/red_light,9741,1786573552.900755,0.0
reward/red_light,9764,1786573555.530058,0.0
reward/red_light,9780,1786573557.000240,0.0
reward/red_light,9798,1786573558.641623,0.0
reward/red_light,9814,1786573560.121606,0.0
reward/red_light,9831,1786573561.686963,0.0
reward/red_light,9857,1786573564.165814,0.0
reward/red_light,9871,1786573565.846381,0.0
reward/red_light,9893,1786573569.638094,0.0
reward/red_light,9908,1786573571.797038,0.0
reward/red_light,9934,1786573574.821650,0.0
reward/red_light,9954,1786573577.087678,0.0
reward/red_light,9974,1786573579.526077,0.0
reward/red_light,9998,1786573583.149893,0.0
reward/red_light,10011,1786573585.247989,0.0
reward/red_light,10029,1786573587.741141,0.0
reward/red_light,10057,1786573590.628361,0.0
reward/red_light,10073,1786573592.267971,0.0
reward/red_light,10096,1786573594.665358,0.0
reward/red_light,10110,1786573596.112170,0.0
reward/red_light,10127,1786573597.875245,0.0
reward/red_light,10148,1786573600.026793,0.0
reward/red_light,10168,1786573602.026285,0.0
reward/red_light,10190,1786573604.216813,0.0
reward/red_light,10213,1786573606.437326,0.0
reward/red_light,10228,1786573607.924869,0.0
reward/red_light,10242,1786573609.825856,0.0
reward/red_light,10263,1786573611.866563,0.0
reward/red_light,10286,1786573613.988685,0.0
reward/red_light,10306,1786573615.841027,0.0
reward/red_light,10333,1786573620.043700,0.0
reward/red_light,10350,1786573622.892010,0.0
reward/red_light,10374,1786573626.826175,0.0
reward/red_light,10396,1786573630.403171,0.0
reward/red_light,10418,1786573633.938963,0.0
reward/red_light,10439,1786573637.299225,0.0
reward/red_light,10462,1786573642.953096,0.0
reward/red_light,10487,1786573647.120592,0.0
reward/red_light,10505,1786573650.151841,0.0
reward/red_light,10527,1786573653.871053,0.0
reward/red_light,10544,1786573656.744753,0.0
reward/red_light,10566,1786573660.139112,0.0
reward/red_light,10580,1786573661.939940,0.0
reward/red_light,10606,1786573665.505934,0.0
reward/red_light,10621,1786573667.436691,0.0
reward/red_light,10638,1786573669.626965,0.0
reward/red_light,10652,1786573671.361374,0.0
reward/red_light,10666,1786573673.952516,0.0
reward/red_light,10681,1786573676.737217,0.0
reward/red_light,10702,1786573679.563859,0.0
reward/red_light,10716,1786573681.322068,0.0
reward/red_light,10741,1786573684.437321,0.0
reward/red_light,10766,1786573688.115968,0.0
reward/red_light,10783,1786573691.354244,0.0
reward/red_light,10803,1786573693.862042,0.0
reward/red_light,10828,1786573699.427988,0.0
reward/red_light,10851,1786573703.772309,0.0
reward/red_light,10866,1786573706.622812,0.0
reward/red_light,10886,1786573710.369818,0.0
reward/red_light,10913,1786573715.339501,0.0
reward/red_light,10932,1786573718.342234,0.0
reward/red_light,10953,1786573720.842738,0.0
reward/red_light,10969,1786573722.749204,0.0
reward/red_light,10989,1786573724.915702,0.0
reward/red_light,11017,1786573727.881006,0.0
reward/red_light,11036,1786573732.070691,0.0
reward/red_light,11053,1786573735.308123,0.0
reward/red_light,11072,1786573738.895564,0.0
reward/red_light,11089,1786573741.649168,0.0
reward/red_light,11108,1786573745.271041,0.0
reward/red_light,11127,1786573748.873188,0.0
reward/red_light,11149,1786573752.833858,0.0
reward/red_light,11168,1786573755.762774,0.0
reward/red_light,11187,1786573757.981473,0.0
reward/red_light,11203,1786573759.995640,0.0
reward/red_light,11223,1786573764.622341,0.0
reward/red_light,11242,1786573767.457633,0.0
reward/red_light,11266,1786573771.500876,0.0
reward/red_light,11285,1786573774.203229,0.0
reward/red_light,11301,1786573776.469158,0.0
reward/red_light,11318,1786573778.992130,0.0
reward/red_light,11343,1786573782.697025,0.0
reward/red_light,11364,1786573785.305126,0.0
reward/red_light,11385,1786573788.313612,0.0
reward/red_light,11405,1786573791.171560,0.0
reward/red_light,11426,1786573793.595442,0.0
reward/red_light,11447,1786573795.986347,0.0
reward/red_light,11472,1786573799.278538,0.0
reward/red_light,11497,1786573802.744418,0.0
reward/red_light,11517,1786573805.078464,0.0
reward/red_light,11537,1786573807.458635,0.0
reward/red_light,11559,1786573810.179957,0.0
reward/red_light,11574,1786573812.887910,0.0
reward/red_light,11604,1786573817.560363,0.0
reward/red_light,11639,1786573822.099080,0.0
reward/red_light,11655,1786573823.761271,0.0
reward/red_light,11675,1786573825.811329,0.0
reward/red_light,11689,1786573827.198938,0.0
reward/red_light,11721,1786573830.399008,0.0
reward/red_light,11739,1786573832.626667,0.0
reward/red_light,11755,1786573834.391776,0.0
reward/red_light,11768,1786573835.870222,0.0
reward/red_light,11791,1786573839.366807,0.0
reward/red_light,11811,1786573841.165704,0.0
reward/red_light,11826,1786573842.481450,0.0
reward/red_light,11858,1786573845.257371,0.0
reward/red_light,11874,1786573847.409922,0.0
reward/red_light,11894,1786573850.004880,0.0
reward/red_light,11909,1786573851.925316,0.0
reward/red_light,11929,1786573854.411497,0.0
reward/red_light,11943,1786573856.139347,0.0
reward/red_light,11962,1786573858.434255,0.0
reward/red_light,11978,1786573860.365960,0.0
reward/red_light,12003,1786573863.367105,0.0
reward/red_light,12020,1786573865.331021,0.0
reward/red_light,12039,1786573867.435872,0.0
reward/red_light,12058,1786573869.494175,0.0
reward/red_light,12073,1786573871.110790,0.0
reward/red_light,12085,1786573872.381444,0.0
reward/red_light,12102,1786573874.183982,0.0
reward/red_light,12124,1786573876.606517,0.0
reward/red_light,12142,1786573878.987286,0.0
reward/red_light,12166,1786573881.801970,0.0
reward/red_light,12188,1786573884.385545,0.0
reward/red_light,12219,1786573887.811252,0.0
reward/red_light,12241,1786573890.433818,0.0
reward/red_light,12258,1786573892.294989,0.0
reward/red_light,12273,1786573893.957799,0.0
reward/red_light,12295,1786573897.102896,0.0
reward/red_light,12314,1786573899.250225,0.0
reward/red_light,12331,1786573901.098280,0.0
reward/red_light,12344,1786573902.468875,0.0
reward/red_light,12368,1786573905.002308,0.0
reward/red_light,12386,1786573906.870156,0.0
reward/red_light,12405,1786573908.807758,0.0
reward/red_light,12418,1786573910.115875,0.0
reward/red_light,12443,1786573912.600390,0.0
reward/red_light,12460,1786573914.283712,0.0
reward/red_light,12471,1786573915.407294,0.0
reward/red_light,12494,1786573917.732780,0.0
reward/red_light,12509,1786573919.258623,0.0
reward/red_light,12525,1786573920.868719,0.0
reward/red_light,12541,1786573922.487518,0.0
reward/red_light,12559,1786573927.307752,0.0
reward/red_light,12584,1786573931.560451,0.0
reward/red_light,12600,1786573934.355478,0.0
reward/red_light,12628,1786573938.383406,0.0
reward/red_light,12657,1786573944.148758,0.0
reward/red_light,12685,1786573949.762032,0.0
reward/red_light,12700,1786573954.153279,0.0
reward/red_light,12716,1786573956.621844,0.0
reward/red_light,12733,1786573959.285583,0.0
reward/red_light,12754,1786573962.733511,0.0
reward/red_light,12782,1786573967.547305,0.0
reward/red_light,12812,1786573971.515107,0.0
reward/red_light,12837,1786573974.632397,0.0
reward/red_light,12857,1786573977.128284,0.0
reward/red_light,12876,1786573979.416224,0.0
reward/red_light,12898,1786573982.007491,0.0
reward/red_light,12921,1786573985.085324,0.0
reward/red_light,12941,1786573987.705940,0.0
reward/red_light,12961,1786573990.339372,0.0
reward/red_light,12985,1786573993.433122,0.0
reward/red_light,13009,1786573996.680137,0.0
reward/red_light,13026,1786573998.671941,0.0
reward/red_light,13064,1786574003.115364,0.0
reward/red_light,13078,1786574004.870621,0.0
reward/red_light,13094,1786574007.206279,0.0
reward/red_light,13112,1786574009.178374,0.0
reward/red_light,13126,1786574010.725648,0.0
reward/red_light,13148,1786574013.206419,0.0
reward/red_light,13172,1786574015.815852,0.0
reward/red_light,13192,1786574017.967363,0.0
reward/red_light,13207,1786574019.614753,0.0
reward/red_light,13229,1786574022.027792,0.0
reward/red_light,13252,1786574024.427595,0.0
reward/red_light,13275,1786574026.771015,0.0
reward/red_light,13289,1786574028.169766,0.0
reward/red_light,13319,1786574031.519497,0.0
reward/red_light,13345,1786574034.095239,0.0
reward/red_light,13363,1786574035.893932,0.0
reward/red_light,13376,1786574038.418210,0.0
reward/red_light,13403,1786574042.137724,0.0
reward/red_light,13422,1786574044.678109,0.0
reward/red_light,13437,1786574046.648909,0.0
reward/red_light,13459,1786574049.736436,0.0
reward/red_light,13477,1786574052.191564,0.0
reward/red_light,13493,1786574054.525861,0.0
reward/red_light,13508,1786574058.553154,0.0
reward/red_light,13540,1786574064.587282,0.0
reward/red_light,13559,1786574068.054052,0.0
reward/red_light,13580,1786574071.812246,0.0
reward/red_light,13594,1786574074.231952,0.0
reward/red_light,13612,1786574077.426700,0.0
reward/red_light,13637,1786574081.573835,0.0
reward/red_light,13654,1786574083.815840,0.0
reward/red_light,13667,1786574085.610532,0.0
reward/red_light,13690,1786574088.731499,0.0
reward/red_light,13705,1786574090.759240,0.0
reward/red_light,13726,1786574093.475724,0.0
reward/red_light,13744,1786574098.122366,0.0
reward/red_light,13762,1786574100.404683,0.0
reward/red_light,13783,1786574103.001868,0.0
reward/red_light,13802,1786574104.787011,0.0
reward/red_light,13820,1786574106.478381,0.0
reward/red_light,13846,1786574108.840684,0.0
reward/red_light,13865,1786574114.369956,0.0
reward/red_light,13878,1786574116.878252,0.0
reward/red_light,13898,1786574121.880216,0.0
reward/red_light,13923,1786574125.692609,0.0
reward/red_light,13942,1786574128.810966,0.0
reward/red_light,13962,1786574133.663000,0.0
reward/red_light,13987,1786574137.041954,0.0
reward/red_light,14003,1786574141.135931,0.0
reward/red_light,14030,1786574145.818056,0.0
reward/red_light,14051,1786574149.435428,0.0
reward/red_light,14066,1786574152.039861,0.0
reward/red_light,14094,1786574156.876884,0.0
reward/red_light,14110,1786574159.450823,0.0
reward/red_light,14127,1786574162.238667,0.0
reward/red_light,14150,1786574166.134305,0.0
reward/red_light,14169,1786574169.342536,0.0
reward/red_light,14193,1786574173.318021,0.0
reward/red_light,14210,1786574176.086903,0.0
reward/red_light,14234,1786574179.570907,0.0
reward/red_light,14249,1786574181.332458,0.0
reward/red_light,14268,1786574184.308795,0.0
reward/red_light,14299,1786574189.235512,0.0
reward/red_light,14328,1786574196.419138,0.0
reward/red_light,14345,1786574199.970041,0.0
reward/red_light,14360,1786574202.735971,0.0
reward/red_light,14381,1786574206.593374,0.0
reward/red_light,14399,1786574209.895422,0.0
reward/red_light,14419,1786574213.555677,0.0
reward/red_light,14446,1786574219.427445,0.0
reward/red_light,14458,1786574220.720206,0.0
reward/red_light,14470,1786574222.021733,0.0
reward/red_light,14493,1786574224.509733,0.0
reward/red_light,14510,1786574227.449354,0.0
reward/red_light,14529,1786574230.264327,0.0
reward/red_light,14545,1786574232.745008,0.0
reward/red_light,14569,1786574235.642239,0.0
reward/red_light,14589,1786574238.067587,0.0
reward/red_light,14605,1786574240.287118,0.0
reward/red_light,14624,1786574242.268685,0.0
reward/red_light,14650,1786574245.043140,0.0
reward/red_light,14664,1786574246.879141,0.0
reward/red_light,14681,1786574248.569879,0.0
reward/red_light,14709,1786574251.067040,0.0
reward/red_light,14727,1786574252.634377,0.0
reward/red_light,14750,1786574254.656653,0.0
reward/red_light,14773,1786574256.654815,0.0
reward/red_light,14797,1786574258.678391,0.0
reward/red_light,14817,1786574260.378902,0.0
reward/red_light,14844,1786574264.349830,0.0
reward/red_light,14865,1786574267.889931,0.0
reward/red_light,14885,1786574271.269171,0.0
reward/red_light,14902,1786574274.040252,0.0
reward/red_light,14922,1786574277.318046,0.0
reward/red_light,14940,1786574280.158742,0.0
reward/red_light,14954,1786574282.621328,0.0
reward/red_light,14985,1786574286.502193,0.0
reward/red_light,15002,1786574288.472037,0.0
reward/red_light,15021,1786574290.793802,0.0
reward/red_light,15043,1786574292.918514,0.0
reward/red_light,15062,1786574295.356688,0.0
reward/red_light,15083,1786574299.418451,0.0
reward/red_light,15112,1786574303.364836,0.0
reward/red_light,15131,1786574305.958432,0.0
reward/red_light,15152,1786574309.764780,0.0
reward/red_light,15168,1786574312.635509,0.0
reward/red_light,15192,1786574315.919930,0.0
reward/red_light,15208,1786574317.953557,0.0
reward/red_light,15231,1786574321.078768,0.0
reward/red_light,15251,1786574323.614259,0.0
reward/red_light,15267,1786574325.638747,0.0
reward/red_light,15291,1786574329.170028,0.0
reward/red_light,15306,1786574331.272212,0.0
reward/red_light,15331,1786574334.449855,0.0
reward/red_light,15353,1786574337.188874,0.0
reward/red_light,15371,1786574340.280965,0.0
reward/red_light,15393,1786574342.747131,0.0
reward/red_light,15411,1786574344.800109,0.0
reward/red_light,15434,1786574347.354453,0.0
reward/red_light,15449,1786574348.945384,0.0
reward/red_light,15474,1786574351.943246,0.0
reward/red_light,15497,1786574354.393414,0.0
reward/red_light,15517,1786574356.562952,0.0
reward/red_light,15535,1786574358.399788,0.0
reward/red_light,15553,1786574361.142408,0.0
reward/red_light,15566,1786574362.895416,0.0
reward/red_light,15590,1786574366.019058,0.0
reward/red_light,15614,1786574369.138199,0.0
reward/red_light,15640,1786574372.487696,0.0
reward/red_light,15662,1786574375.369482,0.0
reward/red_light,15687,1786574378.792948,0.0
reward/red_light,15713,1786574381.957146,0.0
reward/red_light,15729,1786574383.864737,0.0
reward/red_light,15753,1786574386.686355,0.0
reward/red_light,15767,1786574388.407429,0.0
reward/red_light,15792,1786574391.511634,0.0
reward/red_light,15815,1786574394.451494,0.0
reward/red_light,15840,1786574397.485349,0.0
reward/red_light,15856,1786574399.391084,0.0
reward/red_light,15884,1786574402.525912,0.0
reward/red_light,15900,1786574404.509477,0.0
reward/red_light,15925,1786574409.140855,0.0
reward/red_light,15940,1786574411.492573,0.0
reward/red_light,15964,1786574415.107417,0.0
reward/red_light,15982,1786574417.650936,0.0
reward/red_light,16008,1786574421.404796,0.0
reward/red_light,16024,1786574423.721493,0.0
reward/red_light,16039,1786574425.828802,0.0
reward/red_light,16062,1786574428.987170,0.0
reward/red_light,16082,1786574431.958844,0.0
reward/red_light,16102,1786574434.861011,0.0
reward/red_light,16113,1786574436.512628,0.0
reward/red_light,16129,1786574438.890881,0.0
reward/red_light,16146,1786574441.319198,0.0
reward/red_light,16166,1786574444.213916,0.0
reward/red_light,16176,1786574445.632652,0.0
reward/red_light,16196,1786574448.428483,0.0
reward/red_light,16211,1786574450.529113,0.0
reward/red_light,16235,1786574453.903465,0.0
reward/red_light,16251,1786574456.114235,0.0
reward/red_light,16275,1786574459.408190,0.0
reward/red_light,16291,1786574463.619153,0.0
reward/red_light,16317,1786574467.368289,0.0
reward/red_light,16349,1786574472.106004,0.0
reward/red_light,16368,1786574475.166590,0.0
reward/red_light,16395,1786574479.614816,0.0
reward/red_light,16408,1786574481.160820,0.0
reward/red_light,16428,1786574485.536605,0.0
reward/red_light,16446,1786574488.944968,0.0
reward/red_light,16466,1786574492.758612,0.0
reward/red_light,16486,1786574496.538712,0.0
reward/red_light,16506,1786574500.492853,0.0
reward/red_light,16529,1786574504.944532,0.0
reward/red_light,16555,1786574509.864852,0.0
reward/red_light,16572,1786574513.027077,0.0
reward/red_light,16585,1786574515.482500,0.0
reward/red_light,16603,1786574518.460564,0.0
reward/red_light,16627,1786574521.694872,0.0
reward/red_light,16645,1786574524.937644,0.0
reward/red_light,16665,1786574527.652272,0.0
reward/red_light,16680,1786574530.640829,0.0
reward/red_light,16697,1786574534.954364,0.0
reward/red_light,16725,1786574539.917898,0.0
reward/red_light,16742,1786574542.848816,0.0
reward/red_light,16769,1786574547.213249,0.0
reward/red_light,16787,1786574549.548498,0.0
reward/red_light,16803,1786574551.657527,0.0
reward/red_light,16823,1786574554.371053,0.0
reward/red_light,16843,1786574556.816324,0.0
reward/red_light,16864,1786574559.434344,0.0
reward/red_light,16885,1786574563.850358,0.0
reward/red_light,16903,1786574566.414806,0.0
reward/red_light,16924,1786574569.253698,0.0
reward/red_light,16942,1786574571.313032,0.0
reward/red_light,16959,1786574573.316609,0.0
reward/red_light,16977,1786574575.350613,0.0
reward/red_light,16997,1786574580.211242,0.0
reward/red_light,17012,1786574582.784834,0.0
reward/red_light,17026,1786574585.197540,0.0
reward/red_light,17045,1786574588.416048,0.0
reward/red_light,17069,1786574592.416696,0.0
reward/red_light,17094,1786574596.568875,0.0
reward/red_light,17116,1786574600.019951,0.0
reward/red_light,17134,1786574602.883865,0.0
reward/red_light,17156,1786574605.620000,0.0
reward/red_light,17173,1786574607.733603,0.0
reward/red_light,17198,1786574611.181395,0.0
reward/red_light,17216,1786574615.399121,0.0
reward/red_light,17243,1786574619.504289,0.0
reward/red_light,17256,1786574620.908273,0.0
reward/red_light,17286,1786574624.157183,0.0
reward/red_light,17322,1786574628.575978,0.0
reward/red_light,17345,1786574631.205892,0.0
reward/red_light,17362,1786574633.014223,0.0
reward/red_light,17388,1786574635.904764,0.0
reward/red_light,17406,1786574637.967800,0.0
reward/red_light,17434,1786574641.851129,0.0
reward/red_light,17458,1786574644.918935,0.0
reward/red_light,17481,1786574647.901022,0.0
reward/red_light,17504,1786574650.926794,0.0
reward/red_light,17521,1786574653.214334,0.0
reward/red_light,17537,1786574655.362183,0.0
reward/red_light,17557,1786574658.015574,0.0
reward/red_light,17577,1786574660.591412,0.0
reward/red_light,17595,1786574663.899970,0.0
reward/red_light,17616,1786574667.552627,0.0
reward/red_light,17630,1786574670.033705,0.0
reward/red_light,17643,1786574672.272823,0.0
reward/red_light,17669,1786574676.462965,0.0
reward/red_light,17687,1786574679.518945,0.0
reward/red_light,17699,1786574681.577401,0.0
reward/red_light,17722,1786574685.573413,0.0
reward/red_light,17735,1786574687.826962,0.0
reward/red_light,17754,1786574691.110087,0.0
reward/red_light,17782,1786574695.834730,0.0
reward/red_light,17805,1786574699.539521,0.0
reward/red_light,17824,1786574702.656337,0.0
reward/red_light,17841,1786574705.517336,0.0
reward/red_light,17866,1786574709.592300,0.0
reward/red_light,17884,1786574712.483397,0.0
reward/red_light,17901,1786574716.476268,0.0
reward/red_light,17925,1786574719.726022,0.0
reward/red_light,17941,1786574721.906204,0.0
reward/red_light,17965,1786574725.159152,0.0
reward/red_light,17980,1786574727.117086,0.0
reward/red_light,18003,1786574729.449057,0.0
reward/red_light,18025,1786574731.651486,0.0
reward/red_light,18042,1786574733.352121,0.0
reward/red_light,18062,1786574735.297079,0.0
reward/red_light,18081,1786574737.086526,0.0
reward/red_light,18107,1786574739.470949,0.0
reward/red_light,18121,1786574740.724276,0.0
reward/red_light,18136,1786574742.075743,0.0
reward/red_light,18153,1786574743.590334,0.0
reward/red_light,18176,1786574745.639507,0.0
reward/red_light,18197,1786574747.440678,0.0
reward/red_light,18215,1786574748.926201,0.0
reward/red_light,18231,1786574750.242124,0.0
reward/red_light,18245,1786574751.848213,0.0
reward/red_light,18265,1786574754.374034,0.0
reward/red_light,18278,1786574756.044386,0.0
reward/red_light,18300,1786574758.824937,0.0
reward/red_light,18318,1786574761.057630,0.0
reward/red_light,18345,1786574764.398422,0.0
reward/red_light,18366,1786574767.161118,0.0
reward/red_light,18390,1786574770.177168,0.0
reward/red_light,18405,1786574772.040841,0.0
reward/red_light,18423,1786574774.284248,0.0
reward/red_light,18441,1786574777.056763,0.0
reward/red_light,18458,1786574779.120774,0.0
reward/red_light,18479,1786574781.593283,0.0
reward/red_light,18504,1786574784.541199,0.0
reward/red_light,18523,1786574786.815140,0.0
reward/red_light,18542,1786574789.053208,0.0
reward/red_light,18556,1786574790.702729,0.0
reward/red_light,18580,1786574793.525781,0.0
reward/red_light,18592,1786574794.919457,0.0
reward/red_light,18607,1786574796.645481,0.0
reward/red_light,18626,1786574798.786159,0.0
reward/red_light,18652,1786574801.702326,0.0
reward/red_light,18670,1786574803.718710,0.0
reward/red_light,18682,1786574805.035112,0.0
reward/red_light,18701,1786574807.564596,0.0
reward/red_light,18722,1786574810.255603,0.0
reward/red_light,18739,1786574812.426457,0.0
reward/red_light,18758,1786574814.920861,0.0
reward/red_light,18778,1786574817.560823,0.0
reward/red_light,18802,1786574822.690998,0.0
reward/red_light,18821,1786574826.056265,0.0
reward/red_light,18839,1786574829.253745,0.0
reward/red_light,18860,1786574832.938907,0.0
reward/red_light,18879,1786574836.271277,0.0
reward/red_light,18894,1786574838.854279,0.0
reward/red_light,18917,1786574842.908018,0.0
reward/red_light,18932,1786574845.571724,0.0
reward/red_light,18953,1786574849.176366,0.0
reward/red_light,18977,1786574853.204471,0.0
reward/red_light,18994,1786574855.910581,0.0
reward/red_light,19014,1786574859.066924,0.0
reward/red_light,19029,1786574861.406540,0.0
reward/red_light,19044,1786574863.740642,0.0
reward/red_light,19070,1786574867.701016,0.0
reward/red_light,19092,1786574870.979090,0.0
reward/red_light,19111,1786574873.775545,0.0
reward/red_light,19135,1786574877.209495,0.0
reward/red_light,19154,1786574879.297849,0.0
reward/red_light,19185,1786574882.072752,0.0
reward/red_light,19206,1786574883.919746,0.0
reward/red_light,19227,1786574885.818378,0.0
reward/red_light,19246,1786574887.463753,0.0
reward/red_light,19275,1786574889.893929,0.0
reward/red_light,19294,1786574891.450724,0.0
reward/red_light,19319,1786574896.044005,0.0
reward/red_light,19343,1786574900.438004,0.0
reward/red_light,19363,1786574904.106328,0.0
reward/red_light,19389,1786574908.756588,0.0
reward/red_light,19408,1786574912.074898,0.0
reward/red_light,19441,1786574917.768633,0.0
reward/red_light,19461,1786574921.934038,0.0
reward/red_light,19480,1786574924.874216,0.0
reward/red_light,19494,1786574927.008970,0.0
reward/red_light,19509,1786574929.327774,0.0
reward/red_light,19534,1786574933.239753,0.0
reward/red_light,19551,1786574935.834800,0.0
reward/red_light,19581,1786574940.227371,0.0
reward/red_light,19596,1786574942.137789,0.0
reward/red_light,19612,1786574943.768253,0.0
reward/red_light,19635,1786574946.119783,0.0
reward/red_light,19665,1786574949.323695,0.0
reward/red_light,19685,1786574951.429894,0.0
reward/red_light,19699,1786574952.847108,0.0
reward/red_light,19714,1786574954.364404,0.0
reward/red_light,19736,1786574956.771925,0.0
reward/red_light,19759,1786574958.947519,0.0
reward/red_light,19772,1786574960.151471,0.0
reward/red_light,19794,1786574962.241494,0.0
reward/red_light,19813,1786574964.103141,0.0
reward/red_light,19831,1786574965.831651,0.0
reward/red_light,19852,1786574968.266115,0.0
reward/red_light,19873,1786574970.725282,0.0
reward/red_light,19887,1786574972.324749,0.0
reward/red_light,19905,1786574974.414542,0.0
reward/red_light,19933,1786574977.675839,0.0
reward/red_light,19947,1786574979.349695,0.0
reward/red_light,19971,1786574982.263025,0.0
reward/red_light,20000,1786574986.932753,0.0
reward/speed,3,1786572116.607961,0.009319251403212547
reward/speed,24,1786572119.360018,0.4700171947479248
reward/speed,53,1786572123.233243,0.513542890548706
reward/speed,79,1786572126.722378,0.470161497592926
reward/speed,97,1786572130.816027,0.008469251915812492
reward/speed,119,1786572133.881447,0.2556859850883484
reward/speed,137,1786572136.335959,0.417769193649292
reward/speed,153,1786572138.534973,0.5170043706893921
reward/speed,177,1786572141.858684,0.36140772700309753
reward/speed,206,1786572145.929733,0.6551648378372192
reward/speed,221,1786572148.090190,0.000992168439552188
reward/speed,241,1786572150.371691,0.3743318021297455
reward/speed,261,1786572152.514611,0.3198593854904175
reward/speed,282,1786572154.715880,0.48578786849975586
reward/speed,302,1786572156.850425,0.5728057622909546
reward/speed,322,1786572158.974169,0.6704025268554688
reward/speed,334,1786572160.647954,0.014826102182269096
reward/speed,356,1786572163.183255,0.5607138872146606
reward/speed,381,1786572166.078128,0.39032259583473206
reward/speed,405,1786572168.845279,0.5552552938461304
reward/speed,422,1786572170.802565,0.4479299485683441
reward/speed,443,1786572175.832586,0.0009922485332936049
reward/speed,466,1786572179.004342,0.5175544023513794
reward/speed,494,1786572182.216179,0.5564761757850647
reward/speed,517,1786572185.004727,0.4615058898925781
reward/speed,545,1786572187.845111,0.26528385281562805
reward/speed,556,1786572188.973723,0.08472567796707153
reward/speed,580,1786572191.493436,0.6388746500015259
reward/speed,599,1786572193.493561,0.4196518063545227
reward/speed,621,1786572195.716460,0.5046452879905701
reward/speed,646,1786572198.526206,0.36278653144836426
reward/speed,668,1786572200.757971,0.5330036878585815
reward/speed,686,1786572202.537563,0.4826974868774414
reward/speed,708,1786572204.718709,0.5046971440315247
reward/speed,729,1786572206.800353,0.3547145426273346
reward/speed,751,1786572209.793062,0.36246421933174133
reward/speed,771,1786572212.632141,0.3690343499183655
reward/speed,794,1786572215.884323,0.41762763261795044
reward/speed,812,1786572218.416148,0.49744167923927307
reward/speed,835,1786572221.527237,0.44949841499328613
reward/speed,851,1786572223.683299,0.38998982310295105
reward/speed,868,1786572225.540638,0.3949984312057495
reward/speed,883,1786572227.201702,0.46051302552223206
reward/speed,901,1786572229.244139,0.513587474822998
reward/speed,915,1786572230.801592,0.5262709856033325
reward/speed,933,1786572232.743967,0.4833559989929199
reward/speed,946,1786572234.171189,0.597815215587616
reward/speed,971,1786572236.819762,0.5063014030456543
reward/speed,989,1786572238.749487,0.5483837723731995
reward/speed,1004,1786572240.352413,0.6725777387619019
reward/speed,1027,1786572243.240032,0.573089599609375
reward/speed,1053,1786572245.801308,0.5921043157577515
reward/speed,1070,1786572248.127576,0.5309816598892212
reward/speed,1088,1786572250.678352,0.760116696357727
reward/speed,1102,1786572252.653177,9.569136454956606e-05
reward/speed,1119,1786572255.060291,0.4687354564666748
reward/speed,1146,1786572258.930513,0.5353841185569763
reward/speed,1166,1786572261.709237,0.5491703748703003
reward/speed,1186,1786572264.449331,0.6900283694267273
reward/speed,1208,1786572267.212705,0.9966856241226196
reward/speed,1228,1786572269.440588,0.3763647973537445
reward/speed,1251,1786572271.647287,0.6248881816864014
reward/speed,1266,1786572272.980274,0.49410495162010193
reward/speed,1279,1786572274.121664,0.5473657250404358
reward/speed,1300,1786572275.966159,0.4471982419490814
reward/speed,1323,1786572277.971415,0.4600781798362732
reward/speed,1337,1786572279.878905,0.12848098576068878
reward/speed,1357,1786572282.237934,0.35043251514434814
reward/speed,1381,1786572287.898327,0.49538102746009827
reward/speed,1398,1786572291.328262,0.4458213448524475
reward/speed,1412,1786572294.118677,0.19707390666007996
reward/speed,1433,1786572298.316175,0.5378345847129822
reward/speed,1451,1786572301.848817,0.5788172483444214
reward/speed,1468,1786572305.166694,0.49891114234924316
reward/speed,1485,1786572308.451370,0.44255366921424866
reward/speed,1515,1786572314.207369,0.41482654213905334
reward/speed,1532,1786572317.498145,0.4270208775997162
reward/speed,1552,1786572321.488191,0.6298450231552124
reward/speed,1574,1786572326.061988,0.38549211621284485
reward/speed,1595,1786572330.589154,0.4880858063697815
reward/speed,1611,1786572335.023834,0.425793319940567
reward/speed,1624,1786572337.247136,0.19961614906787872
reward/speed,1637,1786572339.474293,0.4134384095668793
reward/speed,1655,1786572342.595500,0.03716827929019928
reward/speed,1675,1786572346.078490,0.6535145044326782
reward/speed,1692,1786572348.986530,0.14956404268741608
reward/speed,1707,1786572351.484730,0.5128719806671143
reward/speed,1729,1786572355.064542,0.014826109632849693
reward/speed,1747,1786572357.185329,0.6139205098152161
reward/speed,1759,1786572358.573287,0.2976979613304138
reward/speed,1773,1786572360.891978,0.5053644776344299
reward/speed,1790,1786572363.260636,0.19897958636283875
reward/speed,1808,1786572365.750249,0.45283836126327515
reward/speed,1828,1786572368.459566,0.5983752608299255
reward/speed,1858,1786572371.785196,0.40286779403686523
reward/speed,1880,1786572374.283608,0.5079967975616455
reward/speed,1899,1786572376.380463,0.39520660042762756
reward/speed,1919,1786572378.530302,0.43411320447921753
reward/speed,1941,1786572380.906430,0.4371676445007324
reward/speed,1968,1786572383.900648,0.37430834770202637
reward/speed,1995,1786572389.315153,0.004365886561572552
reward/speed,2014,1786572392.937216,0.4308554530143738
reward/speed,2028,1786572395.566144,0.5525920987129211
reward/speed,2048,1786572399.439830,0.44929251074790955
reward/speed,2061,1786572402.369423,0.5476332902908325
reward/speed,2083,1786572406.544152,0.4938163161277771
reward/speed,2104,1786572412.051813,0.299696147441864
reward/speed,2126,1786572415.995364,0.0776338204741478
reward/speed,2147,1786572419.760140,0.5567470788955688
reward/speed,2172,1786572423.336097,0.2727336287498474
reward/speed,2197,1786572430.000511,0.5641460418701172
reward/speed,2219,1786572433.736512,0.08243938535451889
reward/speed,2233,1786572435.462851,0.6240794658660889
reward/speed,2248,1786572437.397666,0.4104446768760681
reward/speed,2270,1786572439.994092,0.6936061382293701
reward/speed,2289,1786572442.231395,0.6190675497055054
reward/speed,2314,1786572445.300210,0.4386723041534424
reward/speed,2333,1786572448.178622,0.008469394408166409
reward/speed,2351,1786572451.429856,0.6180720329284668
reward/speed,2384,1786572455.779294,0.322863906621933
reward/speed,2405,1786572458.270991,0.08147329092025757
reward/speed,2423,1786572460.444473,0.4920082986354828
reward/speed,2449,1786572463.549874,0.5602136254310608
reward/speed,2462,1786572465.076427,0.5911365747451782
reward/speed,2477,1786572466.843990,0.6954712867736816
reward/speed,2491,1786572468.507894,0.6610236763954163
reward/speed,2513,1786572471.494958,0.3920000493526459
reward/speed,2534,1786572474.314380,0.5490952134132385
reward/speed,2557,1786572477.359393,0.42386966943740845
reward/speed,2579,1786572480.511669,0.47919386625289917
reward/speed,2602,1786572483.111924,0.4092542231082916
reward/speed,2618,1786572484.949742,0.5008949637413025
reward/speed,2647,1786572488.136400,0.616004228591919
reward/speed,2673,1786572492.662924,0.02065056562423706
reward/speed,2696,1786572496.114573,0.4788033068180084
reward/speed,2717,1786572499.308321,0.24637679755687714
reward/speed,2745,1786572503.559649,0.5996283292770386
reward/speed,2766,1786572506.776245,0.39731699228286743
reward/speed,2801,1786572511.807747,0.4598759710788727
reward/speed,2823,1786572514.776000,0.45758742094039917
reward/speed,2849,1786572518.400859,0.5566766858100891
reward/speed,2864,1786572522.434723,0.24668803811073303
reward/speed,2886,1786572525.521922,0.4624442458152771
reward/speed,2904,1786572528.040137,0.4106559753417969
reward/speed,2921,1786572530.452286,0.3303607106208801
reward/speed,2938,1786572532.850830,0.6647437810897827
reward/speed,2957,1786572535.840753,0.49322453141212463
reward/speed,2976,1786572538.458133,0.5760458707809448
reward/speed,2998,1786572543.517761,0.6614445447921753
reward/speed,3023,1786572547.268385,0.485461950302124
reward/speed,3046,1786572550.693673,0.46658921241760254
reward/speed,3064,1786572553.003132,0.4922703802585602
reward/speed,3087,1786572556.462580,0.5950972437858582
reward/speed,3108,1786572559.234821,0.5612787008285522
reward/speed,3135,1786572562.769332,0.008469213731586933
reward/speed,3159,1786572566.172336,0.009319210425019264
reward/speed,3177,1786572568.319188,0.510665774345398
reward/speed,3196,1786572572.083462,0.008476229384541512
reward/speed,3212,1786572574.481990,0.6232733726501465
reward/speed,3230,1786572577.190726,0.3920000493526459
reward/speed,3260,1786572579.772757,0.5848996639251709
reward/speed,3283,1786572583.814495,0.5605553388595581
reward/speed,3302,1786572586.303224,0.5513868927955627
reward/speed,3331,1786572592.123150,0.07908652722835541
reward/speed,3344,1786572594.116278,0.5309211015701294
reward/speed,3363,1786572596.958099,0.5387200117111206
reward/speed,3378,1786572599.620556,0.3920000493526459
reward/speed,3406,1786572602.775868,0.5071881413459778
reward/speed,3421,1786572604.513420,0.4795767366886139
reward/speed,3434,1786572606.014320,0.4801783561706543
reward/speed,3450,1786572607.906260,0.19834811985492706
reward/speed,3472,1786572610.499327,0.6754342317581177
reward/speed,3488,1786572612.432159,0.46189093589782715
reward/speed,3509,1786572615.575743,0.7519861459732056
reward/speed,3532,1786572618.499936,0.5680023431777954
reward/speed,3546,1786572620.014548,0.4418298304080963
reward/speed,3564,1786572622.295434,0.5485755205154419
reward/speed,3586,1786572624.602695,0.55646151304245
reward/speed,3607,1786572626.750478,0.4383125305175781
reward/speed,3629,1786572629.004104,0.588655948638916
reward/speed,3659,1786572632.756054,0.4330735206604004
reward/speed,3675,1786572634.648408,0.44283366203308105
reward/speed,3690,1786572636.969960,0.5927173495292664
reward/speed,3707,1786572639.242735,0.5516696572303772
reward/speed,3722,1786572641.733109,0.0853717029094696
reward/speed,3743,1786572644.428127,0.40101781487464905
reward/speed,3767,1786572649.860511,0.4153410494327545
reward/speed,3788,1786572653.236188,0.47424083948135376
reward/speed,3800,1786572655.263789,0.3632468283176422
reward/speed,3818,1786572658.228256,0.5046719908714294
reward/speed,3836,1786572661.165845,0.64634770154953
reward/speed,3856,1786572664.389171,0.5633149147033691
reward/speed,3881,1786572668.205484,0.49522852897644043
reward/speed,3898,1786572672.684855,0.14997294545173645
reward/speed,3915,1786572675.535906,0.18117547035217285
reward/speed,3931,1786572679.890609,0.009319276548922062
reward/speed,3946,1786572683.294449,0.46308213472366333
reward/speed,3962,1786572686.857919,0.4616745114326477
reward/speed,3978,1786572689.883005,0.26854440569877625
reward/speed,4002,1786572694.548578,0.5120308995246887
reward/speed,4021,1786572698.678021,0.5214694738388062
reward/speed,4039,1786572702.550379,0.5552746057510376
reward/speed,4055,1786572705.975675,0.4230482578277588
reward/speed,4071,1786572709.147519,0.008469236083328724
reward/speed,4087,1786572711.075121,0.3493959903717041
reward/speed,4105,1786572715.499411,0.004365752916783094
reward/speed,4122,1786572717.634403,0.526607096195221
reward/speed,4148,1786572720.720951,0.28012120723724365
reward/speed,4172,1786572723.147564,0.6997632384300232
reward/speed,4188,1786572725.640801,0.664528489112854
reward/speed,4208,1786572729.802380,0.014826381579041481
reward/speed,4221,1786572731.697117,0.6478835940361023
reward/speed,4240,1786572734.829386,0.5687957406044006
reward/speed,4257,1786572737.381872,0.020650584250688553
reward/speed,4270,1786572739.123501,0.5756058096885681
reward/speed,4292,1786572742.067581,0.5134581923484802
reward/speed,4308,1786572746.133335,0.00931944977492094
reward/speed,4323,1786572748.290406,0.42101341485977173
reward/speed,4363,1786572754.022635,0.6220371127128601
reward/speed,4375,1786572755.804941,0.5695366263389587
reward/speed,4396,1786572760.674802,0.5768939852714539
reward/speed,4426,1786572765.161761,0.14681994915008545
reward/speed,4451,1786572768.511869,0.6039227247238159
reward/speed,4468,1786572770.948531,0.5361806154251099
reward/speed,4486,1786572775.131139,0.051317937672138214
reward/speed,4520,1786572780.721339,0.5908252000808716
reward/speed,4538,1786572783.652114,0.6424835324287415
reward/speed,4560,1786572787.231905,0.612382709980011
reward/speed,4585,1786572791.647918,0.00931922160089016
reward/speed,4602,1786572794.008281,0.5658180713653564
reward/speed,4617,1786572796.327800,0.008469121530652046
reward/speed,4636,1786572798.461762,0.6279823184013367
reward/speed,4661,1786572801.294876,0.5294274091720581
reward/speed,4680,1786572803.489879,0.5423083901405334
reward/speed,4699,1786572805.938685,0.009319270960986614
reward/speed,4716,1786572807.645462,0.5169509649276733
reward/speed,4736,1786572809.602513,0.6565907597541809
reward/speed,4762,1786572812.202255,0.5811156034469604
reward/speed,4775,1786572813.572947,0.6504383683204651
reward/speed,4795,1786572817.343239,0.009319262579083443
reward/speed,4814,1786572820.236452,0.5151017904281616
reward/speed,4827,1786572822.266149,0.5573958158493042
reward/speed,4843,1786572824.802968,0.603164553642273
reward/speed,4860,1786572827.185006,0.4449363648891449
reward/speed,4877,1786572829.673960,0.02065044268965721
reward/speed,4894,1786572831.903025,0.5981460809707642
reward/speed,4911,1786572834.843966,0.7200422883033752
reward/speed,4929,1786572838.241673,0.5637415647506714
reward/speed,4951,1786572841.603101,0.550145149230957
reward/speed,4974,1786572844.926965,0.014826102182269096
reward/speed,4989,1786572846.650134,0.4057393968105316
reward/speed,5007,1786572848.704792,0.6992365121841431
reward/speed,5026,1786572851.759039,0.49200791120529175
reward/speed,5046,1786572854.390180,0.5198898911476135
reward/speed,5064,1786572856.744394,0.6171641945838928
reward/speed,5087,1786572862.706637,0.48274797201156616
reward/speed,5109,1786572866.629507,0.004365989472717047
reward/speed,5131,1786572870.992432,0.08537200838327408
reward/speed,5153,1786572873.514852,0.5041326284408569
reward/speed,5171,1786572875.569387,0.5133762955665588
reward/speed,5192,1786572878.283080,0.40363478660583496
reward/speed,5223,1786572884.123909,0.0009922485332936049
reward/speed,5244,1786572886.929225,0.5340034365653992
reward/speed,5259,1786572889.073763,0.6322504281997681
reward/speed,5274,1786572891.207978,0.6945537328720093
reward/speed,5291,1786572895.567846,0.6349397897720337
reward/speed,5317,1786572899.300625,0.6094170808792114
reward/speed,5341,1786572902.014384,0.6733569502830505
reward/speed,5367,1786572904.996184,0.661296010017395
reward/speed,5381,1786572907.101156,0.020650554448366165
reward/speed,5395,1786572908.848533,0.5851771831512451
reward/speed,5418,1786572912.002201,0.6599525213241577
reward/speed,5433,1786572913.762779,0.7524314522743225
reward/speed,5451,1786572917.715765,0.00846925564110279
reward/speed,5471,1786572920.645412,0.6565763354301453
reward/speed,5494,1786572923.735273,0.643490731716156
reward/speed,5509,1786572925.804331,0.6069043278694153
reward/speed,5537,1786572929.767846,0.6671057343482971
reward/speed,5552,1786572934.120506,0.5498744249343872
reward/speed,5571,1786572937.126452,0.004365932196378708
reward/speed,5592,1786572941.701557,0.004365895874798298
reward/speed,5610,1786572944.718747,0.4944460391998291
reward/speed,5632,1786572948.512074,0.5634969472885132
reward/speed,5653,1786572953.655637,0.4704201817512512
reward/speed,5668,1786572955.942358,0.07243384420871735
reward/speed,5680,1786572957.655919,0.43328776955604553
reward/speed,5700,1786572960.367769,0.014826449565589428
reward/speed,5716,1786572962.239897,0.5369912385940552
reward/speed,5746,1786572966.675154,0.5308054089546204
reward/speed,5773,1786572970.942310,0.3920000493526459
reward/speed,5789,1786572972.807202,0.5487203001976013
reward/speed,5805,1786572974.623472,0.5341266393661499
reward/speed,5821,1786572979.043957,0.01482610683888197
reward/speed,5837,1786572981.786595,0.4585586190223694
reward/speed,5861,1786572985.919461,0.10406848043203354
reward/speed,5884,1786572988.577901,0.5666185021400452
reward/speed,5905,1786572990.627629,0.43612128496170044
reward/speed,5926,1786572992.706695,0.672716498374939
reward/speed,5941,1786572994.176762,0.619956374168396
reward/speed,5961,1786572996.190451,0.5494043231010437
reward/speed,5981,1786572998.431556,0.560712993144989
reward/speed,6004,1786573002.240272,0.580865204334259
reward/speed,6025,1786573005.759528,0.6686895489692688
reward/speed,6042,1786573008.150273,0.702467143535614
reward/speed,6059,1786573012.145261,0.014826136641204357
reward/speed,6079,1786573015.231877,0.6303347945213318
reward/speed,6094,1786573019.160120,0.5626229643821716
reward/speed,6112,1786573021.886695,0.49940580129623413
reward/speed,6135,1786573025.647855,0.5044065713882446
reward/speed,6148,1786573027.943421,0.5935002565383911
reward/speed,6164,1786573030.166676,0.4326959550380707
reward/speed,6190,1786573033.729751,3.940963506465778e-05
reward/speed,6214,1786573036.449640,0.6496831178665161
reward/speed,6236,1786573039.440528,0.4643889367580414
reward/speed,6259,1786573042.302288,0.595591127872467
reward/speed,6285,1786573045.646323,0.6321867108345032
reward/speed,6305,1786573048.520493,0.08537177741527557
reward/speed,6325,1786573051.508647,0.5309815406799316
reward/speed,6341,1786573055.791317,0.0148260947316885
reward/speed,6362,1786573059.705600,0.6060674786567688
reward/speed,6394,1786573064.490624,0.46368440985679626
reward/speed,6414,1786573066.914501,0.668770432472229
reward/speed,6439,1786573069.897338,0.666995108127594
reward/speed,6457,1786573072.839979,0.5079870223999023
reward/speed,6472,1786573075.053990,0.4597720205783844
reward/speed,6500,1786573079.478523,0.5914944410324097
reward/speed,6520,1786573082.705232,0.3094918727874756
reward/speed,6541,1786573084.991360,0.5430251359939575
reward/speed,6560,1786573087.859779,0.3098958134651184
reward/speed,6581,1786573092.471469,0.442045122385025
reward/speed,6597,1786573094.437990,0.44936293363571167
reward/speed,6616,1786573097.252926,0.5806162357330322
reward/speed,6636,1786573099.945031,0.6036139726638794
reward/speed,6661,1786573102.251853,0.5685790777206421
reward/speed,6686,1786573104.654242,0.5706106424331665
reward/speed,6704,1786573108.677832,0.4896681308746338
reward/speed,6719,1786573110.757318,0.531211256980896
reward/speed,6744,1786573114.262034,0.5119901895523071
reward/speed,6761,1786573116.420647,0.722714900970459
reward/speed,6789,1786573122.785851,0.5149362683296204
reward/speed,6813,1786573127.091920,0.6778706908226013
reward/speed,6826,1786573129.400415,0.44223442673683167
reward/speed,6845,1786573132.780111,0.526293933391571
reward/speed,6861,1786573135.587518,0.6285119652748108
reward/speed,6876,1786573138.187276,0.46799740195274353
reward/speed,6896,1786573143.091901,0.3920000493526459
reward/speed,6913,1786573145.127609,0.5071682333946228
reward/speed,6943,1786573148.536080,0.7099176049232483
reward/speed,6963,1786573151.018205,0.5851168632507324
reward/speed,6978,1786573152.731067,0.7531220316886902
reward/speed,6994,1786573154.523356,0.601240336894989
reward/speed,7014,1786573158.313906,0.43937548995018005
reward/speed,7031,1786573159.974070,0.58907151222229
reward/speed,7053,1786573162.169149,0.7870123982429504
reward/speed,7073,1786573166.795889,0.4093286991119385
reward/speed,7089,1786573169.225114,0.5731948018074036
reward/speed,7119,1786573173.669528,0.4571855664253235
reward/speed,7136,1786573176.310093,0.5696274638175964
reward/speed,7157,1786573179.429123,0.5861039757728577
reward/speed,7177,1786573182.913477,0.17647656798362732
reward/speed,7194,1786573185.423804,0.20910212397575378
reward/speed,7210,1786573187.772937,0.6250189542770386
reward/speed,7227,1786573190.415821,0.6648267507553101
reward/speed,7250,1786573193.844216,0.35068830847740173
reward/speed,7269,1786573196.531526,0.5632661581039429
reward/speed,7292,1786573199.435977,0.5701543688774109
reward/speed,7310,1786573201.672321,0.5772808790206909
reward/speed,7329,1786573204.064484,0.5563021898269653
reward/speed,7347,1786573206.378979,0.594264805316925
reward/speed,7371,1786573209.457710,0.6494616866111755
reward/speed,7392,1786573212.128472,0.5086244344711304
reward/speed,7410,1786573214.299799,0.7637428641319275
reward/speed,7430,1786573216.582510,0.37769240140914917
reward/speed,7444,1786573218.187963,0.5548272728919983
reward/speed,7465,1786573220.608694,0.4960300922393799
reward/speed,7484,1786573222.751400,0.3747178912162781
reward/speed,7510,1786573228.155051,0.390519917011261
reward/speed,7531,1786573231.939770,0.4361446499824524
reward/speed,7547,1786573235.272071,0.3920000493526459
reward/speed,7563,1786573237.094837,0.5685698390007019
reward/speed,7583,1786573239.339705,0.5791174173355103
reward/speed,7611,1786573242.499768,0.6040732264518738
reward/speed,7637,1786573245.477041,0.6120030879974365
reward/speed,7653,1786573249.313740,0.3920000493526459
reward/speed,7671,1786573252.960189,0.5685755610466003
reward/speed,7693,1786573257.328044,0.03288116306066513
reward/speed,7718,1786573260.454660,0.5805540084838867
reward/speed,7737,1786573262.545440,0.568664014339447
reward/speed,7763,1786573265.940776,0.002121620113030076
reward/speed,7783,1786573268.733401,0.5229553580284119
reward/speed,7793,1786573270.074911,0.6359294652938843
reward/speed,7817,1786573273.691757,0.6019806265830994
reward/speed,7840,1786573277.498768,0.05429195240139961
reward/speed,7856,1786573279.881189,0.5997327566146851
reward/speed,7870,1786573281.729716,0.4998224377632141
reward/speed,7887,1786573284.038063,0.570332944393158
reward/speed,7916,1786573287.842289,0.6033332943916321
reward/speed,7932,1786573290.062336,0.0043658483773469925
reward/speed,7951,1786573292.009859,0.456789493560791
reward/speed,7969,1786573294.878112,0.0034729004837572575
reward/speed,7990,1786573298.262969,0.6356427073478699
reward/speed,8006,1786573300.882130,0.6062226891517639
reward/speed,8022,1786573303.669073,0.008469213731586933
reward/speed,8050,1786573306.667803,0.5035117864608765
reward/speed,8076,1786573309.464911,0.5784412622451782
reward/speed,8093,1786573311.406904,0.6216413378715515
reward/speed,8115,1786573313.933791,0.6616448163986206
reward/speed,8128,1786573315.409537,0.7255411744117737
reward/speed,8151,1786573318.190492,0.0009922561002895236
reward/speed,8179,1786573323.280346,0.004365886561572552
reward/speed,8198,1786573326.824626,0.5017192959785461
reward/speed,8216,1786573329.684201,0.6613587737083435
reward/speed,8233,1786573332.359897,0.600487470626831
reward/speed,8245,1786573335.824182,0.002331939060240984
reward/speed,8269,1786573339.671847,0.5863256454467773
reward/speed,8288,1786573342.673439,0.00045145032345317304
reward/speed,8311,1786573346.016955,0.484513521194458
reward/speed,8327,1786573347.860569,0.5234069228172302
reward/speed,8349,1786573350.518209,0.6241379976272583
reward/speed,8366,1786573352.520457,0.4644930958747864
reward/speed,8394,1786573355.739938,0.5112865567207336
reward/speed,8412,1786573358.250260,0.6618431210517883
reward/speed,8427,1786573360.700752,0.5104848742485046
reward/speed,8446,1786573362.931555,0.5145978331565857
reward/speed,8468,1786573365.322485,0.5481861233711243
reward/speed,8490,1786573368.904131,0.5280571579933167
reward/speed,8507,1786573371.632351,0.08537168800830841
reward/speed,8529,1786573375.066904,0.46272945404052734
reward/speed,8549,1786573377.538754,0.49966949224472046
reward/speed,8574,1786573380.880970,0.7922611236572266
reward/speed,8595,1786573383.490949,0.7201179265975952
reward/speed,8620,1786573386.766614,0.6268116235733032
reward/speed,8646,1786573389.945415,0.5139790773391724
reward/speed,8660,1786573391.654772,0.6034426093101501
reward/speed,8683,1786573394.936775,0.5108970403671265
reward/speed,8705,1786573399.626209,0.020650450140237808
reward/speed,8727,1786573402.510167,0.45629939436912537
reward/speed,8747,1786573405.802808,0.4780135154724121
reward/speed,8763,1786573408.415918,0.5221539735794067
reward/speed,8782,1786573411.135306,0.6619303822517395
reward/speed,8802,1786573413.479543,0.561802864074707
reward/speed,8825,1786573416.073152,0.5283681750297546
reward/speed,8846,1786573419.266918,0.6599242687225342
reward/speed,8864,1786573423.615783,0.1116238385438919
reward/speed,8887,1786573427.160621,0.47857466340065
reward/speed,8904,1786573429.909719,0.6444836258888245
reward/speed,8930,1786573434.135750,0.4883665442466736
reward/speed,8947,1786573436.659214,0.46068376302719116
reward/speed,8967,1786573438.780686,0.5718580484390259
reward/speed,8982,1786573440.352999,0.5736169815063477
reward/speed,8996,1786573441.845744,0.5739611387252808
reward/speed,9008,1786573443.126178,0.4265684485435486
reward/speed,9032,1786573445.705251,0.5772320032119751
reward/speed,9053,1786573448.001185,0.5716989636421204
reward/speed,9085,1786573451.529814,0.5642300844192505
reward/speed,9103,1786573453.454180,0.6826277375221252
reward/speed,9122,1786573455.478008,0.6087174415588379
reward/speed,9133,1786573456.631675,0.6136220693588257
reward/speed,9158,1786573462.027730,0.529479444026947
reward/speed,9178,1786573464.849115,0.5501812696456909
reward/speed,9203,1786573468.387211,0.464221715927124
reward/speed,9223,1786573471.639734,0.7327252626419067
reward/speed,9241,1786573474.238437,0.5063542723655701
reward/speed,9264,1786573477.603267,0.6416283845901489
reward/speed,9286,1786573480.810658,0.5633445978164673
reward/speed,9304,1786573483.540381,0.5515372157096863
reward/speed,9315,1786573485.197778,0.6117755770683289
reward/speed,9332,1786573487.690745,0.7135273218154907
reward/speed,9356,1786573491.240365,0.467299222946167
reward/speed,9380,1786573496.731124,0.32314684987068176
reward/speed,9396,1786573499.621742,0.5555652379989624
reward/speed,9411,1786573502.432031,0.7010058760643005
reward/speed,9430,1786573505.954288,0.5869883298873901
reward/speed,9444,1786573508.497300,0.7035514712333679
reward/speed,9463,1786573511.967960,0.49876728653907776
reward/speed,9480,1786573515.029486,0.6156598329544067
reward/speed,9500,1786573518.847014,0.014826163649559021
reward/speed,9519,1786573521.403612,0.6749855279922485
reward/speed,9536,1786573523.759769,0.609695553779602
reward/speed,9554,1786573526.020914,0.4950017035007477
reward/speed,9576,1786573528.685162,0.5238627195358276
reward/speed,9594,1786573531.047914,0.5994657278060913
reward/speed,9614,1786573533.713346,0.45994704961776733
reward/speed,9628,1786573535.579064,0.5286500453948975
reward/speed,9643,1786573537.642555,0.693928599357605
reward/speed,9662,1786573540.252090,0.7510474920272827
reward/speed,9683,1786573543.145288,0.7539855241775513
reward/speed,9702,1786573547.418415,0.5627678632736206
reward/speed,9720,1786573550.086293,0.4925771653652191
reward/speed,9741,1786573552.900584,0.5581874251365662
reward/speed,9764,1786573555.529977,0.49023309350013733
reward/speed,9780,1786573557.000068,0.39860883355140686
reward/speed,9798,1786573558.641540,0.5239475965499878
reward/speed,9814,1786573560.121529,0.5800715088844299
reward/speed,9831,1786573561.686879,0.47683876752853394
reward/speed,9857,1786573564.165701,0.730868935585022
reward/speed,9871,1786573565.846210,0.669623851776123
reward/speed,9893,1786573569.637918,0.6045147776603699
reward/speed,9908,1786573571.796947,0.6268285512924194
reward/speed,9934,1786573574.821551,0.5474952459335327
reward/speed,9954,1786573577.087584,0.49740880727767944
reward/speed,9974,1786573579.525894,0.5921881794929504
reward/speed,9998,1786573583.149805,0.5857726335525513
reward/speed,10011,1786573585.247909,0.7378965020179749
reward/speed,10029,1786573587.741068,0.35080263018608093
reward/speed,10057,1786573590.628284,0.6609676480293274
reward/speed,10073,1786573592.267800,0.4713084101676941
reward/speed,10096,1786573594.665260,0.5672500133514404
reward/speed,10110,1786573596.112093,0.71312415599823
reward/speed,10127,1786573597.875140,0.4860366880893707
reward/speed,10148,1786573600.026720,0.3996318280696869
reward/speed,10168,1786573602.026200,0.5299163460731506
reward/speed,10190,1786573604.216690,0.7022915482521057
reward/speed,10213,1786573606.437241,0.725044846534729
reward/speed,10228,1786573607.924692,0.6027255058288574
reward/speed,10242,1786573609.825766,0.6106536984443665
reward/speed,10263,1786573611.866482,0.8125218152999878
reward/speed,10286,1786573613.988506,0.6992361545562744
reward/speed,10306,1786573615.840939,0.7542228102684021
reward/speed,10333,1786573620.043609,0.08537176251411438
reward/speed,10350,1786573622.891827,0.5540478229522705
reward/speed,10374,1786573626.826019,0.5460212826728821
reward/speed,10396,1786573630.402998,0.6664971709251404
reward/speed,10418,1786573633.938875,0.5912755131721497
reward/speed,10439,1786573637.299149,0.6213407516479492
reward/speed,10462,1786573642.952941,0.3920000493526459
reward/speed,10487,1786573647.120420,0.6722702383995056
reward/speed,10505,1786573650.151765,0.6081411242485046
reward/speed,10527,1786573653.870878,0.6779931783676147
reward/speed,10544,1786573656.744678,0.6617173552513123
reward/speed,10566,1786573660.138868,0.5771936774253845
reward/speed,10580,1786573661.939763,0.6273878216743469
reward/speed,10606,1786573665.505835,0.009319299831986427
reward/speed,10621,1786573667.436515,0.5519245862960815
reward/speed,10638,1786573669.626853,0.5198646187782288
reward/speed,10652,1786573671.361285,0.6340964436531067
reward/speed,10666,1786573673.952426,0.5663268566131592
reward/speed,10681,1786573676.737141,0.5856232047080994
reward/speed,10702,1786573679.563785,0.6809737682342529
reward/speed,10716,1786573681.321892,0.6167096495628357
reward/speed,10741,1786573684.437247,0.6224686503410339
reward/speed,10766,1786573688.115792,0.5768097639083862
reward/speed,10783,1786573691.354073,0.014826091937720776
reward/speed,10803,1786573693.861911,0.6798836588859558
reward/speed,10828,1786573699.427813,0.46981382369995117
reward/speed,10851,1786573703.772214,0.6474786400794983
reward/speed,10866,1786573706.622617,0.565588116645813
reward/speed,10886,1786573710.369647,0.6694570183753967
reward/speed,10913,1786573715.339323,0.653605580329895
reward/speed,10932,1786573718.342116,0.5307720899581909
reward/speed,10953,1786573720.842565,0.6124632954597473
reward/speed,10969,1786573722.749076,0.639492392539978
reward/speed,10989,1786573724.915608,0.5495089888572693
reward/speed,11017,1786573727.880910,0.5792325139045715
reward/speed,11036,1786573732.070601,0.40376242995262146
reward/speed,11053,1786573735.307945,0.5211294889450073
reward/speed,11072,1786573738.895478,0.7083309888839722
reward/speed,11089,1786573741.649063,0.7012273073196411
reward/speed,11108,1786573745.270949,0.7276694178581238
reward/speed,11127,1786573748.873111,0.5513728260993958
reward/speed,11149,1786573752.833753,0.08292697370052338
reward/speed,11168,1786573755.762602,0.6320009231567383
reward/speed,11187,1786573757.981289,0.572503387928009
reward/speed,11203,1786573759.995552,0.642948567867279
reward/speed,11223,1786573764.622254,0.21789315342903137
reward/speed,11242,1786573767.457546,0.47858238220214844
reward/speed,11266,1786573771.500799,0.5582841634750366
reward/speed,11285,1786573774.203157,0.47059518098831177
reward/speed,11301,1786573776.469069,0.46331652998924255
reward/speed,11318,1786573778.991946,0.5552294254302979
reward/speed,11343,1786573782.696924,0.5332979559898376
reward/speed,11364,1786573785.304942,0.5792135000228882
reward/speed,11385,1786573788.313427,0.47932949662208557
reward/speed,11405,1786573791.171381,0.0853719562292099
reward/speed,11426,1786573793.595344,0.4520546793937683
reward/speed,11447,1786573795.986264,0.5940240621566772
reward/speed,11472,1786573799.278415,0.5281108021736145
reward/speed,11497,1786573802.744241,0.008469358086585999
reward/speed,11517,1786573805.078370,0.5550121068954468
reward/speed,11537,1786573807.458549,0.6114341616630554
reward/speed,11559,1786573810.179876,0.5601586103439331
reward/speed,11574,1786573812.887821,0.6113833785057068
reward/speed,11604,1786573817.560271,0.5581485629081726
reward/speed,11639,1786573822.098964,0.6205189824104309
reward/speed,11655,1786573823.761094,0.5351004600524902
reward/speed,11675,1786573825.811255,0.2764664888381958
reward/speed,11689,1786573827.198761,0.599765956401825
reward/speed,11721,1786573830.398904,0.71236252784729
reward/speed,11739,1786573832.626574,0.3920000493526459
reward/speed,11755,1786573834.391603,0.5453004240989685
reward/speed,11768,1786573835.870110,0.6216545104980469
reward/speed,11791,1786573839.366719,0.08537182211875916
reward/speed,11811,1786573841.165529,0.503902792930603
reward/speed,11826,1786573842.481357,0.55349200963974
reward/speed,11858,1786573845.257278,0.5069230198860168
reward/speed,11874,1786573847.409742,0.44127577543258667
reward/speed,11894,1786573850.004804,0.5866860747337341
reward/speed,11909,1786573851.925235,0.524199366569519
reward/speed,11929,1786573854.411421,0.6242355704307556
reward/speed,11943,1786573856.139264,0.6464715600013733
reward/speed,11962,1786573858.434164,0.6585170030593872
reward/speed,11978,1786573860.365783,0.5390421748161316
reward/speed,12003,1786573863.366875,0.41623812913894653
reward/speed,12020,1786573865.330840,0.5233662724494934
reward/speed,12039,1786573867.435792,0.5258928537368774
reward/speed,12058,1786573869.494095,0.5724270939826965
reward/speed,12073,1786573871.110711,0.453641414642334
reward/speed,12085,1786573872.381363,0.6015619039535522
reward/speed,12102,1786573874.183909,0.6366952061653137
reward/speed,12124,1786573876.606388,0.6235948801040649
reward/speed,12142,1786573878.987190,0.008469222113490105
reward/speed,12166,1786573881.801877,0.5684787034988403
reward/speed,12188,1786573884.385460,0.5954593420028687
reward/speed,12219,1786573887.811175,0.6911243200302124
reward/speed,12241,1786573890.433731,0.08537177741527557
reward/speed,12258,1786573892.294896,0.5414761900901794
reward/speed,12273,1786573893.957718,0.468930184841156
reward/speed,12295,1786573897.102724,0.38590019941329956
reward/speed,12314,1786573899.250129,0.5053055882453918
reward/speed,12331,1786573901.098199,0.000302464934065938
reward/speed,12344,1786573902.468703,0.6517349481582642
reward/speed,12368,1786573905.002134,0.4628668427467346
reward/speed,12386,1786573906.870065,0.5134884119033813
reward/speed,12405,1786573908.807642,0.5929730534553528
reward/speed,12418,1786573910.115704,0.7093238234519958
reward/speed,12443,1786573912.600314,0.6638737916946411
reward/speed,12460,1786573914.283618,0.47335314750671387
reward/speed,12471,1786573915.407182,0.48963460326194763
reward/speed,12494,1786573917.732704,0.468294233083725
reward/speed,12509,1786573919.258511,0.635770857334137
reward/speed,12525,1786573920.868533,0.6463940143585205
reward/speed,12541,1786573922.487342,0.7376605272293091
reward/speed,12559,1786573927.307579,0.520219087600708
reward/speed,12584,1786573931.560381,0.5965296030044556
reward/speed,12600,1786573934.355387,0.5807000398635864
reward/speed,12628,1786573938.383320,0.6194290518760681
reward/speed,12657,1786573944.148663,0.4421098232269287
reward/speed,12685,1786573949.761954,0.6050211191177368
reward/speed,12700,1786573954.153190,0.361307293176651
reward/speed,12716,1786573956.621634,0.4643239378929138
reward/speed,12733,1786573959.285468,0.5950353741645813
reward/speed,12754,1786573962.733394,0.7106684446334839
reward/speed,12782,1786573967.547232,0.3490102291107178
reward/speed,12812,1786573971.514924,0.014826156198978424
reward/speed,12837,1786573974.632308,0.5188450813293457
reward/speed,12857,1786573977.128194,0.5477062463760376
reward/speed,12876,1786573979.416052,0.5628439784049988
reward/speed,12898,1786573982.007319,0.5989635586738586
reward/speed,12921,1786573985.085148,0.3920000493526459
reward/speed,12941,1786573987.705860,0.7114871144294739
reward/speed,12961,1786573990.339288,0.727756679058075
reward/speed,12985,1786573993.432966,0.4937611222267151
reward/speed,13009,1786573996.679957,0.48348337411880493
reward/speed,13026,1786573998.671769,0.41719359159469604
reward/speed,13064,1786574003.115233,0.6140029430389404
reward/speed,13078,1786574004.870449,0.6908440589904785
reward/speed,13094,1786574007.206199,0.3920000493526459
reward/speed,13112,1786574009.178277,0.5812044739723206
reward/speed,13126,1786574010.725467,0.5923230051994324
reward/speed,13148,1786574013.206282,0.5809497833251953
reward/speed,13172,1786574015.815663,0.6944745182991028
reward/speed,13192,1786574017.967190,0.6568913459777832
reward/speed,13207,1786574019.614572,0.6125422716140747
reward/speed,13229,1786574022.027715,0.45288363099098206
reward/speed,13252,1786574024.427418,0.5663837194442749
reward/speed,13275,1786574026.770921,0.7838941812515259
reward/speed,13289,1786574028.169592,0.6757655143737793
reward/speed,13319,1786574031.519325,0.6050822138786316
reward/speed,13345,1786574034.095169,0.5687444806098938
reward/speed,13363,1786574035.893849,0.2976488471031189
reward/speed,13376,1786574038.418034,0.45506149530410767
reward/speed,13403,1786574042.137547,0.5355283617973328
reward/speed,13422,1786574044.677927,0.6135247945785522
reward/speed,13437,1786574046.648820,0.6975747346878052
reward/speed,13459,1786574049.736184,0.6699368953704834
reward/speed,13477,1786574052.191493,0.7010166645050049
reward/speed,13493,1786574054.525772,0.6528492569923401
reward/speed,13508,1786574058.552989,0.30595096945762634
reward/speed,13540,1786574064.587171,0.6127314567565918
reward/speed,13559,1786574068.053872,0.6370674967765808
reward/speed,13580,1786574071.812171,0.7194854021072388
reward/speed,13594,1786574074.231866,0.5081465244293213
reward/speed,13612,1786574077.426528,0.4254745543003082
reward/speed,13637,1786574081.573764,0.5789454579353333
reward/speed,13654,1786574083.815739,0.5936979055404663
reward/speed,13667,1786574085.610463,0.6436736583709717
reward/speed,13690,1786574088.731428,0.4895554482936859
reward/speed,13705,1786574090.759067,0.2803323268890381
reward/speed,13726,1786574093.475536,0.5626846551895142
reward/speed,13744,1786574098.122187,0.5322967767715454
reward/speed,13762,1786574100.404504,0.6075233221054077
reward/speed,13783,1786574103.001797,0.5152570009231567
reward/speed,13802,1786574104.786926,0.5407532453536987
reward/speed,13820,1786574106.478246,0.49850934743881226
reward/speed,13846,1786574108.840592,0.6538622975349426
reward/speed,13865,1786574114.369863,0.6831073760986328
reward/speed,13878,1786574116.878171,0.7294172644615173
reward/speed,13898,1786574121.880043,0.6399932503700256
reward/speed,13923,1786574125.692436,0.5994888544082642
reward/speed,13942,1786574128.810878,0.6507318615913391
reward/speed,13962,1786574133.662818,0.5829530358314514
reward/speed,13987,1786574137.041866,0.7097617387771606
reward/speed,14003,1786574141.135754,0.00436589028686285
reward/speed,14030,1786574145.817874,0.6411316394805908
reward/speed,14051,1786574149.435323,0.5803228616714478
reward/speed,14066,1786574152.039688,0.6230566501617432
reward/speed,14094,1786574156.876806,0.5526926517486572
reward/speed,14110,1786574159.450649,0.6889739036560059
reward/speed,14127,1786574162.238489,0.5864402055740356
reward/speed,14150,1786574166.134214,0.629460871219635
reward/speed,14169,1786574169.342452,0.5402793884277344
reward/speed,14193,1786574173.317919,0.7112838625907898
reward/speed,14210,1786574176.086726,0.6530131697654724
reward/speed,14234,1786574179.570821,0.6568030714988708
reward/speed,14249,1786574181.332263,0.7850520610809326
reward/speed,14268,1786574184.308617,0.6799875497817993
reward/speed,14299,1786574189.235330,0.6069310307502747
reward/speed,14328,1786574196.419044,0.4116385877132416
reward/speed,14345,1786574199.969860,0.384550005197525
reward/speed,14360,1786574202.735899,0.690618097782135
reward/speed,14381,1786574206.593289,0.49032434821128845
reward/speed,14399,1786574209.895330,0.6660559177398682
reward/speed,14419,1786574213.555581,0.4516087770462036
reward/speed,14446,1786574219.427271,0.3873825669288635
reward/speed,14458,1786574220.720126,0.595507025718689
reward/speed,14470,1786574222.021646,0.6599819660186768
reward/speed,14493,1786574224.509657,0.5550393462181091
reward/speed,14510,1786574227.449166,0.6135254502296448
reward/speed,14529,1786574230.264152,0.4105283319950104
reward/speed,14545,1786574232.744930,0.009319217875599861
reward/speed,14569,1786574235.642154,0.5159185528755188
reward/speed,14589,1786574238.067417,0.13834574818611145
reward/speed,14605,1786574240.287042,0.3920000493526459
reward/speed,14624,1786574242.268605,0.4540031850337982
reward/speed,14650,1786574245.043066,0.6387342214584351
reward/speed,14664,1786574246.879053,0.3920000493526459
reward/speed,14681,1786574248.569785,0.5294047594070435
reward/speed,14709,1786574251.066860,0.5743354558944702
reward/speed,14727,1786574252.634284,0.5328687429428101
reward/speed,14750,1786574254.656477,0.47826138138771057
reward/speed,14773,1786574256.654727,0.3202255368232727
reward/speed,14797,1786574258.678214,0.668778121471405
reward/speed,14817,1786574260.378824,0.6803982257843018
reward/speed,14844,1786574264.349646,0.6201118230819702
reward/speed,14865,1786574267.889854,0.5997950434684753
reward/speed,14885,1786574271.268996,0.7057885527610779
reward/speed,14902,1786574274.040080,0.29838258028030396
reward/speed,14922,1786574277.317858,0.6039275527000427
reward/speed,14940,1786574280.158647,0.6411648988723755
reward/speed,14954,1786574282.621155,0.020650561898946762
reward/speed,14985,1786574286.502097,0.5950729846954346
reward/speed,15002,1786574288.471940,0.5861053466796875
reward/speed,15021,1786574290.793630,0.5621238946914673
reward/speed,15043,1786574292.918433,0.5461633801460266
reward/speed,15062,1786574295.356509,0.008469398133456707
reward/speed,15083,1786574299.418380,0.46093884110450745
reward/speed,15112,1786574303.364663,0.5384731888771057
reward/speed,15131,1786574305.958236,0.6366216540336609
reward/speed,15152,1786574309.764678,0.469500869512558
reward/speed,15168,1786574312.635429,0.6614726185798645
reward/speed,15192,1786574315.919757,0.570717453956604
reward/speed,15208,1786574317.953475,0.5579640865325928
reward/speed,15231,1786574321.078593,0.6265159845352173
reward/speed,15251,1786574323.614181,0.5575531125068665
reward/speed,15267,1786574325.638664,0.4454595148563385
reward/speed,15291,1786574329.169938,0.6014136672019958
reward/speed,15306,1786574331.271998,0.6803992986679077
reward/speed,15331,1786574334.449658,0.6298747062683105
reward/speed,15353,1786574337.188803,0.3170076012611389
reward/speed,15371,1786574340.280861,0.19363543391227722
reward/speed,15393,1786574342.746952,0.6092278361320496
reward/speed,15411,1786574344.799927,0.6078234910964966
reward/speed,15434,1786574347.354377,0.7094153761863708
reward/speed,15449,1786574348.945296,0.6397184133529663
reward/speed,15474,1786574351.943151,0.009319229051470757
reward/speed,15497,1786574354.393242,0.5556076765060425
reward/speed,15517,1786574356.562853,0.548822820186615
reward/speed,15535,1786574358.399677,0.5469590425491333
reward/speed,15553,1786574361.142236,0.5013404488563538
reward/speed,15566,1786574362.895335,0.4790855944156647
reward/speed,15590,1786574366.018923,0.36982783675193787
reward/speed,15614,1786574369.138020,0.6343158483505249
reward/speed,15640,1786574372.487602,0.6326265335083008
reward/speed,15662,1786574375.369309,0.6759215593338013
reward/speed,15687,1786574378.792860,0.5630506873130798
reward/speed,15713,1786574381.956965,0.590614914894104
reward/speed,15729,1786574383.864648,0.5072563290596008
reward/speed,15753,1786574386.686262,0.6605469584465027
reward/speed,15767,1786574388.407347,0.6407037973403931
reward/speed,15792,1786574391.511547,0.5468326210975647
reward/speed,15815,1786574394.451311,0.5054442882537842
reward/speed,15840,1786574397.485261,0.609708845615387
reward/speed,15856,1786574399.390905,0.4299176335334778
reward/speed,15884,1786574402.525823,0.002652714028954506
reward/speed,15900,1786574404.509306,0.5051406025886536
reward/speed,15925,1786574409.140769,0.44382792711257935
reward/speed,15940,1786574411.492400,0.4278348386287689
reward/speed,15964,1786574415.107344,0.6608802676200867
reward/speed,15982,1786574417.650762,0.5303448438644409
reward/speed,16008,1786574421.404720,0.516993522644043
reward/speed,16024,1786574423.721406,0.6439141035079956
reward/speed,16039,1786574425.828707,0.6475828886032104
reward/speed,16062,1786574428.987097,0.603896975517273
reward/speed,16082,1786574431.958757,0.6790417432785034
reward/speed,16102,1786574434.860835,0.6874357461929321
reward/speed,16113,1786574436.512448,0.45666733384132385
reward/speed,16129,1786574438.890788,0.6481339335441589
reward/speed,16146,1786574441.319118,0.5419812798500061
reward/speed,16166,1786574444.213814,0.37536120414733887
reward/speed,16176,1786574445.632475,0.612113356590271
reward/speed,16196,1786574448.428297,0.6355330348014832
reward/speed,16211,1786574450.529028,0.4958561360836029
reward/speed,16235,1786574453.903373,0.7297972440719604
reward/speed,16251,1786574456.114159,0.5414742231369019
reward/speed,16275,1786574459.408065,0.6619535684585571
reward/speed,16291,1786574463.619079,0.5323072075843811
reward/speed,16317,1786574467.368108,0.4084590971469879
reward/speed,16349,1786574472.105816,0.5392420291900635
reward/speed,16368,1786574475.166407,0.9061509966850281
reward/speed,16395,1786574479.614640,0.6733459234237671
reward/speed,16408,1786574481.160735,0.5286380052566528
reward/speed,16428,1786574485.536433,0.009291073307394981
reward/speed,16446,1786574488.944792,0.7648001909255981
reward/speed,16466,1786574492.758520,0.6973133087158203
reward/speed,16486,1786574496.538539,0.7354698777198792
reward/speed,16506,1786574500.492773,0.6414337158203125
reward/speed,16529,1786574504.944364,0.7365954518318176
reward/speed,16555,1786574509.864778,0.7685285806655884
reward/speed,16572,1786574513.026899,0.7992989420890808
reward/speed,16585,1786574515.482414,0.6359931230545044
reward/speed,16603,1786574518.460392,0.6129255294799805
reward/speed,16627,1786574521.694740,0.5612846612930298
reward/speed,16645,1786574524.937551,0.6541870832443237
reward/speed,16665,1786574527.652075,0.6502047777175903
reward/speed,16680,1786574530.640735,0.6036325097084045
reward/speed,16697,1786574534.954291,0.08537177741527557
reward/speed,16725,1786574539.917809,0.7134901881217957
reward/speed,16742,1786574542.848715,0.5786173939704895
reward/speed,16769,1786574547.213107,0.5892306566238403
reward/speed,16787,1786574549.548408,0.5340614318847656
reward/speed,16803,1786574551.657452,0.5509142875671387
reward/speed,16823,1786574554.370975,0.5074320435523987
reward/speed,16843,1786574556.816247,0.5839759111404419
reward/speed,16864,1786574559.434252,0.6692832112312317
reward/speed,16885,1786574563.850288,0.6184585094451904
reward/speed,16903,1786574566.414632,0.46635013818740845
reward/speed,16924,1786574569.253613,0.4476686418056488
reward/speed,16942,1786574571.312953,0.6053792238235474
reward/speed,16959,1786574573.316506,0.7149015069007874
reward/speed,16977,1786574575.350528,0.5874074697494507
reward/speed,16997,1786574580.211065,0.6566872000694275
reward/speed,17012,1786574582.784656,0.5873469114303589
reward/speed,17026,1786574585.197364,0.6621608138084412
reward/speed,17045,1786574588.415964,0.6426767706871033
reward/speed,17069,1786574592.416625,0.7381268739700317
reward/speed,17094,1786574596.568703,0.6127167344093323
reward/speed,17116,1786574600.019777,0.5912281274795532
reward/speed,17134,1786574602.883791,0.5476373434066772
reward/speed,17156,1786574605.619907,0.6918838024139404
reward/speed,17173,1786574607.733429,0.7053025364875793
reward/speed,17198,1786574611.181222,0.6575667262077332
reward/speed,17216,1786574615.398940,0.6291539669036865
reward/speed,17243,1786574619.504210,0.0084691708907485
reward/speed,17256,1786574620.908098,0.5543411374092102
reward/speed,17286,1786574624.157081,0.5524443984031677
reward/speed,17322,1786574628.575889,0.3920000493526459
reward/speed,17345,1786574631.205719,0.5810521841049194
reward/speed,17362,1786574633.013853,0.5724694728851318
reward/speed,17388,1786574635.904671,0.6871935129165649
reward/speed,17406,1786574637.967712,0.6996670961380005
reward/speed,17434,1786574641.851051,0.6551093459129333
reward/speed,17458,1786574644.918761,0.522224485874176
reward/speed,17481,1786574647.900840,0.6552053093910217
reward/speed,17504,1786574650.926704,0.6383442878723145
reward/speed,17521,1786574653.214253,0.31943434476852417
reward/speed,17537,1786574655.362008,0.37700361013412476
reward/speed,17557,1786574658.015496,0.6129857897758484
reward/speed,17577,1786574660.591240,0.5461553335189819
reward/speed,17595,1786574663.899899,0.6559489965438843
reward/speed,17616,1786574667.552516,0.741190493106842
reward/speed,17630,1786574670.033529,0.6037849187850952
reward/speed,17643,1786574672.272738,0.3222336769104004
reward/speed,17669,1786574676.462793,0.6448827981948853
reward/speed,17687,1786574679.518774,0.6547307372093201
reward/speed,17699,1786574681.577312,0.6805182695388794
reward/speed,17722,1786574685.573322,0.7302457690238953
reward/speed,17735,1786574687.826870,0.7048173546791077
reward/speed,17754,1786574691.110015,0.7676519155502319
reward/speed,17782,1786574695.834551,0.5936643481254578
reward/speed,17805,1786574699.539402,0.7499614953994751
reward/speed,17824,1786574702.656260,0.6918569803237915
reward/speed,17841,1786574705.517237,0.5911895036697388
reward/speed,17866,1786574709.592220,0.5499923825263977
reward/speed,17884,1786574712.483303,0.6079570651054382
reward/speed,17901,1786574716.476094,0.4681665301322937
reward/speed,17925,1786574719.725940,0.6282838582992554
reward/speed,17941,1786574721.906109,0.726434588432312
reward/speed,17965,1786574725.158969,0.6031707525253296
reward/speed,17980,1786574727.116903,0.6698883175849915
reward/speed,18003,1786574729.448944,0.7446271181106567
reward/speed,18025,1786574731.651384,0.6719413995742798
reward/speed,18042,1786574733.351933,0.5995537042617798
reward/speed,18062,1786574735.296890,0.7131361365318298
reward/speed,18081,1786574737.086354,0.6491774320602417
reward/speed,18107,1786574739.470854,0.7159965634346008
reward/speed,18121,1786574740.724198,0.7196002006530762
reward/speed,18136,1786574742.075567,0.5444389581680298
reward/speed,18153,1786574743.590011,0.5212833881378174
reward/speed,18176,1786574745.639327,0.56048983335495
reward/speed,18197,1786574747.440500,0.7820716500282288
reward/speed,18215,1786574748.926123,0.7926923036575317
reward/speed,18231,1786574750.242001,0.7088179588317871
reward/speed,18245,1786574751.848134,0.009319339878857136
reward/speed,18265,1786574754.373856,0.6545611619949341
reward/speed,18278,1786574756.044287,0.6603612899780273
reward/speed,18300,1786574758.824761,0.6249996423721313
reward/speed,18318,1786574761.057447,0.7728383541107178
reward/speed,18345,1786574764.398251,0.6393789052963257
reward/speed,18366,1786574767.161036,0.585796594619751
reward/speed,18390,1786574770.176996,0.6277331113815308
reward/speed,18405,1786574772.040665,0.5391993522644043
reward/speed,18423,1786574774.284068,0.8208276033401489
reward/speed,18441,1786574777.056684,0.7173119783401489
reward/speed,18458,1786574779.120692,0.7136872410774231
reward/speed,18479,1786574781.593196,0.6286173462867737
reward/speed,18504,1786574784.541022,0.7222704887390137
reward/speed,18523,1786574786.815051,0.6426973938941956
reward/speed,18542,1786574789.053129,0.7007007598876953
reward/speed,18556,1786574790.702614,0.8036168217658997
reward/speed,18580,1786574793.525682,0.6366137266159058
reward/speed,18592,1786574794.919372,0.5990681648254395
reward/speed,18607,1786574796.645297,0.6080619692802429
reward/speed,18626,1786574798.786069,0.6076477766036987
reward/speed,18652,1786574801.702252,0.5491706728935242
reward/speed,18670,1786574803.718626,0.5781251192092896
reward/speed,18682,1786574805.034925,0.6772185564041138
reward/speed,18701,1786574807.564484,0.13349999487400055
reward/speed,18722,1786574810.255466,0.48302793502807617
reward/speed,18739,1786574812.426385,0.5199661254882812
reward/speed,18758,1786574814.920778,0.5284822583198547
reward/speed,18778,1786574817.560731,0.700853168964386
reward/speed,18802,1786574822.690915,0.008506439626216888
reward/speed,18821,1786574826.056178,0.6293760538101196
reward/speed,18839,1786574829.253669,0.8035215139389038
reward/speed,18860,1786574832.938730,0.5246136784553528
reward/speed,18879,1786574836.271184,0.6700471043586731
reward/speed,18894,1786574838.854195,0.6848504543304443
reward/speed,18917,1786574842.907926,0.6917532682418823
reward/speed,18932,1786574845.571638,0.6969985961914062
reward/speed,18953,1786574849.176292,0.7036870718002319
reward/speed,18977,1786574853.204401,0.7533287405967712
reward/speed,18994,1786574855.910503,0.6116846799850464
reward/speed,19014,1786574859.066840,0.6470609307289124
reward/speed,19029,1786574861.406424,0.6626719236373901
reward/speed,19044,1786574863.740525,0.6768113374710083
reward/speed,19070,1786574867.700930,0.6421970725059509
reward/speed,19092,1786574870.979000,0.7690191268920898
reward/speed,19111,1786574873.775373,0.665093719959259
reward/speed,19135,1786574877.209402,0.6495488286018372
reward/speed,19154,1786574879.297662,0.7128002047538757
reward/speed,19185,1786574882.072674,0.5779951214790344
reward/speed,19206,1786574883.919668,0.5701127648353577
reward/speed,19227,1786574885.818288,0.643208920955658
reward/speed,19246,1786574887.463583,0.48419612646102905
reward/speed,19275,1786574889.893837,0.6160570979118347
reward/speed,19294,1786574891.450547,0.5595234632492065
reward/speed,19319,1786574896.043930,0.004365882836282253
reward/speed,19343,1786574900.437824,0.650700569152832
reward/speed,19363,1786574904.106237,0.6865857243537903
reward/speed,19389,1786574908.756515,0.6742651462554932
reward/speed,19408,1786574912.074812,0.7189147472381592
reward/speed,19441,1786574917.768463,0.7842072248458862
reward/speed,19461,1786574921.933865,0.30504244565963745
reward/speed,19480,1786574924.874142,0.7075201272964478
reward/speed,19494,1786574927.008880,0.7521458864212036
reward/speed,19509,1786574929.327684,0.7365890145301819
reward/speed,19534,1786574933.239675,0.6993071436882019
reward/speed,19551,1786574935.834620,0.6168699860572815
reward/speed,19581,1786574940.227285,0.6352623701095581
reward/speed,19596,1786574942.137609,0.5916827321052551
reward/speed,19612,1786574943.768138,0.5848417282104492
reward/speed,19635,1786574946.119694,0.6667008399963379
reward/speed,19665,1786574949.323519,0.5486876964569092
reward/speed,19685,1786574951.429719,0.6745665669441223
reward/speed,19699,1786574952.846920,0.7478249073028564
reward/speed,19714,1786574954.364306,0.6278268098831177
reward/speed,19736,1786574956.771748,0.6116040945053101
reward/speed,19759,1786574958.947427,0.6460126638412476
reward/speed,19772,1786574960.151300,0.6968343257904053
reward/speed,19794,1786574962.241320,0.5583856701850891
reward/speed,19813,1786574964.103041,0.5210789442062378
reward/speed,19831,1786574965.831468,0.7768638730049133
reward/speed,19852,1786574968.266023,0.0853719562292099
reward/speed,19873,1786574970.725192,0.4457874298095703
reward/speed,19887,1786574972.324569,0.621540367603302
reward/speed,19905,1786574974.414365,0.5726379752159119
reward/speed,19933,1786574977.675667,0.48593029379844666
reward/speed,19947,1786574979.349524,0.5795263051986694
reward/speed,19971,1786574982.262844,0.3661496639251709
reward/speed,20000,1786574986.932663,0.6530618071556091
reward/steer_change,3,1786572116.608020,-0.10000000149011612
reward/steer_change,24,1786572119.360127,-0.10000000149011612
reward/steer_change,53,1786572123.233349,-0.10000000149011612
reward/steer_change,79,1786572126.722440,-0.10000000149011612
reward/steer_change,97,1786572130.816093,-0.10000000149011612
reward/steer_change,119,1786572133.881550,-0.10000000149011612
reward/steer_change,137,1786572136.336073,-0.10000000149011612
reward/steer_change,153,1786572138.535040,-0.10000000149011612
reward/steer_change,177,1786572141.858753,-0.10000000149011612
reward/steer_change,206,1786572145.929865,-0.10000000149011612
reward/steer_change,221,1786572148.090245,-0.10000000149011612
reward/steer_change,241,1786572150.371794,-0.10000000149011612
reward/steer_change,261,1786572152.514704,-0.10000000149011612
reward/steer_change,282,1786572154.715991,-0.10000000149011612
reward/steer_change,302,1786572156.850529,-0.10000000149011612
reward/steer_change,322,1786572158.974282,-0.10000000149011612
reward/steer_change,334,1786572160.648064,-0.10000000149011612
reward/steer_change,356,1786572163.183307,-0.10000000149011612
reward/steer_change,381,1786572166.078178,-0.10000000149011612
reward/steer_change,405,1786572168.845388,-0.10000000149011612
reward/steer_change,422,1786572170.802669,-0.10000000149011612
reward/steer_change,443,1786572175.832649,-0.10000000149011612
reward/steer_change,466,1786572179.004402,-0.10000000149011612
reward/steer_change,494,1786572182.216242,-0.10000000149011612
reward/steer_change,517,1786572185.004789,-0.10000000149011612
reward/steer_change,545,1786572187.845174,-0.10000000149011612
reward/steer_change,556,1786572188.973833,-0.10000000149011612
reward/steer_change,580,1786572191.493517,-0.10000000149011612
reward/steer_change,599,1786572193.493671,-0.10000000149011612
reward/steer_change,621,1786572195.716519,-0.10000000149011612
reward/steer_change,646,1786572198.526264,-0.10000000149011612
reward/steer_change,668,1786572200.758037,-0.10000000149011612
reward/steer_change,686,1786572202.537613,-0.10000000149011612
reward/steer_change,708,1786572204.718810,-0.10000000149011612
reward/steer_change,729,1786572206.800454,-0.10000000149011612
reward/steer_change,751,1786572209.793122,-0.10000000149011612
reward/steer_change,771,1786572212.632249,-0.10000000149011612
reward/steer_change,794,1786572215.884386,-0.10000000149011612
reward/steer_change,812,1786572218.416266,-0.10000000149011612
reward/steer_change,835,1786572221.527301,-0.10000000149011612
reward/steer_change,851,1786572223.683352,-0.10000000149011612
reward/steer_change,868,1786572225.540747,-0.10000000149011612
reward/steer_change,883,1786572227.201806,-0.10000000149011612
reward/steer_change,901,1786572229.244197,-0.10000000149011612
reward/steer_change,915,1786572230.801670,-0.10000000149011612
reward/steer_change,933,1786572232.744078,-0.10000000149011612
reward/steer_change,946,1786572234.171254,-0.10000000149011612
reward/steer_change,971,1786572236.819871,-0.10000000149011612
reward/steer_change,989,1786572238.749596,-0.10000000149011612
reward/steer_change,1004,1786572240.352516,-0.10000000149011612
reward/steer_change,1027,1786572243.240138,-0.10000000149011612
reward/steer_change,1053,1786572245.801369,-0.10000000149011612
reward/steer_change,1070,1786572248.127638,-0.10000000149011612
reward/steer_change,1088,1786572250.678459,-0.10000000149011612
reward/steer_change,1102,1786572252.653251,-0.10000000149011612
reward/steer_change,1119,1786572255.060395,-0.10000000149011612
reward/steer_change,1146,1786572258.930623,-0.10000000149011612
reward/steer_change,1166,1786572261.709289,-0.10000000149011612
reward/steer_change,1186,1786572264.449443,-0.10000000149011612
reward/steer_change,1208,1786572267.212811,-0.10000000149011612
reward/steer_change,1228,1786572269.440700,-0.10000000149011612
reward/steer_change,1251,1786572271.647356,-0.10000000149011612
reward/steer_change,1266,1786572272.980346,-0.10000000149011612
reward/steer_change,1279,1786572274.121768,-0.10000000149011612
reward/steer_change,1300,1786572275.966223,-0.10000000149011612
reward/steer_change,1323,1786572277.971526,-0.10000000149011612
reward/steer_change,1337,1786572279.878959,-0.10000000149011612
reward/steer_change,1357,1786572282.238001,-0.10000000149011612
reward/steer_change,1381,1786572287.898388,-0.10000000149011612
reward/steer_change,1398,1786572291.328327,-0.10000000149011612
reward/steer_change,1412,1786572294.118752,-0.10000000149011612
reward/steer_change,1433,1786572298.316241,-0.10000000149011612
reward/steer_change,1451,1786572301.848879,-0.10000000149011612
reward/steer_change,1468,1786572305.166797,-0.10000000149011612
reward/steer_change,1485,1786572308.451431,-0.10000000149011612
reward/steer_change,1515,1786572314.207477,-0.10000000149011612
reward/steer_change,1532,1786572317.498252,-0.10000000149011612
reward/steer_change,1552,1786572321.488303,-0.10000000149011612
reward/steer_change,1574,1786572326.062049,-0.10000000149011612
reward/steer_change,1595,1786572330.589245,-0.10000000149011612
reward/steer_change,1611,1786572335.023898,-0.10000000149011612
reward/steer_change,1624,1786572337.247244,-0.10000000149011612
reward/steer_change,1637,1786572339.474356,-0.10000000149011612
reward/steer_change,1655,1786572342.595556,-0.10000000149011612
reward/steer_change,1675,1786572346.078596,-0.10000000149011612
reward/steer_change,1692,1786572348.986589,0.0
reward/steer_change,1707,1786572351.484808,-0.10000000149011612
reward/steer_change,1729,1786572355.064606,-0.10000000149011612
reward/steer_change,1747,1786572357.185389,-0.10000000149011612
reward/steer_change,1759,1786572358.573392,-0.10000000149011612
reward/steer_change,1773,1786572360.892097,-0.10000000149011612
reward/steer_change,1790,1786572363.260743,-0.10000000149011612
reward/steer_change,1808,1786572365.750300,-0.10000000149011612
reward/steer_change,1828,1786572368.459632,-0.10000000149011612
reward/steer_change,1858,1786572371.785255,-0.10000000149011612
reward/steer_change,1880,1786572374.283714,-0.10000000149011612
reward/steer_change,1899,1786572376.380532,-0.10000000149011612
reward/steer_change,1919,1786572378.530356,-0.10000000149011612
reward/steer_change,1941,1786572380.906541,-0.10000000149011612
reward/steer_change,1968,1786572383.900757,-0.10000000149011612
reward/steer_change,1995,1786572389.315257,-0.10000000149011612
reward/steer_change,2014,1786572392.937283,-0.10000000149011612
reward/steer_change,2028,1786572395.566249,-0.10000000149011612
reward/steer_change,2048,1786572399.439936,-0.10000000149011612
reward/steer_change,2061,1786572402.369486,-0.10000000149011612
reward/steer_change,2083,1786572406.544258,-0.10000000149011612
reward/steer_change,2104,1786572412.051866,-0.10000000149011612
reward/steer_change,2126,1786572415.995472,-0.10000000149011612
reward/steer_change,2147,1786572419.760201,-0.10000000149011612
reward/steer_change,2172,1786572423.336205,-0.10000000149011612
reward/steer_change,2197,1786572430.000577,-0.10000000149011612
reward/steer_change,2219,1786572433.736619,-0.10000000149011612
reward/steer_change,2233,1786572435.462917,-0.10000000149011612
reward/steer_change,2248,1786572437.397758,-0.10000000149011612
reward/steer_change,2270,1786572439.994148,-0.10000000149011612
reward/steer_change,2289,1786572442.231501,-0.10000000149011612
reward/steer_change,2314,1786572445.300319,-0.10000000149011612
reward/steer_change,2333,1786572448.178689,-0.10000000149011612
reward/steer_change,2351,1786572451.429921,-0.10000000149011612
reward/steer_change,2384,1786572455.779407,-0.10000000149011612
reward/steer_change,2405,1786572458.271098,-0.10000000149011612
reward/steer_change,2423,1786572460.444584,-0.10000000149011612
reward/steer_change,2449,1786572463.549991,-0.10000000149011612
reward/steer_change,2462,1786572465.076483,-0.10000000149011612
reward/steer_change,2477,1786572466.844098,-0.10000000149011612
reward/steer_change,2491,1786572468.508008,-0.10000000149011612
reward/steer_change,2513,1786572471.495070,-0.10000000149011612
reward/steer_change,2534,1786572474.314504,-0.10000000149011612
reward/steer_change,2557,1786572477.359444,-0.10000000149011612
reward/steer_change,2579,1786572480.511777,-0.10000000149011612
reward/steer_change,2602,1786572483.112038,-0.10000000149011612
reward/steer_change,2618,1786572484.949805,-0.10000000149011612
reward/steer_change,2647,1786572488.136516,-0.10000000149011612
reward/steer_change,2673,1786572492.663037,-0.10000000149011612
reward/steer_change,2696,1786572496.114632,-0.10000000149011612
reward/steer_change,2717,1786572499.308391,-0.10000000149011612
reward/steer_change,2745,1786572503.559708,-0.10000000149011612
reward/steer_change,2766,1786572506.776320,-0.10000000149011612
reward/steer_change,2801,1786572511.807809,-0.10000000149011612
reward/steer_change,2823,1786572514.776049,-0.10000000149011612
reward/steer_change,2849,1786572518.400965,-0.10000000149011612
reward/steer_change,2864,1786572522.434835,-0.10000000149011612
reward/steer_change,2886,1786572525.522006,-0.10000000149011612
reward/steer_change,2904,1786572528.040198,-0.10000000149011612
reward/steer_change,2921,1786572530.452355,-0.10000000149011612
reward/steer_change,2938,1786572532.850886,-0.10000000149011612
reward/steer_change,2957,1786572535.840814,-0.10000000149011612
reward/steer_change,2976,1786572538.458244,-0.10000000149011612
reward/steer_change,2998,1786572543.517813,-0.10000000149011612
reward/steer_change,3023,1786572547.268471,-0.10000000149011612
reward/steer_change,3046,1786572550.693741,-0.10000000149011612
reward/steer_change,3064,1786572553.003250,-0.10000000149011612
reward/steer_change,3087,1786572556.462629,-0.10000000149011612
reward/steer_change,3108,1786572559.234919,-0.10000000149011612
reward/steer_change,3135,1786572562.769393,-0.10000000149011612
reward/steer_change,3159,1786572566.172447,-0.10000000149011612
reward/steer_change,3177,1786572568.319242,-0.10000000149011612
reward/steer_change,3196,1786572572.083521,-0.10000000149011612
reward/steer_change,3212,1786572574.482074,-0.10000000149011612
reward/steer_change,3230,1786572577.190833,-0.10000000149011612
reward/steer_change,3260,1786572579.772863,-0.10000000149011612
reward/steer_change,3283,1786572583.814549,-0.10000000149011612
reward/steer_change,3302,1786572586.303329,-0.10000000149011612
reward/steer_change,3331,1786572592.123246,-0.10000000149011612
reward/steer_change,3344,1786572594.116382,-0.10000000149011612
reward/steer_change,3363,1786572596.958165,-0.10000000149011612
reward/steer_change,3378,1786572599.620665,-0.10000000149011612
reward/steer_change,3406,1786572602.775942,-0.10000000149011612
reward/steer_change,3421,1786572604.513482,-0.10000000149011612
reward/steer_change,3434,1786572606.014424,-0.10000000149011612
reward/steer_change,3450,1786572607.906366,-0.10000000149011612
reward/steer_change,3472,1786572610.499435,-0.10000000149011612
reward/steer_change,3488,1786572612.432268,-0.10000000149011612
reward/steer_change,3509,1786572615.575805,-0.10000000149011612
reward/steer_change,3532,1786572618.499999,-0.10000000149011612
reward/steer_change,3546,1786572620.014618,-0.10000000149011612
reward/steer_change,3564,1786572622.295541,-0.10000000149011612
reward/steer_change,3586,1786572624.602799,-0.10000000149011612
reward/steer_change,3607,1786572626.750561,-0.10000000149011612
reward/steer_change,3629,1786572629.004196,-0.10000000149011612
reward/steer_change,3659,1786572632.756167,-0.10000000149011612
reward/steer_change,3675,1786572634.648532,-0.10000000149011612
reward/steer_change,3690,1786572636.970022,-0.10000000149011612
reward/steer_change,3707,1786572639.242847,-0.10000000149011612
reward/steer_change,3722,1786572641.733227,-0.10000000149011612
reward/steer_change,3743,1786572644.428189,-0.10000000149011612
reward/steer_change,3767,1786572649.860617,-0.10000000149011612
reward/steer_change,3788,1786572653.236251,-0.10000000149011612
reward/steer_change,3800,1786572655.263839,-0.10000000149011612
reward/steer_change,3818,1786572658.228322,-0.10000000149011612
reward/steer_change,3836,1786572661.165911,-0.10000000149011612
reward/steer_change,3856,1786572664.389278,-0.10000000149011612
reward/steer_change,3881,1786572668.205544,-0.10000000149011612
reward/steer_change,3898,1786572672.684910,-0.10000000149011612
reward/steer_change,3915,1786572675.536021,-0.10000000149011612
reward/steer_change,3931,1786572679.890715,-0.10000000149011612
reward/steer_change,3946,1786572683.294580,-0.10000000149011612
reward/steer_change,3962,1786572686.857969,-0.10000000149011612
reward/steer_change,3978,1786572689.883111,-0.10000000149011612
reward/steer_change,4002,1786572694.548631,-0.10000000149011612
reward/steer_change,4021,1786572698.678129,-0.10000000149011612
reward/steer_change,4039,1786572702.550487,0.0
reward/steer_change,4055,1786572705.975786,-0.10000000149011612
reward/steer_change,4071,1786572709.147627,-0.10000000149011612
reward/steer_change,4087,1786572711.075184,-0.10000000149011612
reward/steer_change,4105,1786572715.499493,-0.10000000149011612
reward/steer_change,4122,1786572717.634509,-0.10000000149011612
reward/steer_change,4148,1786572720.721065,-0.10000000149011612
reward/steer_change,4172,1786572723.147633,-0.10000000149011612
reward/steer_change,4188,1786572725.640859,-0.10000000149011612
reward/steer_change,4208,1786572729.802484,-0.10000000149011612
reward/steer_change,4221,1786572731.697223,-0.10000000149011612
reward/steer_change,4240,1786572734.829491,-0.10000000149011612
reward/steer_change,4257,1786572737.381978,-0.10000000149011612
reward/steer_change,4270,1786572739.123609,-0.10000000149011612
reward/steer_change,4292,1786572742.067692,-0.10000000149011612
reward/steer_change,4308,1786572746.133399,-0.10000000149011612
reward/steer_change,4323,1786572748.290510,-0.10000000149011612
reward/steer_change,4363,1786572754.022698,-0.10000000149011612
reward/steer_change,4375,1786572755.805056,-0.10000000149011612
reward/steer_change,4396,1786572760.674864,-0.10000000149011612
reward/steer_change,4426,1786572765.161867,-0.10000000149011612
reward/steer_change,4451,1786572768.511978,-0.10000000149011612
reward/steer_change,4468,1786572770.948596,-0.10000000149011612
reward/steer_change,4486,1786572775.131195,-0.10000000149011612
reward/steer_change,4520,1786572780.721389,-0.10000000149011612
reward/steer_change,4538,1786572783.652173,-0.10000000149011612
reward/steer_change,4560,1786572787.231957,-0.10000000149011612
reward/steer_change,4585,1786572791.647979,-0.10000000149011612
reward/steer_change,4602,1786572794.008345,-0.10000000149011612
reward/steer_change,4617,1786572796.327882,-0.10000000149011612
reward/steer_change,4636,1786572798.461814,-0.10000000149011612
reward/steer_change,4661,1786572801.294942,-0.10000000149011612
reward/steer_change,4680,1786572803.490032,-0.10000000149011612
reward/steer_change,4699,1786572805.938792,-0.10000000149011612
reward/steer_change,4716,1786572807.645524,-0.10000000149011612
reward/steer_change,4736,1786572809.602582,-0.10000000149011612
reward/steer_change,4762,1786572812.202343,-0.10000000149011612
reward/steer_change,4775,1786572813.573058,-0.10000000149011612
reward/steer_change,4795,1786572817.343344,-0.10000000149011612
reward/steer_change,4814,1786572820.236503,-0.10000000149011612
reward/steer_change,4827,1786572822.266214,-0.10000000149011612
reward/steer_change,4843,1786572824.803027,-0.10000000149011612
reward/steer_change,4860,1786572827.185066,-0.10000000149011612
reward/steer_change,4877,1786572829.674026,-0.10000000149011612
reward/steer_change,4894,1786572831.903109,-0.10000000149011612
reward/steer_change,4911,1786572834.844023,-0.10000000149011612
reward/steer_change,4929,1786572838.241727,-0.10000000149011612
reward/steer_change,4951,1786572841.603161,-0.10000000149011612
reward/steer_change,4974,1786572844.927078,-0.10000000149011612
reward/steer_change,4989,1786572846.650189,-0.10000000149011612
reward/steer_change,5007,1786572848.704898,-0.10000000149011612
reward/steer_change,5026,1786572851.759096,-0.10000000149011612
reward/steer_change,5046,1786572854.390242,-0.10000000149011612
reward/steer_change,5064,1786572856.744455,-0.10000000149011612
reward/steer_change,5087,1786572862.706743,-0.10000000149011612
reward/steer_change,5109,1786572866.629617,-0.10000000149011612
reward/steer_change,5131,1786572870.992569,-0.10000000149011612
reward/steer_change,5153,1786572873.514958,-0.10000000149011612
reward/steer_change,5171,1786572875.569450,-0.10000000149011612
reward/steer_change,5192,1786572878.283140,-0.10000000149011612
reward/steer_change,5223,1786572884.124000,-0.10000000149011612
reward/steer_change,5244,1786572886.929339,-0.10000000149011612
reward/steer_change,5259,1786572889.073821,-0.10000000149011612
reward/steer_change,5274,1786572891.208043,-0.10000000149011612
reward/steer_change,5291,1786572895.567952,-0.10000000149011612
reward/steer_change,5317,1786572899.300680,-0.10000000149011612
reward/steer_change,5341,1786572902.014448,-0.10000000149011612
reward/steer_change,5367,1786572904.996246,-0.10000000149011612
reward/steer_change,5381,1786572907.101262,-0.10000000149011612
reward/steer_change,5395,1786572908.848640,-0.10000000149011612
reward/steer_change,5418,1786572912.002306,-0.10000000149011612
reward/steer_change,5433,1786572913.762841,-0.10000000149011612
reward/steer_change,5451,1786572917.715816,-0.10000000149011612
reward/steer_change,5471,1786572920.645476,-0.10000000149011612
reward/steer_change,5494,1786572923.735336,-0.10000000149011612
reward/steer_change,5509,1786572925.804392,-0.10000000149011612
reward/steer_change,5537,1786572929.767952,-0.10000000149011612
reward/steer_change,5552,1786572934.120582,-0.10000000149011612
reward/steer_change,5571,1786572937.126516,-0.10000000149011612
reward/steer_change,5592,1786572941.701661,-0.10000000149011612
reward/steer_change,5610,1786572944.718803,-0.10000000149011612
reward/steer_change,5632,1786572948.512179,-0.10000000149011612
reward/steer_change,5653,1786572953.655742,-0.10000000149011612
reward/steer_change,5668,1786572955.942420,-0.10000000149011612
reward/steer_change,5680,1786572957.655977,-0.10000000149011612
reward/steer_change,5700,1786572960.367823,-0.10000000149011612
reward/steer_change,5716,1786572962.239952,-0.10000000149011612
reward/steer_change,5746,1786572966.675208,-0.10000000149011612
reward/steer_change,5773,1786572970.942375,-0.10000000149011612
reward/steer_change,5789,1786572972.807268,-0.10000000149011612
reward/steer_change,5805,1786572974.623591,-0.10000000149011612
reward/steer_change,5821,1786572979.044023,-0.10000000149011612
reward/steer_change,5837,1786572981.786643,-0.10000000149011612
reward/steer_change,5861,1786572985.919511,-0.10000000149011612
reward/steer_change,5884,1786572988.578013,-0.10000000149011612
reward/steer_change,5905,1786572990.627692,-0.10000000149011612
reward/steer_change,5926,1786572992.706758,-0.10000000149011612
reward/steer_change,5941,1786572994.176814,-0.10000000149011612
reward/steer_change,5961,1786572996.190504,-0.10000000149011612
reward/steer_change,5981,1786572998.431606,-0.10000000149011612
reward/steer_change,6004,1786573002.240379,-0.10000000149011612
reward/steer_change,6025,1786573005.759590,-0.10000000149011612
reward/steer_change,6042,1786573008.150384,-0.10000000149011612
reward/steer_change,6059,1786573012.145369,-0.10000000149011612
reward/steer_change,6079,1786573015.232002,-0.10000000149011612
reward/steer_change,6094,1786573019.160227,-0.10000000149011612
reward/steer_change,6112,1786573021.886748,-0.10000000149011612
reward/steer_change,6135,1786573025.647963,-0.10000000149011612
reward/steer_change,6148,1786573027.943527,-0.10000000149011612
reward/steer_change,6164,1786573030.166788,-0.10000000149011612
reward/steer_change,6190,1786573033.729808,-0.10000000149011612
reward/steer_change,6214,1786573036.449701,-0.10000000149011612
reward/steer_change,6236,1786573039.440590,-0.10000000149011612
reward/steer_change,6259,1786573042.302395,-0.10000000149011612
reward/steer_change,6285,1786573045.646379,-0.10000000149011612
reward/steer_change,6305,1786573048.520580,-0.10000000149011612
reward/steer_change,6325,1786573051.508761,-0.10000000149011612
reward/steer_change,6341,1786573055.791422,-0.10000000149011612
reward/steer_change,6362,1786573059.705671,-0.10000000149011612
reward/steer_change,6394,1786573064.490728,-0.10000000149011612
reward/steer_change,6414,1786573066.914591,-0.10000000149011612
reward/steer_change,6439,1786573069.897417,-0.10000000149011612
reward/steer_change,6457,1786573072.840091,-0.10000000149011612
reward/steer_change,6472,1786573075.054078,-0.10000000149011612
reward/steer_change,6500,1786573079.478634,-0.10000000149011612
reward/steer_change,6520,1786573082.705295,-0.10000000149011612
reward/steer_change,6541,1786573084.991414,-0.10000000149011612
reward/steer_change,6560,1786573087.859884,-0.10000000149011612
reward/steer_change,6581,1786573092.471574,-0.10000000149011612
reward/steer_change,6597,1786573094.438102,-0.10000000149011612
reward/steer_change,6616,1786573097.253043,-0.10000000149011612
reward/steer_change,6636,1786573099.945094,-0.10000000149011612
reward/steer_change,6661,1786573102.251965,-0.10000000149011612
reward/steer_change,6686,1786573104.654291,-0.10000000149011612
reward/steer_change,6704,1786573108.677940,-0.10000000149011612
reward/steer_change,6719,1786573110.757426,-0.10000000149011612
reward/steer_change,6744,1786573114.262131,-0.10000000149011612
reward/steer_change,6761,1786573116.420699,-0.10000000149011612
reward/steer_change,6789,1786573122.785957,-0.10000000149011612
reward/steer_change,6813,1786573127.092037,-0.10000000149011612
reward/steer_change,6826,1786573129.400522,-0.10000000149011612
reward/steer_change,6845,1786573132.780218,-0.10000000149011612
reward/steer_change,6861,1786573135.587570,-0.10000000149011612
reward/steer_change,6876,1786573138.187331,-0.10000000149011612
reward/steer_change,6896,1786573143.092013,-0.10000000149011612
reward/steer_change,6913,1786573145.127715,-0.10000000149011612
reward/steer_change,6943,1786573148.536144,-0.10000000149011612
reward/steer_change,6963,1786573151.018282,-0.10000000149011612
reward/steer_change,6978,1786573152.731128,-0.10000000149011612
reward/steer_change,6994,1786573154.523470,-0.10000000149011612
reward/steer_change,7014,1786573158.314085,-0.10000000149011612
reward/steer_change,7031,1786573159.974191,-0.10000000149011612
reward/steer_change,7053,1786573162.169256,-0.10000000149011612
reward/steer_change,7073,1786573166.796000,-0.10000000149011612
reward/steer_change,7089,1786573169.225219,-0.10000000149011612
reward/steer_change,7119,1786573173.669581,-0.10000000149011612
reward/steer_change,7136,1786573176.310151,-0.10000000149011612
reward/steer_change,7157,1786573179.429230,-0.10000000149011612
reward/steer_change,7177,1786573182.913582,-0.10000000149011612
reward/steer_change,7194,1786573185.423914,-0.10000000149011612
reward/steer_change,7210,1786573187.772994,-0.10000000149011612
reward/steer_change,7227,1786573190.415893,-0.10000000149011612
reward/steer_change,7250,1786573193.844267,-0.10000000149011612
reward/steer_change,7269,1786573196.531576,-0.10000000149011612
reward/steer_change,7292,1786573199.436047,-0.10000000149011612
reward/steer_change,7310,1786573201.672428,-0.10000000149011612
reward/steer_change,7329,1786573204.064591,-0.10000000149011612
reward/steer_change,7347,1786573206.379092,-0.10000000149011612
reward/steer_change,7371,1786573209.457825,-0.10000000149011612
reward/steer_change,7392,1786573212.128580,-0.10000000149011612
reward/steer_change,7410,1786573214.299855,-0.10000000149011612
reward/steer_change,7430,1786573216.582570,-0.10000000149011612
reward/steer_change,7444,1786573218.188028,-0.10000000149011612
reward/steer_change,7465,1786573220.608754,-0.10000000149011612
reward/steer_change,7484,1786573222.751459,-0.10000000149011612
reward/steer_change,7510,1786573228.155106,-0.10000000149011612
reward/steer_change,7531,1786573231.939829,-0.10000000149011612
reward/steer_change,7547,1786573235.272185,-0.10000000149011612
reward/steer_change,7563,1786573237.094895,-0.10000000149011612
reward/steer_change,7583,1786573239.339767,-0.10000000149011612
reward/steer_change,7611,1786573242.499879,-0.10000000149011612
reward/steer_change,7637,1786573245.477148,-0.10000000149011612
reward/steer_change,7653,1786573249.313798,-0.10000000149011612
reward/steer_change,7671,1786573252.960245,-0.10000000149011612
reward/steer_change,7693,1786573257.328151,-0.10000000149011612
reward/steer_change,7718,1786573260.454766,-0.10000000149011612
reward/steer_change,7737,1786573262.545552,-0.10000000149011612
reward/steer_change,7763,1786573265.940885,-0.10000000149011612
reward/steer_change,7783,1786573268.733451,-0.10000000149011612
reward/steer_change,7793,1786573270.074999,-0.10000000149011612
reward/steer_change,7817,1786573273.691866,-0.10000000149011612
reward/steer_change,7840,1786573277.498875,-0.10000000149011612
reward/steer_change,7856,1786573279.881298,-0.10000000149011612
reward/steer_change,7870,1786573281.729780,-0.10000000149011612
reward/steer_change,7887,1786573284.038168,-0.10000000149011612
reward/steer_change,7916,1786573287.842394,-0.10000000149011612
reward/steer_change,7932,1786573290.062428,-0.10000000149011612
reward/steer_change,7951,1786573292.009970,-0.10000000149011612
reward/steer_change,7969,1786573294.878172,-0.10000000149011612
reward/steer_change,7990,1786573298.263045,-0.10000000149011612
reward/steer_change,8006,1786573300.882183,-0.10000000149011612
reward/steer_change,8022,1786573303.669146,-0.10000000149011612
reward/steer_change,8050,1786573306.667912,-0.10000000149011612
reward/steer_change,8076,1786573309.465023,-0.10000000149011612
reward/steer_change,8093,1786573311.406965,-0.10000000149011612
reward/steer_change,8115,1786573313.933848,-0.10000000149011612
reward/steer_change,8128,1786573315.409593,-0.10000000149011612
reward/steer_change,8151,1786573318.190596,-0.10000000149011612
reward/steer_change,8179,1786573323.280408,-0.10000000149011612
reward/steer_change,8198,1786573326.824736,-0.10000000149011612
reward/steer_change,8216,1786573329.684264,-0.10000000149011612
reward/steer_change,8233,1786573332.359958,-0.10000000149011612
reward/steer_change,8245,1786573335.824288,-0.10000000149011612
reward/steer_change,8269,1786573339.671958,-0.10000000149011612
reward/steer_change,8288,1786573342.673545,-0.10000000149011612
reward/steer_change,8311,1786573346.017068,-0.10000000149011612
reward/steer_change,8327,1786573347.860675,-0.10000000149011612
reward/steer_change,8349,1786573350.518266,-0.10000000149011612
reward/steer_change,8366,1786573352.520564,-0.10000000149011612
reward/steer_change,8394,1786573355.740073,-0.10000000149011612
reward/steer_change,8412,1786573358.250322,-0.10000000149011612
reward/steer_change,8427,1786573360.700812,-0.10000000149011612
reward/steer_change,8446,1786573362.931621,-0.10000000149011612
reward/steer_change,8468,1786573365.322596,-0.10000000149011612
reward/steer_change,8490,1786573368.904186,-0.10000000149011612
reward/steer_change,8507,1786573371.632416,-0.10000000149011612
reward/steer_change,8529,1786573375.066967,-0.10000000149011612
reward/steer_change,8549,1786573377.538873,-0.10000000149011612
reward/steer_change,8574,1786573380.881088,-0.10000000149011612
reward/steer_change,8595,1786573383.491021,-0.10000000149011612
reward/steer_change,8620,1786573386.766720,-0.10000000149011612
reward/steer_change,8646,1786573389.945522,-0.10000000149011612
reward/steer_change,8660,1786573391.654879,-0.10000000149011612
reward/steer_change,8683,1786573394.936834,-0.10000000149011612
reward/steer_change,8705,1786573399.626320,-0.10000000149011612
reward/steer_change,8727,1786573402.510279,-0.10000000149011612
reward/steer_change,8747,1786573405.802919,-0.10000000149011612
reward/steer_change,8763,1786573408.415975,-0.10000000149011612
reward/steer_change,8782,1786573411.135363,-0.10000000149011612
reward/steer_change,8802,1786573413.479604,-0.10000000149011612
reward/steer_change,8825,1786573416.073212,-0.10000000149011612
reward/steer_change,8846,1786573419.267033,-0.10000000149011612
reward/steer_change,8864,1786573423.615834,-0.10000000149011612
reward/steer_change,8887,1786573427.160677,-0.10000000149011612
reward/steer_change,8904,1786573429.909825,-0.10000000149011612
reward/steer_change,8930,1786573434.135816,-0.10000000149011612
reward/steer_change,8947,1786573436.659317,-0.10000000149011612
reward/steer_change,8967,1786573438.780805,-0.10000000149011612
reward/steer_change,8982,1786573440.353107,-0.10000000149011612
reward/steer_change,8996,1786573441.845834,-0.10000000149011612
reward/steer_change,9008,1786573443.126282,-0.10000000149011612
reward/steer_change,9032,1786573445.705311,-0.10000000149011612
reward/steer_change,9053,1786573448.001289,-0.10000000149011612
reward/steer_change,9085,1786573451.529872,-0.10000000149011612
reward/steer_change,9103,1786573453.454245,-0.10000000149011612
reward/steer_change,9122,1786573455.478064,-0.10000000149011612
reward/steer_change,9133,1786573456.631726,-0.10000000149011612
reward/steer_change,9158,1786573462.027787,-0.10000000149011612
reward/steer_change,9178,1786573464.849218,-0.10000000149011612
reward/steer_change,9203,1786573468.387317,-0.10000000149011612
reward/steer_change,9223,1786573471.639793,-0.10000000149011612
reward/steer_change,9241,1786573474.238495,-0.10000000149011612
reward/steer_change,9264,1786573477.603370,-0.10000000149011612
reward/steer_change,9286,1786573480.810717,-0.10000000149011612
reward/steer_change,9304,1786573483.540431,-0.10000000149011612
reward/steer_change,9315,1786573485.197883,-0.10000000149011612
reward/steer_change,9332,1786573487.690812,-0.10000000149011612
reward/steer_change,9356,1786573491.240471,-0.10000000149011612
reward/steer_change,9380,1786573496.731198,-0.10000000149011612
reward/steer_change,9396,1786573499.621807,-0.10000000149011612
reward/steer_change,9411,1786573502.432082,-0.10000000149011612
reward/steer_change,9430,1786573505.954346,-0.10000000149011612
reward/steer_change,9444,1786573508.497412,-0.10000000149011612
reward/steer_change,9463,1786573511.968020,-0.10000000149011612
reward/steer_change,9480,1786573515.029591,-0.10000000149011612
reward/steer_change,9500,1786573518.847074,-0.10000000149011612
reward/steer_change,9519,1786573521.403716,-0.10000000149011612
reward/steer_change,9536,1786573523.759826,-0.10000000149011612
reward/steer_change,9554,1786573526.020975,-0.10000000149011612
reward/steer_change,9576,1786573528.685222,-0.10000000149011612
reward/steer_change,9594,1786573531.047967,-0.10000000149011612
reward/steer_change,9614,1786573533.713458,-0.10000000149011612
reward/steer_change,9628,1786573535.579143,-0.10000000149011612
reward/steer_change,9643,1786573537.642668,-0.10000000149011612
reward/steer_change,9662,1786573540.252154,-0.10000000149011612
reward/steer_change,9683,1786573543.145394,-0.10000000149011612
reward/steer_change,9702,1786573547.418478,-0.10000000149011612
reward/steer_change,9720,1786573550.086368,-0.10000000149011612
reward/steer_change,9741,1786573552.900688,-0.10000000149011612
reward/steer_change,9764,1786573555.530033,-0.10000000149011612
reward/steer_change,9780,1786573557.000173,-0.10000000149011612
reward/steer_change,9798,1786573558.641600,-0.10000000149011612
reward/steer_change,9814,1786573560.121584,-0.10000000149011612
reward/steer_change,9831,1786573561.686941,-0.10000000149011612
reward/steer_change,9857,1786573564.165779,-0.10000000149011612
reward/steer_change,9871,1786573565.846314,-0.10000000149011612
reward/steer_change,9893,1786573569.638028,-0.10000000149011612
reward/steer_change,9908,1786573571.797011,-0.10000000149011612
reward/steer_change,9934,1786573574.821625,-0.10000000149011612
reward/steer_change,9954,1786573577.087650,-0.10000000149011612
reward/steer_change,9974,1786573579.526009,-0.10000000149011612
reward/steer_change,9998,1786573583.149873,-0.10000000149011612
reward/steer_change,10011,1786573585.247964,-0.10000000149011612
reward/steer_change,10029,1786573587.741120,-0.10000000149011612
reward/steer_change,10057,1786573590.628338,-0.10000000149011612
reward/steer_change,10073,1786573592.267904,-0.10000000149011612
reward/steer_change,10096,1786573594.665330,-0.10000000149011612
reward/steer_change,10110,1786573596.112148,-0.10000000149011612
reward/steer_change,10127,1786573597.875215,-0.10000000149011612
reward/steer_change,10148,1786573600.026771,-0.10000000149011612
reward/steer_change,10168,1786573602.026262,-0.10000000149011612
reward/steer_change,10190,1786573604.216780,-0.10000000149011612
reward/steer_change,10213,1786573606.437304,-0.10000000149011612
reward/steer_change,10228,1786573607.924798,-0.10000000149011612
reward/steer_change,10242,1786573609.825827,-0.10000000149011612
reward/steer_change,10263,1786573611.866540,-0.10000000149011612
reward/steer_change,10286,1786573613.988617,-0.10000000149011612
reward/steer_change,10306,1786573615.841006,-0.10000000149011612
reward/steer_change,10333,1786573620.043674,-0.10000000149011612
reward/steer_change,10350,1786573622.891936,-0.10000000149011612
reward/steer_change,10374,1786573626.826081,-0.10000000149011612
reward/steer_change,10396,1786573630.403103,-0.10000000149011612
reward/steer_change,10418,1786573633.938936,-0.10000000149011612
reward/steer_change,10439,1786573637.299203,-0.10000000149011612
reward/steer_change,10462,1786573642.953074,-0.10000000149011612
reward/steer_change,10487,1786573647.120524,-0.10000000149011612
reward/steer_change,10505,1786573650.151819,-0.10000000149011612
reward/steer_change,10527,1786573653.870979,-0.10000000149011612
reward/steer_change,10544,1786573656.744731,-0.10000000149011612
reward/steer_change,10566,1786573660.138966,-0.10000000149011612
reward/steer_change,10580,1786573661.939873,-0.10000000149011612
reward/steer_change,10606,1786573665.505906,-0.10000000149011612
reward/steer_change,10621,1786573667.436624,-0.10000000149011612
reward/steer_change,10638,1786573669.626935,-0.10000000149011612
reward/steer_change,10652,1786573671.361348,0.0
reward/steer_change,10666,1786573673.952489,-0.10000000149011612
reward/steer_change,10681,1786573676.737195,-0.10000000149011612
reward/steer_change,10702,1786573679.563837,-0.10000000149011612
reward/steer_change,10716,1786573681.322001,-0.10000000149011612
reward/steer_change,10741,1786573684.437299,-0.10000000149011612
reward/steer_change,10766,1786573688.115900,-0.10000000149011612
reward/steer_change,10783,1786573691.354177,-0.10000000149011612
reward/steer_change,10803,1786573693.862004,-0.10000000149011612
reward/steer_change,10828,1786573699.427917,-0.10000000149011612
reward/steer_change,10851,1786573703.772284,-0.10000000149011612
reward/steer_change,10866,1786573706.622743,-0.10000000149011612
reward/steer_change,10886,1786573710.369752,-0.10000000149011612
reward/steer_change,10913,1786573715.339434,-0.10000000149011612
reward/steer_change,10932,1786573718.342201,-0.10000000149011612
reward/steer_change,10953,1786573720.842670,-0.10000000149011612
reward/steer_change,10969,1786573722.749169,-0.10000000149011612
reward/steer_change,10989,1786573724.915673,-0.10000000149011612
reward/steer_change,11017,1786573727.880972,-0.10000000149011612
reward/steer_change,11036,1786573732.070663,-0.10000000149011612
reward/steer_change,11053,1786573735.308056,-0.10000000149011612
reward/steer_change,11072,1786573738.895535,-0.10000000149011612
reward/steer_change,11089,1786573741.649133,-0.10000000149011612
reward/steer_change,11108,1786573745.271014,-0.10000000149011612
reward/steer_change,11127,1786573748.873165,-0.10000000149011612
reward/steer_change,11149,1786573752.833834,-0.10000000149011612
reward/steer_change,11168,1786573755.762707,-0.10000000149011612
reward/steer_change,11187,1786573757.981401,-0.10000000149011612
reward/steer_change,11203,1786573759.995617,-0.10000000149011612
reward/steer_change,11223,1786573764.622320,-0.10000000149011612
reward/steer_change,11242,1786573767.457606,-0.10000000149011612
reward/steer_change,11266,1786573771.500855,-0.10000000149011612
reward/steer_change,11285,1786573774.203207,-0.10000000149011612
reward/steer_change,11301,1786573776.469130,-0.10000000149011612
reward/steer_change,11318,1786573778.992061,-0.10000000149011612
reward/steer_change,11343,1786573782.696995,-0.10000000149011612
reward/steer_change,11364,1786573785.305058,-0.10000000149011612
reward/steer_change,11385,1786573788.313543,-0.10000000149011612
reward/steer_change,11405,1786573791.171493,-0.10000000149011612
reward/steer_change,11426,1786573793.595410,-0.10000000149011612
reward/steer_change,11447,1786573795.986326,-0.10000000149011612
reward/steer_change,11472,1786573799.278506,-0.10000000149011612
reward/steer_change,11497,1786573802.744351,-0.10000000149011612
reward/steer_change,11517,1786573805.078434,-0.10000000149011612
reward/steer_change,11537,1786573807.458614,-0.10000000149011612
reward/steer_change,11559,1786573810.179936,-0.10000000149011612
reward/steer_change,11574,1786573812.887888,-0.10000000149011612
reward/steer_change,11604,1786573817.560340,-0.10000000149011612
reward/steer_change,11639,1786573822.099030,-0.10000000149011612
reward/steer_change,11655,1786573823.761204,-0.10000000149011612
reward/steer_change,11675,1786573825.811307,-0.10000000149011612
reward/steer_change,11689,1786573827.198871,-0.10000000149011612
reward/steer_change,11721,1786573830.398973,-0.10000000149011612
reward/steer_change,11739,1786573832.626646,-0.10000000149011612
reward/steer_change,11755,1786573834.391708,-0.10000000149011612
reward/steer_change,11768,1786573835.870192,-0.10000000149011612
reward/steer_change,11791,1786573839.366780,-0.10000000149011612
reward/steer_change,11811,1786573841.165637,-0.10000000149011612
reward/steer_change,11826,1786573842.481424,-0.10000000149011612
reward/steer_change,11858,1786573845.257343,-0.10000000149011612
reward/steer_change,11874,1786573847.409855,-0.10000000149011612
reward/steer_change,11894,1786573850.004858,-0.10000000149011612
reward/steer_change,11909,1786573851.925295,-0.10000000149011612
reward/steer_change,11929,1786573854.411476,-0.10000000149011612
reward/steer_change,11943,1786573856.139325,-0.10000000149011612
reward/steer_change,11962,1786573858.434232,-0.10000000149011612
reward/steer_change,11978,1786573860.365891,-0.10000000149011612
reward/steer_change,12003,1786573863.366980,-0.10000000149011612
reward/steer_change,12020,1786573865.330946,-0.10000000149011612
reward/steer_change,12039,1786573867.435850,-0.10000000149011612
reward/steer_change,12058,1786573869.494152,-0.10000000149011612
reward/steer_change,12073,1786573871.110768,-0.10000000149011612
reward/steer_change,12085,1786573872.381423,-0.10000000149011612
reward/steer_change,12102,1786573874.183959,-0.10000000149011612
reward/steer_change,12124,1786573876.606479,-0.10000000149011612
reward/steer_change,12142,1786573878.987257,-0.10000000149011612
reward/steer_change,12166,1786573881.801941,-0.10000000149011612
reward/steer_change,12188,1786573884.385518,-0.10000000149011612
reward/steer_change,12219,1786573887.811229,-0.10000000149011612
reward/steer_change,12241,1786573890.433795,-0.10000000149011612
reward/steer_change,12258,1786573892.294958,-0.10000000149011612
reward/steer_change,12273,1786573893.957777,-0.10000000149011612
reward/steer_change,12295,1786573897.102829,-0.10000000149011612
reward/steer_change,12314,1786573899.250196,-0.10000000149011612
reward/steer_change,12331,1786573901.098258,-0.10000000149011612
reward/steer_change,12344,1786573902.468808,-0.10000000149011612
reward/steer_change,12368,1786573905.002242,-0.10000000149011612
reward/steer_change,12386,1786573906.870126,-0.10000000149011612
reward/steer_change,12405,1786573908.807709,-0.10000000149011612
reward/steer_change,12418,1786573910.115809,-0.10000000149011612
reward/steer_change,12443,1786573912.600367,-0.10000000149011612
reward/steer_change,12460,1786573914.283683,-0.10000000149011612
reward/steer_change,12471,1786573915.407261,-0.10000000149011612
reward/steer_change,12494,1786573917.732758,-0.10000000149011612
reward/steer_change,12509,1786573919.258590,-0.10000000149011612
reward/steer_change,12525,1786573920.868652,-0.10000000149011612
reward/steer_change,12541,1786573922.487450,-0.10000000149011612
reward/steer_change,12559,1786573927.307685,-0.10000000149011612
reward/steer_change,12584,1786573931.560431,-0.10000000149011612
reward/steer_change,12600,1786573934.355448,-0.10000000149011612
reward/steer_change,12628,1786573938.383384,-0.10000000149011612
reward/steer_change,12657,1786573944.148729,-0.10000000149011612
reward/steer_change,12685,1786573949.762010,-0.10000000149011612
reward/steer_change,12700,1786573954.153247,-0.10000000149011612
reward/steer_change,12716,1786573956.621769,-0.10000000149011612
reward/steer_change,12733,1786573959.285544,-0.10000000149011612
reward/steer_change,12754,1786573962.733484,-0.10000000149011612
reward/steer_change,12782,1786573967.547282,-0.10000000149011612
reward/steer_change,12812,1786573971.515038,-0.10000000149011612
reward/steer_change,12837,1786573974.632370,-0.10000000149011612
reward/steer_change,12857,1786573977.128257,-0.10000000149011612
reward/steer_change,12876,1786573979.416157,-0.10000000149011612
reward/steer_change,12898,1786573982.007423,-0.10000000149011612
reward/steer_change,12921,1786573985.085255,-0.10000000149011612
reward/steer_change,12941,1786573987.705915,-0.10000000149011612
reward/steer_change,12961,1786573990.339350,-0.10000000149011612
reward/steer_change,12985,1786573993.433090,-0.10000000149011612
reward/steer_change,13009,1786573996.680070,-0.10000000149011612
reward/steer_change,13026,1786573998.671873,-0.10000000149011612
reward/steer_change,13064,1786574003.115320,-0.10000000149011612
reward/steer_change,13078,1786574004.870555,-0.10000000149011612
reward/steer_change,13094,1786574007.206256,-0.10000000149011612
reward/steer_change,13112,1786574009.178351,-0.10000000149011612
reward/steer_change,13126,1786574010.725580,-0.10000000149011612
reward/steer_change,13148,1786574013.206384,-0.10000000149011612
reward/steer_change,13172,1786574015.815783,-0.10000000149011612
reward/steer_change,13192,1786574017.967296,-0.10000000149011612
reward/steer_change,13207,1786574019.614679,-0.10000000149011612
reward/steer_change,13229,1786574022.027770,-0.10000000149011612
reward/steer_change,13252,1786574024.427527,-0.10000000149011612
reward/steer_change,13275,1786574026.770985,-0.10000000149011612
reward/steer_change,13289,1786574028.169698,-0.10000000149011612
reward/steer_change,13319,1786574031.519430,-0.10000000149011612
reward/steer_change,13345,1786574034.095218,-0.10000000149011612
reward/steer_change,13363,1786574035.893911,-0.10000000149011612
reward/steer_change,13376,1786574038.418143,-0.10000000149011612
reward/steer_change,13403,1786574042.137655,-0.10000000149011612
reward/steer_change,13422,1786574044.678041,-0.10000000149011612
reward/steer_change,13437,1786574046.648881,-0.10000000149011612
reward/steer_change,13459,1786574049.736413,-0.10000000149011612
reward/steer_change,13477,1786574052.191543,-0.10000000149011612
reward/steer_change,13493,1786574054.525834,-0.10000000149011612
reward/steer_change,13508,1786574058.553128,-0.10000000149011612
reward/steer_change,13540,1786574064.587248,-0.10000000149011612
reward/steer_change,13559,1786574068.053978,-0.10000000149011612
reward/steer_change,13580,1786574071.812224,-0.10000000149011612
reward/steer_change,13594,1786574074.231926,-0.10000000149011612
reward/steer_change,13612,1786574077.426633,-0.10000000149011612
reward/steer_change,13637,1786574081.573814,-0.10000000149011612
reward/steer_change,13654,1786574083.815799,-0.10000000149011612
reward/steer_change,13667,1786574085.610511,0.0
reward/steer_change,13690,1786574088.731478,-0.10000000149011612
reward/steer_change,13705,1786574090.759173,-0.10000000149011612
reward/steer_change,13726,1786574093.475657,-0.10000000149011612
reward/steer_change,13744,1786574098.122298,-0.10000000149011612
reward/steer_change,13762,1786574100.404615,-0.10000000149011612
reward/steer_change,13783,1786574103.001847,-0.10000000149011612
reward/steer_change,13802,1786574104.786989,-0.10000000149011612
reward/steer_change,13820,1786574106.478334,-0.10000000149011612
reward/steer_change,13846,1786574108.840661,-0.10000000149011612
reward/steer_change,13865,1786574114.369927,-0.10000000149011612
reward/steer_change,13878,1786574116.878230,-0.10000000149011612
reward/steer_change,13898,1786574121.880148,-0.10000000149011612
reward/steer_change,13923,1786574125.692541,-0.10000000149011612
reward/steer_change,13942,1786574128.810939,-0.10000000149011612
reward/steer_change,13962,1786574133.662926,-0.10000000149011612
reward/steer_change,13987,1786574137.041927,-0.10000000149011612
reward/steer_change,14003,1786574141.135862,-0.10000000149011612
reward/steer_change,14030,1786574145.817981,-0.10000000149011612
reward/steer_change,14051,1786574149.435395,-0.10000000149011612
reward/steer_change,14066,1786574152.039793,-0.10000000149011612
reward/steer_change,14094,1786574156.876861,-0.10000000149011612
reward/steer_change,14110,1786574159.450755,0.0
reward/steer_change,14127,1786574162.238599,-0.10000000149011612
reward/steer_change,14150,1786574166.134277,-0.10000000149011612
reward/steer_change,14169,1786574169.342511,-0.10000000149011612
reward/steer_change,14193,1786574173.317988,-0.10000000149011612
reward/steer_change,14210,1786574176.086834,-0.10000000149011612
reward/steer_change,14234,1786574179.570881,0.0
reward/steer_change,14249,1786574181.332375,-0.10000000149011612
reward/steer_change,14268,1786574184.308725,0.0
reward/steer_change,14299,1786574189.235443,-0.10000000149011612
reward/steer_change,14328,1786574196.419110,-0.10000000149011612
reward/steer_change,14345,1786574199.969966,-0.10000000149011612
reward/steer_change,14360,1786574202.735951,-0.10000000149011612
reward/steer_change,14381,1786574206.593354,-0.10000000149011612
reward/steer_change,14399,1786574209.895395,-0.10000000149011612
reward/steer_change,14419,1786574213.555642,-0.10000000149011612
reward/steer_change,14446,1786574219.427379,-0.10000000149011612
reward/steer_change,14458,1786574220.720185,-0.10000000149011612
reward/steer_change,14470,1786574222.021706,-0.10000000149011612
reward/steer_change,14493,1786574224.509712,-0.10000000149011612
reward/steer_change,14510,1786574227.449286,-0.10000000149011612
reward/steer_change,14529,1786574230.264259,-0.10000000149011612
reward/steer_change,14545,1786574232.744982,-0.10000000149011612
reward/steer_change,14569,1786574235.642217,-0.10000000149011612
reward/steer_change,14589,1786574238.067521,-0.10000000149011612
reward/steer_change,14605,1786574240.287096,-0.10000000149011612
reward/steer_change,14624,1786574242.268661,-0.10000000149011612
reward/steer_change,14650,1786574245.043118,-0.10000000149011612
reward/steer_change,14664,1786574246.879118,-0.10000000149011612
reward/steer_change,14681,1786574248.569850,-0.10000000149011612
reward/steer_change,14709,1786574251.066964,-0.10000000149011612
reward/steer_change,14727,1786574252.634347,-0.10000000149011612
reward/steer_change,14750,1786574254.656584,-0.10000000149011612
reward/steer_change,14773,1786574256.654788,-0.10000000149011612
reward/steer_change,14797,1786574258.678324,-0.10000000149011612
reward/steer_change,14817,1786574260.378880,-0.10000000149011612
reward/steer_change,14844,1786574264.349763,-0.10000000149011612
reward/steer_change,14865,1786574267.889910,-0.10000000149011612
reward/steer_change,14885,1786574271.269103,-0.10000000149011612
reward/steer_change,14902,1786574274.040184,-0.10000000149011612
reward/steer_change,14922,1786574277.317971,-0.10000000149011612
reward/steer_change,14940,1786574280.158714,-0.10000000149011612
reward/steer_change,14954,1786574282.621261,-0.10000000149011612
reward/steer_change,14985,1786574286.502165,-0.10000000149011612
reward/steer_change,15002,1786574288.472013,-0.10000000149011612
reward/steer_change,15021,1786574290.793736,-0.10000000149011612
reward/steer_change,15043,1786574292.918490,-0.10000000149011612
reward/steer_change,15062,1786574295.356619,-0.10000000149011612
reward/steer_change,15083,1786574299.418430,-0.10000000149011612
reward/steer_change,15112,1786574303.364769,-0.10000000149011612
reward/steer_change,15131,1786574305.958340,-0.10000000149011612
reward/steer_change,15152,1786574309.764754,-0.10000000149011612
reward/steer_change,15168,1786574312.635488,-0.10000000149011612
reward/steer_change,15192,1786574315.919863,-0.10000000149011612
reward/steer_change,15208,1786574317.953535,-0.10000000149011612
reward/steer_change,15231,1786574321.078701,-0.10000000149011612
reward/steer_change,15251,1786574323.614235,-0.10000000149011612
reward/steer_change,15267,1786574325.638726,-0.10000000149011612
reward/steer_change,15291,1786574329.170002,-0.10000000149011612
reward/steer_change,15306,1786574331.272144,-0.10000000149011612
reward/steer_change,15331,1786574334.449787,-0.10000000149011612
reward/steer_change,15353,1786574337.188853,-0.10000000149011612
reward/steer_change,15371,1786574340.280936,-0.10000000149011612
reward/steer_change,15393,1786574342.747063,-0.10000000149011612
reward/steer_change,15411,1786574344.800040,-0.10000000149011612
reward/steer_change,15434,1786574347.354432,-0.10000000149011612
reward/steer_change,15449,1786574348.945356,-0.10000000149011612
reward/steer_change,15474,1786574351.943217,-0.10000000149011612
reward/steer_change,15497,1786574354.393347,-0.10000000149011612
reward/steer_change,15517,1786574356.562923,-0.10000000149011612
reward/steer_change,15535,1786574358.399756,-0.10000000149011612
reward/steer_change,15553,1786574361.142341,-0.10000000149011612
reward/steer_change,15566,1786574362.895392,-0.10000000149011612
reward/steer_change,15590,1786574366.019015,-0.10000000149011612
reward/steer_change,15614,1786574369.138132,-0.10000000149011612
reward/steer_change,15640,1786574372.487664,-0.10000000149011612
reward/steer_change,15662,1786574375.369415,-0.10000000149011612
reward/steer_change,15687,1786574378.792921,-0.10000000149011612
reward/steer_change,15713,1786574381.957079,-0.10000000149011612
reward/steer_change,15729,1786574383.864712,-0.10000000149011612
reward/steer_change,15753,1786574386.686328,-0.10000000149011612
reward/steer_change,15767,1786574388.407406,-0.10000000149011612
reward/steer_change,15792,1786574391.511611,-0.10000000149011612
reward/steer_change,15815,1786574394.451423,-0.10000000149011612
reward/steer_change,15840,1786574397.485322,-0.10000000149011612
reward/steer_change,15856,1786574399.391017,-0.10000000149011612
reward/steer_change,15884,1786574402.525884,-0.10000000149011612
reward/steer_change,15900,1786574404.509410,-0.10000000149011612
reward/steer_change,15925,1786574409.140829,-0.10000000149011612
reward/steer_change,15940,1786574411.492507,-0.10000000149011612
reward/steer_change,15964,1786574415.107396,-0.10000000149011612
reward/steer_change,15982,1786574417.650868,-0.10000000149011612
reward/steer_change,16008,1786574421.404774,-0.10000000149011612
reward/steer_change,16024,1786574423.721466,-0.10000000149011612
reward/steer_change,16039,1786574425.828769,-0.10000000149011612
reward/steer_change,16062,1786574428.987150,-0.10000000149011612
reward/steer_change,16082,1786574431.958821,0.0
reward/steer_change,16102,1786574434.860938,-0.10000000149011612
reward/steer_change,16113,1786574436.512558,-0.10000000149011612
reward/steer_change,16129,1786574438.890855,-0.10000000149011612
reward/steer_change,16146,1786574441.319176,-0.10000000149011612
reward/steer_change,16166,1786574444.213886,-0.10000000149011612
reward/steer_change,16176,1786574445.632583,-0.10000000149011612
reward/steer_change,16196,1786574448.428413,-0.10000000149011612
reward/steer_change,16211,1786574450.529087,-0.10000000149011612
reward/steer_change,16235,1786574453.903436,-0.10000000149011612
reward/steer_change,16251,1786574456.114212,-0.10000000149011612
reward/steer_change,16275,1786574459.408156,-0.10000000149011612
reward/steer_change,16291,1786574463.619130,-0.10000000149011612
reward/steer_change,16317,1786574467.368220,-0.10000000149011612
reward/steer_change,16349,1786574472.105930,-0.10000000149011612
reward/steer_change,16368,1786574475.166522,-0.10000000149011612
reward/steer_change,16395,1786574479.614750,-0.10000000149011612
reward/steer_change,16408,1786574481.160795,-0.10000000149011612
reward/steer_change,16428,1786574485.536536,-0.10000000149011612
reward/steer_change,16446,1786574488.944901,-0.10000000149011612
reward/steer_change,16466,1786574492.758582,-0.10000000149011612
reward/steer_change,16486,1786574496.538645,-0.10000000149011612
reward/steer_change,16506,1786574500.492831,-0.10000000149011612
reward/steer_change,16529,1786574504.944466,-0.10000000149011612
reward/steer_change,16555,1786574509.864830,-0.10000000149011612
reward/steer_change,16572,1786574513.027009,-0.10000000149011612
reward/steer_change,16585,1786574515.482479,-0.10000000149011612
reward/steer_change,16603,1786574518.460498,-0.10000000149011612
reward/steer_change,16627,1786574521.694837,-0.10000000149011612
reward/steer_change,16645,1786574524.937615,-0.10000000149011612
reward/steer_change,16665,1786574527.652204,-0.10000000149011612
reward/steer_change,16680,1786574530.640801,-0.10000000149011612
reward/steer_change,16697,1786574534.954343,-0.10000000149011612
reward/steer_change,16725,1786574539.917871,-0.10000000149011612
reward/steer_change,16742,1786574542.848786,-0.10000000149011612
reward/steer_change,16769,1786574547.213223,-0.10000000149011612
reward/steer_change,16787,1786574549.548469,-0.10000000149011612
reward/steer_change,16803,1786574551.657506,-0.10000000149011612
reward/steer_change,16823,1786574554.371029,-0.10000000149011612
reward/steer_change,16843,1786574556.816299,-0.10000000149011612
reward/steer_change,16864,1786574559.434317,-0.10000000149011612
reward/steer_change,16885,1786574563.850337,-0.10000000149011612
reward/steer_change,16903,1786574566.414739,-0.10000000149011612
reward/steer_change,16924,1786574569.253675,-0.10000000149011612
reward/steer_change,16942,1786574571.313011,-0.10000000149011612
reward/steer_change,16959,1786574573.316579,-0.10000000149011612
reward/steer_change,16977,1786574575.350586,-0.10000000149011612
reward/steer_change,16997,1786574580.211174,-0.10000000149011612
reward/steer_change,17012,1786574582.784767,-0.10000000149011612
reward/steer_change,17026,1786574585.197471,-0.10000000149011612
reward/steer_change,17045,1786574588.416026,-0.10000000149011612
reward/steer_change,17069,1786574592.416675,-0.10000000149011612
reward/steer_change,17094,1786574596.568809,-0.10000000149011612
reward/steer_change,17116,1786574600.019882,-0.10000000149011612
reward/steer_change,17134,1786574602.883843,-0.10000000149011612
reward/steer_change,17156,1786574605.619974,-0.10000000149011612
reward/steer_change,17173,1786574607.733536,-0.10000000149011612
reward/steer_change,17198,1786574611.181327,-0.10000000149011612
reward/steer_change,17216,1786574615.399053,-0.10000000149011612
reward/steer_change,17243,1786574619.504267,-0.10000000149011612
reward/steer_change,17256,1786574620.908206,-0.10000000149011612
reward/steer_change,17286,1786574624.157151,-0.10000000149011612
reward/steer_change,17322,1786574628.575951,-0.10000000149011612
reward/steer_change,17345,1786574631.205825,-0.10000000149011612
reward/steer_change,17362,1786574633.013958,-0.10000000149011612
reward/steer_change,17388,1786574635.904733,-0.10000000149011612
reward/steer_change,17406,1786574637.967774,-0.10000000149011612
reward/steer_change,17434,1786574641.851107,-0.10000000149011612
reward/steer_change,17458,1786574644.918868,-0.10000000149011612
reward/steer_change,17481,1786574647.900948,-0.10000000149011612
reward/steer_change,17504,1786574650.926771,-0.10000000149011612
reward/steer_change,17521,1786574653.214312,-0.10000000149011612
reward/steer_change,17537,1786574655.362115,-0.10000000149011612
reward/steer_change,17557,1786574658.015548,-0.10000000149011612
reward/steer_change,17577,1786574660.591345,-0.10000000149011612
reward/steer_change,17595,1786574663.899949,-0.10000000149011612
reward/steer_change,17616,1786574667.552593,-0.10000000149011612
reward/steer_change,17630,1786574670.033637,-0.10000000149011612
reward/steer_change,17643,1786574672.272797,-0.10000000149011612
reward/steer_change,17669,1786574676.462897,-0.10000000149011612
reward/steer_change,17687,1786574679.518878,-0.10000000149011612
reward/steer_change,17699,1786574681.577374,-0.10000000149011612
reward/steer_change,17722,1786574685.573386,-0.10000000149011612
reward/steer_change,17735,1786574687.826936,-0.10000000149011612
reward/steer_change,17754,1786574691.110063,-0.10000000149011612
reward/steer_change,17782,1786574695.834662,-0.10000000149011612
reward/steer_change,17805,1786574699.539486,-0.10000000149011612
reward/steer_change,17824,1786574702.656313,-0.10000000149011612
reward/steer_change,17841,1786574705.517306,-0.10000000149011612
reward/steer_change,17866,1786574709.592278,-0.10000000149011612
reward/steer_change,17884,1786574712.483370,-0.10000000149011612
reward/steer_change,17901,1786574716.476200,-0.10000000149011612
reward/steer_change,17925,1786574719.726000,-0.10000000149011612
reward/steer_change,17941,1786574721.906181,-0.10000000149011612
reward/steer_change,17965,1786574725.159085,-0.10000000149011612
reward/steer_change,17980,1786574727.117018,-0.10000000149011612
reward/steer_change,18003,1786574729.449034,-0.10000000149011612
reward/steer_change,18025,1786574731.651449,-0.10000000149011612
reward/steer_change,18042,1786574733.352050,0.0
reward/steer_change,18062,1786574735.297010,-0.10000000149011612
reward/steer_change,18081,1786574737.086459,-0.10000000149011612
reward/steer_change,18107,1786574739.470923,-0.10000000149011612
reward/steer_change,18121,1786574740.724254,-0.10000000149011612
reward/steer_change,18136,1786574742.075676,-0.10000000149011612
reward/steer_change,18153,1786574743.590305,-0.10000000149011612
reward/steer_change,18176,1786574745.639439,-0.10000000149011612
reward/steer_change,18197,1786574747.440611,-0.10000000149011612
reward/steer_change,18215,1786574748.926179,-0.10000000149011612
reward/steer_change,18231,1786574750.242089,-0.10000000149011612
reward/steer_change,18245,1786574751.848191,-0.10000000149011612
reward/steer_change,18265,1786574754.373960,-0.10000000149011612
reward/steer_change,18278,1786574756.044359,-0.10000000149011612
reward/steer_change,18300,1786574758.824870,-0.10000000149011612
reward/steer_change,18318,1786574761.057561,-0.10000000149011612
reward/steer_change,18345,1786574764.398355,-0.10000000149011612
reward/steer_change,18366,1786574767.161097,-0.10000000149011612
reward/steer_change,18390,1786574770.177102,-0.10000000149011612
reward/steer_change,18405,1786574772.040775,-0.10000000149011612
reward/steer_change,18423,1786574774.284179,-0.10000000149011612
reward/steer_change,18441,1786574777.056740,-0.10000000149011612
reward/steer_change,18458,1786574779.120751,-0.10000000149011612
reward/steer_change,18479,1786574781.593250,-0.10000000149011612
reward/steer_change,18504,1786574784.541130,-0.10000000149011612
reward/steer_change,18523,1786574786.815119,-0.10000000149011612
reward/steer_change,18542,1786574789.053186,-0.10000000149011612
reward/steer_change,18556,1786574790.702694,-0.10000000149011612
reward/steer_change,18580,1786574793.525751,-0.10000000149011612
reward/steer_change,18592,1786574794.919435,-0.10000000149011612
reward/steer_change,18607,1786574796.645415,-0.10000000149011612
reward/steer_change,18626,1786574798.786131,-0.10000000149011612
reward/steer_change,18652,1786574801.702305,-0.10000000149011612
reward/steer_change,18670,1786574803.718688,-0.10000000149011612
reward/steer_change,18682,1786574805.035044,-0.10000000149011612
reward/steer_change,18701,1786574807.564572,-0.10000000149011612
reward/steer_change,18722,1786574810.255535,-0.10000000149011612
reward/steer_change,18739,1786574812.426436,-0.10000000149011612
reward/steer_change,18758,1786574814.920839,-0.10000000149011612
reward/steer_change,18778,1786574817.560794,-0.10000000149011612
reward/steer_change,18802,1786574822.690972,-0.10000000149011612
reward/steer_change,18821,1786574826.056243,-0.10000000149011612
reward/steer_change,18839,1786574829.253721,-0.10000000149011612
reward/steer_change,18860,1786574832.938839,-0.10000000149011612
reward/steer_change,18879,1786574836.271250,-0.10000000149011612
reward/steer_change,18894,1786574838.854257,-0.10000000149011612
reward/steer_change,18917,1786574842.907992,-0.10000000149011612
reward/steer_change,18932,1786574845.571698,-0.10000000149011612
reward/steer_change,18953,1786574849.176343,-0.10000000149011612
reward/steer_change,18977,1786574853.204451,-0.10000000149011612
reward/steer_change,18994,1786574855.910559,-0.10000000149011612
reward/steer_change,19014,1786574859.066901,0.0
reward/steer_change,19029,1786574861.406503,-0.10000000149011612
reward/steer_change,19044,1786574863.740608,-0.10000000149011612
reward/steer_change,19070,1786574867.700994,-0.10000000149011612
reward/steer_change,19092,1786574870.979062,-0.10000000149011612
reward/steer_change,19111,1786574873.775478,-0.10000000149011612
reward/steer_change,19135,1786574877.209473,-0.10000000149011612
reward/steer_change,19154,1786574879.297782,-0.10000000149011612
reward/steer_change,19185,1786574882.072729,-0.10000000149011612
reward/steer_change,19206,1786574883.919725,-0.10000000149011612
reward/steer_change,19227,1786574885.818350,-0.10000000149011612
reward/steer_change,19246,1786574887.463686,-0.10000000149011612
reward/steer_change,19275,1786574889.893902,-0.10000000149011612
reward/steer_change,19294,1786574891.450656,-0.10000000149011612
reward/steer_change,19319,1786574896.043979,-0.10000000149011612
reward/steer_change,19343,1786574900.437931,-0.10000000149011612
reward/steer_change,19363,1786574904.106298,-0.10000000149011612
reward/steer_change,19389,1786574908.756566,-0.10000000149011612
reward/steer_change,19408,1786574912.074876,-0.10000000149011612
reward/steer_change,19441,1786574917.768566,-0.10000000149011612
reward/steer_change,19461,1786574921.933966,-0.10000000149011612
reward/steer_change,19480,1786574924.874194,-0.10000000149011612
reward/steer_change,19494,1786574927.008945,-0.10000000149011612
reward/steer_change,19509,1786574929.327746,-0.10000000149011612
reward/steer_change,19534,1786574933.239732,-0.10000000149011612
reward/steer_change,19551,1786574935.834732,-0.10000000149011612
reward/steer_change,19581,1786574940.227347,-0.10000000149011612
reward/steer_change,19596,1786574942.137722,-0.10000000149011612
reward/steer_change,19612,1786574943.768219,-0.10000000149011612
reward/steer_change,19635,1786574946.119755,-0.10000000149011612
reward/steer_change,19665,1786574949.323627,-0.10000000149011612
reward/steer_change,19685,1786574951.429826,-0.10000000149011612
reward/steer_change,19699,1786574952.847032,-0.10000000149011612
reward/steer_change,19714,1786574954.364376,-0.10000000149011612
reward/steer_change,19736,1786574956.771858,-0.10000000149011612
reward/steer_change,19759,1786574958.947488,-0.10000000149011612
reward/steer_change,19772,1786574960.151405,-0.10000000149011612
reward/steer_change,19794,1786574962.241426,-0.10000000149011612
reward/steer_change,19813,1786574964.103117,-0.10000000149011612
reward/steer_change,19831,1786574965.831582,-0.10000000149011612
reward/steer_change,19852,1786574968.266088,-0.10000000149011612
reward/steer_change,19873,1786574970.725259,-0.10000000149011612
reward/steer_change,19887,1786574972.324682,-0.10000000149011612
reward/steer_change,19905,1786574974.414474,-0.10000000149011612
reward/steer_change,19933,1786574977.675772,-0.10000000149011612
reward/steer_change,19947,1786574979.349627,-0.10000000149011612
reward/steer_change,19971,1786574982.262950,-0.10000000149011612
reward/steer_change,20000,1786574986.932725,-0.10000000149011612
traffic/requested_vehicles,91,1786572128.322851,20.0
traffic/requested_vehicles,212,1786572146.804022,20.0
traffic/requested_vehicles,329,1786572159.714169,20.0
traffic/requested_vehicles,434,1786572172.704224,20.0
traffic/requested_vehicles,502,1786572183.148024,20.0
traffic/requested_vehicles,633,1786572196.918297,20.0
traffic/requested_vehicles,743,1786572208.167903,20.0
traffic/requested_vehicles,835,1786572221.527588,20.0
traffic/requested_vehicles,1061,1786572246.549889,20.0
traffic/requested_vehicles,1208,1786572267.213111,20.0
traffic/requested_vehicles,1326,1786572278.225871,20.0
traffic/requested_vehicles,1367,1786572283.401284,20.0
traffic/requested_vehicles,1595,1786572330.589450,20.0
traffic/requested_vehicles,1724,1786572354.103706,20.0
traffic/requested_vehicles,1988,1786572386.155305,20.0
traffic/requested_vehicles,2093,1786572408.386121,20.0
traffic/requested_vehicles,2177,1786572424.029159,20.0
traffic/requested_vehicles,2208,1786572431.997469,20.0
traffic/requested_vehicles,2327,1786572446.928832,20.0
traffic/requested_vehicles,2374,1786572454.257233,20.0
traffic/requested_vehicles,2512,1786572470.972135,20.0
traffic/requested_vehicles,2568,1786572478.858426,20.0
traffic/requested_vehicles,2669,1786572490.491602,20.0
traffic/requested_vehicles,2854,1786572519.100236,20.0
traffic/requested_vehicles,2942,1786572533.417907,20.0
traffic/requested_vehicles,2981,1786572539.180905,20.0
traffic/requested_vehicles,3025,1786572547.570699,20.0
traffic/requested_vehicles,3091,1786572556.980955,20.0
traffic/requested_vehicles,3129,1786572561.586587,20.0
traffic/requested_vehicles,3156,1786572565.477320,20.0
traffic/requested_vehicles,3190,1786572569.696574,20.0
traffic/requested_vehicles,3229,1786572576.837776,20.0
traffic/requested_vehicles,3269,1786572580.556668,20.0
traffic/requested_vehicles,3323,1786572589.098308,20.0
traffic/requested_vehicles,3377,1786572599.037228,20.0
traffic/requested_vehicles,3496,1786572613.445068,20.0
traffic/requested_vehicles,3511,1786572615.829121,20.0
traffic/requested_vehicles,3548,1786572620.236421,20.0
traffic/requested_vehicles,3640,1786572630.132323,20.0
traffic/requested_vehicles,3676,1786572634.766888,20.0
traffic/requested_vehicles,3720,1786572641.021011,20.0
traffic/requested_vehicles,3748,1786572645.015437,20.0
traffic/requested_vehicles,3889,1786572669.376764,20.0
traffic/requested_vehicles,3928,1786572677.472322,20.0
traffic/requested_vehicles,4065,1786572708.085952,20.0
traffic/requested_vehicles,4098,1786572713.037124,20.0
traffic/requested_vehicles,4174,1786572723.368712,20.0
traffic/requested_vehicles,4203,1786572727.448438,20.0
traffic/requested_vehicles,4224,1786572732.113291,20.0
traffic/requested_vehicles,4253,1786572736.521514,20.0
traffic/requested_vehicles,4305,1786572743.841654,20.0
traffic/requested_vehicles,4376,1786572755.954800,20.0
traffic/requested_vehicles,4398,1786572760.974959,20.0
traffic/requested_vehicles,4453,1786572768.785203,20.0
traffic/requested_vehicles,4479,1786572772.237852,20.0
traffic/requested_vehicles,4582,1786572790.728575,20.0
traffic/requested_vehicles,4611,1786572795.285727,20.0
traffic/requested_vehicles,4696,1786572805.313913,20.0
traffic/requested_vehicles,4792,1786572815.341344,20.0
traffic/requested_vehicles,4844,1786572824.961746,20.0
traffic/requested_vehicles,4873,1786572828.754394,20.0
traffic/requested_vehicles,4930,1786572838.430446,20.0
traffic/requested_vehicles,4969,1786572843.849573,20.0
traffic/requested_vehicles,5011,1786572849.185223,20.0
traffic/requested_vehicles,5064,1786572856.744589,20.0
traffic/requested_vehicles,5102,1786572865.323224,20.0
traffic/requested_vehicles,5129,1786572870.456705,20.0
traffic/requested_vehicles,5182,1786572876.649895,20.0
traffic/requested_vehicles,5214,1786572881.213910,20.0
traffic/requested_vehicles,5274,1786572891.208359,20.0
traffic/requested_vehicles,5299,1786572896.807157,20.0
traffic/requested_vehicles,5377,1786572906.230559,20.0
traffic/requested_vehicles,5407,1786572910.276493,20.0
traffic/requested_vehicles,5445,1786572915.116573,20.0
traffic/requested_vehicles,5537,1786572929.768286,20.0
traffic/requested_vehicles,5564,1786572936.024284,20.0
traffic/requested_vehicles,5585,1786572938.862231,20.0
traffic/requested_vehicles,5641,1786572950.071304,20.0
traffic/requested_vehicles,5668,1786572955.942547,20.0
traffic/requested_vehicles,5695,1786572959.392355,20.0
traffic/requested_vehicles,5730,1786572963.910292,20.0
traffic/requested_vehicles,5772,1786572970.447351,20.0
traffic/requested_vehicles,5816,1786572975.994868,20.0
traffic/requested_vehicles,5861,1786572985.919630,20.0
traffic/requested_vehicles,6026,1786573005.930313,20.0
traffic/requested_vehicles,6054,1786573009.648130,20.0
traffic/requested_vehicles,6082,1786573015.666893,20.0
traffic/requested_vehicles,6122,1786573023.323759,20.0
traffic/requested_vehicles,6176,1786573031.875604,20.0
traffic/requested_vehicles,6221,1786573037.275192,20.0
traffic/requested_vehicles,6303,1786573047.942878,20.0
traffic/requested_vehicles,6336,1786573053.079165,20.0
traffic/requested_vehicles,6371,1786573061.331905,20.0
traffic/requested_vehicles,6511,1786573081.207697,20.0
traffic/requested_vehicles,6544,1786573085.305558,20.0
traffic/requested_vehicles,6572,1786573089.424717,20.0
traffic/requested_vehicles,6623,1786573098.354772,20.0
traffic/requested_vehicles,6689,1786573104.953902,20.0
traffic/requested_vehicles,6764,1786573116.788109,20.0
traffic/requested_vehicles,6895,1786573141.411606,20.0
traffic/requested_vehicles,6996,1786573154.733184,20.0
traffic/requested_vehicles,7055,1786573162.363899,20.0
traffic/requested_vehicles,7252,1786573194.112510,20.0
traffic/requested_vehicles,7497,1786573224.217824,20.0
traffic/requested_vehicles,7546,1786573234.769951,20.0
traffic/requested_vehicles,7652,1786573247.330443,20.0
traffic/requested_vehicles,7693,1786573257.328426,20.0
traffic/requested_vehicles,7755,1786573264.374614,20.0
traffic/requested_vehicles,7809,1786573272.095092,20.0
traffic/requested_vehicles,7835,1786573276.256628,20.0
traffic/requested_vehicles,7925,1786573289.053156,20.0
traffic/requested_vehicles,7960,1786573292.916907,20.0
traffic/requested_vehicles,8016,1786573302.615216,20.0
traffic/requested_vehicles,8142,1786573316.903608,20.0
traffic/requested_vehicles,8172,1786573320.573004,20.0
traffic/requested_vehicles,8237,1786573332.962328,20.0
traffic/requested_vehicles,8278,1786573341.053536,20.0
traffic/requested_vehicles,8471,1786573365.634800,20.0
traffic/requested_vehicles,8505,1786573370.980896,20.0
traffic/requested_vehicles,8701,1786573397.177266,20.0
traffic/requested_vehicles,8857,1786573421.099266,20.0
traffic/requested_vehicles,8938,1786573435.422115,20.0
traffic/requested_vehicles,9134,1786573456.740973,20.0
traffic/requested_vehicles,9371,1786573493.477601,20.0
traffic/requested_vehicles,9495,1786573517.754991,20.0
traffic/requested_vehicles,9691,1786573544.228621,20.0
traffic/requested_vehicles,9745,1786573553.396363,20.0
traffic/requested_vehicles,10015,1786573585.889688,20.0
traffic/requested_vehicles,10331,1786573618.156751,20.0
traffic/requested_vehicles,10461,1786573640.784369,20.0
traffic/requested_vehicles,10544,1786573656.744845,20.0
traffic/requested_vehicles,10603,1786573664.679079,20.0
traffic/requested_vehicles,10778,1786573690.374167,20.0
traffic/requested_vehicles,10816,1786573695.600325,20.0
traffic/requested_vehicles,10920,1786573716.611627,20.0
traffic/requested_vehicles,11029,1786573729.151523,20.0
traffic/requested_vehicles,11141,1786573751.513882,20.0
traffic/requested_vehicles,11209,1786573760.750021,20.0
traffic/requested_vehicles,11328,1786573780.452103,20.0
traffic/requested_vehicles,11374,1786573786.557229,20.0
traffic/requested_vehicles,11403,1786573790.616298,20.0
traffic/requested_vehicles,11450,1786573796.337642,20.0
traffic/requested_vehicles,11491,1786573801.717093,20.0
traffic/requested_vehicles,11560,1786573810.301761,20.0
traffic/requested_vehicles,11616,1786573819.453878,20.0
traffic/requested_vehicles,11738,1786573832.164524,20.0
traffic/requested_vehicles,11789,1786573838.959887,20.0
traffic/requested_vehicles,11865,1786573845.853496,20.0
traffic/requested_vehicles,12136,1786573877.932907,20.0
traffic/requested_vehicles,12239,1786573889.884827,20.0
traffic/requested_vehicles,12543,1786573922.691392,20.0
traffic/requested_vehicles,12601,1786573934.532862,20.0
traffic/requested_vehicles,12649,1786573940.858691,20.0
traffic/requested_vehicles,12689,1786573950.569111,20.0
traffic/requested_vehicles,12807,1786573970.467191,20.0
traffic/requested_vehicles,12920,1786573984.548871,20.0
traffic/requested_vehicles,12988,1786573993.823944,20.0
traffic/requested_vehicles,13093,1786574006.730097,20.0
traffic/requested_vehicles,13365,1786574036.093365,20.0
traffic/requested_vehicles,13501,1786574055.687420,20.0
traffic/requested_vehicles,13532,1786574061.274597,20.0
traffic/requested_vehicles,13604,1786574075.898697,20.0
traffic/requested_vehicles,13726,1786574093.475955,20.0
traffic/requested_vehicles,13771,1786574101.586408,20.0
traffic/requested_vehicles,13848,1786574109.021791,20.0
traffic/requested_vehicles,13887,1786574118.692249,20.0
traffic/requested_vehicles,13943,1786574128.974524,20.0
traffic/requested_vehicles,13996,1786574138.321437,20.0
traffic/requested_vehicles,14301,1786574189.549791,20.0
traffic/requested_vehicles,14436,1786574216.687937,20.0
traffic/requested_vehicles,14494,1786574224.618083,20.0
traffic/requested_vehicles,14542,1786574232.033944,20.0
traffic/requested_vehicles,14604,1786574239.848475,20.0
traffic/requested_vehicles,14663,1786574246.444234,20.0
traffic/requested_vehicles,14835,1786574262.381762,20.0
traffic/requested_vehicles,14950,1786574281.680469,20.0
traffic/requested_vehicles,15010,1786574289.379395,20.0
traffic/requested_vehicles,15056,1786574294.154940,20.0
traffic/requested_vehicles,15365,1786574339.153666,20.0
traffic/requested_vehicles,15471,1786574351.332740,20.0
traffic/requested_vehicles,15538,1786574358.700363,20.0
traffic/requested_vehicles,15664,1786574375.641267,20.0
traffic/requested_vehicles,15779,1786574389.784681,20.0
traffic/requested_vehicles,15803,1786574392.644778,20.0
traffic/requested_vehicles,15884,1786574402.526017,20.0
traffic/requested_vehicles,15915,1786574406.024852,20.0
traffic/requested_vehicles,16278,1786574459.795410,20.0
traffic/requested_vehicles,16425,1786574483.298113,20.0
traffic/requested_vehicles,16586,1786574515.683246,20.0
traffic/requested_vehicles,16665,1786574527.652491,20.0
traffic/requested_vehicles,16695,1786574532.929839,20.0
traffic/requested_vehicles,16759,1786574545.557958,20.0
traffic/requested_vehicles,16871,1786574560.306560,20.0
traffic/requested_vehicles,16906,1786574566.852396,20.0
traffic/requested_vehicles,16980,1786574575.695481,20.0
traffic/requested_vehicles,17121,1786574600.778630,20.0
traffic/requested_vehicles,17199,1786574611.317604,20.0
traffic/requested_vehicles,17237,1786574618.530311,20.0
traffic/requested_vehicles,17321,1786574628.141272,20.0
traffic/requested_vehicles,17889,1786574713.270756,20.0
traffic/requested_vehicles,18242,1786574751.142442,20.0
traffic/requested_vehicles,18693,1786574806.218830,20.0
traffic/requested_vehicles,18796,1786574819.998074,20.0
traffic/requested_vehicles,19312,1786574892.926617,20.0
traffic/requested_vehicles,19453,1786574919.856759,20.0
traffic/requested_vehicles,19582,1786574940.356554,20.0
traffic/requested_vehicles,19715,1786574954.467387,20.0
traffic/requested_vehicles,19850,1786574967.641356,20.0
traffic/requested_vehicles,19989,1786574984.338910,20.0
traffic/requested_walkers,91,1786572128.323014,50.0
traffic/requested_walkers,212,1786572146.804279,50.0
traffic/requested_walkers,329,1786572159.714266,50.0
traffic/requested_walkers,434,1786572172.704401,50.0
traffic/requested_walkers,502,1786572183.148127,50.0
traffic/requested_walkers,633,1786572196.918447,50.0
traffic/requested_walkers,743,1786572208.168071,50.0
traffic/requested_walkers,835,1786572221.527615,50.0
traffic/requested_walkers,1061,1786572246.550142,50.0
traffic/requested_walkers,1208,1786572267.213537,50.0
traffic/requested_walkers,1326,1786572278.225971,50.0
traffic/requested_walkers,1367,1786572283.401618,50.0
traffic/requested_walkers,1595,1786572330.589607,50.0
traffic/requested_walkers,1724,1786572354.103815,50.0
traffic/requested_walkers,1988,1786572386.155475,50.0
traffic/requested_walkers,2093,1786572408.386284,50.0
traffic/requested_walkers,2177,1786572424.029307,50.0
traffic/requested_walkers,2208,1786572431.997562,50.0
traffic/requested_walkers,2327,1786572446.928972,50.0
traffic/requested_walkers,2374,1786572454.257605,50.0
traffic/requested_walkers,2512,1786572470.972248,50.0
traffic/requested_walkers,2568,1786572478.858526,50.0
traffic/requested_walkers,2669,1786572490.491774,50.0
traffic/requested_walkers,2854,1786572519.100574,50.0
traffic/requested_walkers,2942,1786572533.418146,50.0
traffic/requested_walkers,2981,1786572539.181033,50.0
traffic/requested_walkers,3025,1786572547.570861,50.0
traffic/requested_walkers,3091,1786572556.981061,50.0
traffic/requested_walkers,3129,1786572561.586780,50.0
traffic/requested_walkers,3156,1786572565.477417,50.0
traffic/requested_walkers,3190,1786572569.696842,50.0
traffic/requested_walkers,3229,1786572576.838139,50.0
traffic/requested_walkers,3269,1786572580.556811,50.0
traffic/requested_walkers,3323,1786572589.098339,50.0
traffic/requested_walkers,3377,1786572599.037507,50.0
traffic/requested_walkers,3496,1786572613.445375,50.0
traffic/requested_walkers,3511,1786572615.829271,50.0
traffic/requested_walkers,3548,1786572620.236538,50.0
traffic/requested_walkers,3640,1786572630.132545,50.0
traffic/requested_walkers,3676,1786572634.767047,50.0
traffic/requested_walkers,3720,1786572641.021068,50.0
traffic/requested_walkers,3748,1786572645.015792,50.0
traffic/requested_walkers,3889,1786572669.376864,50.0
traffic/requested_walkers,3928,1786572677.472492,50.0
traffic/requested_walkers,4065,1786572708.086173,50.0
traffic/requested_walkers,4098,1786572713.037250,50.0
traffic/requested_walkers,4174,1786572723.368875,50.0
traffic/requested_walkers,4203,1786572727.448493,50.0
traffic/requested_walkers,4224,1786572732.113332,50.0
traffic/requested_walkers,4253,1786572736.521724,50.0
traffic/requested_walkers,4305,1786572743.841712,50.0
traffic/requested_walkers,4376,1786572755.954896,50.0
traffic/requested_walkers,4398,1786572760.975081,50.0
traffic/requested_walkers,4453,1786572768.785453,50.0
traffic/requested_walkers,4479,1786572772.238062,50.0
traffic/requested_walkers,4582,1786572790.728679,50.0
traffic/requested_walkers,4611,1786572795.285887,50.0
traffic/requested_walkers,4696,1786572805.314043,50.0
traffic/requested_walkers,4792,1786572815.341506,50.0
traffic/requested_walkers,4844,1786572824.961956,50.0
traffic/requested_walkers,4873,1786572828.754738,50.0
traffic/requested_walkers,4930,1786572838.430565,50.0
traffic/requested_walkers,4969,1786572843.849681,50.0
traffic/requested_walkers,5011,1786572849.185479,50.0
traffic/requested_walkers,5064,1786572856.744692,50.0
traffic/requested_walkers,5102,1786572865.323328,50.0
traffic/requested_walkers,5129,1786572870.456824,50.0
traffic/requested_walkers,5182,1786572876.650276,50.0
traffic/requested_walkers,5214,1786572881.213967,50.0
traffic/requested_walkers,5274,1786572891.208392,50.0
traffic/requested_walkers,5299,1786572896.807334,50.0
traffic/requested_walkers,5377,1786572906.230825,50.0
traffic/requested_walkers,5407,1786572910.276616,50.0
traffic/requested_walkers,5445,1786572915.116796,50.0
traffic/requested_walkers,5537,1786572929.768575,50.0
traffic/requested_walkers,5564,1786572936.024394,50.0
traffic/requested_walkers,5585,1786572938.862331,50.0
traffic/requested_walkers,5641,1786572950.071424,50.0
traffic/requested_walkers,5668,1786572955.942647,50.0
traffic/requested_walkers,5695,1786572959.392507,50.0
traffic/requested_walkers,5730,1786572963.910431,50.0
traffic/requested_walkers,5772,1786572970.447470,50.0
traffic/requested_walkers,5816,1786572975.995012,50.0
traffic/requested_walkers,5861,1786572985.919744,50.0
traffic/requested_walkers,6026,1786573005.930423,50.0
traffic/requested_walkers,6054,1786573009.648326,50.0
traffic/requested_walkers,6082,1786573015.666990,50.0
traffic/requested_walkers,6122,1786573023.323864,50.0
traffic/requested_walkers,6176,1786573031.875631,50.0
traffic/requested_walkers,6221,1786573037.275318,50.0
traffic/requested_walkers,6303,1786573047.942930,50.0
traffic/requested_walkers,6336,1786573053.079399,50.0
traffic/requested_walkers,6371,1786573061.332107,50.0
traffic/requested_walkers,6511,1786573081.208025,50.0
traffic/requested_walkers,6544,1786573085.305683,50.0
traffic/requested_walkers,6572,1786573089.424874,50.0
traffic/requested_walkers,6623,1786573098.354936,50.0
traffic/requested_walkers,6689,1786573104.954005,50.0
traffic/requested_walkers,6764,1786573116.788206,50.0
traffic/requested_walkers,6895,1786573141.411717,50.0
traffic/requested_walkers,6996,1786573154.733458,50.0
traffic/requested_walkers,7055,1786573162.364163,50.0
traffic/requested_walkers,7252,1786573194.112759,50.0
traffic/requested_walkers,7497,1786573224.217931,50.0
traffic/requested_walkers,7546,1786573234.770050,50.0
traffic/requested_walkers,7652,1786573247.330785,50.0
traffic/requested_walkers,7693,1786573257.328611,50.0
traffic/requested_walkers,7755,1786573264.374758,50.0
traffic/requested_walkers,7809,1786573272.095233,50.0
traffic/requested_walkers,7835,1786573276.256777,50.0
traffic/requested_walkers,7925,1786573289.053307,50.0
traffic/requested_walkers,7960,1786573292.917006,50.0
traffic/requested_walkers,8016,1786573302.615315,50.0
traffic/requested_walkers,8142,1786573316.903707,50.0
traffic/requested_walkers,8172,1786573320.573219,50.0
traffic/requested_walkers,8237,1786573332.962458,50.0
traffic/requested_walkers,8278,1786573341.053675,50.0
traffic/requested_walkers,8471,1786573365.635265,50.0
traffic/requested_walkers,8505,1786573370.981237,50.0
traffic/requested_walkers,8701,1786573397.177378,50.0
traffic/requested_walkers,8857,1786573421.099425,50.0
traffic/requested_walkers,8938,1786573435.422268,50.0
traffic/requested_walkers,9134,1786573456.741303,50.0
traffic/requested_walkers,9371,1786573493.477868,50.0
traffic/requested_walkers,9495,1786573517.755203,50.0
traffic/requested_walkers,9691,1786573544.228773,50.0
traffic/requested_walkers,9745,1786573553.396491,50.0
traffic/requested_walkers,10015,1786573585.889715,50.0
traffic/requested_walkers,10331,1786573618.156920,50.0
traffic/requested_walkers,10461,1786573640.784582,50.0
traffic/requested_walkers,10544,1786573656.745012,50.0
traffic/requested_walkers,10603,1786573664.679248,50.0
traffic/requested_walkers,10778,1786573690.374223,50.0
traffic/requested_walkers,10816,1786573695.600515,50.0
traffic/requested_walkers,10920,1786573716.611829,50.0
traffic/requested_walkers,11029,1786573729.151644,50.0
traffic/requested_walkers,11141,1786573751.514074,50.0
traffic/requested_walkers,11209,1786573760.750301,50.0
traffic/requested_walkers,11328,1786573780.452383,50.0
traffic/requested_walkers,11374,1786573786.557365,50.0
traffic/requested_walkers,11403,1786573790.616435,50.0
traffic/requested_walkers,11450,1786573796.337911,50.0
traffic/requested_walkers,11491,1786573801.717284,50.0
traffic/requested_walkers,11560,1786573810.301854,50.0
traffic/requested_walkers,11616,1786573819.453933,50.0
traffic/requested_walkers,11738,1786573832.164670,50.0
traffic/requested_walkers,11789,1786573838.960136,50.0
traffic/requested_walkers,11865,1786573845.853715,50.0
traffic/requested_walkers,12136,1786573877.933151,50.0
traffic/requested_walkers,12239,1786573889.885049,50.0
traffic/requested_walkers,12543,1786573922.691490,50.0
traffic/requested_walkers,12601,1786573934.533052,50.0
traffic/requested_walkers,12649,1786573940.858846,50.0
traffic/requested_walkers,12689,1786573950.569229,50.0
traffic/requested_walkers,12807,1786573970.467342,50.0
traffic/requested_walkers,12920,1786573984.549247,50.0
traffic/requested_walkers,12988,1786573993.833772,50.0
traffic/requested_walkers,13093,1786574006.730213,50.0
traffic/requested_walkers,13365,1786574036.093464,50.0
traffic/requested_walkers,13501,1786574055.687604,50.0
traffic/requested_walkers,13532,1786574061.274736,50.0
traffic/requested_walkers,13604,1786574075.898909,50.0
traffic/requested_walkers,13726,1786574093.476200,50.0
traffic/requested_walkers,13771,1786574101.586464,50.0
traffic/requested_walkers,13848,1786574109.021968,50.0
traffic/requested_walkers,13887,1786574118.692374,50.0
traffic/requested_walkers,13943,1786574128.974617,50.0
traffic/requested_walkers,13996,1786574138.321577,50.0
traffic/requested_walkers,14301,1786574189.550157,50.0
traffic/requested_walkers,14436,1786574216.688163,50.0
traffic/requested_walkers,14494,1786574224.618440,50.0
traffic/requested_walkers,14542,1786574232.034096,50.0
traffic/requested_walkers,14604,1786574239.848573,50.0
traffic/requested_walkers,14663,1786574246.444334,50.0
traffic/requested_walkers,14835,1786574262.382042,50.0
traffic/requested_walkers,14950,1786574281.680664,50.0
traffic/requested_walkers,15010,1786574289.379677,50.0
traffic/requested_walkers,15056,1786574294.155163,50.0
traffic/requested_walkers,15365,1786574339.153786,50.0
traffic/requested_walkers,15471,1786574351.332888,50.0
traffic/requested_walkers,15538,1786574358.700488,50.0
traffic/requested_walkers,15664,1786574375.641367,50.0
traffic/requested_walkers,15779,1786574389.784818,50.0
traffic/requested_walkers,15803,1786574392.644962,50.0
traffic/requested_walkers,15884,1786574402.526131,50.0
traffic/requested_walkers,15915,1786574406.024953,50.0
traffic/requested_walkers,16278,1786574459.795637,50.0
traffic/requested_walkers,16425,1786574483.298235,50.0
traffic/requested_walkers,16586,1786574515.683543,50.0
traffic/requested_walkers,16665,1786574527.652871,50.0
traffic/requested_walkers,16695,1786574532.930161,50.0
traffic/requested_walkers,16759,1786574545.558075,50.0
traffic/requested_walkers,16871,1786574560.306661,50.0
traffic/requested_walkers,16906,1786574566.852543,50.0
traffic/requested_walkers,16980,1786574575.695682,50.0
traffic/requested_walkers,17121,1786574600.778782,50.0
traffic/requested_walkers,17199,1786574611.317733,50.0
traffic/requested_walkers,17237,1786574618.530699,50.0
traffic/requested_walkers,17321,1786574628.141328,50.0
traffic/requested_walkers,17889,1786574713.270812,50.0
traffic/requested_walkers,18242,1786574751.142798,50.0
traffic/requested_walkers,18693,1786574806.218997,50.0
traffic/requested_walkers,18796,1786574819.998348,50.0
traffic/requested_walkers,19312,1786574892.926759,50.0
traffic/requested_walkers,19453,1786574919.856818,50.0
traffic/requested_walkers,19582,1786574940.356691,50.0
traffic/requested_walkers,19715,1786574954.467582,50.0
traffic/requested_walkers,19850,1786574967.641525,50.0
traffic/requested_walkers,19989,1786574984.339292,50.0
traffic/spawned_vehicles,91,1786572128.322978,20.0
traffic/spawned_vehicles,212,1786572146.804260,20.0
traffic/spawned_vehicles,329,1786572159.714235,20.0
traffic/spawned_vehicles,434,1786572172.704370,20.0
traffic/spawned_vehicles,502,1786572183.148093,20.0
traffic/spawned_vehicles,633,1786572196.918395,20.0
traffic/spawned_vehicles,743,1786572208.168039,20.0
traffic/spawned_vehicles,835,1786572221.527606,20.0
traffic/spawned_vehicles,1061,1786572246.550110,20.0
traffic/spawned_vehicles,1208,1786572267.213500,20.0
traffic/spawned_vehicles,1326,1786572278.225939,20.0
traffic/spawned_vehicles,1367,1786572283.401574,20.0
traffic/spawned_vehicles,1595,1786572330.589589,20.0
traffic/spawned_vehicles,1724,1786572354.103778,20.0
traffic/spawned_vehicles,1988,1786572386.155445,20.0
traffic/spawned_vehicles,2093,1786572408.386252,20.0
traffic/spawned_vehicles,2177,1786572424.029178,20.0
traffic/spawned_vehicles,2208,1786572431.997531,20.0
traffic/spawned_vehicles,2327,1786572446.928926,20.0
traffic/spawned_vehicles,2374,1786572454.257426,20.0
traffic/spawned_vehicles,2512,1786572470.972211,20.0
traffic/spawned_vehicles,2568,1786572478.858494,20.0
traffic/spawned_vehicles,2669,1786572490.491708,20.0
traffic/spawned_vehicles,2854,1786572519.100495,20.0
traffic/spawned_vehicles,2942,1786572533.418043,20.0
traffic/spawned_vehicles,2981,1786572539.180994,20.0
traffic/spawned_vehicles,3025,1786572547.570843,20.0
traffic/spawned_vehicles,3091,1786572556.981027,20.0
traffic/spawned_vehicles,3129,1786572561.586749,20.0
traffic/spawned_vehicles,3156,1786572565.477385,20.0
traffic/spawned_vehicles,3190,1786572569.696668,20.0
traffic/spawned_vehicles,3229,1786572576.838099,20.0
traffic/spawned_vehicles,3269,1786572580.556757,20.0
traffic/spawned_vehicles,3323,1786572589.098330,20.0
traffic/spawned_vehicles,3377,1786572599.037473,20.0
traffic/spawned_vehicles,3496,1786572613.445336,20.0
traffic/spawned_vehicles,3511,1786572615.829152,20.0
traffic/spawned_vehicles,3548,1786572620.236504,20.0
traffic/spawned_vehicles,3640,1786572630.132422,20.0
traffic/spawned_vehicles,3676,1786572634.767027,20.0
traffic/spawned_vehicles,3720,1786572641.021044,20.0
traffic/spawned_vehicles,3748,1786572645.015582,20.0
traffic/spawned_vehicles,3889,1786572669.376833,20.0
traffic/spawned_vehicles,3928,1786572677.472461,20.0
traffic/spawned_vehicles,4065,1786572708.086023,20.0
traffic/spawned_vehicles,4098,1786572713.037209,20.0
traffic/spawned_vehicles,4174,1786572723.368816,20.0
traffic/spawned_vehicles,4203,1786572727.448469,20.0
traffic/spawned_vehicles,4224,1786572732.113318,20.0
traffic/spawned_vehicles,4253,1786572736.521642,20.0
traffic/spawned_vehicles,4305,1786572743.841687,20.0
traffic/spawned_vehicles,4376,1786572755.954864,20.0
traffic/spawned_vehicles,4398,1786572760.975034,20.0
traffic/spawned_vehicles,4453,1786572768.785419,20.0
traffic/spawned_vehicles,4479,1786572772.238028,20.0
traffic/spawned_vehicles,4582,1786572790.728646,20.0
traffic/spawned_vehicles,4611,1786572795.285830,20.0
traffic/spawned_vehicles,4696,1786572805.313977,20.0
traffic/spawned_vehicles,4792,1786572815.341475,20.0
traffic/spawned_vehicles,4844,1786572824.961813,20.0
traffic/spawned_vehicles,4873,1786572828.754597,20.0
traffic/spawned_vehicles,4930,1786572838.430527,20.0
traffic/spawned_vehicles,4969,1786572843.849647,20.0
traffic/spawned_vehicles,5011,1786572849.185447,20.0
traffic/spawned_vehicles,5064,1786572856.744659,20.0
traffic/spawned_vehicles,5102,1786572865.323296,20.0
traffic/spawned_vehicles,5129,1786572870.456773,20.0
traffic/spawned_vehicles,5182,1786572876.650235,20.0
traffic/spawned_vehicles,5214,1786572881.213942,20.0
traffic/spawned_vehicles,5274,1786572891.208381,20.0
traffic/spawned_vehicles,5299,1786572896.807177,20.0
traffic/spawned_vehicles,5377,1786572906.230790,20.0
traffic/spawned_vehicles,5407,1786572910.276576,20.0
traffic/spawned_vehicles,5445,1786572915.116779,20.0
traffic/spawned_vehicles,5537,1786572929.768536,20.0
traffic/spawned_vehicles,5564,1786572936.024356,20.0
traffic/spawned_vehicles,5585,1786572938.862299,20.0
traffic/spawned_vehicles,5641,1786572950.071381,20.0
traffic/spawned_vehicles,5668,1786572955.942617,20.0
traffic/spawned_vehicles,5695,1786572959.392372,20.0
traffic/spawned_vehicles,5730,1786572963.910384,20.0
traffic/spawned_vehicles,5772,1786572970.447432,20.0
traffic/spawned_vehicles,5816,1786572975.994956,20.0
traffic/spawned_vehicles,5861,1786572985.919698,20.0
traffic/spawned_vehicles,6026,1786573005.930392,20.0
traffic/spawned_vehicles,6054,1786573009.648293,20.0
traffic/spawned_vehicles,6082,1786573015.666958,20.0
traffic/spawned_vehicles,6122,1786573023.323830,20.0
traffic/spawned_vehicles,6176,1786573031.875623,20.0
traffic/spawned_vehicles,6221,1786573037.275279,20.0
traffic/spawned_vehicles,6303,1786573047.942896,20.0
traffic/spawned_vehicles,6336,1786573053.079380,20.0
traffic/spawned_vehicles,6371,1786573061.332036,20.0
traffic/spawned_vehicles,6511,1786573081.207982,20.0
traffic/spawned_vehicles,6544,1786573085.305638,20.0
traffic/spawned_vehicles,6572,1786573089.424843,20.0
traffic/spawned_vehicles,6623,1786573098.354917,20.0
traffic/spawned_vehicles,6689,1786573104.953967,20.0
traffic/spawned_vehicles,6764,1786573116.788175,20.0
traffic/spawned_vehicles,6895,1786573141.411679,20.0
traffic/spawned_vehicles,6996,1786573154.733426,20.0
traffic/spawned_vehicles,7055,1786573162.364000,20.0
traffic/spawned_vehicles,7252,1786573194.112728,20.0
traffic/spawned_vehicles,7497,1786573224.217898,20.0
traffic/spawned_vehicles,7546,1786573234.770019,20.0
traffic/spawned_vehicles,7652,1786573247.330745,20.0
traffic/spawned_vehicles,7693,1786573257.328578,20.0
traffic/spawned_vehicles,7755,1786573264.374725,20.0
traffic/spawned_vehicles,7809,1786573272.095182,20.0
traffic/spawned_vehicles,7835,1786573276.256737,20.0
traffic/spawned_vehicles,7925,1786573289.053252,20.0
traffic/spawned_vehicles,7960,1786573292.916973,20.0
traffic/spawned_vehicles,8016,1786573302.615279,20.0
traffic/spawned_vehicles,8142,1786573316.903676,20.0
traffic/spawned_vehicles,8172,1786573320.573186,20.0
traffic/spawned_vehicles,8237,1786573332.962415,20.0
traffic/spawned_vehicles,8278,1786573341.053628,20.0
traffic/spawned_vehicles,8471,1786573365.635234,20.0
traffic/spawned_vehicles,8505,1786573370.981219,20.0
traffic/spawned_vehicles,8701,1786573397.177341,20.0
traffic/spawned_vehicles,8857,1786573421.099393,20.0
traffic/spawned_vehicles,8938,1786573435.422250,20.0
traffic/spawned_vehicles,9134,1786573456.741278,20.0
traffic/spawned_vehicles,9371,1786573493.477756,20.0
traffic/spawned_vehicles,9495,1786573517.755182,20.0
traffic/spawned_vehicles,9691,1786573544.228721,20.0
traffic/spawned_vehicles,9745,1786573553.396444,20.0
traffic/spawned_vehicles,10015,1786573585.889707,20.0
traffic/spawned_vehicles,10331,1786573618.156840,20.0
traffic/spawned_vehicles,10461,1786573640.784440,20.0
traffic/spawned_vehicles,10544,1786573656.744960,20.0
traffic/spawned_vehicles,10603,1786573664.679216,20.0
traffic/spawned_vehicles,10778,1786573690.374199,20.0
traffic/spawned_vehicles,10816,1786573695.600484,20.0
traffic/spawned_vehicles,10920,1786573716.611645,20.0
traffic/spawned_vehicles,11029,1786573729.151603,20.0
traffic/spawned_vehicles,11141,1786573751.514002,20.0
traffic/spawned_vehicles,11209,1786573760.750260,20.0
traffic/spawned_vehicles,11328,1786573780.452344,20.0
traffic/spawned_vehicles,11374,1786573786.557319,20.0
traffic/spawned_vehicles,11403,1786573790.616386,20.0
traffic/spawned_vehicles,11450,1786573796.337878,20.0
traffic/spawned_vehicles,11491,1786573801.717226,20.0
traffic/spawned_vehicles,11560,1786573810.301822,20.0
traffic/spawned_vehicles,11616,1786573819.453909,20.0
traffic/spawned_vehicles,11738,1786573832.164619,20.0
traffic/spawned_vehicles,11789,1786573838.959988,20.0
traffic/spawned_vehicles,11865,1786573845.853661,20.0
traffic/spawned_vehicles,12136,1786573877.933016,20.0
traffic/spawned_vehicles,12239,1786573889.884946,20.0
traffic/spawned_vehicles,12543,1786573922.691458,20.0
traffic/spawned_vehicles,12601,1786573934.533021,20.0
traffic/spawned_vehicles,12649,1786573940.858793,20.0
traffic/spawned_vehicles,12689,1786573950.569194,20.0
traffic/spawned_vehicles,12807,1786573970.467288,20.0
traffic/spawned_vehicles,12920,1786573984.549205,20.0
traffic/spawned_vehicles,12988,1786573993.824102,20.0
traffic/spawned_vehicles,13093,1786574006.730175,20.0
traffic/spawned_vehicles,13365,1786574036.093433,20.0
traffic/spawned_vehicles,13501,1786574055.687438,20.0
traffic/spawned_vehicles,13532,1786574061.274694,20.0
traffic/spawned_vehicles,13604,1786574075.898874,20.0
traffic/spawned_vehicles,13726,1786574093.476166,20.0
traffic/spawned_vehicles,13771,1786574101.586440,20.0
traffic/spawned_vehicles,13848,1786574109.021900,20.0
traffic/spawned_vehicles,13887,1786574118.692333,20.0
traffic/spawned_vehicles,13943,1786574128.974586,20.0
traffic/spawned_vehicles,13996,1786574138.321525,20.0
traffic/spawned_vehicles,14301,1786574189.550010,20.0
traffic/spawned_vehicles,14436,1786574216.688132,20.0
traffic/spawned_vehicles,14494,1786574224.618301,20.0
traffic/spawned_vehicles,14542,1786574232.034040,20.0
traffic/spawned_vehicles,14604,1786574239.848542,20.0
traffic/spawned_vehicles,14663,1786574246.444303,20.0
traffic/spawned_vehicles,14835,1786574262.382009,20.0
traffic/spawned_vehicles,14950,1786574281.680540,20.0
traffic/spawned_vehicles,15010,1786574289.379413,20.0
traffic/spawned_vehicles,15056,1786574294.155144,20.0
traffic/spawned_vehicles,15365,1786574339.153749,20.0
traffic/spawned_vehicles,15471,1786574351.332837,20.0
traffic/spawned_vehicles,15538,1786574358.700448,20.0
traffic/spawned_vehicles,15664,1786574375.641336,20.0
traffic/spawned_vehicles,15779,1786574389.784775,20.0
traffic/spawned_vehicles,15803,1786574392.644864,20.0
traffic/spawned_vehicles,15884,1786574402.526090,20.0
traffic/spawned_vehicles,15915,1786574406.024921,20.0
traffic/spawned_vehicles,16278,1786574459.795603,20.0
traffic/spawned_vehicles,16425,1786574483.298192,20.0
traffic/spawned_vehicles,16586,1786574515.683502,20.0
traffic/spawned_vehicles,16665,1786574527.652836,20.0
traffic/spawned_vehicles,16695,1786574532.929962,20.0
traffic/spawned_vehicles,16759,1786574545.558028,20.0
traffic/spawned_vehicles,16871,1786574560.306630,20.0
traffic/spawned_vehicles,16906,1786574566.852491,20.0
traffic/spawned_vehicles,16980,1786574575.695547,20.0
traffic/spawned_vehicles,17121,1786574600.778751,20.0
traffic/spawned_vehicles,17199,1786574611.317688,20.0
traffic/spawned_vehicles,17237,1786574618.530513,20.0
traffic/spawned_vehicles,17321,1786574628.141303,20.0
traffic/spawned_vehicles,17889,1786574713.270787,20.0
traffic/spawned_vehicles,18242,1786574751.142765,20.0
traffic/spawned_vehicles,18693,1786574806.218941,20.0
traffic/spawned_vehicles,18796,1786574819.998177,20.0
traffic/spawned_vehicles,19312,1786574892.926702,20.0
traffic/spawned_vehicles,19453,1786574919.856793,20.0
traffic/spawned_vehicles,19582,1786574940.356652,20.0
traffic/spawned_vehicles,19715,1786574954.467551,20.0
traffic/spawned_vehicles,19850,1786574967.641493,20.0
traffic/spawned_vehicles,19989,1786574984.339012,20.0
traffic/spawned_walkers,91,1786572128.323039,50.0
traffic/spawned_walkers,212,1786572146.804288,50.0
traffic/spawned_walkers,329,1786572159.714293,50.0
traffic/spawned_walkers,434,1786572172.704426,50.0
traffic/spawned_walkers,502,1786572183.148156,50.0
traffic/spawned_walkers,633,1786572196.918494,50.0
traffic/spawned_walkers,743,1786572208.168095,50.0
traffic/spawned_walkers,835,1786572221.527623,50.0
traffic/spawned_walkers,1061,1786572246.550167,50.0
traffic/spawned_walkers,1208,1786572267.213562,50.0
traffic/spawned_walkers,1326,1786572278.226006,50.0
traffic/spawned_walkers,1367,1786572283.401648,50.0
traffic/spawned_walkers,1595,1786572330.589616,50.0
traffic/spawned_walkers,1724,1786572354.103848,50.0
traffic/spawned_walkers,1988,1786572386.155500,50.0
traffic/spawned_walkers,2093,1786572408.386309,50.0
traffic/spawned_walkers,2177,1786572424.029342,50.0
traffic/spawned_walkers,2208,1786572431.997590,50.0
traffic/spawned_walkers,2327,1786572446.929023,50.0
traffic/spawned_walkers,2374,1786572454.257676,50.0
traffic/spawned_walkers,2512,1786572470.972274,50.0
traffic/spawned_walkers,2568,1786572478.858554,50.0
traffic/spawned_walkers,2669,1786572490.491837,50.0
traffic/spawned_walkers,2854,1786572519.100634,50.0
traffic/spawned_walkers,2942,1786572533.418183,50.0
traffic/spawned_walkers,2981,1786572539.181064,50.0
traffic/spawned_walkers,3025,1786572547.570870,50.0
traffic/spawned_walkers,3091,1786572556.981091,50.0
traffic/spawned_walkers,3129,1786572561.586917,50.0
traffic/spawned_walkers,3156,1786572565.477446,50.0
traffic/spawned_walkers,3190,1786572569.696899,50.0
traffic/spawned_walkers,3229,1786572576.838164,50.0
traffic/spawned_walkers,3269,1786572580.556860,50.0
traffic/spawned_walkers,3323,1786572589.098346,50.0
traffic/spawned_walkers,3377,1786572599.037532,50.0
traffic/spawned_walkers,3496,1786572613.445400,50.0
traffic/spawned_walkers,3511,1786572615.829301,50.0
traffic/spawned_walkers,3548,1786572620.236568,50.0
traffic/spawned_walkers,3640,1786572630.132598,50.0
traffic/spawned_walkers,3676,1786572634.767259,50.0
traffic/spawned_walkers,3720,1786572641.021091,50.0
traffic/spawned_walkers,3748,1786572645.015824,50.0
traffic/spawned_walkers,3889,1786572669.376894,50.0
traffic/spawned_walkers,3928,1786572677.472516,50.0
traffic/spawned_walkers,4065,1786572708.086220,50.0
traffic/spawned_walkers,4098,1786572713.037287,50.0
traffic/spawned_walkers,4174,1786572723.368923,50.0
traffic/spawned_walkers,4203,1786572727.448516,50.0
traffic/spawned_walkers,4224,1786572732.113343,50.0
traffic/spawned_walkers,4253,1786572736.521761,50.0
traffic/spawned_walkers,4305,1786572743.841735,50.0
traffic/spawned_walkers,4376,1786572755.954924,50.0
traffic/spawned_walkers,4398,1786572760.975122,50.0
traffic/spawned_walkers,4453,1786572768.785477,50.0
traffic/spawned_walkers,4479,1786572772.238498,50.0
traffic/spawned_walkers,4582,1786572790.728763,50.0
traffic/spawned_walkers,4611,1786572795.285940,50.0
traffic/spawned_walkers,4696,1786572805.314053,50.0
traffic/spawned_walkers,4792,1786572815.341530,50.0
traffic/spawned_walkers,4844,1786572824.961992,50.0
traffic/spawned_walkers,4873,1786572828.754867,50.0
traffic/spawned_walkers,4930,1786572838.430601,50.0
traffic/spawned_walkers,4969,1786572843.849711,50.0
traffic/spawned_walkers,5011,1786572849.185503,50.0
traffic/spawned_walkers,5064,1786572856.744723,50.0
traffic/spawned_walkers,5102,1786572865.323356,50.0
traffic/spawned_walkers,5129,1786572870.456870,50.0
traffic/spawned_walkers,5182,1786572876.650301,50.0
traffic/spawned_walkers,5214,1786572881.213995,50.0
traffic/spawned_walkers,5274,1786572891.208400,50.0
traffic/spawned_walkers,5299,1786572896.807353,50.0
traffic/spawned_walkers,5377,1786572906.230850,50.0
traffic/spawned_walkers,5407,1786572910.276654,50.0
traffic/spawned_walkers,5445,1786572915.116955,50.0
traffic/spawned_walkers,5537,1786572929.768601,50.0
traffic/spawned_walkers,5564,1786572936.024428,50.0
traffic/spawned_walkers,5585,1786572938.862360,50.0
traffic/spawned_walkers,5641,1786572950.071458,50.0
traffic/spawned_walkers,5668,1786572955.942675,50.0
traffic/spawned_walkers,5695,1786572959.392525,50.0
traffic/spawned_walkers,5730,1786572963.910625,50.0
traffic/spawned_walkers,5772,1786572970.447703,50.0
traffic/spawned_walkers,5816,1786572975.995087,50.0
traffic/spawned_walkers,5861,1786572985.919776,50.0
traffic/spawned_walkers,6026,1786573005.930451,50.0
traffic/spawned_walkers,6054,1786573009.648464,50.0
traffic/spawned_walkers,6082,1786573015.667019,50.0
traffic/spawned_walkers,6122,1786573023.323895,50.0
traffic/spawned_walkers,6176,1786573031.875638,50.0
traffic/spawned_walkers,6221,1786573037.275361,50.0
traffic/spawned_walkers,6303,1786573047.943037,50.0
traffic/spawned_walkers,6336,1786573053.079408,50.0
traffic/spawned_walkers,6371,1786573061.332167,50.0
traffic/spawned_walkers,6511,1786573081.208050,50.0
traffic/spawned_walkers,6544,1786573085.305721,50.0
traffic/spawned_walkers,6572,1786573089.424899,50.0
traffic/spawned_walkers,6623,1786573098.354945,50.0
traffic/spawned_walkers,6689,1786573104.954036,50.0
traffic/spawned_walkers,6764,1786573116.788235,50.0
traffic/spawned_walkers,6895,1786573141.411749,50.0
traffic/spawned_walkers,6996,1786573154.733484,50.0
traffic/spawned_walkers,7055,1786573162.364217,50.0
traffic/spawned_walkers,7252,1786573194.112783,50.0
traffic/spawned_walkers,7497,1786573224.217960,50.0
traffic/spawned_walkers,7546,1786573234.770078,50.0
traffic/spawned_walkers,7652,1786573247.330810,50.0
traffic/spawned_walkers,7693,1786573257.328636,50.0
traffic/spawned_walkers,7755,1786573264.374788,50.0
traffic/spawned_walkers,7809,1786573272.095332,50.0
traffic/spawned_walkers,7835,1786573276.256812,50.0
traffic/spawned_walkers,7925,1786573289.053354,50.0
traffic/spawned_walkers,7960,1786573292.917139,50.0
traffic/spawned_walkers,8016,1786573302.615344,50.0
traffic/spawned_walkers,8142,1786573316.903876,50.0
traffic/spawned_walkers,8172,1786573320.573244,50.0
traffic/spawned_walkers,8237,1786573332.962502,50.0
traffic/spawned_walkers,8278,1786573341.053716,50.0
traffic/spawned_walkers,8471,1786573365.635289,50.0
traffic/spawned_walkers,8505,1786573370.981246,50.0
traffic/spawned_walkers,8701,1786573397.177411,50.0
traffic/spawned_walkers,8857,1786573421.099450,50.0
traffic/spawned_walkers,8938,1786573435.422410,50.0
traffic/spawned_walkers,9134,1786573456.741316,50.0
traffic/spawned_walkers,9371,1786573493.478015,50.0
traffic/spawned_walkers,9495,1786573517.755212,50.0
traffic/spawned_walkers,9691,1786573544.228819,50.0
traffic/spawned_walkers,9745,1786573553.396529,50.0
traffic/spawned_walkers,10015,1786573585.889765,50.0
traffic/spawned_walkers,10331,1786573618.156943,50.0
traffic/spawned_walkers,10461,1786573640.784675,50.0
traffic/spawned_walkers,10544,1786573656.745113,50.0
traffic/spawned_walkers,10603,1786573664.679273,50.0
traffic/spawned_walkers,10778,1786573690.374245,50.0
traffic/spawned_walkers,10816,1786573695.600539,50.0
traffic/spawned_walkers,10920,1786573716.611848,50.0
traffic/spawned_walkers,11029,1786573729.151728,50.0
traffic/spawned_walkers,11141,1786573751.514111,50.0
traffic/spawned_walkers,11209,1786573760.750327,50.0
traffic/spawned_walkers,11328,1786573780.452736,50.0
traffic/spawned_walkers,11374,1786573786.557407,50.0
traffic/spawned_walkers,11403,1786573790.616474,50.0
traffic/spawned_walkers,11450,1786573796.337937,50.0
traffic/spawned_walkers,11491,1786573801.717324,50.0
traffic/spawned_walkers,11560,1786573810.301883,50.0
traffic/spawned_walkers,11616,1786573819.453955,50.0
traffic/spawned_walkers,11738,1786573832.164717,50.0
traffic/spawned_walkers,11789,1786573838.960257,50.0
traffic/spawned_walkers,11865,1786573845.853764,50.0
traffic/spawned_walkers,12136,1786573877.933273,50.0
traffic/spawned_walkers,12239,1786573889.885097,50.0
traffic/spawned_walkers,12543,1786573922.691519,50.0
traffic/spawned_walkers,12601,1786573934.533500,50.0
traffic/spawned_walkers,12649,1786573940.858895,50.0
traffic/spawned_walkers,12689,1786573950.569259,50.0
traffic/spawned_walkers,12807,1786573970.467430,50.0
traffic/spawned_walkers,12920,1786573984.549272,50.0
traffic/spawned_walkers,12988,1786573993.833813,50.0
traffic/spawned_walkers,13093,1786574006.730247,50.0
traffic/spawned_walkers,13365,1786574036.093493,50.0
traffic/spawned_walkers,13501,1786574055.687627,50.0
traffic/spawned_walkers,13532,1786574061.274773,50.0
traffic/spawned_walkers,13604,1786574075.899033,50.0
traffic/spawned_walkers,13726,1786574093.476446,50.0
traffic/spawned_walkers,13771,1786574101.586486,50.0
traffic/spawned_walkers,13848,1786574109.031682,50.0
traffic/spawned_walkers,13887,1786574118.692412,50.0
traffic/spawned_walkers,13943,1786574128.974646,50.0
traffic/spawned_walkers,13996,1786574138.321640,50.0
traffic/spawned_walkers,14301,1786574189.550189,50.0
traffic/spawned_walkers,14436,1786574216.688188,50.0
traffic/spawned_walkers,14494,1786574224.618556,50.0
traffic/spawned_walkers,14542,1786574232.034254,50.0
traffic/spawned_walkers,14604,1786574239.848600,50.0
traffic/spawned_walkers,14663,1786574246.444364,50.0
traffic/spawned_walkers,14835,1786574262.382066,50.0
traffic/spawned_walkers,14950,1786574281.680696,50.0
traffic/spawned_walkers,15010,1786574289.379699,50.0
traffic/spawned_walkers,15056,1786574294.155172,50.0
traffic/spawned_walkers,15365,1786574339.153819,50.0
traffic/spawned_walkers,15471,1786574351.332937,50.0
traffic/spawned_walkers,15538,1786574358.700677,50.0
traffic/spawned_walkers,15664,1786574375.641394,50.0
traffic/spawned_walkers,15779,1786574389.784858,50.0
traffic/spawned_walkers,15803,1786574392.644989,50.0
traffic/spawned_walkers,15884,1786574402.526165,50.0
traffic/spawned_walkers,15915,1786574406.025035,50.0
traffic/spawned_walkers,16278,1786574459.795811,50.0
traffic/spawned_walkers,16425,1786574483.298270,50.0
traffic/spawned_walkers,16586,1786574515.683598,50.0
traffic/spawned_walkers,16665,1786574527.652895,50.0
traffic/spawned_walkers,16695,1786574532.930193,50.0
traffic/spawned_walkers,16759,1786574545.558107,50.0
traffic/spawned_walkers,16871,1786574560.306689,50.0
traffic/spawned_walkers,16906,1786574566.852664,50.0
traffic/spawned_walkers,16980,1786574575.695729,50.0
traffic/spawned_walkers,17121,1786574600.778806,50.0
traffic/spawned_walkers,17199,1786574611.317769,50.0
traffic/spawned_walkers,17237,1786574618.530731,50.0
traffic/spawned_walkers,17321,1786574628.141350,50.0
traffic/spawned_walkers,17889,1786574713.270835,50.0
traffic/spawned_walkers,18242,1786574751.142823,50.0
traffic/spawned_walkers,18693,1786574806.219051,50.0
traffic/spawned_walkers,18796,1786574819.998494,50.0
traffic/spawned_walkers,19312,1786574892.926789,50.0
traffic/spawned_walkers,19453,1786574919.856840,50.0
traffic/spawned_walkers,19582,1786574940.356725,50.0
traffic/spawned_walkers,19715,1786574954.467607,50.0
traffic/spawned_walkers,19850,1786574967.641550,50.0
traffic/spawned_walkers,19989,1786574984.339401,50.0
train/actor_loss,1024,1786572242.956723,0.02246428094804287
train/actor_loss,2048,1786572399.868865,0.0033667907118797302
train/actor_loss,3072,1786572554.572807,0.0016690287739038467
train/actor_loss,4096,1786572712.728516,-0.0024216589517891407
train/actor_loss,5120,1786572868.556603,0.00285888253711164
train/actor_loss,6144,1786573027.430542,-0.0037718419916927814
train/actor_loss,7168,1786573181.600356,-0.0014253754634410143
train/actor_loss,8192,1786573325.790889,-0.00036032957723364234
train/actor_loss,9216,1786573470.673293,-0.0073782335966825485
train/actor_loss,10240,1786573609.638212,-0.0011648384388536215
train/actor_loss,11264,1786573771.151743,0.002659411635249853
train/actor_loss,12288,1786573896.138208,-0.00215731980279088
train/actor_loss,13312,1786574030.869549,-0.004404796287417412
train/actor_loss,14336,1786574198.345096,-0.00011954272486036643
train/actor_loss,15360,1786574338.580302,-0.003780016675591469
train/actor_loss,16384,1786574478.253768,0.004404530860483646
train/actor_loss,17408,1786574638.619726,-0.004331542644649744
train/actor_loss,18432,1786574775.967660,5.2174320444464684e-05
train/actor_loss,19456,1786574921.165874,0.0031362203881144524
train/actor_loss,20000,1786574987.331995,-0.008214285597205162
train/approx_kl,1024,1786572242.956775,0.026691187173128128
train/approx_kl,2048,1786572399.868917,0.01500030979514122
train/approx_kl,3072,1786572554.572860,0.0059006246738135815
train/approx_kl,4096,1786572712.728570,0.022348197177052498
train/approx_kl,5120,1786572868.556662,0.008946361020207405
train/approx_kl,6144,1786573027.430597,0.012129243463277817
train/approx_kl,7168,1786573181.600415,0.010672646574676037
train/approx_kl,8192,1786573325.790944,0.008898023515939713
train/approx_kl,9216,1786573470.673357,0.006445080973207951
train/approx_kl,10240,1786573609.638267,0.009060605429112911
train/approx_kl,11264,1786573771.151798,0.0069475676864385605
train/approx_kl,12288,1786573896.138262,0.007469906471669674
train/approx_kl,13312,1786574030.869605,0.00675327330827713
train/approx_kl,14336,1786574198.345154,0.009906337596476078
train/approx_kl,15360,1786574338.580359,0.007778999861329794
train/approx_kl,16384,1786574478.253837,0.008197234012186527
train/approx_kl,17408,1786574638.619781,0.01119367778301239
train/approx_kl,18432,1786574775.967716,0.008381701074540615
train/approx_kl,19456,1786574921.165929,0.013751059770584106
train/approx_kl,20000,1786574987.332053,0.011679580435156822
train/clip_fraction,1024,1786572242.956782,0.27070313692092896
train/clip_fraction,2048,1786572399.868925,0.18730469048023224
train/clip_fraction,3072,1786572554.572868,0.0732421875
train/clip_fraction,4096,1786572712.728578,0.24003906548023224
train/clip_fraction,5120,1786572868.556670,0.1103515625
train/clip_fraction,6144,1786573027.430604,0.15761718153953552
train/clip_fraction,7168,1786573181.600423,0.1328125
train/clip_fraction,8192,1786573325.790951,0.12031249701976776
train/clip_fraction,9216,1786573470.673364,0.08515624701976776
train/clip_fraction,10240,1786573609.638274,0.11093749850988388
train/clip_fraction,11264,1786573771.151806,0.09101562201976776
train/clip_fraction,12288,1786573896.138269,0.10097656399011612
train/clip_fraction,13312,1786574030.869613,0.08710937201976776
train/clip_fraction,14336,1786574198.345161,0.12480469048023224
train/clip_fraction,15360,1786574338.580365,0.09238281100988388
train/clip_fraction,16384,1786574478.253844,0.10000000149011612
train/clip_fraction,17408,1786574638.619788,0.14707031846046448
train/clip_fraction,18432,1786574775.967724,0.10429687798023224
train/clip_fraction,19456,1786574921.165937,0.16523437201976776
train/clip_fraction,20000,1786574987.332060,0.13993056118488312
train/entropy,1024,1786572242.956768,2.8404715061187744
train/entropy,2048,1786572399.868910,2.8407599925994873
train/entropy,3072,1786572554.572852,2.8400814533233643
train/entropy,4096,1786572712.728562,2.8348963260650635
train/entropy,5120,1786572868.556654,2.830885887145996
train/entropy,6144,1786573027.430589,2.8308005332946777
train/entropy,7168,1786573181.600408,2.827939748764038
train/entropy,8192,1786573325.790936,2.8210442066192627
train/entropy,9216,1786573470.673349,2.81809663772583
train/entropy,10240,1786573609.638259,2.817293405532837
train/entropy,11264,1786573771.151791,2.8164687156677246
train/entropy,12288,1786573896.138254,2.817521095275879
train/entropy,13312,1786574030.869597,2.816030979156494
train/entropy,14336,1786574198.345146,2.813530683517456
train/entropy,15360,1786574338.580350,2.8110880851745605
train/entropy,16384,1786574478.253829,2.8072166442871094
train/entropy,17408,1786574638.619773,2.804363489151001
train/entropy,18432,1786574775.967708,2.804147243499756
train/entropy,19456,1786574921.165921,2.8053300380706787
train/entropy,20000,1786574987.332045,2.8068325519561768
train/value_loss,1024,1786572242.956758,33.72975158691406
train/value_loss,2048,1786572399.868900,15.205860137939453
train/value_loss,3072,1786572554.572843,15.226876258850098
train/value_loss,4096,1786572712.728552,8.374829292297363
train/value_loss,5120,1786572868.556644,4.549680709838867
train/value_loss,6144,1786573027.430579,4.6979804039001465
train/value_loss,7168,1786573181.600398,8.185877799987793
train/value_loss,8192,1786573325.790926,12.840316772460938
train/value_loss,9216,1786573470.673339,9.297396659851074
train/value_loss,10240,1786573609.638249,12.202535629272461
train/value_loss,11264,1786573771.151781,16.579004287719727
train/value_loss,12288,1786573896.138244,6.438780784606934
train/value_loss,13312,1786574030.869587,8.810647964477539
train/value_loss,14336,1786574198.345136,4.825714111328125
train/value_loss,15360,1786574338.580340,6.772791385650635
train/value_loss,16384,1786574478.253819,7.628997802734375
train/value_loss,17408,1786574638.619764,5.063443183898926
train/value_loss,18432,1786574775.967698,11.14781379699707
train/value_loss,19456,1786574921.165911,9.793859481811523
train/value_loss,20000,1786574987.332033,10.888147354125977
