tag,step,wall_time,value
train/action_error,1,1786567007.275121,0.5260803699493408
train/action_error,11,1786567007.350582,0.4599657654762268
train/action_error,21,1786567007.437639,0.40721458196640015
train/action_error,31,1786567007.519650,0.4055516719818115
train/action_error,41,1786567007.601845,0.42795753479003906
train/action_error,51,1786567007.684866,0.415263295173645
train/action_error,61,1786567007.774722,0.4285159707069397
train/action_error,71,1786567007.870476,0.4043877124786377
train/action_error,81,1786567007.945530,0.4340458810329437
train/action_error,91,1786567008.035746,0.3841567635536194
train/action_error,101,1786567008.112415,0.42587244510650635
train/action_error,111,1786567008.201250,0.39441120624542236
train/action_error,121,1786567008.273955,0.3801760673522949
train/action_error,131,1786567008.365202,0.30950015783309937
train/action_error,141,1786567008.451871,0.25577569007873535
train/action_error,151,1786567008.540699,0.2709406912326813
train/action_error,161,1786567008.622285,0.23555099964141846
train/action_error,171,1786567008.709489,0.22050981223583221
train/action_error,181,1786567008.784150,0.1947905421257019
train/action_error,191,1786567008.861062,0.23067937791347504
train/action_error,201,1786567008.941059,0.19062107801437378
train/action_error,211,1786567009.023084,0.24412547051906586
train/action_error,221,1786567009.103176,0.18395480513572693
train/action_error,231,1786567009.196710,0.16896763443946838
train/action_error,241,1786567009.282867,0.17727208137512207
train/action_error,251,1786567009.373880,0.16559457778930664
train/action_error,261,1786567009.449963,0.1562741994857788
train/action_error,271,1786567009.536883,0.13788357377052307
train/action_error,281,1786567009.622251,0.11220322549343109
train/action_error,291,1786567009.699189,0.16547861695289612
train/action_error,301,1786567009.770787,0.09479410201311111
train/action_error,311,1786567009.857399,0.16173474490642548
train/action_error,321,1786567009.944387,0.1255338042974472
train/action_error,331,1786567010.031695,0.11185109615325928
train/action_error,341,1786567010.115257,0.11329907178878784
train/action_error,351,1786567010.196555,0.08864890038967133
train/action_error,361,1786567010.295842,0.11523030698299408
train/action_error,371,1786567010.396727,0.11005476117134094
train/action_error,381,1786567010.469998,0.05324011296033859
train/action_error,391,1786567010.554018,0.0848076194524765
train/action_error,401,1786567010.633002,0.0636025220155716
train/action_error,411,1786567010.696200,0.10283549129962921
train/action_error,421,1786567010.784746,0.11092658340930939
train/action_error,431,1786567010.869127,0.08525045216083527
train/action_error,441,1786567010.954595,0.13285422325134277
train/action_error,451,1786567011.029942,0.050913453102111816
train/action_error,461,1786567011.106381,0.0693366676568985
train/action_error,471,1786567011.190312,0.058055128902196884
train/action_error,481,1786567011.269537,0.07665647566318512
train/action_error,491,1786567011.341708,0.051533639430999756
train/action_error,501,1786567011.422945,0.0649474635720253
train/action_error,511,1786567011.505476,0.056612953543663025
train/action_error,521,1786567011.574000,0.033044032752513885
train/action_error,531,1786567011.663815,0.07766105234622955
train/action_error,541,1786567011.739997,0.09516433626413345
train/action_error,551,1786567011.827244,0.07286631315946579
train/action_error,561,1786567011.908278,0.0958392545580864
train/action_error,571,1786567011.999839,0.07216010987758636
train/action_error,581,1786567012.076999,0.06431983411312103
train/action_error,591,1786567012.163779,0.058550961315631866
train/action_error,601,1786567012.240391,0.03853327035903931
train/action_error,611,1786567012.329556,0.09081879258155823
train/action_error,621,1786567012.422937,0.05825914070010185
train/action_error,631,1786567012.494414,0.05311529338359833
train/action_error,641,1786567012.577459,0.07624505460262299
train/action_error,651,1786567012.663841,0.08267635107040405
train/action_error,661,1786567012.744269,0.07351498305797577
train/action_error,671,1786567012.816566,0.0847611054778099
train/action_error,681,1786567012.903937,0.08744879812002182
train/action_error,691,1786567012.979873,0.05497848242521286
train/action_error,701,1786567013.051302,0.06362592428922653
train/action_error,711,1786567013.137572,0.05155831202864647
train/action_error,721,1786567013.220807,0.04664808139204979
train/action_error,731,1786567013.324692,0.0690368041396141
train/action_error,741,1786567013.419564,0.05327118933200836
train/action_error,751,1786567013.496790,0.05548729747533798
train/action_error,761,1786567013.585019,0.06685030460357666
train/action_error,771,1786567013.670725,0.07688833773136139
train/action_error,781,1786567013.743752,0.09251172095537186
train/action_error,791,1786567013.829527,0.0478949099779129
train/action_error,801,1786567013.910354,0.060108695179224014
train/action_error,811,1786567013.980796,0.08136563748121262
train/action_error,821,1786567014.053407,0.06679776310920715
train/action_error,831,1786567014.134944,0.06002512201666832
train/action_error,841,1786567014.219957,0.04142787307500839
train/action_error,851,1786567014.294030,0.057338982820510864
train/action_error,861,1786567014.357092,0.05790147930383682
train/action_error,871,1786567014.433229,0.03169790282845497
train/action_error,881,1786567014.520345,0.03546888381242752
train/action_error,891,1786567014.607780,0.047800034284591675
train/action_error,901,1786567014.683905,0.04875627160072327
train/action_error,911,1786567014.762012,0.04762762784957886
train/action_error,921,1786567014.855901,0.07362300157546997
train/action_error,931,1786567014.934205,0.10961239784955978
train/action_error,941,1786567015.017892,0.1228666678071022
train/action_error,951,1786567015.090715,0.06742784380912781
train/action_error,961,1786567015.177865,0.044321782886981964
train/action_error,971,1786567015.262914,0.03589687496423721
train/action_error,981,1786567015.343864,0.043778061866760254
train/action_error,991,1786567015.417424,0.04753681272268295
train/action_error,1001,1786567015.832291,0.04883125424385071
train/action_error,1011,1786567016.321109,0.1360195428133011
train/action_error,1021,1786567016.425692,0.05598609149456024
train/action_error,1031,1786567016.521393,0.04211864620447159
train/action_error,1041,1786567016.613115,0.08776512742042542
train/action_error,1051,1786567016.692957,0.0502130463719368
train/action_error,1061,1786567016.784097,0.06495825946331024
train/action_error,1071,1786567016.866228,0.0664341002702713
train/action_error,1081,1786567016.953544,0.049013715237379074
train/action_error,1091,1786567017.039698,0.04353725165128708
train/action_error,1101,1786567017.123884,0.034131839871406555
train/action_error,1112,1786567017.212816,0.03636644408106804
train/action_error,1122,1786567017.295123,0.03593387454748154
train/action_error,1132,1786567017.373253,0.045532919466495514
train/action_error,1142,1786567017.458722,0.0420820377767086
train/action_error,1152,1786567017.541909,0.09533369541168213
train/action_error,1162,1786567017.634526,0.03603582829236984
train/action_error,1172,1786567017.716754,0.07805102318525314
train/action_error,1182,1786567017.798903,0.05648668110370636
train/action_error,1192,1786567017.875371,0.06923489272594452
train/action_error,1202,1786567017.957806,0.055041149258613586
train/action_error,1212,1786567018.044449,0.0281280018389225
train/action_error,1222,1786567018.122821,0.03452594578266144
train/action_error,1232,1786567018.214942,0.08112874627113342
train/action_error,1242,1786567018.296051,0.027641966938972473
train/action_error,1252,1786567018.386640,0.04962761700153351
train/action_error,1262,1786567018.467268,0.052917949855327606
train/action_error,1272,1786567018.553222,0.02748294547200203
train/action_error,1282,1786567018.629909,0.03294860199093819
train/action_error,1292,1786567018.714713,0.04038367047905922
train/action_error,1302,1786567018.790803,0.07176170498132706
train/action_error,1312,1786567018.867755,0.0351506769657135
train/action_error,1322,1786567018.952591,0.05795275792479515
train/action_error,1332,1786567019.029643,0.03807222843170166
train/action_error,1342,1786567019.097423,0.06475047767162323
train/action_error,1352,1786567019.158988,0.027000397443771362
train/action_error,1362,1786567019.251992,0.041030578315258026
train/action_error,1372,1786567019.334274,0.04499899595975876
train/action_error,1382,1786567019.423132,0.046029407531023026
train/action_error,1392,1786567019.492920,0.0238882414996624
train/action_error,1402,1786567019.570697,0.05183795094490051
train/action_error,1412,1786567019.645813,0.042269494384527206
train/action_error,1422,1786567019.711745,0.03726436197757721
train/action_error,1432,1786567019.773217,0.07036302238702774
train/action_error,1442,1786567019.850048,0.05794205516576767
train/action_error,1452,1786567019.938052,0.023338038474321365
train/action_error,1462,1786567020.016333,0.030659839510917664
train/action_error,1472,1786567020.102879,0.05944783613085747
train/action_error,1482,1786567020.183288,0.04289098456501961
train/action_error,1492,1786567020.273879,0.05617320537567139
train/action_error,1502,1786567020.365680,0.08038924634456635
train/action_error,1512,1786567020.444716,0.06170911714434624
train/action_error,1522,1786567020.532785,0.025070294737815857
train/action_error,1532,1786567020.613554,0.040701478719711304
train/action_error,1542,1786567020.683905,0.060226939618587494
train/action_error,1552,1786567020.771738,0.04937867820262909
train/action_error,1562,1786567020.865219,0.03211696445941925
train/action_error,1572,1786567020.932799,0.04418616741895676
train/action_error,1582,1786567021.011084,0.05171683803200722
train/action_error,1592,1786567021.095812,0.05777288228273392
train/action_error,1602,1786567021.168692,0.053176313638687134
train/action_error,1612,1786567021.257740,0.03860826417803764
train/action_error,1622,1786567021.338875,0.0523628294467926
train/action_error,1632,1786567021.424361,0.04776995629072189
train/action_error,1642,1786567021.520350,0.03883875161409378
train/action_error,1652,1786567021.597873,0.07016600668430328
train/action_error,1662,1786567021.673612,0.04089617729187012
train/action_error,1672,1786567021.748960,0.06330674886703491
train/action_error,1682,1786567021.824671,0.06536394357681274
train/action_error,1692,1786567021.905212,0.03831334412097931
train/action_error,1702,1786567021.979469,0.057120416313409805
train/action_error,1712,1786567022.072082,0.03172639012336731
train/action_error,1722,1786567022.151196,0.034661803394556046
train/action_error,1732,1786567022.232662,0.0363781675696373
train/action_error,1742,1786567022.329457,0.07195970416069031
train/action_error,1752,1786567022.409536,0.037866558879613876
train/action_error,1762,1786567022.481425,0.04025585204362869
train/action_error,1772,1786567022.568525,0.04203374311327934
train/action_error,1782,1786567022.635161,0.07708896696567535
train/action_error,1792,1786567022.714756,0.051658350974321365
train/action_error,1802,1786567022.799276,0.0212726891040802
train/action_error,1812,1786567022.879808,0.0643283948302269
train/action_error,1822,1786567022.952333,0.023732095956802368
train/action_error,1832,1786567023.023307,0.07196764647960663
train/action_error,1842,1786567023.118814,0.02365521341562271
train/action_error,1852,1786567023.197495,0.04890420660376549
train/action_error,1862,1786567023.285675,0.04192990064620972
train/action_error,1872,1786567023.359447,0.052900224924087524
train/action_error,1882,1786567023.454036,0.040271125733852386
train/action_error,1892,1786567023.554895,0.03131871670484543
train/action_error,1902,1786567023.626908,0.05496581271290779
train/action_error,1912,1786567023.727128,0.05966196954250336
train/action_error,1922,1786567023.801940,0.048475030809640884
train/action_error,1932,1786567023.896740,0.05452558398246765
train/action_error,1942,1786567023.972832,0.02288501337170601
train/action_error,1952,1786567024.059229,0.0490984208881855
train/action_error,1962,1786567024.129160,0.02359665371477604
train/action_error,1972,1786567024.214816,0.02192244678735733
train/action_error,1982,1786567024.308844,0.09003355354070663
train/action_error,1992,1786567024.406674,0.05267632007598877
train/action_error,2002,1786567024.547905,0.033147480338811874
train/action_error,2012,1786567024.611355,0.031536493450403214
train/action_error,2022,1786567024.694188,0.05156458914279938
train/action_error,2032,1786567024.777951,0.04214063286781311
train/action_error,2042,1786567024.858755,0.02248985879123211
train/action_error,2052,1786567024.948109,0.04637688398361206
train/action_error,2062,1786567025.022345,0.03951960429549217
train/action_error,2072,1786567025.100123,0.04327817261219025
train/action_error,2082,1786567025.177608,0.03789670020341873
train/action_error,2092,1786567025.262326,0.037939682602882385
train/action_error,2102,1786567025.328175,0.03842315077781677
train/action_error,2112,1786567025.393214,0.016930541023612022
train/action_error,2122,1786567025.480531,0.05345284938812256
train/action_error,2132,1786567025.556091,0.03861106187105179
train/action_error,2142,1786567025.646043,0.0464421883225441
train/action_error,2152,1786567025.726104,0.037518005818128586
train/action_error,2162,1786567025.811665,0.052722230553627014
train/action_error,2172,1786567025.891170,0.0275365449488163
train/action_error,2182,1786567025.980257,0.016369059681892395
train/action_error,2192,1786567026.065660,0.04733286425471306
train/action_error,2202,1786567026.157179,0.03797755762934685
train/action_error,2212,1786567026.248628,0.031048467382788658
train/action_error,2223,1786567026.335231,0.036218684166669846
train/action_error,2233,1786567026.410818,0.037199415266513824
train/action_error,2243,1786567026.505980,0.02436770871281624
train/action_error,2253,1786567026.576952,0.05356364697217941
train/action_error,2263,1786567026.656793,0.017298512160778046
train/action_error,2273,1786567026.742217,0.03898392617702484
train/action_error,2283,1786567026.811689,0.04618971049785614
train/action_error,2293,1786567026.901247,0.11133384704589844
train/action_error,2303,1786567026.986922,0.019887743517756462
train/action_error,2313,1786567027.063751,0.05439875274896622
train/action_error,2323,1786567027.150518,0.025473199784755707
train/action_error,2333,1786567027.241570,0.03073802962899208
train/action_error,2343,1786567027.311861,0.03596785292029381
train/action_error,2353,1786567027.402561,0.027811415493488312
train/action_error,2363,1786567027.480284,0.05520980805158615
train/action_error,2373,1786567027.567379,0.05580514296889305
train/action_error,2383,1786567027.651415,0.04915211349725723
train/action_error,2393,1786567027.739062,0.02941286563873291
train/action_error,2403,1786567027.839348,0.02847471460700035
train/action_error,2413,1786567027.928795,0.04276631772518158
train/action_error,2423,1786567028.013327,0.046911921352148056
train/action_error,2433,1786567028.105784,0.026809249073266983
train/action_error,2443,1786567028.176997,0.027481840923428535
train/action_error,2453,1786567028.270707,0.08682262897491455
train/action_error,2463,1786567028.352639,0.05110010877251625
train/action_error,2473,1786567028.450474,0.03386998176574707
train/action_error,2483,1786567028.531162,0.043936587870121
train/action_error,2493,1786567028.627246,0.06871651858091354
train/action_error,2503,1786567028.721229,0.04468611627817154
train/action_error,2513,1786567028.801727,0.05813227966427803
train/action_error,2523,1786567028.889299,0.034539490938186646
train/action_error,2533,1786567028.970802,0.04654162377119064
train/action_error,2543,1786567029.064121,0.036409664899110794
train/action_error,2553,1786567029.161234,0.029136113822460175
train/action_error,2563,1786567029.245375,0.07071488350629807
train/action_error,2573,1786567029.326500,0.02835511788725853
train/action_error,2583,1786567029.402873,0.055114924907684326
train/action_error,2593,1786567029.470124,0.0417189821600914
train/action_error,2603,1786567029.550849,0.06744278967380524
train/action_error,2613,1786567029.649355,0.038862984627485275
train/action_error,2623,1786567029.730112,0.035582542419433594
train/action_error,2633,1786567029.820093,0.02440866455435753
train/action_error,2643,1786567029.900318,0.06093772500753403
train/action_error,2653,1786567029.986501,0.0299015324562788
train/action_error,2663,1786567030.070885,0.030600816011428833
train/action_error,2673,1786567030.166822,0.058616720139980316
train/action_error,2683,1786567030.245760,0.03639101982116699
train/action_error,2693,1786567030.333036,0.06827080249786377
train/action_error,2703,1786567030.431861,0.023373275995254517
train/action_error,2713,1786567030.512646,0.06390582025051117
train/action_error,2723,1786567030.603068,0.05014166235923767
train/action_error,2733,1786567030.685585,0.03406374901533127
train/action_error,2743,1786567030.777966,0.03554148226976395
train/action_error,2753,1786567030.860960,0.07957448065280914
train/action_error,2763,1786567030.966170,0.05206190422177315
train/action_error,2773,1786567031.059201,0.05261317268013954
train/action_error,2783,1786567031.152391,0.040694206953048706
train/action_error,2793,1786567031.242725,0.07361969351768494
train/action_error,2803,1786567031.332839,0.04445607587695122
train/action_error,2813,1786567031.428745,0.029651165008544922
train/action_error,2823,1786567031.516372,0.055282607674598694
train/action_error,2833,1786567031.613720,0.033875830471515656
train/action_error,2843,1786567031.696471,0.051710110157728195
train/action_error,2853,1786567031.780110,0.04119463264942169
train/action_error,2863,1786567031.856889,0.04003068432211876
train/action_error,2873,1786567031.924150,0.037438083440065384
train/action_error,2883,1786567032.015787,0.042165279388427734
train/action_error,2893,1786567032.082538,0.03967435657978058
train/action_error,2903,1786567032.169637,0.05083288252353668
train/action_error,2913,1786567032.253103,0.03922564536333084
train/action_error,2923,1786567032.331549,0.022326737642288208
train/action_error,2933,1786567032.426806,0.050814490765333176
train/action_error,2943,1786567032.500060,0.03650413453578949
train/action_error,2953,1786567032.579997,0.059095002710819244
train/action_error,2963,1786567032.667705,0.06439345329999924
train/action_error,2973,1786567032.748858,0.016319718211889267
train/action_error,2983,1786567032.827568,0.03083859384059906
train/action_error,2993,1786567032.920269,0.028466004878282547
train/action_error,3003,1786567033.007556,0.04361846670508385
train/action_error,3013,1786567033.089304,0.02450636588037014
train/action_error,3023,1786567033.203191,0.036097146570682526
train/action_error,3033,1786567033.289745,0.04254846274852753
train/action_error,3043,1786567033.381067,0.038491759449243546
train/action_error,3053,1786567033.465184,0.02345365472137928
train/action_error,3063,1786567033.545809,0.04275248199701309
train/action_error,3073,1786567033.617046,0.05424080416560173
train/action_error,3083,1786567033.705503,0.01966913603246212
train/action_error,3093,1786567033.792178,0.030844319611787796
train/action_error,3103,1786567033.880383,0.02162296697497368
train/action_error,3113,1786567033.969288,0.0578664131462574
train/action_error,3123,1786567034.056076,0.03738667815923691
train/action_error,3133,1786567034.136156,0.02156389132142067
train/action_error,3143,1786567034.229377,0.018832337111234665
train/action_error,3153,1786567034.309798,0.01670965924859047
train/action_error,3163,1786567034.400140,0.04898526892066002
train/action_error,3173,1786567034.482484,0.029867112636566162
train/action_error,3183,1786567034.562031,0.022767700254917145
train/action_error,3193,1786567034.647403,0.027382344007492065
train/action_error,3203,1786567034.743068,0.027043528854846954
train/action_error,3213,1786567034.840010,0.02028694376349449
train/action_error,3223,1786567034.936469,0.06355378031730652
train/action_error,3233,1786567035.022125,0.03601217269897461
train/action_error,3243,1786567035.105247,0.04153303802013397
train/action_error,3253,1786567035.187737,0.037167247384786606
train/action_error,3263,1786567035.276135,0.03518611937761307
train/action_error,3273,1786567035.364968,0.028413325548171997
train/action_error,3283,1786567035.448212,0.06403065472841263
train/action_error,3293,1786567035.541652,0.03460785001516342
train/action_error,3303,1786567035.632540,0.031003549695014954
train/action_error,3313,1786567035.719239,0.061083417385816574
train/action_error,3323,1786567035.819816,0.018911970779299736
train/action_error,3334,1786567035.920421,0.02810141071677208
train/action_error,3344,1786567035.997484,0.045424170792102814
train/action_error,3354,1786567036.074200,0.028169307857751846
train/action_error,3364,1786567036.162924,0.03161628544330597
train/action_error,3374,1786567036.251515,0.05056781321763992
train/action_error,3384,1786567036.329337,0.06492883712053299
train/action_error,3394,1786567036.422086,0.040546901524066925
train/action_error,3404,1786567036.503343,0.05507352575659752
train/action_error,3414,1786567036.600670,0.04097580537199974
train/action_error,3424,1786567036.686980,0.027623169124126434
train/action_error,3434,1786567036.769225,0.04790368303656578
train/action_error,3444,1786567036.864260,0.045053742825984955
train/action_error,3454,1786567036.940616,0.051277779042720795
train/action_error,3464,1786567037.016349,0.03745775297284126
train/action_error,3474,1786567037.095285,0.04159294068813324
train/action_error,3484,1786567037.185560,0.06203634664416313
train/action_error,3494,1786567037.268250,0.039802104234695435
train/action_error,3504,1786567037.365215,0.026439839974045753
train/action_error,3514,1786567037.452592,0.025295697152614594
train/action_error,3524,1786567037.538403,0.0489073246717453
train/action_error,3534,1786567037.626214,0.01580297015607357
train/action_error,3544,1786567037.716782,0.031914349645376205
train/action_error,3554,1786567037.800256,0.05280698090791702
train/action_error,3564,1786567037.876725,0.024518445134162903
train/action_error,3574,1786567037.946591,0.06783562898635864
train/action_error,3584,1786567038.020174,0.0593276172876358
train/action_error,3594,1786567038.092180,0.027992242947220802
train/action_error,3604,1786567038.159361,0.047509439289569855
train/action_error,3614,1786567038.244711,0.026732176542282104
train/action_error,3624,1786567038.326174,0.03109438344836235
train/action_error,3634,1786567038.409835,0.0435638353228569
train/action_error,3644,1786567038.496320,0.04187328740954399
train/action_error,3654,1786567038.559704,0.06482772529125214
train/action_error,3664,1786567038.638961,0.03326099365949631
train/action_error,3674,1786567038.739791,0.02770601026713848
train/action_error,3684,1786567038.830796,0.02293885499238968
train/action_error,3694,1786567038.909520,0.031112171709537506
train/action_error,3704,1786567039.005012,0.03153052553534508
train/action_error,3714,1786567039.086802,0.02921873703598976
train/action_error,3724,1786567039.184135,0.03280283138155937
train/action_error,3734,1786567039.263813,0.030996549874544144
train/action_error,3744,1786567039.346463,0.0310891792178154
train/action_error,3754,1786567039.412509,0.015853241086006165
train/action_error,3764,1786567039.478271,0.026412779465317726
train/action_error,3774,1786567039.572477,0.022685786709189415
train/action_error,3784,1786567039.652467,0.05454929172992706
train/action_error,3794,1786567039.741349,0.03527938574552536
train/action_error,3804,1786567039.825434,0.046833157539367676
train/action_error,3814,1786567039.899787,0.03833580017089844
train/action_error,3824,1786567039.978821,0.03524812310934067
train/action_error,3834,1786567040.077789,0.04557245969772339
train/action_error,3844,1786567040.150302,0.03479212522506714
train/action_error,3854,1786567040.213252,0.02813032455742359
train/action_error,3864,1786567040.289797,0.06064917519688606
train/action_error,3874,1786567040.389094,0.02078481763601303
train/action_error,3884,1786567040.512224,0.024385469034314156
train/action_error,3894,1786567040.599339,0.02932119369506836
train/action_error,3904,1786567040.679031,0.05817515403032303
train/action_error,3914,1786567040.766818,0.037456199526786804
train/action_error,3924,1786567040.864884,0.030533092096447945
train/action_error,3934,1786567040.955053,0.05096980184316635
train/action_error,3944,1786567041.038020,0.047565020620822906
train/action_error,3954,1786567041.120204,0.045537158846855164
train/action_error,3964,1786567041.217513,0.04746263101696968
train/action_error,3974,1786567041.296090,0.04834555462002754
train/action_error,3984,1786567041.379347,0.05501851066946983
train/action_error,3994,1786567041.464645,0.04816704988479614
train/action_error,4004,1786567041.613156,0.03803780674934387
train/action_error,4014,1786567041.690300,0.04234713315963745
train/action_error,4024,1786567041.773027,0.023118235170841217
train/action_error,4034,1786567041.862733,0.01681087538599968
train/action_error,4044,1786567041.937627,0.03758511692285538
train/action_error,4054,1786567042.028389,0.02077055536210537
train/action_error,4064,1786567042.108377,0.03091505542397499
train/action_error,4074,1786567042.197004,0.030478790402412415
train/action_error,4084,1786567042.278755,0.02256380207836628
train/action_error,4094,1786567042.363765,0.042639873921871185
train/action_error,4104,1786567042.441195,0.03332192450761795
train/action_error,4114,1786567042.538270,0.06385110318660736
train/action_error,4124,1786567042.617040,0.0497286319732666
train/action_error,4134,1786567042.710651,0.01746547408401966
train/action_error,4144,1786567042.796462,0.03906223550438881
train/action_error,4154,1786567042.885498,0.049360789358615875
train/action_error,4164,1786567042.979520,0.0655767023563385
train/action_error,4174,1786567043.072327,0.022093459963798523
train/action_error,4184,1786567043.137231,0.037392757833004
train/action_error,4194,1786567043.217988,0.04842584207653999
train/action_error,4204,1786567043.295130,0.0402732715010643
train/action_error,4214,1786567043.378679,0.03513722121715546
train/action_error,4224,1786567043.470959,0.04923790320754051
train/action_error,4234,1786567043.557466,0.027230191975831985
train/action_error,4244,1786567043.651892,0.04007449001073837
train/action_error,4254,1786567043.747222,0.05809817463159561
train/action_error,4264,1786567043.823999,0.051290057599544525
train/action_error,4274,1786567043.907084,0.02487325295805931
train/action_error,4284,1786567043.979910,0.03897006809711456
train/action_error,4294,1786567044.072038,0.026600372046232224
train/action_error,4304,1786567044.161947,0.01642373949289322
train/action_error,4314,1786567044.231097,0.02344645746052265
train/action_error,4324,1786567044.309044,0.04812460392713547
train/action_error,4334,1786567044.393960,0.05943216010928154
train/action_error,4344,1786567044.490075,0.02176169492304325
train/action_error,4354,1786567044.591897,0.04855155944824219
train/action_error,4364,1786567044.677739,0.029662951827049255
train/action_error,4374,1786567044.754232,0.020649045705795288
train/action_error,4384,1786567044.839826,0.03742115572094917
train/action_error,4394,1786567044.915893,0.024045133963227272
train/action_error,4404,1786567045.001057,0.020109837874770164
train/action_error,4414,1786567045.078374,0.035645272582769394
train/action_error,4424,1786567045.172038,0.028116291388869286
train/action_error,4434,1786567045.263021,0.011920789256691933
train/action_error,4445,1786567045.350400,0.03040023148059845
train/action_error,4455,1786567045.432489,0.016088487580418587
train/action_error,4465,1786567045.506022,0.033080898225307465
train/action_error,4475,1786567045.582444,0.01768217608332634
train/action_error,4485,1786567045.673848,0.03384462743997574
train/action_error,4495,1786567045.776648,0.019623223692178726
train/action_error,4505,1786567045.862964,0.030616281554102898
train/action_error,4515,1786567045.947376,0.06890278309583664
train/action_error,4525,1786567046.023713,0.022566720843315125
train/action_error,4535,1786567046.116488,0.04681210219860077
train/action_error,4545,1786567046.192824,0.0304259005934
train/action_error,4555,1786567046.284586,0.01759464293718338
train/action_error,4565,1786567046.370237,0.046204447746276855
train/action_error,4575,1786567046.462174,0.050377845764160156
train/action_error,4585,1786567046.547353,0.03719620406627655
train/action_error,4595,1786567046.646782,0.030664222314953804
train/action_error,4605,1786567046.734793,0.038315653800964355
train/action_error,4615,1786567046.823291,0.052131518721580505
train/action_error,4625,1786567046.915877,0.04931629076600075
train/action_error,4635,1786567046.997913,0.0215644259005785
train/action_error,4645,1786567047.071736,0.015127216465771198
train/action_error,4655,1786567047.139646,0.012293128296732903
train/action_error,4665,1786567047.245118,0.033447541296482086
train/action_error,4675,1786567047.337299,0.03537248075008392
train/action_error,4685,1786567047.434778,0.020421814173460007
train/action_error,4695,1786567047.524422,0.022072680294513702
train/action_error,4705,1786567047.599190,0.0309416726231575
train/action_error,4715,1786567047.683575,0.020835446193814278
train/action_error,4725,1786567047.763179,0.03211208060383797
train/action_error,4735,1786567047.843403,0.0344831719994545
train/action_error,4745,1786567047.936563,0.03241794556379318
train/action_error,4755,1786567048.021969,0.021239344030618668
train/action_error,4765,1786567048.112308,0.03548647090792656
train/action_error,4775,1786567048.180442,0.01704467087984085
train/action_error,4785,1786567048.250567,0.019216010347008705
train/action_error,4795,1786567048.329633,0.0327853187918663
train/action_error,4805,1786567048.417396,0.04022300988435745
train/action_error,4815,1786567048.489811,0.0452798455953598
train/action_error,4825,1786567048.566834,0.017940077930688858
train/action_error,4835,1786567048.646939,0.029525909572839737
train/action_error,4845,1786567048.721729,0.035063281655311584
train/action_error,4855,1786567048.809536,0.06830090284347534
train/action_error,4865,1786567048.899662,0.01821020618081093
train/action_error,4875,1786567048.977869,0.013869460672140121
train/action_error,4885,1786567049.053054,0.03256269544363022
train/action_error,4895,1786567049.148416,0.04700931906700134
train/action_error,4905,1786567049.228455,0.03588163107633591
train/action_error,4915,1786567049.306063,0.03205455467104912
train/action_error,4925,1786567049.384904,0.026276595890522003
train/action_error,4935,1786567049.457651,0.04842682555317879
train/action_error,4945,1786567049.532272,0.07214819639921188
train/action_error,4955,1786567049.609792,0.021362297236919403
train/action_error,4965,1786567049.668590,0.026877019554376602
train/action_error,4975,1786567049.762285,0.06252383440732956
train/action_error,4985,1786567049.854250,0.04034532979130745
train/action_error,4995,1786567049.944337,0.0206297654658556
train/action_error,5005,1786567050.026852,0.028253959491848946
train/action_error,5015,1786567050.108848,0.01617453247308731
train/action_error,5025,1786567050.183922,0.046727344393730164
train/action_error,5035,1786567050.258887,0.04014819860458374
train/action_error,5045,1786567050.317434,0.06353539228439331
train/action_error,5055,1786567050.379133,0.053753044456243515
train/action_error,5065,1786567050.439635,0.03517468646168709
train/action_error,5075,1786567050.503033,0.026506081223487854
train/action_error,5085,1786567050.580686,0.02147698774933815
train/action_error,5095,1786567050.673368,0.027919558808207512
train/action_error,5105,1786567050.760449,0.04102732986211777
train/action_error,5115,1786567050.828898,0.034320347011089325
train/action_error,5125,1786567050.925277,0.022324375808238983
train/action_error,5135,1786567051.015968,0.03146008402109146
train/action_error,5145,1786567051.099680,0.03151560202240944
train/action_error,5155,1786567051.175288,0.021609105169773102
train/action_error,5165,1786567051.244987,0.060929328203201294
train/action_error,5175,1786567051.309188,0.03655282407999039
train/action_error,5185,1786567051.405199,0.029069818556308746
train/action_error,5195,1786567051.485061,0.034673117101192474
train/action_error,5205,1786567051.564602,0.030166953802108765
train/action_error,5215,1786567051.653663,0.034865736961364746
train/action_error,5225,1786567051.736382,0.03320515900850296
train/action_error,5235,1786567051.815204,0.05723695456981659
train/action_error,5245,1786567051.884206,0.04214584082365036
train/action_error,5255,1786567051.971080,0.04031031206250191
train/action_error,5265,1786567052.050134,0.02416330575942993
train/action_error,5275,1786567052.127468,0.020348098129034042
train/action_error,5285,1786567052.206739,0.023872239515185356
train/action_error,5295,1786567052.283460,0.027269795536994934
train/action_error,5305,1786567052.367387,0.04252604395151138
train/action_error,5315,1786567052.458005,0.03424309194087982
train/action_error,5325,1786567052.549461,0.046442773193120956
train/action_error,5335,1786567052.639122,0.04054912179708481
train/action_error,5345,1786567052.729707,0.03261975198984146
train/action_error,5355,1786567052.816410,0.028647376224398613
train/action_error,5365,1786567052.912760,0.06437864899635315
train/action_error,5375,1786567052.996062,0.028090480715036392
train/action_error,5385,1786567053.085141,0.047132328152656555
train/action_error,5395,1786567053.172281,0.04618193581700325
train/action_error,5405,1786567053.264992,0.030481964349746704
train/action_error,5415,1786567053.352098,0.04485060274600983
train/action_error,5425,1786567053.455034,0.033543661236763
train/action_error,5435,1786567053.570041,0.01802678406238556
train/action_error,5445,1786567053.665285,0.04461439698934555
train/action_error,5455,1786567053.759055,0.07754896581172943
train/action_error,5465,1786567053.833484,0.04070259630680084
train/action_error,5475,1786567053.924551,0.05920261889696121
train/action_error,5485,1786567054.001636,0.04193878918886185
train/action_error,5495,1786567054.089163,0.05542447417974472
train/action_error,5505,1786567054.175519,0.05003926157951355
train/action_error,5515,1786567054.265285,0.02022164687514305
train/action_error,5525,1786567054.355350,0.04650527983903885
train/action_error,5535,1786567054.442644,0.01708373799920082
train/action_error,5545,1786567054.523621,0.04705828055739403
train/action_error,5556,1786567054.606308,0.04288468882441521
train/action_error,5566,1786567054.689562,0.022601429373025894
train/action_error,5576,1786567054.773785,0.021906500682234764
train/action_error,5586,1786567054.857865,0.027903802692890167
train/action_error,5596,1786567054.938590,0.07729509472846985
train/action_error,5606,1786567055.005361,0.0390905886888504
train/action_error,5616,1786567055.080743,0.024911779910326004
train/action_error,5626,1786567055.165536,0.03538507968187332
train/action_error,5636,1786567055.252255,0.06363168358802795
train/action_error,5646,1786567055.317936,0.03671495243906975
train/action_error,5656,1786567055.387733,0.04555938392877579
train/action_error,5666,1786567055.449370,0.02600686065852642
train/action_error,5676,1786567055.514743,0.02885805442929268
train/action_error,5686,1786567055.605758,0.01617521420121193
train/action_error,5696,1786567055.695387,0.02580595389008522
train/action_error,5706,1786567055.784082,0.047193143516778946
train/action_error,5716,1786567055.867005,0.029667114838957787
train/action_error,5726,1786567055.951940,0.03625316172838211
train/action_error,5736,1786567056.021464,0.031122449785470963
train/action_error,5746,1786567056.110868,0.04030998796224594
train/action_error,5756,1786567056.201164,0.04887855052947998
train/action_error,5766,1786567056.286769,0.020507872104644775
train/action_error,5776,1786567056.381387,0.04543663188815117
train/action_error,5786,1786567056.465963,0.013411976397037506
train/action_error,5796,1786567056.550453,0.03058486245572567
train/action_error,5806,1786567056.625867,0.04649835452437401
train/action_error,5816,1786567056.713259,0.057954300194978714
train/action_error,5826,1786567056.803785,0.03903486579656601
train/action_error,5836,1786567056.893405,0.01809259131550789
train/action_error,5846,1786567056.968986,0.028069304302334785
train/action_error,5856,1786567057.049130,0.020320288836956024
train/action_error,5866,1786567057.134261,0.029115207493305206
train/action_error,5876,1786567057.222708,0.019286707043647766
train/action_error,5886,1786567057.309294,0.037252601236104965
train/action_error,5896,1786567057.379105,0.016169283539056778
train/action_error,5906,1786567057.462491,0.01334445457905531
train/action_error,5916,1786567057.546783,0.029671888798475266
train/action_error,5926,1786567057.627425,0.056941334158182144
train/action_error,5936,1786567057.723390,0.03730432689189911
train/action_error,5946,1786567057.793205,0.02499348670244217
train/action_error,5956,1786567057.877954,0.05216715484857559
train/action_error,5966,1786567057.958697,0.029285432770848274
train/action_error,5976,1786567058.047023,0.05241004377603531
train/action_error,5986,1786567058.141960,0.0375535786151886
train/action_error,5996,1786567058.218973,0.03372080624103546
train/action_error,6006,1786567058.378503,0.01895914226770401
train/action_error,6016,1786567058.455828,0.05674133449792862
train/action_error,6026,1786567058.544462,0.03230199217796326
train/action_error,6036,1786567058.635082,0.03453383594751358
train/action_error,6046,1786567058.715297,0.04077819734811783
train/action_error,6056,1786567058.803199,0.022196922451257706
train/action_error,6066,1786567058.901577,0.021451886743307114
train/action_error,6076,1786567058.996813,0.017031295225024223
train/action_error,6086,1786567059.086507,0.023494429886341095
train/action_error,6096,1786567059.168157,0.0360732227563858
train/action_error,6106,1786567059.257019,0.023408425971865654
train/action_error,6116,1786567059.328245,0.02348173037171364
train/action_error,6126,1786567059.421342,0.026700064539909363
train/action_error,6136,1786567059.497298,0.021299537271261215
train/action_error,6146,1786567059.592108,0.02018864080309868
train/action_error,6156,1786567059.664757,0.04949059337377548
train/action_error,6166,1786567059.752872,0.017642244696617126
train/action_error,6176,1786567059.845129,0.02113351970911026
train/action_error,6186,1786567059.915549,0.018983909860253334
train/action_error,6196,1786567059.990730,0.018207602202892303
train/action_error,6206,1786567060.065861,0.041602738201618195
train/action_error,6216,1786567060.125827,0.024112578481435776
train/action_error,6226,1786567060.190682,0.022994104772806168
train/action_error,6236,1786567060.271137,0.030718263238668442
train/action_error,6246,1786567060.349154,0.056922972202301025
train/action_error,6256,1786567060.424590,0.03685596212744713
train/action_error,6266,1786567060.515354,0.023916658014059067
train/action_error,6276,1786567060.600170,0.022315524518489838
train/action_error,6286,1786567060.686956,0.03190775215625763
train/action_error,6296,1786567060.776747,0.03682371973991394
train/action_error,6306,1786567060.866748,0.02097979560494423
train/action_error,6316,1786567060.941775,0.014228519052267075
train/action_error,6326,1786567061.009989,0.02630608156323433
train/action_error,6336,1786567061.089052,0.04021124914288521
train/action_error,6346,1786567061.173158,0.029203206300735474
train/action_error,6356,1786567061.257959,0.015994874760508537
train/action_error,6366,1786567061.346594,0.03496568650007248
train/action_error,6376,1786567061.440100,0.04066108912229538
train/action_error,6386,1786567061.507141,0.04870843514800072
train/action_error,6396,1786567061.584016,0.0561310239136219
train/action_error,6406,1786567061.677560,0.05548786371946335
train/action_error,6416,1786567061.762571,0.031024055555462837
train/action_error,6426,1786567061.855050,0.04014722630381584
train/action_error,6436,1786567061.938953,0.03859877213835716
train/action_error,6446,1786567062.002622,0.037952810525894165
train/action_error,6456,1786567062.075217,0.017599105834960938
train/action_error,6466,1786567062.170409,0.02302674576640129
train/action_error,6476,1786567062.254906,0.039715029299259186
train/action_error,6486,1786567062.329252,0.053199607878923416
train/action_error,6496,1786567062.410197,0.028750227764248848
train/action_error,6506,1786567062.490941,0.02008187212049961
train/action_error,6516,1786567062.576897,0.021527351811528206
train/action_error,6526,1786567062.650568,0.025085192173719406
train/action_error,6536,1786567062.732870,0.03270140290260315
train/action_error,6546,1786567062.836326,0.037456903606653214
train/action_error,6556,1786567062.917842,0.024401027709245682
train/action_error,6566,1786567062.994925,0.025029756128787994
train/action_error,6576,1786567063.086189,0.04524712264537811
train/action_error,6586,1786567063.168510,0.06985500454902649
train/action_error,6596,1786567063.237958,0.03124811500310898
train/action_error,6606,1786567063.306673,0.021591171622276306
train/action_error,6616,1786567063.389653,0.03388657793402672
train/action_error,6626,1786567063.489962,0.022887738421559334
train/action_error,6636,1786567063.575897,0.014946739189326763
train/action_error,6646,1786567063.667995,0.02030029334127903
train/action_error,6656,1786567063.759934,0.042111076414585114
train/action_error,6667,1786567063.841843,0.03390191122889519
train/action_error,6677,1786567063.928665,0.02247489057481289
train/action_error,6687,1786567064.012224,0.03456907346844673
train/action_error,6697,1786567064.096059,0.037562593817710876
train/action_error,6707,1786567064.187283,0.03213665261864662
train/action_error,6717,1786567064.281579,0.018606510013341904
train/action_error,6727,1786567064.365491,0.016241222620010376
train/action_error,6737,1786567064.468256,0.045799195766448975
train/action_error,6747,1786567064.561772,0.01852571591734886
train/action_error,6757,1786567064.644554,0.027295537292957306
train/action_error,6767,1786567064.735648,0.015950821340084076
train/action_error,6777,1786567064.816467,0.02121453359723091
train/action_error,6787,1786567064.898249,0.052578553557395935
train/action_error,6797,1786567064.982886,0.021020596846938133
train/action_error,6807,1786567065.084302,0.029985537752509117
train/action_error,6817,1786567065.165597,0.03909563645720482
train/action_error,6827,1786567065.257080,0.04803110659122467
train/action_error,6837,1786567065.337224,0.026020042598247528
train/action_error,6847,1786567065.423195,0.02177824266254902
train/action_error,6857,1786567065.523553,0.028226841241121292
train/action_error,6867,1786567065.607246,0.02855735272169113
train/action_error,6877,1786567065.684213,0.03062492609024048
train/action_error,6887,1786567065.772512,0.036216046661138535
train/action_error,6897,1786567065.840525,0.027103301137685776
train/action_error,6907,1786567065.922929,0.04676518961787224
train/action_error,6917,1786567066.002486,0.05352702736854553
train/action_error,6927,1786567066.087342,0.028554584830999374
train/action_error,6937,1786567066.179034,0.02477356046438217
train/action_error,6947,1786567066.270001,0.026758892461657524
train/action_error,6957,1786567066.352490,0.020831141620874405
train/action_error,6967,1786567066.430255,0.0681518092751503
train/action_error,6977,1786567066.521861,0.019509106874465942
train/action_error,6987,1786567066.615689,0.0566430427134037
train/action_error,6997,1786567066.701102,0.06455527991056442
train/action_error,7007,1786567066.787966,0.025445815175771713
train/action_error,7017,1786567066.866959,0.04294545575976372
train/action_error,7027,1786567066.962784,0.022919531911611557
train/action_error,7037,1786567067.054720,0.04287835210561752
train/action_error,7047,1786567067.141888,0.030578192323446274
train/action_error,7057,1786567067.228507,0.019607465714216232
train/action_error,7067,1786567067.312526,0.028675682842731476
train/action_error,7077,1786567067.393189,0.028757289052009583
train/action_error,7087,1786567067.473907,0.014590790495276451
train/action_error,7097,1786567067.564136,0.04380965232849121
train/action_error,7107,1786567067.657719,0.015147898346185684
train/action_error,7117,1786567067.753059,0.046481989324092865
train/action_error,7127,1786567067.836232,0.0314345620572567
train/action_error,7137,1786567067.914884,0.06877082586288452
train/action_error,7147,1786567068.007134,0.04808550328016281
train/action_error,7157,1786567068.075359,0.0522746741771698
train/action_error,7167,1786567068.175994,0.016093244776129723
train/action_error,7177,1786567068.263252,0.026845693588256836
train/action_error,7187,1786567068.341186,0.0206040870398283
train/action_error,7197,1786567068.430276,0.03223821520805359
train/action_error,7207,1786567068.522342,0.022250758484005928
train/action_error,7217,1786567068.620720,0.030765362083911896
train/action_error,7227,1786567068.701581,0.029933258891105652
train/action_error,7237,1786567068.780976,0.029104286804795265
train/action_error,7247,1786567068.865762,0.028444727882742882
train/action_error,7257,1786567068.941262,0.013485037721693516
train/action_error,7267,1786567069.038396,0.011169392615556717
train/action_error,7277,1786567069.128214,0.015809854492545128
train/action_error,7287,1786567069.213936,0.02383461408317089
train/action_error,7297,1786567069.311059,0.02304854243993759
train/action_error,7307,1786567069.408878,0.02748657576739788
train/action_error,7317,1786567069.510945,0.018079765141010284
train/action_error,7327,1786567069.597285,0.03870230168104172
train/action_error,7337,1786567069.683717,0.010759368538856506
train/action_error,7347,1786567069.761340,0.014553296379745007
train/action_error,7357,1786567069.851414,0.020726576447486877
train/action_error,7367,1786567069.933488,0.016692398115992546
train/action_error,7377,1786567070.026893,0.04173312708735466
train/action_error,7387,1786567070.128128,0.019378846511244774
train/action_error,7397,1786567070.217571,0.03524324297904968
train/action_error,7407,1786567070.298330,0.037267036736011505
train/action_error,7417,1786567070.384839,0.02774101123213768
train/action_error,7427,1786567070.482397,0.014546982944011688
train/action_error,7437,1786567070.569173,0.049324385821819305
train/action_error,7447,1786567070.649386,0.03181018307805061
train/action_error,7457,1786567070.740812,0.03427615016698837
train/action_error,7467,1786567070.804742,0.023576337844133377
train/action_error,7477,1786567070.891523,0.014487595297396183
train/action_error,7487,1786567070.968197,0.013336200267076492
train/action_error,7497,1786567071.048995,0.018912579864263535
train/action_error,7507,1786567071.135043,0.04681885242462158
train/action_error,7517,1786567071.234999,0.03415374457836151
train/action_error,7527,1786567071.321371,0.03354395180940628
train/action_error,7537,1786567071.410393,0.042444728314876556
train/action_error,7547,1786567071.497999,0.04845838248729706
train/action_error,7557,1786567071.590010,0.01896374300122261
train/action_error,7567,1786567071.667348,0.019030841067433357
train/action_error,7577,1786567071.754047,0.015123941004276276
train/action_error,7587,1786567071.852806,0.03279602527618408
train/action_error,7597,1786567071.942226,0.03520327806472778
train/action_error,7607,1786567072.029468,0.03388933464884758
train/action_error,7617,1786567072.118678,0.02338448166847229
train/action_error,7627,1786567072.205860,0.016763415187597275
train/action_error,7637,1786567072.287078,0.03724103793501854
train/action_error,7647,1786567072.357304,0.04538361728191376
train/action_error,7657,1786567072.451043,0.015323768369853497
train/action_error,7667,1786567072.529755,0.028601039201021194
train/action_error,7677,1786567072.616796,0.017875369638204575
train/action_error,7687,1786567072.730206,0.04168497025966644
train/action_error,7697,1786567072.823297,0.022266436368227005
train/action_error,7707,1786567072.898348,0.028527621179819107
train/action_error,7717,1786567072.985716,0.02169363759458065
train/action_error,7727,1786567073.078130,0.017075704410672188
train/action_error,7737,1786567073.157327,0.01784582808613777
train/action_error,7747,1786567073.246996,0.012041292153298855
train/action_error,7757,1786567073.340663,0.014394364319741726
train/action_error,7767,1786567073.455706,0.023037530481815338
train/action_error,7778,1786567073.563442,0.029613647609949112
train/action_error,7788,1786567073.650201,0.023051822558045387
train/action_error,7798,1786567073.729201,0.02205994725227356
train/action_error,7808,1786567073.819744,0.03953732177615166
train/action_error,7818,1786567073.893271,0.018820082768797874
train/action_error,7828,1786567073.972491,0.04814201220870018
train/action_error,7838,1786567074.057670,0.019968165084719658
train/action_error,7848,1786567074.140148,0.04205034673213959
train/action_error,7858,1786567074.214329,0.03800998255610466
train/action_error,7868,1786567074.297271,0.05720789358019829
train/action_error,7878,1786567074.376563,0.017817141488194466
train/action_error,7888,1786567074.456143,0.014084440656006336
train/action_error,7898,1786567074.546146,0.01753060519695282
train/action_error,7908,1786567074.623160,0.018751390278339386
train/action_error,7918,1786567074.695249,0.03314683958888054
train/action_error,7928,1786567074.788150,0.036100149154663086
train/action_error,7938,1786567074.874614,0.025234583765268326
train/action_error,7948,1786567074.954350,0.02035587653517723
train/action_error,7958,1786567075.042649,0.01356873195618391
train/action_error,7968,1786567075.140537,0.03137245774269104
train/action_error,7978,1786567075.228565,0.0397142693400383
train/action_error,7988,1786567075.322830,0.012813922017812729
train/action_error,7998,1786567075.404965,0.016140993684530258
train/action_error,8008,1786567075.554299,0.02220427431166172
train/action_error,8018,1786567075.639053,0.039132632315158844
train/action_error,8028,1786567075.708442,0.023564690724015236
train/action_error,8038,1786567075.796263,0.023762410506606102
train/action_error,8048,1786567075.881107,0.03638334944844246
train/action_error,8058,1786567075.976771,0.019538139924407005
train/action_error,8068,1786567076.057440,0.0380994975566864
train/action_error,8078,1786567076.141202,0.024581056088209152
train/action_error,8088,1786567076.236909,0.013501578941941261
train/action_error,8098,1786567076.328271,0.05302684009075165
train/action_error,8108,1786567076.412062,0.04097125306725502
train/action_error,8118,1786567076.497849,0.0212374459952116
train/action_error,8128,1786567076.575024,0.025989875197410583
train/action_error,8138,1786567076.649347,0.014575079083442688
train/action_error,8148,1786567076.750155,0.021422836929559708
train/action_error,8158,1786567076.840666,0.01564055308699608
train/action_error,8168,1786567076.908416,0.019353143870830536
train/action_error,8178,1786567076.987852,0.02018321119248867
train/action_error,8188,1786567077.069188,0.03166786953806877
train/action_error,8198,1786567077.155562,0.019281838089227676
train/action_error,8208,1786567077.231223,0.028075527399778366
train/action_error,8218,1786567077.298612,0.0156466756016016
train/action_error,8228,1786567077.367426,0.016286082565784454
train/action_error,8238,1786567077.456845,0.009723542258143425
train/action_error,8248,1786567077.541364,0.03032216988503933
train/action_error,8258,1786567077.634595,0.021779824048280716
train/action_error,8268,1786567077.729657,0.030456164851784706
train/action_error,8278,1786567077.798619,0.042668092995882034
train/action_error,8288,1786567077.868447,0.03060891106724739
train/action_error,8298,1786567077.955643,0.008448101580142975
train/action_error,8308,1786567078.041273,0.021661708131432533
train/action_error,8318,1786567078.119889,0.02060787007212639
train/action_error,8328,1786567078.204412,0.044010013341903687
train/action_error,8338,1786567078.295424,0.026369433850049973
train/action_error,8348,1786567078.376502,0.029357479885220528
train/action_error,8358,1786567078.463299,0.03040217235684395
train/action_error,8368,1786567078.551398,0.01326774712651968
train/action_error,8378,1786567078.632749,0.04242775961756706
train/action_error,8388,1786567078.721793,0.022094139829277992
train/action_error,8398,1786567078.808390,0.022930581122636795
train/action_error,8408,1786567078.881858,0.04509958252310753
train/action_error,8418,1786567078.965794,0.03823786973953247
train/action_error,8428,1786567079.046955,0.02068425714969635
train/action_error,8438,1786567079.147181,0.06365805864334106
train/action_error,8448,1786567079.223125,0.04124162346124649
train/action_error,8458,1786567079.313955,0.014316527172923088
train/action_error,8468,1786567079.405346,0.03060232847929001
train/action_error,8478,1786567079.500126,0.05107288062572479
train/action_error,8488,1786567079.587161,0.04468149691820145
train/action_error,8498,1786567079.676580,0.03353460133075714
train/action_error,8508,1786567079.762787,0.03464115411043167
train/action_error,8518,1786567079.841860,0.027658265084028244
train/action_error,8528,1786567079.925960,0.0280974879860878
train/action_error,8538,1786567080.007560,0.01049787551164627
train/action_error,8548,1786567080.096644,0.01721843332052231
train/action_error,8558,1786567080.187125,0.039323244243860245
train/action_error,8568,1786567080.267007,0.014947954565286636
train/action_error,8578,1786567080.348482,0.052488747984170914
train/action_error,8588,1786567080.441133,0.016454625874757767
train/action_error,8598,1786567080.526769,0.03586818277835846
train/action_error,8608,1786567080.605782,0.010920889675617218
train/action_error,8618,1786567080.710426,0.032898515462875366
train/action_error,8628,1786567080.797139,0.024719633162021637
train/action_error,8638,1786567080.880130,0.012473328039050102
train/action_error,8648,1786567080.967486,0.03162495791912079
train/action_error,8658,1786567081.034733,0.02950749546289444
train/action_error,8668,1786567081.102239,0.0586470291018486
train/action_error,8678,1786567081.192624,0.014810657128691673
train/action_error,8688,1786567081.268937,0.032754912972450256
train/action_error,8698,1786567081.357304,0.021491924300789833
train/action_error,8708,1786567081.425790,0.012594299390912056
train/action_error,8718,1786567081.494677,0.028945881873369217
train/action_error,8728,1786567081.586728,0.03345389664173126
train/action_error,8738,1786567081.674053,0.02113732323050499
train/action_error,8748,1786567081.776562,0.028293194249272346
train/action_error,8758,1786567081.862453,0.024691244587302208
train/action_error,8768,1786567081.949676,0.017376210540533066
train/action_error,8778,1786567082.021313,0.015301103703677654
train/action_error,8788,1786567082.106656,0.016797756776213646
train/action_error,8798,1786567082.192224,0.014425202272832394
train/action_error,8808,1786567082.280010,0.021433182060718536
train/action_error,8818,1786567082.357410,0.014697680249810219
train/action_error,8828,1786567082.452827,0.018125316128134727
train/action_error,8838,1786567082.537871,0.027738355100154877
train/action_error,8848,1786567082.628982,0.019891947507858276
train/action_error,8858,1786567082.706700,0.012271077372133732
train/action_error,8868,1786567082.795544,0.019094284623861313
train/action_error,8878,1786567082.879140,0.02002076804637909
train/action_error,8889,1786567082.980906,0.032648444175720215
train/action_error,8899,1786567083.057404,0.021366097033023834
train/action_error,8909,1786567083.145897,0.019133154302835464
train/action_error,8919,1786567083.229881,0.015514565631747246
train/action_error,8929,1786567083.316832,0.022793196141719818
train/action_error,8939,1786567083.407937,0.014023901894688606
train/action_error,8949,1786567083.485821,0.018789691850543022
train/action_error,8959,1786567083.573284,0.0136648528277874
train/action_error,8969,1786567083.648340,0.026793483644723892
train/action_error,8979,1786567083.739374,0.027680326253175735
train/action_error,8989,1786567083.813226,0.021966593340039253
train/action_error,8999,1786567083.900753,0.023320911452174187
train/action_error,9009,1786567083.967911,0.041528601199388504
train/action_error,9019,1786567084.058368,0.020440388470888138
train/action_error,9029,1786567084.142243,0.023606322705745697
train/action_error,9039,1786567084.234389,0.016962852329015732
train/action_error,9049,1786567084.329509,0.022808372974395752
train/action_error,9059,1786567084.416502,0.013030162081122398
train/action_error,9069,1786567084.506164,0.013994166627526283
train/action_error,9079,1786567084.601430,0.028760161250829697
train/action_error,9089,1786567084.691564,0.015807855874300003
train/action_error,9099,1786567084.784776,0.022532232105731964
train/action_error,9109,1786567084.878591,0.04667682945728302
train/action_error,9119,1786567084.968255,0.013451620005071163
train/action_error,9129,1786567085.054860,0.022807374596595764
train/action_error,9139,1786567085.136367,0.010166296735405922
train/action_error,9149,1786567085.225029,0.013658275827765465
train/action_error,9159,1786567085.308459,0.012402032501995564
train/action_error,9169,1786567085.372128,0.0159880630671978
train/action_error,9179,1786567085.457289,0.019940730184316635
train/action_error,9189,1786567085.534942,0.032168589532375336
train/action_error,9199,1786567085.614316,0.015115614980459213
train/action_error,9209,1786567085.688359,0.015325577929615974
train/action_error,9219,1786567085.763909,0.03477296978235245
train/action_error,9229,1786567085.846483,0.020513227209448814
train/action_error,9239,1786567085.930231,0.0515308603644371
train/action_error,9249,1786567086.008482,0.01884208805859089
train/action_error,9259,1786567086.093565,0.014048786833882332
train/action_error,9269,1786567086.171051,0.01781136356294155
train/action_error,9279,1786567086.256809,0.023829111829400063
train/action_error,9289,1786567086.337738,0.014813674613833427
train/action_error,9299,1786567086.410172,0.012650534510612488
train/action_error,9309,1786567086.489393,0.014416106976568699
train/action_error,9319,1786567086.581849,0.013789597898721695
train/action_error,9329,1786567086.670622,0.01200377382338047
train/action_error,9339,1786567086.754911,0.06854203343391418
train/action_error,9349,1786567086.834099,0.02628323994576931
train/action_error,9359,1786567086.922401,0.026985101401805878
train/action_error,9369,1786567087.002174,0.01833813264966011
train/action_error,9379,1786567087.089763,0.015414157882332802
train/action_error,9389,1786567087.175306,0.016758456826210022
train/action_error,9399,1786567087.267201,0.014361501671373844
train/action_error,9409,1786567087.352240,0.014909837394952774
train/action_error,9419,1786567087.439363,0.013909198343753815
train/action_error,9429,1786567087.514850,0.030058667063713074
train/action_error,9439,1786567087.601323,0.038611073046922684
train/action_error,9449,1786567087.678024,0.02585536614060402
train/action_error,9459,1786567087.740642,0.04567568749189377
train/action_error,9469,1786567087.825358,0.02089136466383934
train/action_error,9479,1786567087.911545,0.016984982416033745
train/action_error,9489,1786567087.986627,0.02292630448937416
train/action_error,9499,1786567088.070370,0.016615672037005424
train/action_error,9509,1786567088.169151,0.03490249812602997
train/action_error,9519,1786567088.266792,0.025967519730329514
train/action_error,9529,1786567088.349181,0.023602424189448357
train/action_error,9539,1786567088.433020,0.036632318049669266
train/action_error,9549,1786567088.522121,0.021970674395561218
train/action_error,9559,1786567088.610350,0.06900645792484283
train/action_error,9569,1786567088.693978,0.0367216095328331
train/action_error,9579,1786567088.771386,0.04392784833908081
train/action_error,9589,1786567088.850015,0.02379467897117138
train/action_error,9599,1786567088.921842,0.027323460206389427
train/action_error,9609,1786567089.007507,0.021428445354104042
train/action_error,9619,1786567089.086377,0.02994549460709095
train/action_error,9629,1786567089.165309,0.05354610085487366
train/action_error,9639,1786567089.244602,0.01428185123950243
train/action_error,9649,1786567089.320707,0.012976055964827538
train/action_error,9659,1786567089.413895,0.021946681663393974
train/action_error,9669,1786567089.502915,0.02191177010536194
train/action_error,9679,1786567089.592341,0.02790077030658722
train/action_error,9689,1786567089.673733,0.02235480397939682
train/action_error,9699,1786567089.741493,0.02018234319984913
train/action_error,9709,1786567089.827662,0.01889948546886444
train/action_error,9719,1786567089.917113,0.032639987766742706
train/action_error,9729,1786567090.008924,0.02581780031323433
train/action_error,9739,1786567090.092554,0.0224200040102005
train/action_error,9749,1786567090.180422,0.022467995062470436
train/action_error,9759,1786567090.265721,0.011369621381163597
train/action_error,9769,1786567090.346479,0.020827680826187134
train/action_error,9779,1786567090.429423,0.02228720113635063
train/action_error,9789,1786567090.507329,0.045502882450819016
train/action_error,9799,1786567090.592418,0.01462691742926836
train/action_error,9809,1786567090.671622,0.03981465473771095
train/action_error,9819,1786567090.766305,0.03724013268947601
train/action_error,9829,1786567090.863362,0.02776498533785343
train/action_error,9839,1786567090.953864,0.030125241726636887
train/action_error,9849,1786567091.056724,0.020802076905965805
train/action_error,9859,1786567091.142900,0.030685540288686752
train/action_error,9869,1786567091.228221,0.029393207281827927
train/action_error,9879,1786567091.323702,0.02739783376455307
train/action_error,9889,1786567091.405696,0.029166948050260544
train/action_error,9899,1786567091.475149,0.03398767113685608
train/action_error,9909,1786567091.564783,0.023256028071045876
train/action_error,9919,1786567091.649604,0.012189974077045918
train/action_error,9929,1786567091.734149,0.027429405599832535
train/action_error,9939,1786567091.814549,0.01359510887414217
train/action_error,9949,1786567091.896086,0.02332165092229843
train/action_error,9959,1786567091.993866,0.01995009183883667
train/action_error,9969,1786567092.090945,0.029576048254966736
train/action_error,9979,1786567092.170271,0.017250265926122665
train/action_error,9989,1786567092.265703,0.01629950851202011
train/action_error,10000,1786567092.364056,0.021463844925165176
train/bc_loss,1,1786567007.275080,0.5287194848060608
train/bc_loss,11,1786567007.350520,0.41638079285621643
train/bc_loss,21,1786567007.437577,0.35199326276779175
train/bc_loss,31,1786567007.519601,0.38208937644958496
train/bc_loss,41,1786567007.601781,0.42450982332229614
train/bc_loss,51,1786567007.684803,0.4094201922416687
train/bc_loss,61,1786567007.774662,0.419222354888916
train/bc_loss,71,1786567007.870410,0.3634287118911743
train/bc_loss,81,1786567007.945472,0.39243096113204956
train/bc_loss,91,1786567008.035695,0.3335989713668823
train/bc_loss,101,1786567008.112361,0.384737491607666
train/bc_loss,111,1786567008.201185,0.34467267990112305
train/bc_loss,121,1786567008.273896,0.3305380046367645
train/bc_loss,131,1786567008.365138,0.23734566569328308
train/bc_loss,141,1786567008.451822,0.16967597603797913
train/bc_loss,151,1786567008.540654,0.17561444640159607
train/bc_loss,161,1786567008.622235,0.1407337784767151
train/bc_loss,171,1786567008.709446,0.1872507482767105
train/bc_loss,181,1786567008.784001,0.11151112616062164
train/bc_loss,191,1786567008.861012,0.2026975452899933
train/bc_loss,201,1786567008.941010,0.08418503403663635
train/bc_loss,211,1786567009.023020,0.14414918422698975
train/bc_loss,221,1786567009.103109,0.10930011421442032
train/bc_loss,231,1786567009.196651,0.11124010384082794
train/bc_loss,241,1786567009.282798,0.10889492183923721
train/bc_loss,251,1786567009.373813,0.09808173775672913
train/bc_loss,261,1786567009.449898,0.0961155816912651
train/bc_loss,271,1786567009.536823,0.06632959097623825
train/bc_loss,281,1786567009.622187,0.03746792674064636
train/bc_loss,291,1786567009.699129,0.11576706171035767
train/bc_loss,301,1786567009.770725,0.05917539447546005
train/bc_loss,311,1786567009.857341,0.12301739305257797
train/bc_loss,321,1786567009.944317,0.05284124240279198
train/bc_loss,331,1786567010.031646,0.057705678045749664
train/bc_loss,341,1786567010.115204,0.09395893663167953
train/bc_loss,351,1786567010.196497,0.045460183173418045
train/bc_loss,361,1786567010.295781,0.05660594254732132
train/bc_loss,371,1786567010.396662,0.06168771907687187
train/bc_loss,381,1786567010.469931,0.00939241424202919
train/bc_loss,391,1786567010.553942,0.05066438764333725
train/bc_loss,401,1786567010.632955,0.016218742355704308
train/bc_loss,411,1786567010.696123,0.08016373217105865
train/bc_loss,421,1786567010.784683,0.06295045465230942
train/bc_loss,431,1786567010.869079,0.04421265795826912
train/bc_loss,441,1786567010.954550,0.10799074172973633
train/bc_loss,451,1786567011.029892,0.009960373863577843
train/bc_loss,461,1786567011.106314,0.03508945181965828
train/bc_loss,471,1786567011.190263,0.02350570261478424
train/bc_loss,481,1786567011.269483,0.032762568444013596
train/bc_loss,491,1786567011.341662,0.009603570215404034
train/bc_loss,501,1786567011.422886,0.0284368135035038
train/bc_loss,511,1786567011.505427,0.010935582220554352
train/bc_loss,521,1786567011.573946,0.0031093922443687916
train/bc_loss,531,1786567011.663753,0.05884205922484398
train/bc_loss,541,1786567011.739943,0.08724914491176605
train/bc_loss,551,1786567011.827196,0.040413640439510345
train/bc_loss,561,1786567011.908215,0.07849088311195374
train/bc_loss,571,1786567011.999778,0.04300764203071594
train/bc_loss,581,1786567012.076930,0.020597631111741066
train/bc_loss,591,1786567012.163718,0.04291754588484764
train/bc_loss,601,1786567012.240343,0.006878825835883617
train/bc_loss,611,1786567012.329499,0.07808540761470795
train/bc_loss,621,1786567012.422871,0.011436966247856617
train/bc_loss,631,1786567012.494353,0.026553841307759285
train/bc_loss,641,1786567012.577394,0.05142124742269516
train/bc_loss,651,1786567012.663797,0.06498674303293228
train/bc_loss,661,1786567012.744195,0.043473049998283386
train/bc_loss,671,1786567012.816519,0.04597265273332596
train/bc_loss,681,1786567012.903890,0.0787421464920044
train/bc_loss,691,1786567012.979824,0.01413712464272976
train/bc_loss,701,1786567013.051258,0.045686110854148865
train/bc_loss,711,1786567013.137489,0.014934609644114971
train/bc_loss,721,1786567013.220742,0.026933643966913223
train/bc_loss,731,1786567013.324630,0.04510031268000603
train/bc_loss,741,1786567013.419497,0.037079066038131714
train/bc_loss,751,1786567013.496728,0.018169935792684555
train/bc_loss,761,1786567013.584949,0.04534740000963211
train/bc_loss,771,1786567013.670676,0.0720309391617775
train/bc_loss,781,1786567013.743683,0.0776134803891182
train/bc_loss,791,1786567013.829465,0.013855170458555222
train/bc_loss,801,1786567013.910291,0.03958782181143761
train/bc_loss,811,1786567013.980754,0.05885656923055649
train/bc_loss,821,1786567014.053341,0.03752328082919121
train/bc_loss,831,1786567014.134894,0.048567913472652435
train/bc_loss,841,1786567014.219903,0.009800653904676437
train/bc_loss,851,1786567014.293979,0.03821447491645813
train/bc_loss,861,1786567014.357052,0.04779941588640213
train/bc_loss,871,1786567014.433165,0.005273840390145779
train/bc_loss,881,1786567014.520281,0.003699767403304577
train/bc_loss,891,1786567014.607719,0.025029167532920837
train/bc_loss,901,1786567014.683856,0.02581014484167099
train/bc_loss,911,1786567014.761944,0.015920083969831467
train/bc_loss,921,1786567014.855843,0.0759003534913063
train/bc_loss,931,1786567014.934155,0.12200091779232025
train/bc_loss,941,1786567015.017831,0.1320633441209793
train/bc_loss,951,1786567015.090664,0.05396619066596031
train/bc_loss,961,1786567015.177798,0.019528189674019814
train/bc_loss,971,1786567015.262850,0.00554681196808815
train/bc_loss,981,1786567015.343813,0.016822880133986473
train/bc_loss,991,1786567015.417380,0.02368525229394436
train/bc_loss,1001,1786567015.831936,0.016238374635577202
train/bc_loss,1011,1786567016.320766,0.1558881253004074
train/bc_loss,1021,1786567016.425629,0.04350719228386879
train/bc_loss,1031,1786567016.521331,0.007380057126283646
train/bc_loss,1041,1786567016.613050,0.08737374097108841
train/bc_loss,1051,1786567016.692911,0.02376626804471016
train/bc_loss,1061,1786567016.784041,0.06777714192867279
train/bc_loss,1071,1786567016.866177,0.026002276688814163
train/bc_loss,1081,1786567016.953480,0.015354251489043236
train/bc_loss,1091,1786567017.039647,0.011675317771732807
train/bc_loss,1101,1786567017.123821,0.008927379734814167
train/bc_loss,1112,1786567017.212705,0.005251120775938034
train/bc_loss,1122,1786567017.295064,0.004779640585184097
train/bc_loss,1132,1786567017.373190,0.03323093056678772
train/bc_loss,1142,1786567017.458663,0.03234007954597473
train/bc_loss,1152,1786567017.541847,0.11681456863880157
train/bc_loss,1162,1786567017.634468,0.009232737123966217
train/bc_loss,1172,1786567017.716679,0.09106673300266266
train/bc_loss,1182,1786567017.798860,0.04216994345188141
train/bc_loss,1192,1786567017.875307,0.07353097945451736
train/bc_loss,1202,1786567017.957757,0.03163908049464226
train/bc_loss,1212,1786567018.044383,0.0038404203951358795
train/bc_loss,1222,1786567018.122776,0.011353290639817715
train/bc_loss,1232,1786567018.214875,0.1040620282292366
train/bc_loss,1242,1786567018.295999,0.008047034963965416
train/bc_loss,1252,1786567018.386578,0.03517242893576622
train/bc_loss,1262,1786567018.467205,0.03228537365794182
train/bc_loss,1272,1786567018.553159,0.0030087055638432503
train/bc_loss,1282,1786567018.629862,0.005650251638144255
train/bc_loss,1292,1786567018.714648,0.007754833437502384
train/bc_loss,1302,1786567018.790754,0.040902893990278244
train/bc_loss,1312,1786567018.867691,0.007180206011980772
train/bc_loss,1322,1786567018.952528,0.03471008688211441
train/bc_loss,1332,1786567019.029583,0.013448987156152725
train/bc_loss,1342,1786567019.097373,0.05805899202823639
train/bc_loss,1352,1786567019.158925,0.0032350539695471525
train/bc_loss,1362,1786567019.251923,0.03333830088376999
train/bc_loss,1372,1786567019.334228,0.03495252877473831
train/bc_loss,1382,1786567019.423064,0.01862606219947338
train/bc_loss,1392,1786567019.492880,0.0014659507432952523
train/bc_loss,1402,1786567019.570645,0.05283331871032715
train/bc_loss,1412,1786567019.645747,0.03426095098257065
train/bc_loss,1422,1786567019.711708,0.03136127069592476
train/bc_loss,1432,1786567019.773174,0.08378370106220245
train/bc_loss,1442,1786567019.849978,0.03846437856554985
train/bc_loss,1452,1786567019.937981,0.0020372439175844193
train/bc_loss,1462,1786567020.016287,0.0032868622802197933
train/bc_loss,1472,1786567020.102834,0.04032662510871887
train/bc_loss,1482,1786567020.183219,0.02541971206665039
train/bc_loss,1492,1786567020.273821,0.05760464072227478
train/bc_loss,1502,1786567020.365618,0.08382901549339294
train/bc_loss,1512,1786567020.444653,0.04323955625295639
train/bc_loss,1522,1786567020.532737,0.002121455268934369
train/bc_loss,1532,1786567020.613504,0.03274514526128769
train/bc_loss,1542,1786567020.683827,0.052292387932538986
train/bc_loss,1552,1786567020.771677,0.018688742071390152
train/bc_loss,1562,1786567020.865159,0.010270030237734318
train/bc_loss,1572,1786567020.932762,0.03370564803481102
train/bc_loss,1582,1786567021.011019,0.035559847950935364
train/bc_loss,1592,1786567021.095769,0.044278182089328766
train/bc_loss,1602,1786567021.168628,0.04791620373725891
train/bc_loss,1612,1786567021.257692,0.028914565220475197
train/bc_loss,1622,1786567021.338805,0.03162770718336105
train/bc_loss,1632,1786567021.424315,0.03421267867088318
train/bc_loss,1642,1786567021.520287,0.01054671872407198
train/bc_loss,1652,1786567021.597824,0.09030388295650482
train/bc_loss,1662,1786567021.673547,0.026416804641485214
train/bc_loss,1672,1786567021.748918,0.06575911492109299
train/bc_loss,1682,1786567021.824607,0.060034528374671936
train/bc_loss,1692,1786567021.905163,0.020186813548207283
train/bc_loss,1702,1786567021.979408,0.0603901743888855
train/bc_loss,1712,1786567022.072017,0.012836898677051067
train/bc_loss,1722,1786567022.151147,0.012049052864313126
train/bc_loss,1732,1786567022.232595,0.017625775188207626
train/bc_loss,1742,1786567022.329393,0.0679515153169632
train/bc_loss,1752,1786567022.409488,0.02619420923292637
train/bc_loss,1762,1786567022.481360,0.016718903556466103
train/bc_loss,1772,1786567022.568478,0.02803100273013115
train/bc_loss,1782,1786567022.635119,0.08003469556570053
train/bc_loss,1792,1786567022.714684,0.04659324884414673
train/bc_loss,1802,1786567022.799232,0.0013964406680315733
train/bc_loss,1812,1786567022.879744,0.0690598115324974
train/bc_loss,1822,1786567022.952286,0.0012909118086099625
train/bc_loss,1832,1786567023.023263,0.08925175666809082
train/bc_loss,1842,1786567023.118754,0.001555801136419177
train/bc_loss,1852,1786567023.197448,0.0378422848880291
train/bc_loss,1862,1786567023.285628,0.0367269366979599
train/bc_loss,1872,1786567023.359383,0.06501881778240204
train/bc_loss,1882,1786567023.453970,0.028952274471521378
train/bc_loss,1892,1786567023.554847,0.005749689880758524
train/bc_loss,1902,1786567023.626866,0.04102996736764908
train/bc_loss,1912,1786567023.727087,0.0652657151222229
train/bc_loss,1922,1786567023.801874,0.047550901770591736
train/bc_loss,1932,1786567023.896694,0.03215435519814491
train/bc_loss,1942,1786567023.972787,0.0014938655076548457
train/bc_loss,1952,1786567024.059184,0.05850650370121002
train/bc_loss,1962,1786567024.129097,0.001898819813504815
train/bc_loss,1972,1786567024.214754,0.0019116740440949798
train/bc_loss,1982,1786567024.308778,0.10009413957595825
train/bc_loss,1992,1786567024.406611,0.05859169363975525
train/bc_loss,2002,1786567024.547867,0.010233743116259575
train/bc_loss,2012,1786567024.611312,0.00623332429677248
train/bc_loss,2022,1786567024.694125,0.035507794469594955
train/bc_loss,2032,1786567024.777905,0.03700008988380432
train/bc_loss,2042,1786567024.858690,0.0017650495283305645
train/bc_loss,2052,1786567024.948060,0.03815227374434471
train/bc_loss,2062,1786567025.022279,0.014036208391189575
train/bc_loss,2072,1786567025.100077,0.028865331783890724
train/bc_loss,2082,1786567025.177558,0.026390908285975456
train/bc_loss,2092,1786567025.262284,0.013943188823759556
train/bc_loss,2102,1786567025.328137,0.03468579053878784
train/bc_loss,2112,1786567025.393162,0.0008047404699027538
train/bc_loss,2122,1786567025.480480,0.03964011371135712
train/bc_loss,2132,1786567025.556040,0.030312437564134598
train/bc_loss,2142,1786567025.645996,0.03141608089208603
train/bc_loss,2152,1786567025.726050,0.023229409009218216
train/bc_loss,2162,1786567025.811599,0.04275328665971756
train/bc_loss,2172,1786567025.891118,0.0025997627526521683
train/bc_loss,2182,1786567025.980207,0.0005549718043766916
train/bc_loss,2192,1786567026.065594,0.028933636844158173
train/bc_loss,2202,1786567026.157126,0.005231523886322975
train/bc_loss,2212,1786567026.248560,0.004399385768920183
train/bc_loss,2223,1786567026.335180,0.032587576657533646
train/bc_loss,2233,1786567026.410766,0.02988388016819954
train/bc_loss,2243,1786567026.505903,0.0031445592176169157
train/bc_loss,2253,1786567026.576886,0.05224767327308655
train/bc_loss,2263,1786567026.656739,0.0009260703809559345
train/bc_loss,2273,1786567026.742166,0.03841797262430191
train/bc_loss,2283,1786567026.811625,0.03816014155745506
train/bc_loss,2293,1786567026.901175,0.14656934142112732
train/bc_loss,2303,1786567026.986866,0.0026107379235327244
train/bc_loss,2313,1786567027.063701,0.06727547198534012
train/bc_loss,2323,1786567027.150467,0.0054511819034814835
train/bc_loss,2333,1786567027.241519,0.005273629445582628
train/bc_loss,2343,1786567027.311803,0.019922755658626556
train/bc_loss,2353,1786567027.402508,0.01241269614547491
train/bc_loss,2363,1786567027.480230,0.04846679046750069
train/bc_loss,2373,1786567027.567310,0.04506980627775192
train/bc_loss,2383,1786567027.651357,0.03788772597908974
train/bc_loss,2393,1786567027.738994,0.007271029520779848
train/bc_loss,2403,1786567027.839275,0.010304846800863743
train/bc_loss,2413,1786567027.928747,0.024179771542549133
train/bc_loss,2423,1786567028.013265,0.04186553508043289
train/bc_loss,2433,1786567028.105742,0.005476492457091808
train/bc_loss,2443,1786567028.176923,0.006465285085141659
train/bc_loss,2453,1786567028.270635,0.10163469612598419
train/bc_loss,2463,1786567028.352573,0.047418709844350815
train/bc_loss,2473,1786567028.450422,0.030752364546060562
train/bc_loss,2483,1786567028.531077,0.03781811520457268
train/bc_loss,2493,1786567028.627181,0.0640440359711647
train/bc_loss,2503,1786567028.721163,0.03181667998433113
train/bc_loss,2513,1786567028.801672,0.06198496371507645
train/bc_loss,2523,1786567028.889249,0.009815073572099209
train/bc_loss,2533,1786567028.970749,0.05865420401096344
train/bc_loss,2543,1786567029.064037,0.02990083210170269
train/bc_loss,2553,1786567029.161168,0.019448038190603256
train/bc_loss,2563,1786567029.245307,0.0840080976486206
train/bc_loss,2573,1786567029.326448,0.005209963768720627
train/bc_loss,2583,1786567029.402819,0.05202046036720276
train/bc_loss,2593,1786567029.470072,0.0342828743159771
train/bc_loss,2603,1786567029.550782,0.0801694244146347
train/bc_loss,2613,1786567029.649284,0.019642382860183716
train/bc_loss,2623,1786567029.730048,0.013171546161174774
train/bc_loss,2633,1786567029.820039,0.003310323925688863
train/bc_loss,2643,1786567029.900251,0.08597201108932495
train/bc_loss,2653,1786567029.986422,0.007577445823699236
train/bc_loss,2663,1786567030.070834,0.006799346301704645
train/bc_loss,2673,1786567030.166757,0.07396170496940613
train/bc_loss,2683,1786567030.245692,0.029969248920679092
train/bc_loss,2693,1786567030.332985,0.052561476826667786
train/bc_loss,2703,1786567030.431800,0.0032651047222316265
train/bc_loss,2713,1786567030.512581,0.0616232305765152
train/bc_loss,2723,1786567030.603021,0.03594645857810974
train/bc_loss,2733,1786567030.685410,0.02943642996251583
train/bc_loss,2743,1786567030.777899,0.026413077488541603
train/bc_loss,2753,1786567030.860892,0.08930446207523346
train/bc_loss,2763,1786567030.966100,0.05867911875247955
train/bc_loss,2773,1786567031.059126,0.05152951925992966
train/bc_loss,2783,1786567031.152321,0.022152995690703392
train/bc_loss,2793,1786567031.242654,0.08169723302125931
train/bc_loss,2803,1786567031.332767,0.02978818491101265
train/bc_loss,2813,1786567031.428671,0.005711589008569717
train/bc_loss,2823,1786567031.516299,0.06780063360929489
train/bc_loss,2833,1786567031.613670,0.008837887085974216
train/bc_loss,2843,1786567031.696407,0.04714689776301384
train/bc_loss,2853,1786567031.780062,0.032109856605529785
train/bc_loss,2863,1786567031.856837,0.013858871534466743
train/bc_loss,2873,1786567031.924102,0.019695324823260307
train/bc_loss,2883,1786567032.015733,0.011180571280419827
train/bc_loss,2893,1786567032.082472,0.03429299220442772
train/bc_loss,2903,1786567032.169561,0.03680312633514404
train/bc_loss,2913,1786567032.253036,0.018847990781068802
train/bc_loss,2923,1786567032.331431,0.003730978351086378
train/bc_loss,2933,1786567032.426751,0.057281527668237686
train/bc_loss,2943,1786567032.500012,0.031033262610435486
train/bc_loss,2953,1786567032.579928,0.06509929150342941
train/bc_loss,2963,1786567032.667652,0.08505813777446747
train/bc_loss,2973,1786567032.748811,0.001143922912888229
train/bc_loss,2983,1786567032.827521,0.031196914613246918
train/bc_loss,2993,1786567032.920197,0.010229887440800667
train/bc_loss,3003,1786567033.007485,0.030429014936089516
train/bc_loss,3013,1786567033.089254,0.010496748611330986
train/bc_loss,3023,1786567033.203121,0.03334895521402359
train/bc_loss,3033,1786567033.289670,0.03725302219390869
train/bc_loss,3043,1786567033.380993,0.016149012371897697
train/bc_loss,3053,1786567033.465137,0.0018236743053421378
train/bc_loss,3063,1786567033.545730,0.03129284456372261
train/bc_loss,3073,1786567033.616990,0.06074298173189163
train/bc_loss,3083,1786567033.705429,0.0015665690880268812
train/bc_loss,3093,1786567033.792111,0.011836210265755653
train/bc_loss,3103,1786567033.880314,0.00234979297965765
train/bc_loss,3113,1786567033.969215,0.059072282165288925
train/bc_loss,3123,1786567034.056027,0.0228436216711998
train/bc_loss,3133,1786567034.136099,0.003437451319769025
train/bc_loss,3143,1786567034.229312,0.0008864616975188255
train/bc_loss,3153,1786567034.309642,0.0007829274982213974
train/bc_loss,3163,1786567034.400091,0.042492348700761795
train/bc_loss,3173,1786567034.482433,0.013776796869933605
train/bc_loss,3183,1786567034.561980,0.002547367475926876
train/bc_loss,3193,1786567034.647336,0.007721695117652416
train/bc_loss,3203,1786567034.742999,0.004599587991833687
train/bc_loss,3213,1786567034.839941,0.0013354819966480136
train/bc_loss,3223,1786567034.936395,0.07482300698757172
train/bc_loss,3233,1786567035.022061,0.025715477764606476
train/bc_loss,3243,1786567035.105201,0.03765726462006569
train/bc_loss,3253,1786567035.187669,0.02265975996851921
train/bc_loss,3263,1786567035.276072,0.03182761371135712
train/bc_loss,3273,1786567035.364911,0.003029110375791788
train/bc_loss,3283,1786567035.448155,0.07306641340255737
train/bc_loss,3293,1786567035.541587,0.03095707856118679
train/bc_loss,3303,1786567035.632468,0.026390744373202324
train/bc_loss,3313,1786567035.719175,0.06507568061351776
train/bc_loss,3323,1786567035.819749,0.0016100233187898993
train/bc_loss,3334,1786567035.920352,0.0234213899821043
train/bc_loss,3344,1786567035.997432,0.02835574746131897
train/bc_loss,3354,1786567036.074127,0.005864862352609634
train/bc_loss,3364,1786567036.162869,0.03207116946578026
train/bc_loss,3374,1786567036.251463,0.038494519889354706
train/bc_loss,3384,1786567036.329287,0.08293595910072327
train/bc_loss,3394,1786567036.422039,0.033334460109472275
train/bc_loss,3404,1786567036.503256,0.04022825136780739
train/bc_loss,3414,1786567036.600614,0.034354131668806076
train/bc_loss,3424,1786567036.686927,0.00462373299524188
train/bc_loss,3434,1786567036.769172,0.056690096855163574
train/bc_loss,3444,1786567036.864198,0.057702891528606415
train/bc_loss,3454,1786567036.940565,0.06429052352905273
train/bc_loss,3464,1786567037.016279,0.013401290401816368
train/bc_loss,3474,1786567037.095240,0.03450345993041992
train/bc_loss,3484,1786567037.185508,0.06434288620948792
train/bc_loss,3494,1786567037.268177,0.029662063345313072
train/bc_loss,3504,1786567037.365166,0.002917016390711069
train/bc_loss,3514,1786567037.452518,0.002889638766646385
train/bc_loss,3524,1786567037.538352,0.02401331253349781
train/bc_loss,3534,1786567037.626147,0.001298604067414999
train/bc_loss,3544,1786567037.716714,0.032148487865924835
train/bc_loss,3554,1786567037.800215,0.0578337125480175
train/bc_loss,3564,1786567037.876675,0.005423128604888916
train/bc_loss,3574,1786567037.946541,0.06648418307304382
train/bc_loss,3584,1786567038.020120,0.06706647574901581
train/bc_loss,3594,1786567038.092126,0.00900279264897108
train/bc_loss,3604,1786567038.159287,0.038667723536491394
train/bc_loss,3614,1786567038.244667,0.004993605427443981
train/bc_loss,3624,1786567038.326100,0.009983096271753311
train/bc_loss,3634,1786567038.409769,0.028693512082099915
train/bc_loss,3644,1786567038.496269,0.03409968689084053
train/bc_loss,3654,1786567038.559654,0.07817316800355911
train/bc_loss,3664,1786567038.638893,0.031996771693229675
train/bc_loss,3674,1786567038.739741,0.024401674047112465
train/bc_loss,3684,1786567038.830729,0.0014186841435730457
train/bc_loss,3694,1786567038.909475,0.028161462396383286
train/bc_loss,3704,1786567039.004957,0.014403494074940681
train/bc_loss,3714,1786567039.086728,0.009422228671610355
train/bc_loss,3724,1786567039.184069,0.012425431981682777
train/bc_loss,3734,1786567039.263736,0.021048281341791153
train/bc_loss,3744,1786567039.346415,0.016278693452477455
train/bc_loss,3754,1786567039.412464,0.0015304505359381437
train/bc_loss,3764,1786567039.478220,0.008543014526367188
train/bc_loss,3774,1786567039.572411,0.006855526939034462
train/bc_loss,3784,1786567039.652413,0.06355419754981995
train/bc_loss,3794,1786567039.741293,0.033926066011190414
train/bc_loss,3804,1786567039.825365,0.05764196440577507
train/bc_loss,3814,1786567039.899737,0.03461751341819763
train/bc_loss,3824,1786567039.978748,0.012162314727902412
train/bc_loss,3834,1786567040.077734,0.04096421226859093
train/bc_loss,3844,1786567040.150253,0.02902953326702118
train/bc_loss,3854,1786567040.213199,0.00519415270537138
train/bc_loss,3864,1786567040.289743,0.04534337297081947
train/bc_loss,3874,1786567040.389031,0.0013157338835299015
train/bc_loss,3884,1786567040.512158,0.002855191007256508
train/bc_loss,3894,1786567040.599272,0.025896772742271423
train/bc_loss,3904,1786567040.678957,0.061730336397886276
train/bc_loss,3914,1786567040.766751,0.033224426209926605
train/bc_loss,3924,1786567040.864815,0.017660057172179222
train/bc_loss,3934,1786567040.954997,0.03833309933543205
train/bc_loss,3944,1786567041.037961,0.05700832977890968
train/bc_loss,3954,1786567041.120121,0.030774764716625214
train/bc_loss,3964,1786567041.217449,0.03862890601158142
train/bc_loss,3974,1786567041.296020,0.04733007401227951
train/bc_loss,3984,1786567041.379282,0.0408528670668602
train/bc_loss,3994,1786567041.464576,0.047824736684560776
train/bc_loss,4004,1786567041.613093,0.028871305286884308
train/bc_loss,4014,1786567041.690233,0.01652747020125389
train/bc_loss,4024,1786567041.772971,0.0025982982479035854
train/bc_loss,4034,1786567041.862680,0.0008908278541639447
train/bc_loss,4044,1786567041.937565,0.03442797437310219
train/bc_loss,4054,1786567042.028338,0.0035518757067620754
train/bc_loss,4064,1786567042.108322,0.013889429159462452
train/bc_loss,4074,1786567042.196933,0.008409710600972176
train/bc_loss,4084,1786567042.278706,0.005430988501757383
train/bc_loss,4094,1786567042.363721,0.030613254755735397
train/bc_loss,4104,1786567042.441125,0.01627744548022747
train/bc_loss,4114,1786567042.538220,0.06588249653577805
train/bc_loss,4124,1786567042.616965,0.055250383913517
train/bc_loss,4134,1786567042.710599,0.0013722274452447891
train/bc_loss,4144,1786567042.796396,0.03353646770119667
train/bc_loss,4154,1786567042.885431,0.06224942207336426
train/bc_loss,4164,1786567042.979462,0.06778310984373093
train/bc_loss,4174,1786567043.072274,0.0013729174388572574
train/bc_loss,4184,1786567043.137186,0.009603310376405716
train/bc_loss,4194,1786567043.217930,0.04549073427915573
train/bc_loss,4204,1786567043.295082,0.033381782472133636
train/bc_loss,4214,1786567043.378626,0.027591878548264503
train/bc_loss,4224,1786567043.470894,0.025608055293560028
train/bc_loss,4234,1786567043.557388,0.025604015216231346
train/bc_loss,4244,1786567043.651822,0.032149508595466614
train/bc_loss,4254,1786567043.747158,0.08245676010847092
train/bc_loss,4264,1786567043.823945,0.0584719181060791
train/bc_loss,4274,1786567043.907017,0.003294178284704685
train/bc_loss,4284,1786567043.979857,0.01943681761622429
train/bc_loss,4294,1786567044.071967,0.013632207177579403
train/bc_loss,4304,1786567044.161875,0.0008449643501080573
train/bc_loss,4314,1786567044.231052,0.006962455343455076
train/bc_loss,4324,1786567044.308969,0.03352917730808258
train/bc_loss,4334,1786567044.393908,0.05070500820875168
train/bc_loss,4344,1786567044.490005,0.0031194838229566813
train/bc_loss,4354,1786567044.591846,0.04447972774505615
train/bc_loss,4364,1786567044.677672,0.01716601848602295
train/bc_loss,4374,1786567044.754179,0.002239855471998453
train/bc_loss,4384,1786567044.839778,0.03424091637134552
train/bc_loss,4394,1786567044.915838,0.0037927066441625357
train/bc_loss,4404,1786567045.000990,0.0024869462940841913
train/bc_loss,4414,1786567045.078322,0.03317318856716156
train/bc_loss,4424,1786567045.171965,0.0042787338607013226
train/bc_loss,4434,1786567045.262944,0.00037049094680696726
train/bc_loss,4445,1786567045.350348,0.01762983202934265
train/bc_loss,4455,1786567045.432417,0.0009952338878065348
train/bc_loss,4465,1786567045.505962,0.031985312700271606
train/bc_loss,4475,1786567045.582366,0.0010586731368675828
train/bc_loss,4485,1786567045.673799,0.012289388105273247
train/bc_loss,4495,1786567045.776584,0.0031187988352030516
train/bc_loss,4505,1786567045.862895,0.01283232681453228
train/bc_loss,4515,1786567045.947325,0.09061051905155182
train/bc_loss,4525,1786567046.023645,0.003223055973649025
train/bc_loss,4535,1786567046.116415,0.04108273983001709
train/bc_loss,4545,1786567046.192650,0.03153248131275177
train/bc_loss,4555,1786567046.284519,0.0019127011764794588
train/bc_loss,4565,1786567046.370169,0.041248805820941925
train/bc_loss,4575,1786567046.462122,0.048606112599372864
train/bc_loss,4585,1786567046.547291,0.02249164879322052
train/bc_loss,4595,1786567046.646716,0.02531629428267479
train/bc_loss,4605,1786567046.734726,0.014095136895775795
train/bc_loss,4615,1786567046.823226,0.06301606446504593
train/bc_loss,4625,1786567046.915806,0.043184444308280945
train/bc_loss,4635,1786567046.997845,0.0026776636950671673
train/bc_loss,4645,1786567047.071671,0.0009369243634864688
train/bc_loss,4655,1786567047.139577,0.00034067872911691666
train/bc_loss,4665,1786567047.245048,0.03230626881122589
train/bc_loss,4675,1786567047.337231,0.034221112728118896
train/bc_loss,4685,1786567047.434709,0.0036977273412048817
train/bc_loss,4695,1786567047.524369,0.0055222115479409695
train/bc_loss,4705,1786567047.599148,0.012501656077802181
train/bc_loss,4715,1786567047.683519,0.006694755516946316
train/bc_loss,4725,1786567047.763114,0.031751956790685654
train/bc_loss,4735,1786567047.843336,0.03281770646572113
train/bc_loss,4745,1786567047.936513,0.03165091574192047
train/bc_loss,4755,1786567048.021913,0.0012642688816413283
train/bc_loss,4765,1786567048.112233,0.038055047392845154
train/bc_loss,4775,1786567048.180380,0.0014112030621618032
train/bc_loss,4785,1786567048.250518,0.002089775400236249
train/bc_loss,4795,1786567048.329584,0.015492504462599754
train/bc_loss,4805,1786567048.417346,0.03568677231669426
train/bc_loss,4815,1786567048.489757,0.05787217989563942
train/bc_loss,4825,1786567048.566783,0.0018451260402798653
train/bc_loss,4835,1786567048.646885,0.007107769139111042
train/bc_loss,4845,1786567048.721660,0.015491779893636703
train/bc_loss,4855,1786567048.809490,0.08515176922082901
train/bc_loss,4865,1786567048.899592,0.0015497803688049316
train/bc_loss,4875,1786567048.977817,0.0006632290314882994
train/bc_loss,4885,1786567049.052977,0.014385501854121685
train/bc_loss,4895,1786567049.148347,0.043280936777591705
train/bc_loss,4905,1786567049.228382,0.02577458694577217
train/bc_loss,4915,1786567049.306004,0.02521536871790886
train/bc_loss,4925,1786567049.384834,0.003285033395513892
train/bc_loss,4935,1786567049.457612,0.06106402724981308
train/bc_loss,4945,1786567049.532219,0.0856281965970993
train/bc_loss,4955,1786567049.609745,0.0019890516996383667
train/bc_loss,4965,1786567049.668540,0.003962436690926552
train/bc_loss,4975,1786567049.762216,0.06425490230321884
train/bc_loss,4985,1786567049.854186,0.0400993674993515
train/bc_loss,4995,1786567049.944269,0.002455090405419469
train/bc_loss,5005,1786567050.026798,0.005303458776324987
train/bc_loss,5015,1786567050.108773,0.0013702581636607647
train/bc_loss,5025,1786567050.183876,0.037178147584199905
train/bc_loss,5035,1786567050.258838,0.03333578258752823
train/bc_loss,5045,1786567050.317389,0.0642332136631012
train/bc_loss,5055,1786567050.379085,0.039576366543769836
train/bc_loss,5065,1786567050.439579,0.03208765760064125
train/bc_loss,5075,1786567050.502987,0.004540550522506237
train/bc_loss,5085,1786567050.580612,0.0014312482671812177
train/bc_loss,5095,1786567050.673302,0.007759333588182926
train/bc_loss,5105,1786567050.760400,0.036144137382507324
train/bc_loss,5115,1786567050.828842,0.03072211891412735
train/bc_loss,5125,1786567050.925206,0.001597068621776998
train/bc_loss,5135,1786567051.015913,0.004127083346247673
train/bc_loss,5145,1786567051.099626,0.007574211340397596
train/bc_loss,5155,1786567051.175240,0.001858290983363986
train/bc_loss,5165,1786567051.244930,0.06743285059928894
train/bc_loss,5175,1786567051.309105,0.03534044697880745
train/bc_loss,5185,1786567051.405143,0.02809702791273594
train/bc_loss,5195,1786567051.484993,0.01988089084625244
train/bc_loss,5205,1786567051.564557,0.019653012976050377
train/bc_loss,5215,1786567051.653608,0.03195487707853317
train/bc_loss,5225,1786567051.736311,0.026724975556135178
train/bc_loss,5235,1786567051.815159,0.04370278865098953
train/bc_loss,5245,1786567051.884143,0.04127734526991844
train/bc_loss,5255,1786567051.971003,0.029469983652234077
train/bc_loss,5265,1786567052.050070,0.005139464046806097
train/bc_loss,5275,1786567052.127418,0.0018019468989223242
train/bc_loss,5285,1786567052.206689,0.003910084720700979
train/bc_loss,5295,1786567052.283408,0.006161324679851532
train/bc_loss,5305,1786567052.367318,0.03694678470492363
train/bc_loss,5315,1786567052.457934,0.03255847096443176
train/bc_loss,5325,1786567052.549398,0.03541071340441704
train/bc_loss,5335,1786567052.639053,0.03366250544786453
train/bc_loss,5345,1786567052.729639,0.014584580436348915
train/bc_loss,5355,1786567052.816346,0.009105303324759007
train/bc_loss,5365,1786567052.912694,0.0555407889187336
train/bc_loss,5375,1786567052.995993,0.01772276498377323
train/bc_loss,5385,1786567053.085042,0.03678981214761734
train/bc_loss,5395,1786567053.172214,0.04771264269948006
train/bc_loss,5405,1786567053.264922,0.013113457709550858
train/bc_loss,5415,1786567053.352027,0.024887647479772568
train/bc_loss,5425,1786567053.454956,0.01487109623849392
train/bc_loss,5435,1786567053.569960,0.0014003098476678133
train/bc_loss,5445,1786567053.665233,0.042607638984918594
train/bc_loss,5455,1786567053.758990,0.06020825728774071
train/bc_loss,5465,1786567053.833437,0.015240330249071121
train/bc_loss,5475,1786567053.924486,0.06253699213266373
train/bc_loss,5485,1786567054.001565,0.029601626098155975
train/bc_loss,5495,1786567054.089097,0.052993446588516235
train/bc_loss,5505,1786567054.175450,0.04442054405808449
train/bc_loss,5515,1786567054.265218,0.003998426254838705
train/bc_loss,5525,1786567054.355287,0.0430002361536026
train/bc_loss,5535,1786567054.442572,0.0011411807499825954
train/bc_loss,5545,1786567054.523572,0.04389405995607376
train/bc_loss,5556,1786567054.606237,0.028525162488222122
train/bc_loss,5566,1786567054.689500,0.002494730520993471
train/bc_loss,5576,1786567054.773714,0.001265555969439447
train/bc_loss,5586,1786567054.857794,0.0048728990368545055
train/bc_loss,5596,1786567054.938538,0.07032214105129242
train/bc_loss,5606,1786567055.005314,0.034583449363708496
train/bc_loss,5616,1786567055.080704,0.004302683286368847
train/bc_loss,5626,1786567055.165467,0.03365114703774452
train/bc_loss,5636,1786567055.252206,0.07005318999290466
train/bc_loss,5646,1786567055.317888,0.0263134203851223
train/bc_loss,5656,1786567055.387676,0.05507132411003113
train/bc_loss,5666,1786567055.449325,0.00609399052336812
train/bc_loss,5676,1786567055.514698,0.019579457119107246
train/bc_loss,5686,1786567055.605675,0.0016908837715163827
train/bc_loss,5696,1786567055.695334,0.0037696799263358116
train/bc_loss,5706,1786567055.784016,0.042152103036642075
train/bc_loss,5716,1786567055.866949,0.017727328464388847
train/bc_loss,5726,1786567055.951903,0.03335247188806534
train/bc_loss,5736,1786567056.021409,0.013660775497555733
train/bc_loss,5746,1786567056.110798,0.03385880962014198
train/bc_loss,5756,1786567056.201095,0.03625316172838211
train/bc_loss,5766,1786567056.286705,0.0012713782489299774
train/bc_loss,5776,1786567056.381318,0.05868831276893616
train/bc_loss,5786,1786567056.465912,0.0005350608844310045
train/bc_loss,5796,1786567056.550386,0.009423073381185532
train/bc_loss,5806,1786567056.625805,0.0401034839451313
train/bc_loss,5816,1786567056.713186,0.06728717684745789
train/bc_loss,5826,1786567056.803719,0.036685552448034286
train/bc_loss,5836,1786567056.893356,0.0009920443408191204
train/bc_loss,5846,1786567056.968932,0.011056640185415745
train/bc_loss,5856,1786567057.049080,0.010890739969909191
train/bc_loss,5866,1786567057.134192,0.029112331569194794
train/bc_loss,5876,1786567057.222662,0.0015510274097323418
train/bc_loss,5886,1786567057.309248,0.03876161947846413
train/bc_loss,5896,1786567057.379037,0.0008251593098975718
train/bc_loss,5906,1786567057.462442,0.002019920153543353
train/bc_loss,5916,1786567057.546717,0.02969634160399437
train/bc_loss,5926,1786567057.627373,0.055658817291259766
train/bc_loss,5936,1786567057.723327,0.03163915500044823
train/bc_loss,5946,1786567057.793122,0.007294469978660345
train/bc_loss,5956,1786567057.877889,0.05280568450689316
train/bc_loss,5966,1786567057.958615,0.0297104325145483
train/bc_loss,5976,1786567058.046970,0.05867509916424751
train/bc_loss,5986,1786567058.141914,0.03234311193227768
train/bc_loss,5996,1786567058.218910,0.024765148758888245
train/bc_loss,6006,1786567058.378457,0.001904425909742713
train/bc_loss,6016,1786567058.455775,0.0534462071955204
train/bc_loss,6026,1786567058.544397,0.019037174060940742
train/bc_loss,6036,1786567058.635033,0.03296566382050514
train/bc_loss,6046,1786567058.715245,0.03255220502614975
train/bc_loss,6056,1786567058.803132,0.0022404699120670557
train/bc_loss,6066,1786567058.901507,0.0013990236911922693
train/bc_loss,6076,1786567058.996758,0.0020903651602566242
train/bc_loss,6086,1786567059.086446,0.0049359844997525215
train/bc_loss,6096,1786567059.168107,0.014507513493299484
train/bc_loss,6106,1786567059.256948,0.003471073694527149
train/bc_loss,6116,1786567059.328192,0.0034770765341818333
train/bc_loss,6126,1786567059.421290,0.004430051892995834
train/bc_loss,6136,1786567059.497231,0.00598349142819643
train/bc_loss,6146,1786567059.592036,0.0024513397365808487
train/bc_loss,6156,1786567059.664641,0.03873777016997337
train/bc_loss,6166,1786567059.752806,0.004302889108657837
train/bc_loss,6176,1786567059.845060,0.001974462764337659
train/bc_loss,6186,1786567059.915507,0.0018918872810900211
train/bc_loss,6196,1786567059.990677,0.0014355452731251717
train/bc_loss,6206,1786567060.065798,0.03855856880545616
train/bc_loss,6216,1786567060.125773,0.01135312020778656
train/bc_loss,6226,1786567060.190641,0.0019002406625077128
train/bc_loss,6236,1786567060.271068,0.006041654851287603
train/bc_loss,6246,1786567060.349107,0.05903687700629234
train/bc_loss,6256,1786567060.424520,0.03290383890271187
train/bc_loss,6266,1786567060.515288,0.002942628925666213
train/bc_loss,6276,1786567060.600117,0.010608218610286713
train/bc_loss,6286,1786567060.686891,0.021614501252770424
train/bc_loss,6296,1786567060.776688,0.03470449894666672
train/bc_loss,6306,1786567060.866679,0.002010016469284892
train/bc_loss,6316,1786567060.941728,0.0007400291506201029
train/bc_loss,6326,1786567061.009936,0.006496192887425423
train/bc_loss,6336,1786567061.088976,0.033569544553756714
train/bc_loss,6346,1786567061.173089,0.009640611708164215
train/bc_loss,6356,1786567061.257908,0.0013573216274380684
train/bc_loss,6366,1786567061.346528,0.030950797721743584
train/bc_loss,6376,1786567061.440054,0.03566938266158104
train/bc_loss,6386,1786567061.507075,0.04304979741573334
train/bc_loss,6396,1786567061.583945,0.054971978068351746
train/bc_loss,6406,1786567061.677493,0.04592728614807129
train/bc_loss,6416,1786567061.762497,0.03134316951036453
train/bc_loss,6426,1786567061.854975,0.02655777335166931
train/bc_loss,6436,1786567061.938902,0.02749486267566681
train/bc_loss,6446,1786567062.002579,0.01586158014833927
train/bc_loss,6456,1786567062.075140,0.0015803677961230278
train/bc_loss,6466,1786567062.170347,0.002894179429858923
train/bc_loss,6476,1786567062.254816,0.030614858493208885
train/bc_loss,6486,1786567062.329186,0.06228383257985115
train/bc_loss,6496,1786567062.410151,0.02779555320739746
train/bc_loss,6506,1786567062.490872,0.001348618883639574
train/bc_loss,6516,1786567062.576847,0.003610178828239441
train/bc_loss,6526,1786567062.650496,0.005029306747019291
train/bc_loss,6536,1786567062.732820,0.02240826189517975
train/bc_loss,6546,1786567062.836273,0.030342143028974533
train/bc_loss,6556,1786567062.917773,0.007085046730935574
train/bc_loss,6566,1786567062.994865,0.013842961750924587
train/bc_loss,6576,1786567063.086140,0.024956954643130302
train/bc_loss,6586,1786567063.168466,0.09455882757902145
train/bc_loss,6596,1786567063.237909,0.011049382388591766
train/bc_loss,6606,1786567063.306605,0.005175452213734388
train/bc_loss,6616,1786567063.389606,0.024716835469007492
train/bc_loss,6626,1786567063.489900,0.01401895098388195
train/bc_loss,6636,1786567063.575826,0.0009643459925428033
train/bc_loss,6646,1786567063.667917,0.004301507957279682
train/bc_loss,6656,1786567063.759881,0.02463826909661293
train/bc_loss,6667,1786567063.841787,0.012017877772450447
train/bc_loss,6677,1786567063.928600,0.00773719372227788
train/bc_loss,6687,1786567064.012156,0.023776825517416
train/bc_loss,6697,1786567064.095996,0.021111510694026947
train/bc_loss,6707,1786567064.187211,0.025964366272091866
train/bc_loss,6717,1786567064.281525,0.0022841673344373703
train/bc_loss,6727,1786567064.365423,0.0009694980690255761
train/bc_loss,6737,1786567064.468188,0.03521478921175003
train/bc_loss,6747,1786567064.561697,0.0029944118577986956
train/bc_loss,6757,1786567064.644505,0.012620249763131142
train/bc_loss,6767,1786567064.735595,0.0008263667696155608
train/bc_loss,6777,1786567064.816400,0.006524709518998861
train/bc_loss,6787,1786567064.898202,0.04309820011258125
train/bc_loss,6797,1786567064.982839,0.003236862365156412
train/bc_loss,6807,1786567065.084237,0.01500801183283329
train/bc_loss,6817,1786567065.165544,0.05352013558149338
train/bc_loss,6827,1786567065.257028,0.03793526068329811
train/bc_loss,6837,1786567065.337153,0.00976177304983139
train/bc_loss,6847,1786567065.423131,0.003899727948009968
train/bc_loss,6857,1786567065.523492,0.0184991005808115
train/bc_loss,6867,1786567065.607196,0.01912236399948597
train/bc_loss,6877,1786567065.684146,0.019142746925354004
train/bc_loss,6887,1786567065.772462,0.02613762766122818
train/bc_loss,6897,1786567065.840458,0.027300819754600525
train/bc_loss,6907,1786567065.922876,0.04401782900094986
train/bc_loss,6917,1786567066.002416,0.049779169261455536
train/bc_loss,6927,1786567066.087290,0.007043714169412851
train/bc_loss,6937,1786567066.178978,0.007158839143812656
train/bc_loss,6947,1786567066.269925,0.009638169780373573
train/bc_loss,6957,1786567066.352446,0.0049179852940142155
train/bc_loss,6967,1786567066.430210,0.0888044685125351
train/bc_loss,6977,1786567066.521795,0.00404812628403306
train/bc_loss,6987,1786567066.615620,0.06737013906240463
train/bc_loss,6997,1786567066.701048,0.0906524658203125
train/bc_loss,7007,1786567066.787900,0.004971361253410578
train/bc_loss,7017,1786567066.866906,0.03570455685257912
train/bc_loss,7027,1786567066.962734,0.005310822743922472
train/bc_loss,7037,1786567067.054664,0.033150382339954376
train/bc_loss,7047,1786567067.141835,0.014329500496387482
train/bc_loss,7057,1786567067.228456,0.0035120651591569185
train/bc_loss,7067,1786567067.312477,0.010734064504504204
train/bc_loss,7077,1786567067.393123,0.005134821869432926
train/bc_loss,7087,1786567067.473858,0.0006858435808680952
train/bc_loss,7097,1786567067.564070,0.05201053246855736
train/bc_loss,7107,1786567067.657649,0.003041719552129507
train/bc_loss,7117,1786567067.752980,0.04710829630494118
train/bc_loss,7127,1786567067.836182,0.009808532893657684
train/bc_loss,7137,1786567067.914817,0.06932461261749268
train/bc_loss,7147,1786567068.007086,0.03961765393614769
train/bc_loss,7157,1786567068.075305,0.06259243190288544
train/bc_loss,7167,1786567068.175925,0.0015570655232295394
train/bc_loss,7177,1786567068.263184,0.02480492927134037
train/bc_loss,7187,1786567068.341123,0.005099306348711252
train/bc_loss,7197,1786567068.430207,0.024993229657411575
train/bc_loss,7207,1786567068.522267,0.005692793056368828
train/bc_loss,7217,1786567068.620650,0.03069421648979187
train/bc_loss,7227,1786567068.701527,0.00705175194889307
train/bc_loss,7237,1786567068.780923,0.00987943448126316
train/bc_loss,7247,1786567068.865708,0.032136812806129456
train/bc_loss,7257,1786567068.941203,0.0005738318432122469
train/bc_loss,7267,1786567069.038332,0.0004150467866566032
train/bc_loss,7277,1786567069.128141,0.0009505186462774873
train/bc_loss,7287,1786567069.213869,0.0058595407754182816
train/bc_loss,7297,1786567069.310991,0.010382961481809616
train/bc_loss,7307,1786567069.408809,0.03200580179691315
train/bc_loss,7317,1786567069.510872,0.001603884156793356
train/bc_loss,7327,1786567069.597222,0.03246277570724487
train/bc_loss,7337,1786567069.683650,0.00033553229877725244
train/bc_loss,7347,1786567069.761274,0.0013495013117790222
train/bc_loss,7357,1786567069.851358,0.0024354096967726946
train/bc_loss,7367,1786567069.933415,0.0014158410485833883
train/bc_loss,7377,1786567070.026826,0.03518775850534439
train/bc_loss,7387,1786567070.128059,0.00207445677369833
train/bc_loss,7397,1786567070.217519,0.03555036336183548
train/bc_loss,7407,1786567070.298259,0.028073331341147423
train/bc_loss,7417,1786567070.384787,0.008349555544555187
train/bc_loss,7427,1786567070.482349,0.0005245252978056669
train/bc_loss,7437,1786567070.569118,0.04742026701569557
train/bc_loss,7447,1786567070.649328,0.011277873069047928
train/bc_loss,7457,1786567070.740760,0.021861454471945763
train/bc_loss,7467,1786567070.804694,0.010626156814396381
train/bc_loss,7477,1786567070.891451,0.0012972552794963121
train/bc_loss,7487,1786567070.968147,0.0006542527116835117
train/bc_loss,7497,1786567071.048942,0.0015711917076259851
train/bc_loss,7507,1786567071.134993,0.04672882333397865
train/bc_loss,7517,1786567071.234927,0.018091414123773575
train/bc_loss,7527,1786567071.321304,0.03323846310377121
train/bc_loss,7537,1786567071.410317,0.0440886989235878
train/bc_loss,7547,1786567071.497925,0.023618899285793304
train/bc_loss,7557,1786567071.589955,0.003253668313845992
train/bc_loss,7567,1786567071.667294,0.001245234627276659
train/bc_loss,7577,1786567071.753990,0.0011363710509613156
train/bc_loss,7587,1786567071.852740,0.020633799955248833
train/bc_loss,7597,1786567071.942160,0.012568660080432892
train/bc_loss,7607,1786567072.029417,0.0321984738111496
train/bc_loss,7617,1786567072.118634,0.015274426899850368
train/bc_loss,7627,1786567072.205791,0.0012153440620750189
train/bc_loss,7637,1786567072.287033,0.02673308365046978
train/bc_loss,7647,1786567072.357253,0.04882267117500305
train/bc_loss,7657,1786567072.450973,0.00305959046818316
train/bc_loss,7667,1786567072.529689,0.02147821895778179
train/bc_loss,7677,1786567072.616749,0.002041108440607786
train/bc_loss,7687,1786567072.730140,0.038604192435741425
train/bc_loss,7697,1786567072.823230,0.008158693090081215
train/bc_loss,7707,1786567072.898300,0.018078582361340523
train/bc_loss,7717,1786567072.985662,0.007506955415010452
train/bc_loss,7727,1786567073.078064,0.003092748112976551
train/bc_loss,7737,1786567073.157258,0.0042113023810088634
train/bc_loss,7747,1786567073.246941,0.0005606469349004328
train/bc_loss,7757,1786567073.340614,0.0005289011169224977
train/bc_loss,7767,1786567073.455634,0.006982104387134314
train/bc_loss,7778,1786567073.563368,0.0300845168530941
train/bc_loss,7788,1786567073.650132,0.003783779451623559
train/bc_loss,7798,1786567073.729149,0.004756866954267025
train/bc_loss,7808,1786567073.819694,0.031162668019533157
train/bc_loss,7818,1786567073.893218,0.004590243101119995
train/bc_loss,7828,1786567073.972420,0.05363620072603226
train/bc_loss,7838,1786567074.057620,0.0023255832493305206
train/bc_loss,7848,1786567074.140094,0.04006960988044739
train/bc_loss,7858,1786567074.214283,0.043081484735012054
train/bc_loss,7868,1786567074.297201,0.06238695979118347
train/bc_loss,7878,1786567074.376499,0.0013693718938156962
train/bc_loss,7888,1786567074.455958,0.0008242558687925339
train/bc_loss,7898,1786567074.546101,0.004761852324008942
train/bc_loss,7908,1786567074.623109,0.0022018952295184135
train/bc_loss,7918,1786567074.695180,0.019899696111679077
train/bc_loss,7928,1786567074.788097,0.017467811703681946
train/bc_loss,7938,1786567074.874567,0.010309213772416115
train/bc_loss,7948,1786567074.954272,0.002806374104693532
train/bc_loss,7958,1786567075.042599,0.0005369972786866128
train/bc_loss,7968,1786567075.140468,0.012934654951095581
train/bc_loss,7978,1786567075.228339,0.026099519804120064
train/bc_loss,7988,1786567075.322772,0.0004458442854229361
train/bc_loss,7998,1786567075.404896,0.006356879603117704
train/bc_loss,8008,1786567075.554247,0.015161789953708649
train/bc_loss,8018,1786567075.639005,0.04046810790896416
train/bc_loss,8028,1786567075.708388,0.00299845146946609
train/bc_loss,8038,1786567075.796209,0.0052512697875499725
train/bc_loss,8048,1786567075.881039,0.03194866701960564
train/bc_loss,8058,1786567075.976705,0.0030480229761451483
train/bc_loss,8068,1786567076.057384,0.025522012263536453
train/bc_loss,8078,1786567076.141138,0.02102252095937729
train/bc_loss,8088,1786567076.236856,0.0009408524492755532
train/bc_loss,8098,1786567076.328191,0.06064721196889877
train/bc_loss,8108,1786567076.411997,0.049554526805877686
train/bc_loss,8118,1786567076.497778,0.0028748440090566874
train/bc_loss,8128,1786567076.574977,0.02552458643913269
train/bc_loss,8138,1786567076.649292,0.0025116847828030586
train/bc_loss,8148,1786567076.750092,0.004004779737442732
train/bc_loss,8158,1786567076.840612,0.001730842050164938
train/bc_loss,8168,1786567076.908368,0.0069689564406871796
train/bc_loss,8178,1786567076.987797,0.005245289299637079
train/bc_loss,8188,1786567077.069123,0.03240441158413887
train/bc_loss,8198,1786567077.155495,0.005324691999703646
train/bc_loss,8208,1786567077.231173,0.0071419281885027885
train/bc_loss,8218,1786567077.298566,0.001355691347271204
train/bc_loss,8228,1786567077.367375,0.0008423675317317247
train/bc_loss,8238,1786567077.456796,0.00029904526309110224
train/bc_loss,8248,1786567077.541288,0.023336393758654594
train/bc_loss,8258,1786567077.634525,0.005003883503377438
train/bc_loss,8268,1786567077.729592,0.011215094476938248
train/bc_loss,8278,1786567077.798573,0.05364874005317688
train/bc_loss,8288,1786567077.868386,0.031180130317807198
train/bc_loss,8298,1786567077.955577,0.00020391933503560722
train/bc_loss,8308,1786567078.041201,0.00469371909275651
train/bc_loss,8318,1786567078.119843,0.00320248119533062
train/bc_loss,8328,1786567078.204343,0.04852587729692459
train/bc_loss,8338,1786567078.295343,0.0192697886377573
train/bc_loss,8348,1786567078.376432,0.02669999748468399
train/bc_loss,8358,1786567078.463229,0.019387343898415565
train/bc_loss,8368,1786567078.551351,0.0007872431306168437
train/bc_loss,8378,1786567078.632685,0.03436571732163429
train/bc_loss,8388,1786567078.721743,0.004009050317108631
train/bc_loss,8398,1786567078.808339,0.0032170445192605257
train/bc_loss,8408,1786567078.881810,0.045467786490917206
train/bc_loss,8418,1786567078.965722,0.03834729269146919
train/bc_loss,8428,1786567079.046888,0.002083528321236372
train/bc_loss,8438,1786567079.147114,0.07431533932685852
train/bc_loss,8448,1786567079.223078,0.05039927363395691
train/bc_loss,8458,1786567079.313889,0.000678186013828963
train/bc_loss,8468,1786567079.405278,0.022606197744607925
train/bc_loss,8478,1786567079.500074,0.04853329062461853
train/bc_loss,8488,1786567079.587005,0.055428050458431244
train/bc_loss,8498,1786567079.676513,0.017626462504267693
train/bc_loss,8508,1786567079.762736,0.033780138939619064
train/bc_loss,8518,1786567079.841803,0.023682614788413048
train/bc_loss,8528,1786567079.925911,0.03139446675777435
train/bc_loss,8538,1786567080.007494,0.0003622549120336771
train/bc_loss,8548,1786567080.096578,0.0012641658540815115
train/bc_loss,8558,1786567080.187071,0.03591424599289894
train/bc_loss,8568,1786567080.266953,0.0006991499103605747
train/bc_loss,8578,1786567080.348406,0.06881830096244812
train/bc_loss,8588,1786567080.441064,0.0015331907197833061
train/bc_loss,8598,1786567080.526727,0.035065118223428726
train/bc_loss,8608,1786567080.605712,0.0003390848287381232
train/bc_loss,8618,1786567080.710373,0.011076966300606728
train/bc_loss,8628,1786567080.797072,0.010189189575612545
train/bc_loss,8638,1786567080.880059,0.0004078125930391252
train/bc_loss,8648,1786567080.967439,0.030147934332489967
train/bc_loss,8658,1786567081.034686,0.03182249888777733
train/bc_loss,8668,1786567081.102159,0.049232788383960724
train/bc_loss,8678,1786567081.192561,0.0013824023772031069
train/bc_loss,8688,1786567081.268869,0.028651857748627663
train/bc_loss,8698,1786567081.357239,0.005935613997280598
train/bc_loss,8708,1786567081.425736,0.0005187637871131301
train/bc_loss,8718,1786567081.494620,0.008271555416285992
train/bc_loss,8728,1786567081.586663,0.03027632273733616
train/bc_loss,8738,1786567081.673977,0.003129260614514351
train/bc_loss,8748,1786567081.776491,0.012769337743520737
train/bc_loss,8758,1786567081.862374,0.019712282344698906
train/bc_loss,8768,1786567081.949619,0.0021038614213466644
train/bc_loss,8778,1786567082.021265,0.0012401614803820848
train/bc_loss,8788,1786567082.106582,0.0021247277036309242
train/bc_loss,8798,1786567082.192175,0.0009237681515514851
train/bc_loss,8808,1786567082.279932,0.006773711647838354
train/bc_loss,8818,1786567082.357357,0.0009551799157634377
train/bc_loss,8828,1786567082.452777,0.003737805411219597
train/bc_loss,8838,1786567082.537821,0.029247181490063667
train/bc_loss,8848,1786567082.628919,0.0023747070226818323
train/bc_loss,8858,1786567082.706630,0.001092492719180882
train/bc_loss,8868,1786567082.795499,0.004448488354682922
train/bc_loss,8878,1786567082.879065,0.006176575552672148
train/bc_loss,8889,1786567082.980832,0.01825598254799843
train/bc_loss,8899,1786567083.057335,0.011323840357363224
train/bc_loss,8909,1786567083.145822,0.0021911056246608496
train/bc_loss,8919,1786567083.229832,0.0012855147942900658
train/bc_loss,8929,1786567083.316762,0.009492938406765461
train/bc_loss,8939,1786567083.407879,0.0009232122101821005
train/bc_loss,8949,1786567083.485752,0.0024168435484170914
train/bc_loss,8959,1786567083.573236,0.0006777991075068712
train/bc_loss,8969,1786567083.648263,0.0038281683810055256
train/bc_loss,8979,1786567083.739322,0.007313803303986788
train/bc_loss,8989,1786567083.813173,0.00604669377207756
train/bc_loss,8999,1786567083.900683,0.008023256435990334
train/bc_loss,9009,1786567083.967860,0.03467865288257599
train/bc_loss,9019,1786567084.058301,0.005467311013489962
train/bc_loss,9029,1786567084.142172,0.005888748448342085
train/bc_loss,9039,1786567084.234287,0.002498367801308632
train/bc_loss,9049,1786567084.329441,0.012155151925981045
train/bc_loss,9059,1786567084.416431,0.0008913226774893701
train/bc_loss,9069,1786567084.506095,0.000871477008331567
train/bc_loss,9079,1786567084.601366,0.017549127340316772
train/bc_loss,9089,1786567084.691496,0.0007826786604709923
train/bc_loss,9099,1786567084.784709,0.012170197442173958
train/bc_loss,9109,1786567084.878526,0.058068010956048965
train/bc_loss,9119,1786567084.968183,0.000691623892635107
train/bc_loss,9129,1786567085.054806,0.003968613222241402
train/bc_loss,9139,1786567085.136314,0.00037174770841374993
train/bc_loss,9149,1786567085.224954,0.0017688004299998283
train/bc_loss,9159,1786567085.308414,0.0005608231876976788
train/bc_loss,9169,1786567085.372081,0.002818081295117736
train/bc_loss,9179,1786567085.457219,0.002993854694068432
train/bc_loss,9189,1786567085.534893,0.02330140955746174
train/bc_loss,9199,1786567085.614248,0.001953011960722506
train/bc_loss,9209,1786567085.688303,0.0008441993268206716
train/bc_loss,9219,1786567085.763860,0.03267940133810043
train/bc_loss,9229,1786567085.846426,0.00476420670747757
train/bc_loss,9239,1786567085.930183,0.03374144062399864
train/bc_loss,9249,1786567086.008413,0.0046637761406600475
train/bc_loss,9259,1786567086.093518,0.0007355797570198774
train/bc_loss,9269,1786567086.170928,0.0029039441142231226
train/bc_loss,9279,1786567086.256762,0.01731957122683525
train/bc_loss,9289,1786567086.337672,0.0009661616059020162
train/bc_loss,9299,1786567086.410122,0.0006274970946833491
train/bc_loss,9309,1786567086.489340,0.0014415316982194781
train/bc_loss,9319,1786567086.581786,0.0006494472036138177
train/bc_loss,9329,1786567086.670551,0.00045194619451649487
train/bc_loss,9339,1786567086.754864,0.07492336630821228
train/bc_loss,9349,1786567086.834030,0.014260610565543175
train/bc_loss,9359,1786567086.922356,0.007807168178260326
train/bc_loss,9369,1786567087.002122,0.0018108743242919445
train/bc_loss,9379,1786567087.089709,0.0029331522528082132
train/bc_loss,9389,1786567087.175232,0.0020044450648128986
train/bc_loss,9399,1786567087.267152,0.0007801632746122777
train/bc_loss,9409,1786567087.352191,0.0007545541739091277
train/bc_loss,9419,1786567087.439293,0.0017562716966494918
train/bc_loss,9429,1786567087.514783,0.012667953036725521
train/bc_loss,9439,1786567087.601234,0.039644960314035416
train/bc_loss,9449,1786567087.677974,0.012849776074290276
train/bc_loss,9459,1786567087.740603,0.05950651317834854
train/bc_loss,9469,1786567087.825282,0.013355828821659088
train/bc_loss,9479,1786567087.911483,0.0016218603122979403
train/bc_loss,9489,1786567087.986557,0.007266954518854618
train/bc_loss,9499,1786567088.070304,0.0045859236270189285
train/bc_loss,9509,1786567088.169084,0.01846044696867466
train/bc_loss,9519,1786567088.266724,0.010821336880326271
train/bc_loss,9529,1786567088.349132,0.02878868207335472
train/bc_loss,9539,1786567088.432940,0.03064919449388981
train/bc_loss,9549,1786567088.522052,0.014100052416324615
train/bc_loss,9559,1786567088.610284,0.08537200093269348
train/bc_loss,9569,1786567088.693923,0.023273669183254242
train/bc_loss,9579,1786567088.771318,0.03882640600204468
train/bc_loss,9589,1786567088.849952,0.005226179491728544
train/bc_loss,9599,1786567088.921763,0.015960630029439926
train/bc_loss,9609,1786567089.007461,0.004097801633179188
train/bc_loss,9619,1786567089.086297,0.024419685825705528
train/bc_loss,9629,1786567089.165263,0.048956312239170074
train/bc_loss,9639,1786567089.244550,0.0019631460309028625
train/bc_loss,9649,1786567089.320654,0.0009334381902590394
train/bc_loss,9659,1786567089.413823,0.013790472410619259
train/bc_loss,9669,1786567089.502863,0.008059618063271046
train/bc_loss,9679,1786567089.592270,0.023821810260415077
train/bc_loss,9689,1786567089.673687,0.0032636597752571106
train/bc_loss,9699,1786567089.741438,0.007306425366550684
train/bc_loss,9709,1786567089.827598,0.003473721444606781
train/bc_loss,9719,1786567089.917040,0.03349190577864647
train/bc_loss,9729,1786567090.008871,0.006640702951699495
train/bc_loss,9739,1786567090.092499,0.012099827639758587
train/bc_loss,9749,1786567090.180368,0.005787068512290716
train/bc_loss,9759,1786567090.265657,0.0004076313634868711
train/bc_loss,9769,1786567090.346411,0.0052815699018538
train/bc_loss,9779,1786567090.429375,0.00827077031135559
train/bc_loss,9789,1786567090.507276,0.05159199982881546
train/bc_loss,9799,1786567090.592351,0.0007261809660121799
train/bc_loss,9809,1786567090.671571,0.04425696283578873
train/bc_loss,9819,1786567090.766241,0.03545863553881645
train/bc_loss,9829,1786567090.863293,0.012606079690158367
train/bc_loss,9839,1786567090.953798,0.03217576816678047
train/bc_loss,9849,1786567091.056671,0.0023257541470229626
train/bc_loss,9859,1786567091.142836,0.013957439921796322
train/bc_loss,9869,1786567091.228154,0.026231929659843445
train/bc_loss,9879,1786567091.323633,0.019290367141366005
train/bc_loss,9889,1786567091.405637,0.005499966908246279
train/bc_loss,9899,1786567091.475080,0.015915311872959137
train/bc_loss,9909,1786567091.564714,0.007075579836964607
train/bc_loss,9919,1786567091.649558,0.0005330104031600058
train/bc_loss,9929,1786567091.734075,0.008831733837723732
train/bc_loss,9939,1786567091.814504,0.0013343887403607368
train/bc_loss,9949,1786567091.896027,0.0034332263749092817
train/bc_loss,9959,1786567091.993813,0.0036420305259525776
train/bc_loss,9969,1786567092.090894,0.02344905212521553
train/bc_loss,9979,1786567092.170206,0.001688436372205615
train/bc_loss,9989,1786567092.265635,0.0019003470661118627
train/bc_loss,10000,1786567092.363990,0.009006291627883911
