tag,step,wall_time,value
action/longitudinal_max,132,1786561551.822189,0.9806779026985168
action/longitudinal_max,223,1786561565.886638,0.9788195490837097
action/longitudinal_max,322,1786561576.429918,0.9888015985488892
action/longitudinal_max,418,1786561587.056523,0.9837806820869446
action/longitudinal_max,499,1786561599.216588,0.9996171593666077
action/longitudinal_max,732,1786561622.569796,0.9921425580978394
action/longitudinal_max,766,1786561626.173331,0.9665497541427612
action/longitudinal_max,818,1786561633.823684,0.9970531463623047
action/longitudinal_max,934,1786561645.983378,0.9658529758453369
action/longitudinal_max,981,1786561652.343435,0.96640545129776
action/longitudinal_max,1064,1786561660.111145,0.9577139616012573
action/longitudinal_max,1114,1786561666.312026,0.9472830295562744
action/longitudinal_max,1152,1786561675.677510,0.9898037910461426
action/longitudinal_max,1251,1786561694.203337,0.9922008514404297
action/longitudinal_max,1466,1786561719.194665,0.9998979568481445
action/longitudinal_max,1564,1786561738.893847,0.9179232120513916
action/longitudinal_max,1608,1786561748.235681,0.16842873394489288
action/longitudinal_max,1637,1786561755.517803,0.45583418011665344
action/longitudinal_max,1660,1786561759.743119,0.8313133716583252
action/longitudinal_max,1681,1786561764.276947,0.9670994877815247
action/longitudinal_max,1701,1786561768.004302,1.0
action/longitudinal_max,1720,1786561770.906920,1.0
action/longitudinal_max,1740,1786561773.498616,1.0
action/longitudinal_max,1759,1786561777.797009,1.0
action/longitudinal_max,1778,1786561782.171285,1.0
action/longitudinal_max,1790,1786561784.121237,1.0
action/longitudinal_max,1809,1786561788.255468,1.0
action/longitudinal_max,1829,1786561791.322399,1.0
action/longitudinal_max,1852,1786561793.913658,1.0
action/longitudinal_max,1913,1786561802.301996,0.9952453970909119
action/longitudinal_max,1933,1786561804.925910,1.0
action/longitudinal_max,1946,1786561808.362821,1.0
action/longitudinal_max,1958,1786561809.678503,1.0
action/longitudinal_max,1970,1786561812.663341,1.0
action/longitudinal_max,1986,1786561816.776057,1.0
action/longitudinal_max,2001,1786561819.188863,1.0
action/longitudinal_max,2011,1786561820.899756,1.0
action/longitudinal_max,2023,1786561822.599128,1.0
action/longitudinal_max,2037,1786561824.534486,1.0
action/longitudinal_max,2051,1786561826.536244,1.0
action/longitudinal_max,2067,1786561829.085282,1.0
action/longitudinal_max,2081,1786561831.214532,1.0
action/longitudinal_max,2098,1786561835.607095,1.0
action/longitudinal_max,2114,1786561839.946447,1.0
action/longitudinal_max,2130,1786561845.233341,1.0
action/longitudinal_max,2144,1786561847.309228,1.0
action/longitudinal_max,2169,1786561851.792672,1.0
action/longitudinal_max,2183,1786561854.019215,1.0
action/longitudinal_max,2195,1786561857.448302,1.0
action/longitudinal_max,2212,1786561860.164346,1.0
action/longitudinal_max,2880,1786561933.730761,1.0
action/longitudinal_max,2987,1786561950.538085,0.9916088581085205
action/longitudinal_max,3253,1786561984.678064,1.0
action/longitudinal_max,4196,1786562104.135259,1.0
action/longitudinal_max,5022,1786562206.708297,1.0
action/longitudinal_max,5764,1786562293.032100,1.0
action/longitudinal_max,5937,1786562317.445871,1.0
action/longitudinal_max,6721,1786562404.455299,1.0
action/longitudinal_max,7562,1786562520.951675,1.0
action/longitudinal_max,8170,1786562592.684021,1.0
action/longitudinal_max,9370,1786562733.996820,1.0
action/longitudinal_max,9696,1786562780.704154,1.0
action/longitudinal_max,10083,1786562826.022187,1.0
action/longitudinal_max,10196,1786562838.254604,1.0
action/longitudinal_max,10894,1786562928.997733,1.0
action/longitudinal_max,11547,1786563041.055735,1.0
action/longitudinal_max,12152,1786563128.568840,1.0
action/longitudinal_max,13097,1786563238.521284,1.0
action/longitudinal_max,14102,1786563360.153102,1.0
action/longitudinal_max,14949,1786563461.333728,1.0
action/longitudinal_max,16149,1786563611.423009,1.0
action/longitudinal_max,16427,1786563641.986245,1.0
action/longitudinal_max,16637,1786563667.697772,1.0
action/longitudinal_max,17388,1786563759.671275,1.0
action/longitudinal_max,18588,1786563889.243522,1.0
action/longitudinal_max,18764,1786563921.782374,1.0
action/longitudinal_max,18853,1786563932.214994,1.0
action/longitudinal_max,19217,1786563986.352463,1.0
action/longitudinal_max,19544,1786564028.375546,1.0
action/longitudinal_max,20000,1786564075.852030,1.0
action/longitudinal_mean,132,1786561551.822157,0.013157842680811882
action/longitudinal_mean,223,1786561565.886543,-0.015033588744699955
action/longitudinal_mean,322,1786561576.429889,0.00798224750906229
action/longitudinal_mean,418,1786561587.056448,-0.019768405705690384
action/longitudinal_mean,499,1786561599.216516,0.05148038640618324
action/longitudinal_mean,732,1786561622.569757,0.012561028823256493
action/longitudinal_mean,766,1786561626.173111,-0.07759074121713638
action/longitudinal_mean,818,1786561633.823428,0.08461061120033264
action/longitudinal_mean,934,1786561645.983290,0.02276141755282879
action/longitudinal_mean,981,1786561652.343271,-0.0959661528468132
action/longitudinal_mean,1064,1786561660.111114,0.04809120297431946
action/longitudinal_mean,1114,1786561666.312000,0.057008907198905945
action/longitudinal_mean,1152,1786561675.677216,0.002080650767311454
action/longitudinal_mean,1251,1786561694.203310,-0.02572297491133213
action/longitudinal_mean,1466,1786561719.194347,0.06838248670101166
action/longitudinal_mean,1564,1786561738.893820,-0.14439214766025543
action/longitudinal_mean,1608,1786561748.235536,-0.09702489525079727
action/longitudinal_mean,1637,1786561755.517775,0.23459263145923615
action/longitudinal_mean,1660,1786561759.743064,0.5865107178688049
action/longitudinal_mean,1681,1786561764.276919,0.798804759979248
action/longitudinal_mean,1701,1786561768.004229,0.8475532531738281
action/longitudinal_mean,1720,1786561770.906784,0.9265716671943665
action/longitudinal_mean,1740,1786561773.498588,0.9051058888435364
action/longitudinal_mean,1759,1786561777.796920,0.9102596640586853
action/longitudinal_mean,1778,1786561782.171114,0.937737226486206
action/longitudinal_mean,1790,1786561784.121164,0.9462606310844421
action/longitudinal_mean,1809,1786561788.255375,0.9338917136192322
action/longitudinal_mean,1829,1786561791.322359,0.9007365107536316
action/longitudinal_mean,1852,1786561793.913589,0.782238245010376
action/longitudinal_mean,1913,1786561802.301966,0.45941805839538574
action/longitudinal_mean,1933,1786561804.925827,0.8958074450492859
action/longitudinal_mean,1946,1786561808.362698,0.898818850517273
action/longitudinal_mean,1958,1786561809.678427,0.9480865597724915
action/longitudinal_mean,1970,1786561812.663255,0.952613353729248
action/longitudinal_mean,1986,1786561816.776022,0.9380736947059631
action/longitudinal_mean,2001,1786561819.188733,0.9352851510047913
action/longitudinal_mean,2011,1786561820.899683,0.9699954986572266
action/longitudinal_mean,2023,1786561822.598996,0.9243773818016052
action/longitudinal_mean,2037,1786561824.534459,0.9378119707107544
action/longitudinal_mean,2051,1786561826.536169,0.9614599943161011
action/longitudinal_mean,2067,1786561829.085206,0.942359209060669
action/longitudinal_mean,2081,1786561831.214461,0.9441184997558594
action/longitudinal_mean,2098,1786561835.607061,0.9598479270935059
action/longitudinal_mean,2114,1786561839.946360,0.9679921865463257
action/longitudinal_mean,2130,1786561845.233252,0.9518779516220093
action/longitudinal_mean,2144,1786561847.309143,0.9807577133178711
action/longitudinal_mean,2169,1786561851.792643,0.9241044521331787
action/longitudinal_mean,2183,1786561854.019160,0.949299156665802
action/longitudinal_mean,2195,1786561857.448252,0.9490684866905212
action/longitudinal_mean,2212,1786561860.164296,0.9377191066741943
action/longitudinal_mean,2880,1786561933.730730,0.456072062253952
action/longitudinal_mean,2987,1786561950.538055,0.740378201007843
action/longitudinal_mean,3253,1786561984.678013,0.3278370201587677
action/longitudinal_mean,4196,1786562104.135227,0.9109883904457092
action/longitudinal_mean,5022,1786562206.708265,0.9348215460777283
action/longitudinal_mean,5764,1786562293.032050,0.9501255750656128
action/longitudinal_mean,5937,1786562317.445830,0.9077742695808411
action/longitudinal_mean,6721,1786562404.455267,0.6812833547592163
action/longitudinal_mean,7562,1786562520.951637,0.915774941444397
action/longitudinal_mean,8170,1786562592.683988,0.8630642294883728
action/longitudinal_mean,9370,1786562733.996788,0.9572023749351501
action/longitudinal_mean,9696,1786562780.704066,0.6641238331794739
action/longitudinal_mean,10083,1786562826.022141,0.7142974138259888
action/longitudinal_mean,10196,1786562838.254572,0.9542876482009888
action/longitudinal_mean,10894,1786562928.997686,0.9539735317230225
action/longitudinal_mean,11547,1786563041.055705,0.8434741497039795
action/longitudinal_mean,12152,1786563128.568796,0.6888743042945862
action/longitudinal_mean,13097,1786563238.521253,0.7252699732780457
action/longitudinal_mean,14102,1786563360.153069,0.9233370423316956
action/longitudinal_mean,14949,1786563461.333698,0.6716433763504028
action/longitudinal_mean,16149,1786563611.422914,0.6648841500282288
action/longitudinal_mean,16427,1786563641.986214,0.752349853515625
action/longitudinal_mean,16637,1786563667.697733,0.8999327421188354
action/longitudinal_mean,17388,1786563759.671230,0.8182858824729919
action/longitudinal_mean,18588,1786563889.243481,0.6787639260292053
action/longitudinal_mean,18764,1786563921.782346,0.9532099366188049
action/longitudinal_mean,18853,1786563932.214960,0.1798558384180069
action/longitudinal_mean,19217,1786563986.352432,0.893561065196991
action/longitudinal_mean,19544,1786564028.375509,0.7439509630203247
action/longitudinal_mean,20000,1786564075.851977,0.9542630910873413
action/longitudinal_min,132,1786561551.822181,-0.9765718579292297
action/longitudinal_min,223,1786561565.886615,-0.9687878489494324
action/longitudinal_min,322,1786561576.429910,-0.9945935606956482
action/longitudinal_min,418,1786561587.056502,-0.9922792911529541
action/longitudinal_min,499,1786561599.216567,-0.9896940588951111
action/longitudinal_min,732,1786561622.569789,-0.9986715912818909
action/longitudinal_min,766,1786561626.173322,-0.9674944281578064
action/longitudinal_min,818,1786561633.823653,-0.9606167078018188
action/longitudinal_min,934,1786561645.983355,-0.9925804734230042
action/longitudinal_min,981,1786561652.343372,-0.9875931739807129
action/longitudinal_min,1064,1786561660.111138,-0.9968108534812927
action/longitudinal_min,1114,1786561666.312019,-0.9854379892349243
action/longitudinal_min,1152,1786561675.677487,-0.8951859474182129
action/longitudinal_min,1251,1786561694.203330,-0.9889791011810303
action/longitudinal_min,1466,1786561719.194632,-0.9898962378501892
action/longitudinal_min,1564,1786561738.893840,-0.931780219078064
action/longitudinal_min,1608,1786561748.235646,-0.38289985060691833
action/longitudinal_min,1637,1786561755.517796,-0.047867320477962494
action/longitudinal_min,1660,1786561759.743088,0.3777741491794586
action/longitudinal_min,1681,1786561764.276940,0.5342465043067932
action/longitudinal_min,1701,1786561768.004274,0.6063896417617798
action/longitudinal_min,1720,1786561770.906876,0.8206943273544312
action/longitudinal_min,1740,1786561773.498609,0.7874517440795898
action/longitudinal_min,1759,1786561777.796967,0.7093266844749451
action/longitudinal_min,1778,1786561782.171234,0.7959040999412537
action/longitudinal_min,1790,1786561784.121208,0.8160342574119568
action/longitudinal_min,1809,1786561788.255439,0.7876672148704529
action/longitudinal_min,1829,1786561791.322392,0.7454915046691895
action/longitudinal_min,1852,1786561793.913613,0.3983846604824066
action/longitudinal_min,1913,1786561802.301989,0.10671962052583694
action/longitudinal_min,1933,1786561804.925875,0.7226258516311646
action/longitudinal_min,1946,1786561808.362792,0.7989327311515808
action/longitudinal_min,1958,1786561809.678472,0.8539109826087952
action/longitudinal_min,1970,1786561812.663306,0.7836013436317444
action/longitudinal_min,1986,1786561816.776048,0.8154534101486206
action/longitudinal_min,2001,1786561819.188833,0.8029364347457886
action/longitudinal_min,2011,1786561820.899729,0.8275254964828491
action/longitudinal_min,2023,1786561822.599055,0.7597695589065552
action/longitudinal_min,2037,1786561824.534479,0.8434826731681824
action/longitudinal_min,2051,1786561826.536216,0.8014662861824036
action/longitudinal_min,2067,1786561829.085252,0.7563410997390747
action/longitudinal_min,2081,1786561831.214504,0.6877923607826233
action/longitudinal_min,2098,1786561835.607086,0.8560337424278259
action/longitudinal_min,2114,1786561839.946419,0.8084821701049805
action/longitudinal_min,2130,1786561845.233314,0.8162933588027954
action/longitudinal_min,2144,1786561847.309221,0.9114356637001038
action/longitudinal_min,2169,1786561851.792665,0.7623699903488159
action/longitudinal_min,2183,1786561854.019184,0.8607407808303833
action/longitudinal_min,2195,1786561857.448274,0.8529974222183228
action/longitudinal_min,2212,1786561860.164316,0.8069694638252258
action/longitudinal_min,2880,1786561933.730753,-0.7319505214691162
action/longitudinal_min,2987,1786561950.538078,0.32655438780784607
action/longitudinal_min,3253,1786561984.678055,-0.7686540484428406
action/longitudinal_min,4196,1786562104.135252,-0.835912823677063
action/longitudinal_min,5022,1786562206.708290,-0.8710436820983887
action/longitudinal_min,5764,1786562293.032089,0.3820022940635681
action/longitudinal_min,5937,1786562317.445863,-0.06960726529359818
action/longitudinal_min,6721,1786562404.455292,-0.5862754583358765
action/longitudinal_min,7562,1786562520.951667,-0.49806278944015503
action/longitudinal_min,8170,1786562592.684014,-0.27367499470710754
action/longitudinal_min,9370,1786562733.996813,0.6732618808746338
action/longitudinal_min,9696,1786562780.704131,-0.4848628640174866
action/longitudinal_min,10083,1786562826.022174,-0.5664359927177429
action/longitudinal_min,10196,1786562838.254597,0.7535961270332336
action/longitudinal_min,10894,1786562928.997723,0.5487312078475952
action/longitudinal_min,11547,1786563041.055728,-0.49182549118995667
action/longitudinal_min,12152,1786563128.568830,-0.8694634437561035
action/longitudinal_min,13097,1786563238.521277,-0.7382572889328003
action/longitudinal_min,14102,1786563360.153094,-0.5346437096595764
action/longitudinal_min,14949,1786563461.333721,-1.0
action/longitudinal_min,16149,1786563611.422981,-1.0
action/longitudinal_min,16427,1786563641.986238,-0.8908132910728455
action/longitudinal_min,16637,1786563667.697765,0.14061732590198517
action/longitudinal_min,17388,1786563759.671268,-1.0
action/longitudinal_min,18588,1786563889.243514,-1.0
action/longitudinal_min,18764,1786563921.782367,0.7084795236587524
action/longitudinal_min,18853,1786563932.214981,-0.7406912446022034
action/longitudinal_min,19217,1786563986.352455,-0.26321569085121155
action/longitudinal_min,19544,1786564028.375539,-1.0
action/longitudinal_min,20000,1786564075.852021,0.30918172001838684
action/longitudinal_std,132,1786561551.822173,0.5636465549468994
action/longitudinal_std,223,1786561565.886588,0.5780896544456482
action/longitudinal_std,322,1786561576.429902,0.5743813514709473
action/longitudinal_std,418,1786561587.056479,0.5702384114265442
action/longitudinal_std,499,1786561599.216544,0.5884701013565063
action/longitudinal_std,732,1786561622.569779,0.6010980606079102
action/longitudinal_std,766,1786561626.173304,0.5694575905799866
action/longitudinal_std,818,1786561633.823458,0.5935502648353577
action/longitudinal_std,934,1786561645.983329,0.5808387398719788
action/longitudinal_std,981,1786561652.343302,0.6451234817504883
action/longitudinal_std,1064,1786561660.111130,0.562455415725708
action/longitudinal_std,1114,1786561666.312012,0.613512396812439
action/longitudinal_std,1152,1786561675.677456,0.5104411244392395
action/longitudinal_std,1251,1786561694.203322,0.6096174716949463
action/longitudinal_std,1466,1786561719.194502,0.5864077806472778
action/longitudinal_std,1564,1786561738.893833,0.3480191230773926
action/longitudinal_std,1608,1786561748.235548,0.1230529397726059
action/longitudinal_std,1637,1786561755.517788,0.11683131009340286
action/longitudinal_std,1660,1786561759.743079,0.1331789791584015
action/longitudinal_std,1681,1786561764.276932,0.10380800068378448
action/longitudinal_std,1701,1786561768.004241,0.10293066501617432
action/longitudinal_std,1720,1786561770.906830,0.06574001908302307
action/longitudinal_std,1740,1786561773.498601,0.07845661044120789
action/longitudinal_std,1759,1786561777.796933,0.07627782970666885
action/longitudinal_std,1778,1786561782.171126,0.06076996028423309
action/longitudinal_std,1790,1786561784.121177,0.06564213335514069
action/longitudinal_std,1809,1786561788.255406,0.0649062842130661
action/longitudinal_std,1829,1786561791.322382,0.0771932527422905
action/longitudinal_std,1852,1786561793.913604,0.15650728344917297
action/longitudinal_std,1913,1786561802.301978,0.2271021455526352
action/longitudinal_std,1933,1786561804.925838,0.08734789490699768
action/longitudinal_std,1946,1786561808.362713,0.06797587126493454
action/longitudinal_std,1958,1786561809.678440,0.05767854303121567
action/longitudinal_std,1970,1786561812.663270,0.07209917902946472
action/longitudinal_std,1986,1786561816.776038,0.06052764132618904
action/longitudinal_std,2001,1786561819.188796,0.07828851789236069
action/longitudinal_std,2011,1786561820.899695,0.050034064799547195
action/longitudinal_std,2023,1786561822.599008,0.08432873338460922
action/longitudinal_std,2037,1786561824.534471,0.04973125085234642
action/longitudinal_std,2051,1786561826.536181,0.0680246353149414
action/longitudinal_std,2067,1786561829.085219,0.07548630982637405
action/longitudinal_std,2081,1786561831.214473,0.08758720755577087
action/longitudinal_std,2098,1786561835.607076,0.04899498075246811
action/longitudinal_std,2114,1786561839.946390,0.05489116907119751
action/longitudinal_std,2130,1786561845.233283,0.05648428201675415
action/longitudinal_std,2144,1786561847.309174,0.02892586961388588
action/longitudinal_std,2169,1786561851.792657,0.07266196608543396
action/longitudinal_std,2183,1786561854.019176,0.050049252808094025
action/longitudinal_std,2195,1786561857.448265,0.0504896305501461
action/longitudinal_std,2212,1786561860.164309,0.06208903715014458
action/longitudinal_std,2880,1786561933.730745,0.2702929675579071
action/longitudinal_std,2987,1786561950.538069,0.12820914387702942
action/longitudinal_std,3253,1786561984.678042,0.4205067455768585
action/longitudinal_std,4196,1786562104.135243,0.2274877429008484
action/longitudinal_std,5022,1786562206.708281,0.16328611969947815
action/longitudinal_std,5764,1786562293.032078,0.08095527440309525
action/longitudinal_std,5937,1786562317.445853,0.14836357533931732
action/longitudinal_std,6721,1786562404.455283,0.43082499504089355
action/longitudinal_std,7562,1786562520.951658,0.15235179662704468
action/longitudinal_std,8170,1786562592.684005,0.21659472584724426
action/longitudinal_std,9370,1786562733.996805,0.059992361813783646
action/longitudinal_std,9696,1786562780.704104,0.37192586064338684
action/longitudinal_std,10083,1786562826.022162,0.4211446940898895
action/longitudinal_std,10196,1786562838.254588,0.06276177614927292
action/longitudinal_std,10894,1786562928.997710,0.06822723895311356
action/longitudinal_std,11547,1786563041.055720,0.23259375989437103
action/longitudinal_std,12152,1786563128.568817,0.5267965793609619
action/longitudinal_std,13097,1786563238.521268,0.38899001479148865
action/longitudinal_std,14102,1786563360.153086,0.1687566339969635
action/longitudinal_std,14949,1786563461.333713,0.5347566604614258
action/longitudinal_std,16149,1786563611.422955,0.5869358777999878
action/longitudinal_std,16427,1786563641.986229,0.4678492546081543
action/longitudinal_std,16637,1786563667.697756,0.14823997020721436
action/longitudinal_std,17388,1786563759.671258,0.38734498620033264
action/longitudinal_std,18588,1786563889.243505,0.5782110095024109
action/longitudinal_std,18764,1786563921.782359,0.062084559351205826
action/longitudinal_std,18853,1786563932.214973,0.6814502477645874
action/longitudinal_std,19217,1786563986.352448,0.18566930294036865
action/longitudinal_std,19544,1786564028.375531,0.5157764554023743
action/longitudinal_std,20000,1786564075.852010,0.07376088201999664
action/steer_max,132,1786561551.822218,0.9976940155029297
action/steer_max,223,1786561565.886723,0.9806900024414062
action/steer_max,322,1786561576.429991,0.9985559582710266
action/steer_max,418,1786561587.056608,0.9746975302696228
action/steer_max,499,1786561599.216720,0.9476373791694641
action/steer_max,732,1786561622.569823,0.9960455894470215
action/steer_max,766,1786561626.173437,0.9651477932929993
action/steer_max,818,1786561633.823872,0.9967097640037537
action/steer_max,934,1786561645.983465,0.9781761765480042
action/steer_max,981,1786561652.343677,0.9963979125022888
action/steer_max,1064,1786561660.111332,0.9790501594543457
action/steer_max,1114,1786561666.312199,0.974869966506958
action/steer_max,1152,1786561675.677807,0.9603180885314941
action/steer_max,1251,1786561694.203365,0.9495745301246643
action/steer_max,1466,1786561719.194775,0.9999280571937561
action/steer_max,1564,1786561738.893988,0.9428711533546448
action/steer_max,1608,1786561748.235795,-0.4021521806716919
action/steer_max,1637,1786561755.517915,-0.6922237873077393
action/steer_max,1660,1786561759.743229,-0.7336435317993164
action/steer_max,1681,1786561764.277001,-0.7869168519973755
action/steer_max,1701,1786561768.004420,-0.9041481614112854
action/steer_max,1720,1786561770.907243,-0.7592369318008423
action/steer_max,1740,1786561773.498719,-0.8312355875968933
action/steer_max,1759,1786561777.797353,-0.7985042929649353
action/steer_max,1778,1786561782.171410,-0.7533999681472778
action/steer_max,1790,1786561784.121355,-0.8228490352630615
action/steer_max,1809,1786561788.255577,-0.8459779620170593
action/steer_max,1829,1786561791.322427,-0.7819041609764099
action/steer_max,1852,1786561793.913783,-0.39271366596221924
action/steer_max,1913,1786561802.302085,0.39539390802383423
action/steer_max,1933,1786561804.926047,0.6042917370796204
action/steer_max,1946,1786561808.362934,0.7672334313392639
action/steer_max,1958,1786561809.678614,0.8736869096755981
action/steer_max,1970,1786561812.663530,0.8221170902252197
action/steer_max,1986,1786561816.776293,0.8790426254272461
action/steer_max,2001,1786561819.188972,0.8839101195335388
action/steer_max,2011,1786561820.899868,0.9021214246749878
action/steer_max,2023,1786561822.599251,0.8672372102737427
action/steer_max,2037,1786561824.534738,0.882030189037323
action/steer_max,2051,1786561826.536354,0.9008165597915649
action/steer_max,2067,1786561829.085402,0.8847741484642029
action/steer_max,2081,1786561831.214644,0.7987812161445618
action/steer_max,2098,1786561835.607228,0.672528088092804
action/steer_max,2114,1786561839.946555,0.8597609400749207
action/steer_max,2130,1786561845.233448,0.9333359003067017
action/steer_max,2144,1786561847.309347,0.9195543527603149
action/steer_max,2169,1786561851.792699,0.6275084018707275
action/steer_max,2183,1786561854.019331,0.943152904510498
action/steer_max,2195,1786561857.448416,0.7105963826179504
action/steer_max,2212,1786561860.164456,0.8222095966339111
action/steer_max,2880,1786561933.730788,0.6269423365592957
action/steer_max,2987,1786561950.538112,0.5323828458786011
action/steer_max,3253,1786561984.678112,0.9059650301933289
action/steer_max,4196,1786562104.135286,1.0
action/steer_max,5022,1786562206.708324,0.5110905766487122
action/steer_max,5764,1786562293.032134,0.8515914082527161
action/steer_max,5937,1786562317.445898,0.9769054055213928
action/steer_max,6721,1786562404.455326,1.0
action/steer_max,7562,1786562520.951703,0.9904099106788635
action/steer_max,8170,1786562592.684051,0.3177163302898407
action/steer_max,9370,1786562733.996847,0.42887964844703674
action/steer_max,9696,1786562780.704242,0.8804640769958496
action/steer_max,10083,1786562826.022221,0.7170352935791016
action/steer_max,10196,1786562838.254632,0.2823374569416046
action/steer_max,10894,1786562928.997777,0.32296499609947205
action/steer_max,11547,1786563041.055762,0.5197699069976807
action/steer_max,12152,1786563128.568881,1.0
action/steer_max,13097,1786563238.529876,0.4336419999599457
action/steer_max,14102,1786563360.153136,0.8269991278648376
action/steer_max,14949,1786563461.333764,0.9357471466064453
action/steer_max,16149,1786563611.423097,0.4515529274940491
action/steer_max,16427,1786563641.986273,0.6204878091812134
action/steer_max,16637,1786563667.697800,0.417582631111145
action/steer_max,17388,1786563759.671304,0.5520563125610352
action/steer_max,18588,1786563889.243549,0.7942379713058472
action/steer_max,18764,1786563921.782401,0.3795161545276642
action/steer_max,18853,1786563932.215020,0.3179321885108948
action/steer_max,19217,1786563986.352490,0.4958663284778595
action/steer_max,19544,1786564028.375572,0.47862276434898376
action/steer_max,20000,1786564075.852064,0.3785587251186371
action/steer_mean,132,1786561551.822196,-0.03458955138921738
action/steer_mean,223,1786561565.886660,-0.05053376033902168
action/steer_mean,322,1786561576.429925,0.07471498847007751
action/steer_mean,418,1786561587.056545,-0.09568190574645996
action/steer_mean,499,1786561599.216610,-0.005513572599738836
action/steer_mean,732,1786561622.569803,0.04066001623868942
action/steer_mean,766,1786561626.173339,0.24200807511806488
action/steer_mean,818,1786561633.823804,0.046818409115076065
action/steer_mean,934,1786561645.983400,-0.019311105832457542
action/steer_mean,981,1786561652.343496,0.052825141698122025
action/steer_mean,1064,1786561660.111188,-0.10595360398292542
action/steer_mean,1114,1786561666.312084,0.034414175897836685
action/steer_mean,1152,1786561675.677532,0.15049022436141968
action/steer_mean,1251,1786561694.203344,-0.017474541440606117
action/steer_mean,1466,1786561719.194693,-0.018340613692998886
action/steer_mean,1564,1786561738.893854,-0.130442813038826
action/steer_mean,1608,1786561748.235710,-0.6345227956771851
action/steer_mean,1637,1786561755.517833,-0.8488141298294067
action/steer_mean,1660,1786561759.743147,-0.91791170835495
action/steer_mean,1681,1786561764.276954,-0.9521716833114624
action/steer_mean,1701,1786561768.004333,-0.9669489860534668
action/steer_mean,1720,1786561770.906965,-0.9498725533485413
action/steer_mean,1740,1786561773.498623,-0.9454562067985535
action/steer_mean,1759,1786561777.797155,-0.958652913570404
action/steer_mean,1778,1786561782.171320,-0.9636300802230835
action/steer_mean,1790,1786561784.121265,-0.953307569026947
action/steer_mean,1809,1786561788.255494,-0.9663414359092712
action/steer_mean,1829,1786561791.322406,-0.9489011764526367
action/steer_mean,1852,1786561793.913692,-0.7919531464576721
action/steer_mean,1913,1786561802.302003,0.04196900501847267
action/steer_mean,1933,1786561804.925944,0.28808584809303284
action/steer_mean,1946,1786561808.362850,0.5846522450447083
action/steer_mean,1958,1786561809.678530,0.7176589965820312
action/steer_mean,1970,1786561812.663371,0.6646422743797302
action/steer_mean,1986,1786561816.776257,0.6450880765914917
action/steer_mean,2001,1786561819.188891,0.7001528143882751
action/steer_mean,2011,1786561820.899783,0.8001023530960083
action/steer_mean,2023,1786561822.599165,0.7307693958282471
action/steer_mean,2037,1786561824.534703,0.7490477561950684
action/steer_mean,2051,1786561826.536271,0.7417006492614746
action/steer_mean,2067,1786561829.085313,0.6221083998680115
action/steer_mean,2081,1786561831.214559,0.5234976410865784
action/steer_mean,2098,1786561835.607130,0.4757654666900635
action/steer_mean,2114,1786561839.946476,0.608830451965332
action/steer_mean,2130,1786561845.233367,0.7429714202880859
action/steer_mean,2144,1786561847.309258,0.726744532585144
action/steer_mean,2169,1786561851.792679,0.1995665580034256
action/steer_mean,2183,1786561854.019244,0.7479493021965027
action/steer_mean,2195,1786561857.448333,0.5450026392936707
action/steer_mean,2212,1786561860.164372,0.43814417719841003
action/steer_mean,2880,1786561933.730768,0.006729254499077797
action/steer_mean,2987,1786561950.538091,0.0415654256939888
action/steer_mean,3253,1786561984.678078,0.13767609000205994
action/steer_mean,4196,1786562104.135266,0.025215227156877518
action/steer_mean,5022,1786562206.708304,-0.05264058709144592
action/steer_mean,5764,1786562293.032107,-0.006703668739646673
action/steer_mean,5937,1786562317.445878,0.0528656505048275
action/steer_mean,6721,1786562404.455306,0.026626206934452057
action/steer_mean,7562,1786562520.951682,0.023832613602280617
action/steer_mean,8170,1786562592.684029,-0.02612370252609253
action/steer_mean,9370,1786562733.996827,-0.02114345319569111
action/steer_mean,9696,1786562780.704176,0.04675990715622902
action/steer_mean,10083,1786562826.022195,0.01452811062335968
action/steer_mean,10196,1786562838.254611,0.03135796636343002
action/steer_mean,10894,1786562928.997743,-0.01844770833849907
action/steer_mean,11547,1786563041.055742,-0.034167706966400146
action/steer_mean,12152,1786563128.568850,0.030759474262595177
action/steer_mean,13097,1786563238.521291,-0.02611338347196579
action/steer_mean,14102,1786563360.153109,0.006578769069164991
action/steer_mean,14949,1786563461.333737,0.005399141926318407
action/steer_mean,16149,1786563611.423032,-0.03479296714067459
action/steer_mean,16427,1786563641.986252,-0.030602602288126945
action/steer_mean,16637,1786563667.697779,-0.031520016491413116
action/steer_mean,17388,1786563759.671282,-0.016651369631290436
action/steer_mean,18588,1786563889.243529,-0.02290376089513302
action/steer_mean,18764,1786563921.782381,-0.054777562618255615
action/steer_mean,18853,1786563932.215001,-3.723919508047402e-05
action/steer_mean,19217,1786563986.352470,0.0024203096982091665
action/steer_mean,19544,1786564028.375553,0.005640330724418163
action/steer_mean,20000,1786564075.852039,-0.0010165201965719461
action/steer_min,132,1786561551.822211,-0.9906090497970581
action/steer_min,223,1786561565.886702,-0.9771450757980347
action/steer_min,322,1786561576.429960,-0.9662566781044006
action/steer_min,418,1786561587.056587,-0.9989080429077148
action/steer_min,499,1786561599.216653,-0.922885537147522
action/steer_min,732,1786561622.569817,-0.9798725843429565
action/steer_min,766,1786561626.173398,-0.9391469955444336
action/steer_min,818,1786561633.823850,-0.9992653131484985
action/steer_min,934,1786561645.983444,-0.9818800091743469
action/steer_min,981,1786561652.343617,-0.9815040230751038
action/steer_min,1064,1786561660.111287,-0.9998525977134705
action/steer_min,1114,1786561666.312162,-0.9615358710289001
action/steer_min,1152,1786561675.677737,-0.9890103936195374
action/steer_min,1251,1786561694.203358,-0.9981934428215027
action/steer_min,1466,1786561719.194748,-0.9843795895576477
action/steer_min,1564,1786561738.893932,-0.9501087665557861
action/steer_min,1608,1786561748.235768,-0.8875880837440491
action/steer_min,1637,1786561755.517887,-1.0
action/steer_min,1660,1786561759.743202,-1.0
action/steer_min,1681,1786561764.276968,-1.0
action/steer_min,1701,1786561768.004394,-1.0
action/steer_min,1720,1786561770.907224,-1.0
action/steer_min,1740,1786561773.498692,-1.0
action/steer_min,1759,1786561777.797308,-1.0
action/steer_min,1778,1786561782.171384,-1.0
action/steer_min,1790,1786561784.121320,-1.0
action/steer_min,1809,1786561788.255550,-1.0
action/steer_min,1829,1786561791.322420,-1.0
action/steer_min,1852,1786561793.913754,-1.0
action/steer_min,1913,1786561802.302057,-0.3502516448497772
action/steer_min,1933,1786561804.926014,0.13529716432094574
action/steer_min,1946,1786561808.362907,0.3466201424598694
action/steer_min,1958,1786561809.678586,0.556340754032135
action/steer_min,1970,1786561812.663522,0.4495384395122528
action/steer_min,1986,1786561816.776285,0.32705727219581604
action/steer_min,2001,1786561819.188945,0.5469565391540527
action/steer_min,2011,1786561820.899843,0.6923899054527283
action/steer_min,2023,1786561822.599224,0.5904514193534851
action/steer_min,2037,1786561824.534731,0.5838583707809448
action/steer_min,2051,1786561826.536325,0.6171879172325134
action/steer_min,2067,1786561829.085374,0.3680664598941803
action/steer_min,2081,1786561831.214617,0.21807710826396942
action/steer_min,2098,1786561835.607196,0.15165074169635773
action/steer_min,2114,1786561839.946528,0.30064958333969116
action/steer_min,2130,1786561845.233422,0.5336708426475525
action/steer_min,2144,1786561847.309315,0.5598704814910889
action/steer_min,2169,1786561851.792693,-0.045454323291778564
action/steer_min,2183,1786561854.019304,0.4876249432563782
action/steer_min,2195,1786561857.448389,0.34282317757606506
action/steer_min,2212,1786561860.164426,0.03198018670082092
action/steer_min,2880,1786561933.730781,-0.44502243399620056
action/steer_min,2987,1786561950.538105,-0.3068215250968933
action/steer_min,3253,1786561984.678098,-0.41333216428756714
action/steer_min,4196,1786562104.135280,-0.49557068943977356
action/steer_min,5022,1786562206.708318,-0.930267333984375
action/steer_min,5764,1786562293.032126,-0.8868057727813721
action/steer_min,5937,1786562317.445891,-0.3122253119945526
action/steer_min,6721,1786562404.455320,-0.3958970010280609
action/steer_min,7562,1786562520.951696,-0.5352973341941833
action/steer_min,8170,1786562592.684044,-0.9860759973526001
action/steer_min,9370,1786562733.996841,-0.9777054190635681
action/steer_min,9696,1786562780.704220,-0.38726744055747986
action/steer_min,10083,1786562826.022212,-0.3783210217952728
action/steer_min,10196,1786562838.254625,-0.32054460048675537
action/steer_min,10894,1786562928.997764,-1.0
action/steer_min,11547,1786563041.055755,-1.0
action/steer_min,12152,1786563128.568872,-0.5208644270896912
action/steer_min,13097,1786563238.529866,-0.6499676704406738
action/steer_min,14102,1786563360.153129,-0.8887684941291809
action/steer_min,14949,1786563461.333757,-0.7336536049842834
action/steer_min,16149,1786563611.423075,-0.8586974143981934
action/steer_min,16427,1786563641.986266,-0.9022348523139954
action/steer_min,16637,1786563667.697793,-0.62352454662323
action/steer_min,17388,1786563759.671296,-0.7231947183609009
action/steer_min,18588,1786563889.243542,-1.0
action/steer_min,18764,1786563921.782394,-1.0
action/steer_min,18853,1786563932.215014,-0.33715641498565674
action/steer_min,19217,1786563986.352483,-0.38821637630462646
action/steer_min,19544,1786564028.375566,-0.3787314295768738
action/steer_min,20000,1786564075.852055,-0.4080473780632019
action/steer_std,132,1786561551.822204,0.5787630677223206
action/steer_std,223,1786561565.886681,0.6077774167060852
action/steer_std,322,1786561576.429931,0.6117505431175232
action/steer_std,418,1786561587.056566,0.5806570649147034
action/steer_std,499,1786561599.216631,0.5419238209724426
action/steer_std,732,1786561622.569810,0.6027736067771912
action/steer_std,766,1786561626.173346,0.5669492483139038
action/steer_std,818,1786561633.823828,0.6060003638267517
action/steer_std,934,1786561645.983422,0.5871728658676147
action/steer_std,981,1786561652.343557,0.5740917921066284
action/steer_std,1064,1786561660.111239,0.5415230989456177
action/steer_std,1114,1786561666.312126,0.5618690848350525
action/steer_std,1152,1786561675.677706,0.5717315077781677
action/steer_std,1251,1786561694.203351,0.5437753796577454
action/steer_std,1466,1786561719.194721,0.5543068051338196
action/steer_std,1564,1786561738.893860,0.40219390392303467
action/steer_std,1608,1786561748.235739,0.12184609472751617
action/steer_std,1637,1786561755.517860,0.09543587267398834
action/steer_std,1660,1786561759.743175,0.0788225531578064
action/steer_std,1681,1786561764.276961,0.05847780406475067
action/steer_std,1701,1786561768.004368,0.032935794442892075
action/steer_std,1720,1786561770.907013,0.07941638678312302
action/steer_std,1740,1786561773.498665,0.04919297620654106
action/steer_std,1759,1786561777.797189,0.0603458397090435
action/steer_std,1778,1786561782.171349,0.06422353535890579
action/steer_std,1790,1786561784.121292,0.07051405310630798
action/steer_std,1809,1786561788.255522,0.05237593501806259
action/steer_std,1829,1786561791.322413,0.05690206587314606
action/steer_std,1852,1786561793.913723,0.15966114401817322
action/steer_std,1913,1786561802.302050,0.1648881435394287
action/steer_std,1933,1786561804.925977,0.10743442922830582
action/steer_std,1946,1786561808.362879,0.09917978197336197
action/steer_std,1958,1786561809.678559,0.09960174560546875
action/steer_std,1970,1786561812.663504,0.10953336209058762
action/steer_std,1986,1786561816.776276,0.13615448772907257
action/steer_std,2001,1786561819.188918,0.10609456896781921
action/steer_std,2011,1786561820.899812,0.06536458432674408
action/steer_std,2023,1786561822.599195,0.08521611243486404
action/steer_std,2037,1786561824.534722,0.08887434005737305
action/steer_std,2051,1786561826.536298,0.07837995886802673
action/steer_std,2067,1786561829.085340,0.144081711769104
action/steer_std,2081,1786561831.214589,0.1348317712545395
action/steer_std,2098,1786561835.607165,0.14338739216327667
action/steer_std,2114,1786561839.946502,0.13554510474205017
action/steer_std,2130,1786561845.233395,0.0982753187417984
action/steer_std,2144,1786561847.309286,0.10526633262634277
action/steer_std,2169,1786561851.792686,0.17344069480895996
action/steer_std,2183,1786561854.019273,0.1313479095697403
action/steer_std,2195,1786561857.448360,0.09270210564136505
action/steer_std,2212,1786561860.164400,0.21906672418117523
action/steer_std,2880,1786561933.730774,0.13776560127735138
action/steer_std,2987,1786561950.538098,0.15136250853538513
action/steer_std,3253,1786561984.678086,0.2649959921836853
action/steer_std,4196,1786562104.135273,0.17266090214252472
action/steer_std,5022,1786562206.708311,0.1829722821712494
action/steer_std,5764,1786562293.032115,0.1614178866147995
action/steer_std,5937,1786562317.445884,0.18673186004161835
action/steer_std,6721,1786562404.455313,0.15946950018405914
action/steer_std,7562,1786562520.951689,0.17092537879943848
action/steer_std,8170,1786562592.684036,0.15676791965961456
action/steer_std,9370,1786562733.996834,0.14861829578876495
action/steer_std,9696,1786562780.704198,0.1899508237838745
action/steer_std,10083,1786562826.022204,0.13593168556690216
action/steer_std,10196,1786562838.254618,0.12818476557731628
action/steer_std,10894,1786562928.997754,0.14870738983154297
action/steer_std,11547,1786563041.055749,0.1852932572364807
action/steer_std,12152,1786563128.568863,0.17151953279972076
action/steer_std,13097,1786563238.529857,0.1391240507364273
action/steer_std,14102,1786563360.153116,0.15379416942596436
action/steer_std,14949,1786563461.333750,0.15532834827899933
action/steer_std,16149,1786563611.423054,0.14869529008865356
action/steer_std,16427,1786563641.986259,0.20213744044303894
action/steer_std,16637,1786563667.697786,0.16544777154922485
action/steer_std,17388,1786563759.671289,0.15947256982326508
action/steer_std,18588,1786563889.243536,0.17813684046268463
action/steer_std,18764,1786563921.782388,0.18516045808792114
action/steer_std,18853,1786563932.215008,0.13257400691509247
action/steer_std,19217,1786563986.352477,0.1299276053905487
action/steer_std,19544,1786564028.375559,0.14480043947696686
action/steer_std,20000,1786564075.852047,0.12442930787801743
episode/cost,132,1786561551.821045,20.0
episode/cost,223,1786561565.884870,20.0
episode/cost,322,1786561576.429232,20.0
episode/cost,418,1786561587.055496,20.0
episode/cost,499,1786561599.215105,20.0
episode/cost,732,1786561622.568296,20.0
episode/cost,766,1786561626.172330,20.0
episode/cost,818,1786561633.822465,20.0
episode/cost,934,1786561645.982091,20.0
episode/cost,981,1786561652.341973,20.0
episode/cost,1064,1786561660.110179,20.0
episode/cost,1114,1786561666.311382,20.0
episode/cost,1152,1786561675.675679,20.0
episode/cost,1251,1786561694.202635,30.0
episode/cost,1466,1786561719.193220,20.0
episode/cost,1564,1786561738.892851,20.0
episode/cost,1608,1786561748.234920,20.0
episode/cost,1637,1786561755.517204,20.0
episode/cost,1660,1786561759.742491,20.0
episode/cost,1681,1786561764.276486,20.0
episode/cost,1701,1786561768.003786,20.0
episode/cost,1720,1786561770.905818,20.0
episode/cost,1740,1786561773.497932,20.0
episode/cost,1759,1786561777.796364,20.0
episode/cost,1778,1786561782.170715,20.0
episode/cost,1790,1786561784.120675,20.0
episode/cost,1809,1786561788.254850,20.0
episode/cost,1829,1786561791.321633,20.0
episode/cost,1852,1786561793.912923,20.0
episode/cost,1913,1786561802.301404,20.0
episode/cost,1933,1786561804.925343,20.0
episode/cost,1946,1786561808.362032,20.0
episode/cost,1958,1786561809.677783,20.0
episode/cost,1970,1786561812.662765,20.0
episode/cost,1986,1786561816.774713,20.0
episode/cost,2001,1786561819.188039,20.0
episode/cost,2011,1786561820.899193,20.0
episode/cost,2023,1786561822.598465,20.0
episode/cost,2037,1786561824.533730,20.0
episode/cost,2051,1786561826.535698,20.0
episode/cost,2067,1786561829.084703,20.0
episode/cost,2081,1786561831.213863,20.0
episode/cost,2098,1786561835.606422,20.0
episode/cost,2114,1786561839.945551,20.0
episode/cost,2130,1786561845.232759,20.0
episode/cost,2144,1786561847.308449,20.0
episode/cost,2169,1786561851.791957,20.0
episode/cost,2183,1786561854.018627,20.0
episode/cost,2195,1786561857.447872,20.0
episode/cost,2212,1786561860.163702,20.0
episode/cost,2880,1786561933.729677,20.0
episode/cost,2987,1786561950.537386,20.0
episode/cost,3253,1786561984.676951,20.0
episode/cost,4196,1786562104.134238,40.0
episode/cost,5022,1786562206.706767,80.0
episode/cost,5764,1786562293.030760,60.0
episode/cost,5937,1786562317.445243,30.0
episode/cost,6721,1786562404.454051,50.0
episode/cost,7562,1786562520.950360,20.0
episode/cost,8170,1786562592.682955,30.0
episode/cost,9370,1786562733.995308,20.0
episode/cost,9696,1786562780.702295,20.0
episode/cost,10083,1786562826.021108,30.0
episode/cost,10196,1786562838.253821,30.0
episode/cost,10894,1786562928.986761,30.0
episode/cost,11547,1786563041.054660,40.0
episode/cost,12152,1786563128.557982,30.0
episode/cost,13097,1786563238.520243,40.0
episode/cost,14102,1786563360.151806,30.0
episode/cost,14949,1786563461.332716,50.0
episode/cost,16149,1786563611.421139,20.0
episode/cost,16427,1786563641.985397,20.0
episode/cost,16637,1786563667.696796,40.0
episode/cost,17388,1786563759.669872,30.0
episode/cost,18588,1786563889.241971,30.0
episode/cost,18764,1786563921.781471,30.0
episode/cost,18853,1786563932.214115,20.0
episode/cost,19217,1786563986.351511,30.0
episode/cost,19544,1786564028.374426,30.0
episode/cost,20000,1786564075.850863,20.0
episode/index,132,1786561551.821061,0.0
episode/index,223,1786561565.884884,1.0
episode/index,322,1786561576.429246,2.0
episode/index,418,1786561587.055539,3.0
episode/index,499,1786561599.215148,4.0
episode/index,732,1786561622.568312,5.0
episode/index,766,1786561626.172347,6.0
episode/index,818,1786561633.822508,7.0
episode/index,934,1786561645.982108,8.0
episode/index,981,1786561652.342002,9.0
episode/index,1064,1786561660.110193,10.0
episode/index,1114,1786561666.311395,11.0
episode/index,1152,1786561675.675722,12.0
episode/index,1251,1786561694.202649,13.0
episode/index,1466,1786561719.193238,14.0
episode/index,1564,1786561738.892998,15.0
episode/index,1608,1786561748.235066,16.0
episode/index,1637,1786561755.517271,17.0
episode/index,1660,1786561759.742594,18.0
episode/index,1681,1786561764.276502,19.0
episode/index,1701,1786561768.003813,20.0
episode/index,1720,1786561770.905963,21.0
episode/index,1740,1786561773.498153,22.0
episode/index,1759,1786561777.796391,23.0
episode/index,1778,1786561782.170742,24.0
episode/index,1790,1786561784.120702,25.0
episode/index,1809,1786561788.254886,26.0
episode/index,1829,1786561791.321805,27.0
episode/index,1852,1786561793.913064,28.0
episode/index,1913,1786561802.301468,29.0
episode/index,1933,1786561804.925370,30.0
episode/index,1946,1786561808.362134,31.0
episode/index,1958,1786561809.677967,32.0
episode/index,1970,1786561812.662813,33.0
episode/index,1986,1786561816.774862,34.0
episode/index,2001,1786561819.188365,35.0
episode/index,2011,1786561820.899352,36.0
episode/index,2023,1786561822.598554,37.0
episode/index,2037,1786561824.533924,38.0
episode/index,2051,1786561826.535725,39.0
episode/index,2067,1786561829.084761,40.0
episode/index,2081,1786561831.213890,41.0
episode/index,2098,1786561835.606577,42.0
episode/index,2114,1786561839.945719,43.0
episode/index,2130,1786561845.232786,44.0
episode/index,2144,1786561847.308572,45.0
episode/index,2169,1786561851.791988,46.0
episode/index,2183,1786561854.018695,47.0
episode/index,2195,1786561857.447900,48.0
episode/index,2212,1786561860.163829,49.0
episode/index,2880,1786561933.729704,50.0
episode/index,2987,1786561950.537402,51.0
episode/index,3253,1786561984.677045,52.0
episode/index,4196,1786562104.134269,53.0
episode/index,5022,1786562206.706924,54.0
episode/index,5764,1786562293.030894,55.0
episode/index,5937,1786562317.445259,56.0
episode/index,6721,1786562404.454077,57.0
episode/index,7562,1786562520.950717,58.0
episode/index,8170,1786562592.683207,59.0
episode/index,9370,1786562733.995421,60.0
episode/index,9696,1786562780.702621,61.0
episode/index,10083,1786562826.021180,62.0
episode/index,10196,1786562838.253981,63.0
episode/index,10894,1786562928.986869,64.0
episode/index,11547,1786563041.054687,65.0
episode/index,12152,1786563128.567585,66.0
episode/index,13097,1786563238.520404,67.0
episode/index,14102,1786563360.151992,68.0
episode/index,14949,1786563461.332733,69.0
episode/index,16149,1786563611.421206,70.0
episode/index,16427,1786563641.985423,71.0
episode/index,16637,1786563667.696861,72.0
episode/index,17388,1786563759.670000,73.0
episode/index,18588,1786563889.242086,74.0
episode/index,18764,1786563921.781665,75.0
episode/index,18853,1786563932.214291,76.0
episode/index,19217,1786563986.351580,77.0
episode/index,19544,1786564028.374566,78.0
episode/index,20000,1786564075.850882,79.0
episode/length,132,1786561551.821054,132.0
episode/length,223,1786561565.884877,91.0
episode/length,322,1786561576.429239,99.0
episode/length,418,1786561587.055517,96.0
episode/length,499,1786561599.215127,81.0
episode/length,732,1786561622.568304,233.0
episode/length,766,1786561626.172338,34.0
episode/length,818,1786561633.822487,52.0
episode/length,934,1786561645.982100,116.0
episode/length,981,1786561652.341981,47.0
episode/length,1064,1786561660.110186,83.0
episode/length,1114,1786561666.311388,50.0
episode/length,1152,1786561675.675701,38.0
episode/length,1251,1786561694.202642,99.0
episode/length,1466,1786561719.193228,215.0
episode/length,1564,1786561738.892944,98.0
episode/length,1608,1786561748.235048,44.0
episode/length,1637,1786561755.517242,29.0
episode/length,1660,1786561759.742563,23.0
episode/length,1681,1786561764.276495,21.0
episode/length,1701,1786561768.003804,20.0
episode/length,1720,1786561770.905914,19.0
episode/length,1740,1786561773.498025,20.0
episode/length,1759,1786561777.796382,19.0
episode/length,1778,1786561782.170733,19.0
episode/length,1790,1786561784.120693,12.0
episode/length,1809,1786561788.254873,19.0
episode/length,1829,1786561791.321787,20.0
episode/length,1852,1786561793.913014,23.0
episode/length,1913,1786561802.301440,61.0
episode/length,1933,1786561804.925361,20.0
episode/length,1946,1786561808.362100,13.0
episode/length,1958,1786561809.677949,12.0
episode/length,1970,1786561812.662782,12.0
episode/length,1986,1786561816.774810,16.0
episode/length,2001,1786561819.188348,15.0
episode/length,2011,1786561820.899334,10.0
episode/length,2023,1786561822.598510,12.0
episode/length,2037,1786561824.533739,14.0
episode/length,2051,1786561826.535716,14.0
episode/length,2067,1786561829.084733,16.0
episode/length,2081,1786561831.213881,14.0
episode/length,2098,1786561835.606560,17.0
episode/length,2114,1786561839.945700,16.0
episode/length,2130,1786561845.232777,16.0
episode/length,2144,1786561847.308529,14.0
episode/length,2169,1786561851.791975,25.0
episode/length,2183,1786561854.018666,14.0
episode/length,2195,1786561857.447891,12.0
episode/length,2212,1786561860.163720,17.0
episode/length,2880,1786561933.729696,668.0
episode/length,2987,1786561950.537395,107.0
episode/length,3253,1786561984.676998,266.0
episode/length,4196,1786562104.134259,943.0
episode/length,5022,1786562206.706906,826.0
episode/length,5764,1786562293.030849,742.0
episode/length,5937,1786562317.445251,173.0
episode/length,6721,1786562404.454069,784.0
episode/length,7562,1786562520.950699,841.0
episode/length,8170,1786562592.683188,608.0
episode/length,9370,1786562733.995385,1200.0
episode/length,9696,1786562780.702482,326.0
episode/length,10083,1786562826.021143,387.0
episode/length,10196,1786562838.253840,113.0
episode/length,10894,1786562928.986836,698.0
episode/length,11547,1786563041.054678,653.0
episode/length,12152,1786563128.558005,605.0
episode/length,13097,1786563238.520386,945.0
episode/length,14102,1786563360.151965,1005.0
episode/length,14949,1786563461.332725,847.0
episode/length,16149,1786563611.421178,1200.0
episode/length,16427,1786563641.985415,278.0
episode/length,16637,1786563667.696831,210.0
episode/length,17388,1786563759.669958,751.0
episode/length,18588,1786563889.242048,1200.0
episode/length,18764,1786563921.781647,176.0
episode/length,18853,1786563932.214272,89.0
episode/length,19217,1786563986.351549,364.0
episode/length,19544,1786564028.374519,327.0
episode/length,20000,1786564075.850874,456.0
episode/reward,132,1786561551.821036,-50.093109130859375
episode/reward,223,1786561565.884863,-44.898704528808594
episode/reward,322,1786561576.429225,-16.800039291381836
episode/reward,418,1786561587.055474,-48.370208740234375
episode/reward,499,1786561599.215083,-36.46818161010742
episode/reward,732,1786561622.568289,-92.9850845336914
episode/reward,766,1786561626.172321,-12.580127716064453
episode/reward,818,1786561633.822443,-12.210007667541504
episode/reward,934,1786561645.982082,-42.643882751464844
episode/reward,981,1786561652.341964,-7.186548709869385
episode/reward,1064,1786561660.110172,-37.84391784667969
episode/reward,1114,1786561666.311374,-24.98236083984375
episode/reward,1152,1786561675.675658,-20.846458435058594
episode/reward,1251,1786561694.202628,-79.44937133789062
episode/reward,1466,1786561719.193211,-43.30056381225586
episode/reward,1564,1786561738.892770,-27.85230255126953
episode/reward,1608,1786561748.234841,-39.16773223876953
episode/reward,1637,1786561755.517132,-28.065658569335938
episode/reward,1660,1786561759.742425,-21.6319522857666
episode/reward,1681,1786561764.276468,-19.62925148010254
episode/reward,1701,1786561768.003649,-19.75762367248535
episode/reward,1720,1786561770.905729,-17.692533493041992
episode/reward,1740,1786561773.497863,-19.347742080688477
episode/reward,1759,1786561777.796090,-18.81315803527832
episode/reward,1778,1786561782.170381,-19.095550537109375
episode/reward,1790,1786561784.120485,-10.637564659118652
episode/reward,1809,1786561788.254718,-18.960933685302734
episode/reward,1829,1786561791.321613,-19.367942810058594
episode/reward,1852,1786561793.912854,-21.614145278930664
episode/reward,1913,1786561802.301386,1.2853108644485474
episode/reward,1933,1786561804.925201,-8.933253288269043
episode/reward,1946,1786561808.361966,-11.271650314331055
episode/reward,1958,1786561809.677694,-10.357266426086426
episode/reward,1970,1786561812.662578,-10.002283096313477
episode/reward,1986,1786561816.774621,-12.964921951293945
episode/reward,2001,1786561819.188022,-12.397299766540527
episode/reward,2011,1786561820.899175,-10.95052433013916
episode/reward,2023,1786561822.598443,-9.968548774719238
episode/reward,2037,1786561824.533712,-14.131636619567871
episode/reward,2051,1786561826.535482,-13.907796859741211
episode/reward,2067,1786561829.084633,-12.355254173278809
episode/reward,2081,1786561831.213725,-10.932024955749512
episode/reward,2098,1786561835.606291,-11.895360946655273
episode/reward,2114,1786561839.945391,-12.075922012329102
episode/reward,2130,1786561845.232548,-13.042805671691895
episode/reward,2144,1786561847.308329,-14.46306037902832
episode/reward,2169,1786561851.791625,-11.003857612609863
episode/reward,2183,1786561854.018470,-10.972502708435059
episode/reward,2195,1786561857.447612,-9.783763885498047
episode/reward,2212,1786561860.163534,-13.441030502319336
episode/reward,2880,1786561933.729436,199.1338653564453
episode/reward,2987,1786561950.537368,37.972591400146484
episode/reward,3253,1786561984.676867,22.019439697265625
episode/reward,4196,1786562104.133946,446.5271911621094
episode/reward,5022,1786562206.706620,209.63487243652344
episode/reward,5764,1786562293.030682,303.4731140136719
episode/reward,5937,1786562317.445225,46.84218215942383
episode/reward,6721,1786562404.453919,295.5588073730469
episode/reward,7562,1786562520.950131,546.268310546875
episode/reward,8170,1786562592.682806,314.4168701171875
episode/reward,9370,1786562733.995226,676.0868530273438
episode/reward,9696,1786562780.702119,105.17064666748047
episode/reward,10083,1786562826.021042,209.44284057617188
episode/reward,10196,1786562838.253662,16.351184844970703
episode/reward,10894,1786562928.986634,368.0674743652344
episode/reward,11547,1786563041.054446,315.0372009277344
episode/reward,12152,1786563128.557808,278.13214111328125
episode/reward,13097,1786563238.520225,396.616455078125
episode/reward,14102,1786563360.151725,586.3296508789062
episode/reward,14949,1786563461.332698,405.70147705078125
episode/reward,16149,1786563611.421063,547.2037353515625
episode/reward,16427,1786563641.985125,139.30650329589844
episode/reward,16637,1786563667.696718,74.82296752929688
episode/reward,17388,1786563759.669801,426.0660400390625
episode/reward,18588,1786563889.241865,427.48736572265625
episode/reward,18764,1786563921.781329,54.851234436035156
episode/reward,18853,1786563932.214097,-6.651589870452881
episode/reward,19217,1786563986.351493,124.13763427734375
episode/reward,19544,1786564028.374348,170.23854064941406
episode/reward,20000,1786564075.850800,226.57061767578125
episode/route_completion,132,1786561551.821669,0.06249399110674858
episode/route_completion,223,1786561565.885741,0.02421095035970211
episode/route_completion,322,1786561576.429572,0.0317886658012867
episode/route_completion,418,1786561587.055971,0.05119047686457634
episode/route_completion,499,1786561599.215882,0.07954546809196472
episode/route_completion,732,1786561622.569180,0.07412131130695343
episode/route_completion,766,1786561626.172930,0.005363993346691132
episode/route_completion,818,1786561633.823138,0.02165883034467697
episode/route_completion,934,1786561645.982825,0.02870951220393181
episode/route_completion,981,1786561652.342802,0.0070851766504347324
episode/route_completion,1064,1786561660.110715,0.02418232522904873
episode/route_completion,1114,1786561666.311753,0.013411237858235836
episode/route_completion,1152,1786561675.676743,0.010968253947794437
episode/route_completion,1251,1786561694.202957,0.028056468814611435
episode/route_completion,1466,1786561719.193919,0.08073807507753372
episode/route_completion,1564,1786561738.893370,0.0232881810516119
episode/route_completion,1608,1786561748.235382,0.005204095970839262
episode/route_completion,1637,1786561755.517509,0.0
episode/route_completion,1660,1786561759.742816,0.0037739567924290895
episode/route_completion,1681,1786561764.276731,0.00396362878382206
episode/route_completion,1701,1786561768.004010,0.0
episode/route_completion,1720,1786561770.906536,0.0
episode/route_completion,1740,1786561773.498401,0.0034107412211596966
episode/route_completion,1759,1786561777.796601,0.003790005575865507
episode/route_completion,1778,1786561782.170878,0.0026406487450003624
episode/route_completion,1790,1786561784.120946,0.005404824391007423
episode/route_completion,1809,1786561788.255183,0.0023673144169151783
episode/route_completion,1829,1786561791.322038,0.0
episode/route_completion,1852,1786561793.913331,0.003013607347384095
episode/route_completion,1913,1786561802.301683,0.01954629272222519
episode/route_completion,1933,1786561804.925607,0.005903212353587151
episode/route_completion,1946,1786561808.362487,0.004686955362558365
episode/route_completion,1958,1786561809.678210,0.0
episode/route_completion,1970,1786561812.663029,0.0028351263608783484
episode/route_completion,1986,1786561816.775817,0.009729767218232155
episode/route_completion,2001,1786561819.188421,0.0057832240127027035
episode/route_completion,2011,1786561820.899474,0.0
episode/route_completion,2023,1786561822.598768,0.006764150690287352
episode/route_completion,2037,1786561824.534313,0.004723003134131432
episode/route_completion,2051,1786561826.535945,0.002592543140053749
episode/route_completion,2067,1786561829.084974,0.004679433535784483
episode/route_completion,2081,1786561831.214246,0.0029008600395172834
episode/route_completion,2098,1786561835.606797,0.005019910633563995
episode/route_completion,2114,1786561839.946136,0.003876642556861043
episode/route_completion,2130,1786561845.233049,0.005338811315596104
episode/route_completion,2144,1786561847.308922,0.0045707751996815205
episode/route_completion,2169,1786561851.792380,0.011428136378526688
episode/route_completion,2183,1786561854.018911,0.004693848546594381
episode/route_completion,2195,1786561857.448020,0.003791107563301921
episode/route_completion,2212,1786561860.164067,0.006013411097228527
episode/route_completion,2880,1786561933.729940,0.24365995824337006
episode/route_completion,2987,1786561950.537671,0.06483685970306396
episode/route_completion,3253,1786561984.677351,0.17876334488391876
episode/route_completion,4196,1786562104.134449,0.0
episode/route_completion,5022,1786562206.707497,0.0
episode/route_completion,5764,1786562293.031175,0.943906843662262
episode/route_completion,5937,1786562317.445446,0.22153592109680176
episode/route_completion,6721,1786562404.454553,0.6639575362205505
episode/route_completion,7562,1786562520.950778,0.5722546577453613
episode/route_completion,8170,1786562592.683269,0.2956106960773468
episode/route_completion,9370,1786562733.995686,0.7255712151527405
episode/route_completion,9696,1786562780.703152,0.15205931663513184
episode/route_completion,10083,1786562826.021533,0.1631404012441635
episode/route_completion,10196,1786562838.254214,0.07583723217248917
episode/route_completion,10894,1786562928.996775,0.4814176857471466
episode/route_completion,11547,1786563041.054902,0.44494396448135376
episode/route_completion,12152,1786563128.568011,0.23663842678070068
episode/route_completion,13097,1786563238.520622,0.500316858291626
episode/route_completion,14102,1786563360.152196,0.4440755844116211
episode/route_completion,14949,1786563461.332853,0.5839706063270569
episode/route_completion,16149,1786563611.421522,0.443022757768631
episode/route_completion,16427,1786563641.985731,0.1509869396686554
episode/route_completion,16637,1786563667.697099,0.18681600689888
episode/route_completion,17388,1786563759.670274,0.4296324849128723
episode/route_completion,18588,1786563889.242313,0.2602561116218567
episode/route_completion,18764,1786563921.781886,0.4349086284637451
episode/route_completion,18853,1786563932.214629,0.03564305603504181
episode/route_completion,19217,1786563986.351801,0.5471160411834717
episode/route_completion,19544,1786564028.374816,0.15475092828273773
episode/route_completion,20000,1786564075.851014,0.6373593807220459
episode/truncated_by_budget,132,1786561551.821144,0.0
episode/truncated_by_budget,223,1786561565.885027,0.0
episode/truncated_by_budget,322,1786561576.429431,0.0
episode/truncated_by_budget,418,1786561587.055621,0.0
episode/truncated_by_budget,499,1786561599.215370,0.0
episode/truncated_by_budget,732,1786561622.568491,0.0
episode/truncated_by_budget,766,1786561626.172541,0.0
episode/truncated_by_budget,818,1786561633.822656,0.0
episode/truncated_by_budget,934,1786561645.982180,0.0
episode/truncated_by_budget,981,1786561652.342255,0.0
episode/truncated_by_budget,1064,1786561660.110370,0.0
episode/truncated_by_budget,1114,1786561666.311466,0.0
episode/truncated_by_budget,1152,1786561675.675892,0.0
episode/truncated_by_budget,1251,1786561694.202707,0.0
episode/truncated_by_budget,1466,1786561719.193374,0.0
episode/truncated_by_budget,1564,1786561738.893047,0.0
episode/truncated_by_budget,1608,1786561748.235075,0.0
episode/truncated_by_budget,1637,1786561755.517298,0.0
episode/truncated_by_budget,1660,1786561759.742621,0.0
episode/truncated_by_budget,1681,1786561764.276509,0.0
episode/truncated_by_budget,1701,1786561768.003820,0.0
episode/truncated_by_budget,1720,1786561770.906011,0.0
episode/truncated_by_budget,1740,1786561773.498171,0.0
episode/truncated_by_budget,1759,1786561777.796398,0.0
episode/truncated_by_budget,1778,1786561782.170750,0.0
episode/truncated_by_budget,1790,1786561784.120747,0.0
episode/truncated_by_budget,1809,1786561788.254930,0.0
episode/truncated_by_budget,1829,1786561791.321814,0.0
episode/truncated_by_budget,1852,1786561793.913102,0.0
episode/truncated_by_budget,1913,1786561802.301494,0.0
episode/truncated_by_budget,1933,1786561804.925377,0.0
episode/truncated_by_budget,1946,1786561808.362162,0.0
episode/truncated_by_budget,1958,1786561809.677976,0.0
episode/truncated_by_budget,1970,1786561812.662843,0.0
episode/truncated_by_budget,1986,1786561816.774910,0.0
episode/truncated_by_budget,2001,1786561819.188374,0.0
episode/truncated_by_budget,2011,1786561820.899361,0.0
episode/truncated_by_budget,2023,1786561822.598582,0.0
episode/truncated_by_budget,2037,1786561824.533943,0.0
episode/truncated_by_budget,2051,1786561826.535756,0.0
episode/truncated_by_budget,2067,1786561829.084787,0.0
episode/truncated_by_budget,2081,1786561831.213897,0.0
episode/truncated_by_budget,2098,1786561835.606586,0.0
episode/truncated_by_budget,2114,1786561839.945728,0.0
episode/truncated_by_budget,2130,1786561845.232794,0.0
episode/truncated_by_budget,2144,1786561847.308725,0.0
episode/truncated_by_budget,2169,1786561851.791995,0.0
episode/truncated_by_budget,2183,1786561854.018722,0.0
episode/truncated_by_budget,2195,1786561857.447907,0.0
episode/truncated_by_budget,2212,1786561860.163866,0.0
episode/truncated_by_budget,2880,1786561933.729712,0.0
episode/truncated_by_budget,2987,1786561950.537409,0.0
episode/truncated_by_budget,3253,1786561984.677078,0.0
episode/truncated_by_budget,4196,1786562104.134276,0.0
episode/truncated_by_budget,5022,1786562206.706933,0.0
episode/truncated_by_budget,5764,1786562293.030930,0.0
episode/truncated_by_budget,5937,1786562317.445266,0.0
episode/truncated_by_budget,6721,1786562404.454231,0.0
episode/truncated_by_budget,7562,1786562520.950727,0.0
episode/truncated_by_budget,8170,1786562592.683217,0.0
episode/truncated_by_budget,9370,1786562733.995454,0.0
episode/truncated_by_budget,9696,1786562780.702678,0.0
episode/truncated_by_budget,10083,1786562826.021219,0.0
episode/truncated_by_budget,10196,1786562838.254006,0.0
episode/truncated_by_budget,10894,1786562928.986898,0.0
episode/truncated_by_budget,11547,1786563041.054820,0.0
episode/truncated_by_budget,12152,1786563128.567770,0.0
episode/truncated_by_budget,13097,1786563238.520413,0.0
episode/truncated_by_budget,14102,1786563360.152006,0.0
episode/truncated_by_budget,14949,1786563461.332740,0.0
episode/truncated_by_budget,16149,1786563611.421233,0.0
episode/truncated_by_budget,16427,1786563641.985430,0.0
episode/truncated_by_budget,16637,1786563667.696891,0.0
episode/truncated_by_budget,17388,1786563759.670039,0.0
episode/truncated_by_budget,18588,1786563889.242116,0.0
episode/truncated_by_budget,18764,1786563921.781698,0.0
episode/truncated_by_budget,18853,1786563932.214300,0.0
episode/truncated_by_budget,19217,1786563986.351607,0.0
episode/truncated_by_budget,19544,1786564028.374603,0.0
episode/truncated_by_budget,20000,1786564075.850890,1.0
events/collisions,132,1786561551.821604,0.0
events/collisions,223,1786561565.885531,0.0
events/collisions,322,1786561576.429520,0.0
events/collisions,418,1786561587.055927,0.0
events/collisions,499,1786561599.215778,0.0
events/collisions,732,1786561622.568886,0.0
events/collisions,766,1786561626.172773,1.0
events/collisions,818,1786561633.823094,1.0
events/collisions,934,1786561645.982780,0.0
events/collisions,981,1786561652.342703,1.0
events/collisions,1064,1786561660.110627,0.0
events/collisions,1114,1786561666.311697,0.0
events/collisions,1152,1786561675.676348,0.0
events/collisions,1251,1786561694.202899,0.0
events/collisions,1466,1786561719.193787,1.0
events/collisions,1564,1786561738.893283,1.0
events/collisions,1608,1786561748.235368,0.0
events/collisions,1637,1786561755.517453,1.0
events/collisions,1660,1786561759.742758,0.0
events/collisions,1681,1786561764.276544,0.0
events/collisions,1701,1786561768.003953,0.0
events/collisions,1720,1786561770.906449,0.0
events/collisions,1740,1786561773.498241,0.0
events/collisions,1759,1786561777.796433,0.0
events/collisions,1778,1786561782.170787,0.0
events/collisions,1790,1786561784.120893,1.0
events/collisions,1809,1786561788.255127,0.0
events/collisions,1829,1786561791.321849,0.0
events/collisions,1852,1786561793.913272,0.0
events/collisions,1913,1786561802.301631,0.0
events/collisions,1933,1786561804.925566,1.0
events/collisions,1946,1786561808.362435,1.0
events/collisions,1958,1786561809.678153,1.0
events/collisions,1970,1786561812.662975,1.0
events/collisions,1986,1786561816.775389,0.0
events/collisions,2001,1786561819.188408,0.0
events/collisions,2011,1786561820.899419,1.0
events/collisions,2023,1786561822.598716,1.0
events/collisions,2037,1786561824.534298,0.0
events/collisions,2051,1786561826.535888,0.0
events/collisions,2067,1786561829.084921,0.0
events/collisions,2081,1786561831.214171,1.0
events/collisions,2098,1786561835.606738,1.0
events/collisions,2114,1786561839.945970,0.0
events/collisions,2130,1786561845.232989,0.0
events/collisions,2144,1786561847.308867,0.0
events/collisions,2169,1786561851.792029,0.0
events/collisions,2183,1786561854.018858,1.0
events/collisions,2195,1786561857.447963,1.0
events/collisions,2212,1786561860.164013,0.0
events/collisions,2880,1786561933.729926,0.0
events/collisions,2987,1786561950.537442,0.0
events/collisions,3253,1786561984.677337,0.0
events/collisions,4196,1786562104.134309,0.0
events/collisions,5022,1786562206.707253,0.0
events/collisions,5764,1786562293.031108,0.0
events/collisions,5937,1786562317.445299,0.0
events/collisions,6721,1786562404.454489,0.0
events/collisions,7562,1786562520.950763,0.0
events/collisions,8170,1786562592.683255,1.0
events/collisions,9370,1786562733.995621,0.0
events/collisions,9696,1786562780.702975,1.0
events/collisions,10083,1786562826.021479,0.0
events/collisions,10196,1786562838.254045,1.0
events/collisions,10894,1786562928.996592,1.0
events/collisions,11547,1786563041.054868,1.0
events/collisions,12152,1786563128.567951,0.0
events/collisions,13097,1786563238.520591,0.0
events/collisions,14102,1786563360.152142,1.0
events/collisions,14949,1786563461.332798,0.0
events/collisions,16149,1786563611.421366,0.0
events/collisions,16427,1786563641.985703,1.0
events/collisions,16637,1786563667.697043,1.0
events/collisions,17388,1786563759.670214,1.0
events/collisions,18588,1786563889.242256,0.0
events/collisions,18764,1786563921.781834,1.0
events/collisions,18853,1786563932.214374,1.0
events/collisions,19217,1786563986.351747,1.0
events/collisions,19544,1786564028.374759,1.0
events/collisions,20000,1786564075.850924,0.0
events/red_lights,132,1786561551.821640,0.0
events/red_lights,223,1786561565.885584,0.0
events/red_lights,322,1786561576.429546,0.0
events/red_lights,418,1786561587.055949,0.0
events/red_lights,499,1786561599.215799,0.0
events/red_lights,732,1786561622.569162,0.0
events/red_lights,766,1786561626.172912,0.0
events/red_lights,818,1786561633.823116,0.0
events/red_lights,934,1786561645.982803,0.0
events/red_lights,981,1786561652.342755,0.0
events/red_lights,1064,1786561660.110670,0.0
events/red_lights,1114,1786561666.311726,0.0
events/red_lights,1152,1786561675.676554,0.0
events/red_lights,1251,1786561694.202929,1.0
events/red_lights,1466,1786561719.193853,0.0
events/red_lights,1564,1786561738.893327,0.0
events/red_lights,1608,1786561748.235375,0.0
events/red_lights,1637,1786561755.517481,0.0
events/red_lights,1660,1786561759.742785,0.0
events/red_lights,1681,1786561764.276588,0.0
events/red_lights,1701,1786561768.003979,0.0
events/red_lights,1720,1786561770.906493,0.0
events/red_lights,1740,1786561773.498383,0.0
events/red_lights,1759,1786561777.796583,0.0
events/red_lights,1778,1786561782.170794,0.0
events/red_lights,1790,1786561784.120920,0.0
events/red_lights,1809,1786561788.255156,0.0
events/red_lights,1829,1786561791.321892,0.0
events/red_lights,1852,1786561793.913302,0.0
events/red_lights,1913,1786561802.301657,0.0
events/red_lights,1933,1786561804.925573,0.0
events/red_lights,1946,1786561808.362461,0.0
events/red_lights,1958,1786561809.678182,0.0
events/red_lights,1970,1786561812.663004,0.0
events/red_lights,1986,1786561816.775594,0.0
events/red_lights,2001,1786561819.188415,0.0
events/red_lights,2011,1786561820.899447,0.0
events/red_lights,2023,1786561822.598742,0.0
events/red_lights,2037,1786561824.534306,0.0
events/red_lights,2051,1786561826.535916,0.0
events/red_lights,2067,1786561829.084948,0.0
events/red_lights,2081,1786561831.214217,0.0
events/red_lights,2098,1786561835.606768,0.0
events/red_lights,2114,1786561839.946001,0.0
events/red_lights,2130,1786561845.233023,0.0
events/red_lights,2144,1786561847.308894,0.0
events/red_lights,2169,1786561851.792036,0.0
events/red_lights,2183,1786561854.018884,0.0
events/red_lights,2195,1786561857.447995,0.0
events/red_lights,2212,1786561860.164040,0.0
events/red_lights,2880,1786561933.729933,0.0
events/red_lights,2987,1786561950.537653,0.0
events/red_lights,3253,1786561984.677344,0.0
events/red_lights,4196,1786562104.134315,2.0
events/red_lights,5022,1786562206.707263,6.0
events/red_lights,5764,1786562293.031142,4.0
events/red_lights,5937,1786562317.445429,1.0
events/red_lights,6721,1786562404.454516,3.0
events/red_lights,7562,1786562520.950771,0.0
events/red_lights,8170,1786562592.683262,1.0
events/red_lights,9370,1786562733.995653,2.0
events/red_lights,9696,1786562780.703120,0.0
events/red_lights,10083,1786562826.021506,1.0
events/red_lights,10196,1786562838.254196,1.0
events/red_lights,10894,1786562928.996738,1.0
events/red_lights,11547,1786563041.054874,2.0
events/red_lights,12152,1786563128.567979,1.0
events/red_lights,13097,1786563238.520610,2.0
events/red_lights,14102,1786563360.152188,1.0
events/red_lights,14949,1786563461.332827,3.0
events/red_lights,16149,1786563611.421392,2.0
events/red_lights,16427,1786563641.985721,0.0
events/red_lights,16637,1786563667.697071,2.0
events/red_lights,17388,1786563759.670245,1.0
events/red_lights,18588,1786563889.242285,3.0
events/red_lights,18764,1786563921.781860,1.0
events/red_lights,18853,1786563932.214612,0.0
events/red_lights,19217,1786563986.351777,1.0
events/red_lights,19544,1786564028.374788,1.0
events/red_lights,20000,1786564075.850930,2.0
exploration/random_warmup_rate,132,1786561551.821697,1.0
exploration/random_warmup_rate,223,1786561565.885793,1.0
exploration/random_warmup_rate,322,1786561576.429598,1.0
exploration/random_warmup_rate,418,1786561587.056020,1.0
exploration/random_warmup_rate,499,1786561599.215957,1.0
exploration/random_warmup_rate,732,1786561622.569189,1.0
exploration/random_warmup_rate,766,1786561626.172939,1.0
exploration/random_warmup_rate,818,1786561633.823159,1.0
exploration/random_warmup_rate,934,1786561645.982846,1.0
exploration/random_warmup_rate,981,1786561652.342900,1.0
exploration/random_warmup_rate,1064,1786561660.110759,1.0
exploration/random_warmup_rate,1114,1786561666.311779,1.0
exploration/random_warmup_rate,1152,1786561675.676964,1.0
exploration/random_warmup_rate,1251,1786561694.202984,1.0
exploration/random_warmup_rate,1466,1786561719.193986,1.0
exploration/random_warmup_rate,1564,1786561738.893413,0.3469387888908386
exploration/random_warmup_rate,1608,1786561748.235389,0.0
exploration/random_warmup_rate,1637,1786561755.517535,0.0
exploration/random_warmup_rate,1660,1786561759.742843,0.0
exploration/random_warmup_rate,1681,1786561764.276749,0.0
exploration/random_warmup_rate,1701,1786561768.004037,0.0
exploration/random_warmup_rate,1720,1786561770.906579,0.0
exploration/random_warmup_rate,1740,1786561773.498410,0.0
exploration/random_warmup_rate,1759,1786561777.796743,0.0
exploration/random_warmup_rate,1778,1786561782.170921,0.0
exploration/random_warmup_rate,1790,1786561784.120972,0.0
exploration/random_warmup_rate,1809,1786561788.255209,0.0
exploration/random_warmup_rate,1829,1786561791.322055,0.0
exploration/random_warmup_rate,1852,1786561793.913361,0.0
exploration/random_warmup_rate,1913,1786561802.301709,0.0
exploration/random_warmup_rate,1933,1786561804.925638,0.0
exploration/random_warmup_rate,1946,1786561808.362513,0.0
exploration/random_warmup_rate,1958,1786561809.678240,0.0
exploration/random_warmup_rate,1970,1786561812.663058,0.0
exploration/random_warmup_rate,1986,1786561816.775835,0.0
exploration/random_warmup_rate,2001,1786561819.188567,0.0
exploration/random_warmup_rate,2011,1786561820.899501,0.0
exploration/random_warmup_rate,2023,1786561822.598795,0.0
exploration/random_warmup_rate,2037,1786561824.534322,0.0
exploration/random_warmup_rate,2051,1786561826.535970,0.0
exploration/random_warmup_rate,2067,1786561829.085009,0.0
exploration/random_warmup_rate,2081,1786561831.214273,0.0
exploration/random_warmup_rate,2098,1786561835.606825,0.0
exploration/random_warmup_rate,2114,1786561839.946182,0.0
exploration/random_warmup_rate,2130,1786561845.233075,0.0
exploration/random_warmup_rate,2144,1786561847.308950,0.0
exploration/random_warmup_rate,2169,1786561851.792397,0.0
exploration/random_warmup_rate,2183,1786561854.018937,0.0
exploration/random_warmup_rate,2195,1786561857.448047,0.0
exploration/random_warmup_rate,2212,1786561860.164094,0.0
exploration/random_warmup_rate,2880,1786561933.729974,0.0
exploration/random_warmup_rate,2987,1786561950.537680,0.0
exploration/random_warmup_rate,3253,1786561984.677358,0.0
exploration/random_warmup_rate,4196,1786562104.134467,0.0
exploration/random_warmup_rate,5022,1786562206.707515,0.0
exploration/random_warmup_rate,5764,1786562293.031206,0.0
exploration/random_warmup_rate,5937,1786562317.445455,0.0
exploration/random_warmup_rate,6721,1786562404.454579,0.0
exploration/random_warmup_rate,7562,1786562520.950828,0.0
exploration/random_warmup_rate,8170,1786562592.683402,0.0
exploration/random_warmup_rate,9370,1786562733.995718,0.0
exploration/random_warmup_rate,9696,1786562780.703177,0.0
exploration/random_warmup_rate,10083,1786562826.021561,0.0
exploration/random_warmup_rate,10196,1786562838.254223,0.0
exploration/random_warmup_rate,10894,1786562928.996807,0.0
exploration/random_warmup_rate,11547,1786563041.054932,0.0
exploration/random_warmup_rate,12152,1786563128.568042,0.0
exploration/random_warmup_rate,13097,1786563238.520630,0.0
exploration/random_warmup_rate,14102,1786563360.152223,0.0
exploration/random_warmup_rate,14949,1786563461.332879,0.0
exploration/random_warmup_rate,16149,1786563611.421557,0.0
exploration/random_warmup_rate,16427,1786563641.985739,0.0
exploration/random_warmup_rate,16637,1786563667.697126,0.0
exploration/random_warmup_rate,17388,1786563759.670303,0.0
exploration/random_warmup_rate,18588,1786563889.242340,0.0
exploration/random_warmup_rate,18764,1786563921.781912,0.0
exploration/random_warmup_rate,18853,1786563932.214638,0.0
exploration/random_warmup_rate,19217,1786563986.351839,0.0
exploration/random_warmup_rate,19544,1786564028.374845,0.0
exploration/random_warmup_rate,20000,1786564075.851083,0.0
reward/collision,3,1786561536.455759,0.0
reward/collision,24,1786561539.189295,0.0
reward/collision,53,1786561542.619634,0.0
reward/collision,79,1786561545.610516,0.0
reward/collision,97,1786561547.760200,0.0
reward/collision,119,1786561550.311143,0.0
reward/collision,137,1786561554.192994,0.0
reward/collision,153,1786561556.249334,0.0
reward/collision,177,1786561559.537375,0.0
reward/collision,206,1786561563.523000,0.0
reward/collision,221,1786561565.605408,0.0
reward/collision,241,1786561568.134362,0.0
reward/collision,261,1786561570.239288,0.0
reward/collision,282,1786561572.455243,0.0
reward/collision,302,1786561574.460858,0.0
reward/collision,322,1786561576.429200,0.0
reward/collision,334,1786561578.121672,0.0
reward/collision,356,1786561580.525027,0.0
reward/collision,381,1786561583.234216,0.0
reward/collision,405,1786561585.736889,0.0
reward/collision,422,1786561589.365018,0.0
reward/collision,443,1786561592.634942,0.0
reward/collision,466,1786561595.767677,0.0
reward/collision,494,1786561598.688601,0.0
reward/collision,517,1786561601.310112,0.0
reward/collision,545,1786561604.091966,0.0
reward/collision,556,1786561605.203041,0.0
reward/collision,580,1786561607.637178,0.0
reward/collision,599,1786561609.560921,0.0
reward/collision,621,1786561611.735280,0.0
reward/collision,646,1786561614.215800,0.0
reward/collision,668,1786561616.358206,0.0
reward/collision,686,1786561618.102493,0.0
reward/collision,708,1786561620.247714,0.0
reward/collision,729,1786561622.281526,0.0
reward/collision,751,1786561624.690730,0.0
reward/collision,771,1786561627.346276,0.0
reward/collision,794,1786561630.539279,0.0
reward/collision,812,1786561633.006644,0.0
reward/collision,835,1786561636.021807,0.0
reward/collision,851,1786561637.726027,0.0
reward/collision,868,1786561639.500204,0.0
reward/collision,883,1786561641.033059,0.0
reward/collision,901,1786561642.878083,0.0
reward/collision,915,1786561644.198811,0.0
reward/collision,933,1786561645.889381,0.0
reward/collision,946,1786561647.907619,0.0
reward/collision,971,1786561651.101370,0.0
reward/collision,989,1786561653.426303,0.0
reward/collision,1004,1786561654.845179,0.0
reward/collision,1027,1786561656.902950,0.0
reward/collision,1053,1786561659.153909,0.0
reward/collision,1070,1786561661.205692,0.0
reward/collision,1088,1786561663.306507,0.0
reward/collision,1102,1786561664.929042,0.0
reward/collision,1119,1786561668.946495,0.0
reward/collision,1146,1786561674.349847,0.0
reward/collision,1166,1786561679.725357,0.0
reward/collision,1186,1786561683.185716,0.0
reward/collision,1208,1786561686.920838,0.0
reward/collision,1228,1786561690.272560,0.0
reward/collision,1251,1786561694.202597,0.0
reward/collision,1266,1786561696.283134,0.0
reward/collision,1279,1786561697.721403,0.0
reward/collision,1300,1786561700.060448,0.0
reward/collision,1323,1786561703.464112,0.0
reward/collision,1337,1786561705.002355,0.0
reward/collision,1357,1786561707.540467,0.0
reward/collision,1381,1786561710.460430,0.0
reward/collision,1398,1786561712.258231,0.0
reward/collision,1412,1786561713.716024,0.0
reward/collision,1433,1786561715.832822,0.0
reward/collision,1451,1786561717.695626,0.0
reward/collision,1468,1786561721.354429,0.0
reward/collision,1485,1786561724.606548,0.0
reward/collision,1515,1786561731.175075,0.0
reward/collision,1532,1786561734.435354,0.0
reward/collision,1552,1786561737.581189,0.0
reward/collision,1574,1786561742.357158,0.0
reward/collision,1595,1786561746.175792,0.0
reward/collision,1611,1786561751.083027,0.0
reward/collision,1624,1786561753.545205,0.0
reward/collision,1637,1786561755.517040,-10.0
reward/collision,1655,1786561758.279589,0.0
reward/collision,1675,1786561763.156160,0.0
reward/collision,1692,1786561765.905609,0.0
reward/collision,1707,1786561769.260216,0.0
reward/collision,1729,1786561772.283128,0.0
reward/collision,1747,1786561776.146428,0.0
reward/collision,1759,1786561777.795892,0.0
reward/collision,1773,1786561781.582059,0.0
reward/collision,1790,1786561784.120456,-10.0
reward/collision,1808,1786561788.148882,0.0
reward/collision,1828,1786561791.185345,0.0
reward/collision,1858,1786561795.099816,0.0
reward/collision,1880,1786561798.016685,0.0
reward/collision,1899,1786561800.531057,0.0
reward/collision,1919,1786561803.378253,0.0
reward/collision,1941,1786561807.680208,0.0
reward/collision,1968,1786561812.387959,0.0
reward/collision,1995,1786561818.319770,0.0
reward/collision,2014,1786561821.602516,0.0
reward/collision,2028,1786561823.496069,0.0
reward/collision,2048,1786561826.178122,0.0
reward/collision,2061,1786561828.248098,0.0
reward/collision,2083,1786561833.309414,0.0
reward/collision,2104,1786561838.415350,0.0
reward/collision,2126,1786561844.362688,0.0
reward/collision,2147,1786561849.332540,0.0
reward/collision,2172,1786561852.651541,0.0
reward/collision,2197,1786561858.201306,0.0
reward/collision,2219,1786561861.426823,0.0
reward/collision,2233,1786561863.231363,0.0
reward/collision,2248,1786561865.126637,0.0
reward/collision,2270,1786561867.842836,0.0
reward/collision,2289,1786561870.147036,0.0
reward/collision,2314,1786561873.099633,0.0
reward/collision,2333,1786561875.309569,0.0
reward/collision,2351,1786561877.338371,0.0
reward/collision,2384,1786561880.932060,0.0
reward/collision,2405,1786561883.124594,0.0
reward/collision,2423,1786561884.965525,0.0
reward/collision,2449,1786561887.619928,0.0
reward/collision,2462,1786561888.960420,0.0
reward/collision,2477,1786561890.518100,0.0
reward/collision,2491,1786561891.945082,0.0
reward/collision,2513,1786561894.267686,0.0
reward/collision,2534,1786561896.461004,0.0
reward/collision,2557,1786561898.931581,0.0
reward/collision,2579,1786561901.341568,0.0
reward/collision,2602,1786561903.863213,0.0
reward/collision,2618,1786561905.614125,0.0
reward/collision,2647,1786561908.779398,0.0
reward/collision,2673,1786561911.612316,0.0
reward/collision,2696,1786561914.100339,0.0
reward/collision,2717,1786561916.390669,0.0
reward/collision,2745,1786561919.489236,0.0
reward/collision,2766,1786561921.831204,0.0
reward/collision,2801,1786561925.633471,0.0
reward/collision,2823,1786561927.952919,0.0
reward/collision,2849,1786561930.591912,0.0
reward/collision,2864,1786561932.109924,0.0
reward/collision,2886,1786561936.465332,0.0
reward/collision,2904,1786561938.995097,0.0
reward/collision,2921,1786561941.455716,0.0
reward/collision,2938,1786561943.871457,0.0
reward/collision,2957,1786561946.458519,0.0
reward/collision,2976,1786561948.976643,0.0
reward/collision,2998,1786561953.869503,0.0
reward/collision,3023,1786561957.808457,0.0
reward/collision,3046,1786561961.324011,0.0
reward/collision,3064,1786561964.068469,0.0
reward/collision,3087,1786561967.421098,0.0
reward/collision,3108,1786561970.370515,0.0
reward/collision,3135,1786561973.421367,0.0
reward/collision,3159,1786561975.763011,0.0
reward/collision,3177,1786561977.561542,0.0
reward/collision,3196,1786561979.382539,0.0
reward/collision,3212,1786561980.879546,0.0
reward/collision,3230,1786561982.522843,0.0
reward/collision,3260,1786561986.050870,0.0
reward/collision,3283,1786561989.135678,0.0
reward/collision,3302,1786561991.608253,0.0
reward/collision,3331,1786561995.415006,0.0
reward/collision,3344,1786561997.022337,0.0
reward/collision,3363,1786561999.453061,0.0
reward/collision,3378,1786562001.313688,0.0
reward/collision,3406,1786562004.679963,0.0
reward/collision,3421,1786562006.489421,0.0
reward/collision,3434,1786562007.989697,0.0
reward/collision,3450,1786562009.921247,0.0
reward/collision,3472,1786562012.431465,0.0
reward/collision,3488,1786562014.254424,0.0
reward/collision,3509,1786562016.614147,0.0
reward/collision,3532,1786562019.216474,0.0
reward/collision,3546,1786562020.806811,0.0
reward/collision,3564,1786562022.825817,0.0
reward/collision,3586,1786562025.252312,0.0
reward/collision,3607,1786562027.608442,0.0
reward/collision,3629,1786562029.998706,0.0
reward/collision,3659,1786562033.298393,0.0
reward/collision,3675,1786562035.063483,0.0
reward/collision,3690,1786562036.703048,0.0
reward/collision,3707,1786562038.584929,0.0
reward/collision,3722,1786562040.252264,0.0
reward/collision,3743,1786562042.544781,0.0
reward/collision,3767,1786562045.385690,0.0
reward/collision,3788,1786562048.030715,0.0
reward/collision,3800,1786562049.546161,0.0
reward/collision,3818,1786562051.820828,0.0
reward/collision,3836,1786562054.155071,0.0
reward/collision,3856,1786562056.655023,0.0
reward/collision,3881,1786562059.727662,0.0
reward/collision,3898,1786562061.743027,0.0
reward/collision,3915,1786562063.688643,0.0
reward/collision,3931,1786562065.447990,0.0
reward/collision,3946,1786562067.036966,0.0
reward/collision,3962,1786562068.723816,0.0
reward/collision,3978,1786562070.392115,0.0
reward/collision,4002,1786562072.958208,0.0
reward/collision,4021,1786562074.893639,0.0
reward/collision,4039,1786562076.828543,0.0
reward/collision,4055,1786562080.027986,0.0
reward/collision,4071,1786562082.891212,0.0
reward/collision,4087,1786562085.750738,0.0
reward/collision,4105,1786562088.926027,0.0
reward/collision,4122,1786562091.905325,0.0
reward/collision,4148,1786562096.492229,0.0
reward/collision,4172,1786562100.706660,0.0
reward/collision,4188,1786562103.206342,0.0
reward/collision,4208,1786562105.955527,0.0
reward/collision,4221,1786562107.535183,0.0
reward/collision,4240,1786562109.803739,0.0
reward/collision,4257,1786562111.837922,0.0
reward/collision,4270,1786562113.293826,0.0
reward/collision,4292,1786562115.972919,0.0
reward/collision,4308,1786562118.150389,0.0
reward/collision,4323,1786562120.279690,0.0
reward/collision,4363,1786562125.713714,0.0
reward/collision,4375,1786562127.360193,0.0
reward/collision,4396,1786562130.175572,0.0
reward/collision,4426,1786562134.122257,0.0
reward/collision,4451,1786562137.290055,0.0
reward/collision,4468,1786562139.419418,0.0
reward/collision,4486,1786562141.678228,0.0
reward/collision,4520,1786562145.921899,0.0
reward/collision,4538,1786562148.220850,0.0
reward/collision,4560,1786562150.994252,0.0
reward/collision,4585,1786562154.090694,0.0
reward/collision,4602,1786562156.252157,0.0
reward/collision,4617,1786562158.098812,0.0
reward/collision,4636,1786562160.416599,0.0
reward/collision,4661,1786562163.462197,0.0
reward/collision,4680,1786562165.788487,0.0
reward/collision,4699,1786562168.077274,0.0
reward/collision,4716,1786562170.128295,0.0
reward/collision,4736,1786562172.582290,0.0
reward/collision,4762,1786562175.763741,0.0
reward/collision,4775,1786562177.415798,0.0
reward/collision,4795,1786562179.916388,0.0
reward/collision,4814,1786562182.143728,0.0
reward/collision,4827,1786562183.549207,0.0
reward/collision,4843,1786562185.195842,0.0
reward/collision,4860,1786562186.806005,0.0
reward/collision,4877,1786562188.385571,0.0
reward/collision,4894,1786562189.940272,0.0
reward/collision,4911,1786562191.381906,0.0
reward/collision,4929,1786562192.865639,0.0
reward/collision,4951,1786562195.860230,0.0
reward/collision,4974,1786562199.222831,0.0
reward/collision,4989,1786562201.479226,0.0
reward/collision,5007,1786562204.295109,0.0
reward/collision,5026,1786562209.164572,0.0
reward/collision,5046,1786562212.451933,0.0
reward/collision,5064,1786562215.391427,0.0
reward/collision,5087,1786562219.154653,0.0
reward/collision,5109,1786562222.606434,0.0
reward/collision,5131,1786562226.000236,0.0
reward/collision,5153,1786562229.345416,0.0
reward/collision,5171,1786562232.059038,0.0
reward/collision,5192,1786562235.200927,0.0
reward/collision,5223,1786562239.852738,0.0
reward/collision,5244,1786562242.955264,0.0
reward/collision,5259,1786562244.756677,0.0
reward/collision,5274,1786562246.463120,0.0
reward/collision,5291,1786562248.406800,0.0
reward/collision,5317,1786562251.420271,0.0
reward/collision,5341,1786562254.126097,0.0
reward/collision,5367,1786562256.806213,0.0
reward/collision,5381,1786562258.222157,0.0
reward/collision,5395,1786562259.616818,0.0
reward/collision,5418,1786562261.868266,0.0
reward/collision,5433,1786562263.347999,0.0
reward/collision,5451,1786562265.080897,0.0
reward/collision,5471,1786562266.977258,0.0
reward/collision,5494,1786562269.131014,0.0
reward/collision,5509,1786562270.524589,0.0
reward/collision,5537,1786562273.010828,0.0
reward/collision,5552,1786562274.316484,0.0
reward/collision,5571,1786562275.998804,0.0
reward/collision,5592,1786562277.845953,0.0
reward/collision,5610,1786562279.431711,0.0
reward/collision,5632,1786562281.339357,0.0
reward/collision,5653,1786562283.169655,0.0
reward/collision,5668,1786562284.470737,0.0
reward/collision,5680,1786562285.516079,0.0
reward/collision,5700,1786562287.283218,0.0
reward/collision,5716,1786562288.733183,0.0
reward/collision,5746,1786562291.344034,0.0
reward/collision,5773,1786562294.952528,0.0
reward/collision,5789,1786562297.352452,0.0
reward/collision,5805,1786562299.598061,0.0
reward/collision,5821,1786562301.752100,0.0
reward/collision,5837,1786562303.905204,0.0
reward/collision,5861,1786562307.112513,0.0
reward/collision,5884,1786562310.210470,0.0
reward/collision,5905,1786562312.998853,0.0
reward/collision,5926,1786562315.852264,0.0
reward/collision,5941,1786562318.317579,0.0
reward/collision,5961,1786562320.543546,0.0
reward/collision,5981,1786562322.788384,0.0
reward/collision,6004,1786562325.431430,0.0
reward/collision,6025,1786562327.718143,0.0
reward/collision,6042,1786562329.544215,0.0
reward/collision,6059,1786562331.357902,0.0
reward/collision,6079,1786562333.527079,0.0
reward/collision,6094,1786562335.149457,0.0
reward/collision,6112,1786562337.116488,0.0
reward/collision,6135,1786562339.654879,0.0
reward/collision,6148,1786562341.078578,0.0
reward/collision,6164,1786562342.885708,0.0
reward/collision,6190,1786562345.804771,0.0
reward/collision,6214,1786562348.740513,0.0
reward/collision,6236,1786562351.582460,0.0
reward/collision,6259,1786562354.571913,0.0
reward/collision,6285,1786562358.028940,0.0
reward/collision,6305,1786562360.573550,0.0
reward/collision,6325,1786562363.084640,0.0
reward/collision,6341,1786562365.020687,0.0
reward/collision,6362,1786562367.474547,0.0
reward/collision,6394,1786562371.071441,0.0
reward/collision,6414,1786562373.245446,0.0
reward/collision,6439,1786562375.932238,0.0
reward/collision,6457,1786562377.865838,0.0
reward/collision,6472,1786562379.440914,0.0
reward/collision,6500,1786562382.323112,0.0
reward/collision,6520,1786562384.372822,0.0
reward/collision,6541,1786562386.478216,0.0
reward/collision,6560,1786562388.377399,0.0
reward/collision,6581,1786562390.480811,0.0
reward/collision,6597,1786562392.075142,0.0
reward/collision,6616,1786562393.940799,0.0
reward/collision,6636,1786562395.922724,0.0
reward/collision,6661,1786562398.412669,0.0
reward/collision,6686,1786562400.893521,0.0
reward/collision,6704,1786562402.698287,0.0
reward/collision,6719,1786562404.224028,0.0
reward/collision,6744,1786562407.110304,0.0
reward/collision,6761,1786562408.793546,0.0
reward/collision,6789,1786562411.520885,0.0
reward/collision,6813,1786562413.783169,0.0
reward/collision,6826,1786562414.990721,0.0
reward/collision,6845,1786562416.844004,0.0
reward/collision,6861,1786562419.485723,0.0
reward/collision,6876,1786562421.814579,0.0
reward/collision,6896,1786562424.946923,0.0
reward/collision,6913,1786562427.665277,0.0
reward/collision,6943,1786562432.400667,0.0
reward/collision,6963,1786562435.558949,0.0
reward/collision,6978,1786562437.908819,0.0
reward/collision,6994,1786562440.402503,0.0
reward/collision,7014,1786562443.509904,0.0
reward/collision,7031,1786562446.144262,0.0
reward/collision,7053,1786562449.476750,0.0
reward/collision,7073,1786562452.467833,0.0
reward/collision,7089,1786562454.816772,0.0
reward/collision,7119,1786562459.113651,0.0
reward/collision,7136,1786562461.500504,0.0
reward/collision,7157,1786562464.475883,0.0
reward/collision,7177,1786562467.307777,0.0
reward/collision,7194,1786562469.741208,0.0
reward/collision,7210,1786562472.024354,0.0
reward/collision,7227,1786562474.518595,0.0
reward/collision,7250,1786562477.951542,0.0
reward/collision,7269,1786562480.810699,0.0
reward/collision,7292,1786562484.125318,0.0
reward/collision,7310,1786562486.645589,0.0
reward/collision,7329,1786562489.278935,0.0
reward/collision,7347,1786562491.745652,0.0
reward/collision,7371,1786562495.052284,0.0
reward/collision,7392,1786562497.893072,0.0
reward/collision,7410,1786562500.332555,0.0
reward/collision,7430,1786562503.129004,0.0
reward/collision,7444,1786562505.057094,0.0
reward/collision,7465,1786562507.976734,0.0
reward/collision,7484,1786562510.600831,0.0
reward/collision,7510,1786562514.207529,0.0
reward/collision,7531,1786562516.982109,0.0
reward/collision,7547,1786562519.110162,0.0
reward/collision,7563,1786562522.714990,0.0
reward/collision,7583,1786562525.760478,0.0
reward/collision,7611,1786562529.960933,0.0
reward/collision,7637,1786562533.898950,0.0
reward/collision,7653,1786562536.351430,0.0
reward/collision,7671,1786562539.069763,0.0
reward/collision,7693,1786562542.299396,0.0
reward/collision,7718,1786562545.634206,0.0
reward/collision,7737,1786562547.926109,0.0
reward/collision,7763,1786562551.282249,0.0
reward/collision,7783,1786562553.631181,0.0
reward/collision,7793,1786562554.799101,0.0
reward/collision,7817,1786562557.600296,0.0
reward/collision,7840,1786562560.257230,0.0
reward/collision,7856,1786562562.076635,0.0
reward/collision,7870,1786562563.678146,0.0
reward/collision,7887,1786562565.596003,0.0
reward/collision,7916,1786562568.705438,0.0
reward/collision,7932,1786562570.327401,0.0
reward/collision,7951,1786562572.246486,0.0
reward/collision,7969,1786562574.102883,0.0
reward/collision,7990,1786562576.154597,0.0
reward/collision,8006,1786562577.745622,0.0
reward/collision,8022,1786562579.230254,0.0
reward/collision,8050,1786562581.801330,0.0
reward/collision,8076,1786562584.210043,0.0
reward/collision,8093,1786562585.777829,0.0
reward/collision,8115,1786562587.739059,0.0
reward/collision,8128,1786562588.895847,0.0
reward/collision,8151,1786562590.974485,0.0
reward/collision,8179,1786562594.078231,0.0
reward/collision,8198,1786562596.139594,0.0
reward/collision,8216,1786562598.064292,0.0
reward/collision,8233,1786562599.885791,0.0
reward/collision,8245,1786562601.150917,0.0
reward/collision,8269,1786562603.665551,0.0
reward/collision,8288,1786562605.611415,0.0
reward/collision,8311,1786562607.939921,0.0
reward/collision,8327,1786562609.537827,0.0
reward/collision,8349,1786562611.701460,0.0
reward/collision,8366,1786562613.336145,0.0
reward/collision,8394,1786562616.162015,0.0
reward/collision,8412,1786562618.245623,0.0
reward/collision,8427,1786562620.095770,0.0
reward/collision,8446,1786562622.534687,0.0
reward/collision,8468,1786562625.396478,0.0
reward/collision,8490,1786562628.256633,0.0
reward/collision,8507,1786562630.467733,0.0
reward/collision,8529,1786562633.329060,0.0
reward/collision,8549,1786562635.900826,0.0
reward/collision,8574,1786562639.112209,0.0
reward/collision,8595,1786562641.729926,0.0
reward/collision,8620,1786562644.863014,0.0
reward/collision,8646,1786562648.050172,0.0
reward/collision,8660,1786562649.751534,0.0
reward/collision,8683,1786562652.487738,0.0
reward/collision,8705,1786562655.110886,0.0
reward/collision,8727,1786562657.613369,0.0
reward/collision,8747,1786562659.873635,0.0
reward/collision,8763,1786562661.687789,0.0
reward/collision,8782,1786562663.799511,0.0
reward/collision,8802,1786562666.002392,0.0
reward/collision,8825,1786562668.487859,0.0
reward/collision,8846,1786562670.768213,0.0
reward/collision,8864,1786562672.734203,0.0
reward/collision,8887,1786562675.280031,0.0
reward/collision,8904,1786562677.160851,0.0
reward/collision,8930,1786562680.000328,0.0
reward/collision,8947,1786562681.837689,0.0
reward/collision,8967,1786562683.991845,0.0
reward/collision,8982,1786562685.574797,0.0
reward/collision,8996,1786562687.034335,0.0
reward/collision,9008,1786562688.277213,0.0
reward/collision,9032,1786562690.742296,0.0
reward/collision,9053,1786562692.924817,0.0
reward/collision,9085,1786562696.245882,0.0
reward/collision,9103,1786562698.195287,0.0
reward/collision,9122,1786562700.561874,0.0
reward/collision,9133,1786562702.002557,0.0
reward/collision,9158,1786562705.293615,0.0
reward/collision,9178,1786562707.982399,0.0
reward/collision,9203,1786562711.315702,0.0
reward/collision,9223,1786562714.020340,0.0
reward/collision,9241,1786562716.426742,0.0
reward/collision,9264,1786562719.469343,0.0
reward/collision,9286,1786562722.378727,0.0
reward/collision,9304,1786562724.762462,0.0
reward/collision,9315,1786562726.197803,0.0
reward/collision,9332,1786562728.451540,0.0
reward/collision,9356,1786562731.586472,0.0
reward/collision,9380,1786562736.547397,0.0
reward/collision,9396,1786562739.210966,0.0
reward/collision,9411,1786562741.175123,0.0
reward/collision,9430,1786562743.668289,0.0
reward/collision,9444,1786562745.502205,0.0
reward/collision,9463,1786562747.991912,0.0
reward/collision,9480,1786562750.202813,0.0
reward/collision,9500,1786562752.815965,0.0
reward/collision,9519,1786562755.293569,0.0
reward/collision,9536,1786562757.475851,0.0
reward/collision,9554,1786562759.784171,0.0
reward/collision,9576,1786562762.586048,0.0
reward/collision,9594,1786562764.842518,0.0
reward/collision,9614,1786562767.282918,0.0
reward/collision,9628,1786562769.024395,0.0
reward/collision,9643,1786562771.209541,0.0
reward/collision,9662,1786562774.621447,0.0
reward/collision,9683,1786562778.399009,0.0
reward/collision,9702,1786562781.900196,0.0
reward/collision,9720,1786562784.140847,0.0
reward/collision,9741,1786562786.752820,0.0
reward/collision,9764,1786562789.594513,0.0
reward/collision,9780,1786562791.540936,0.0
reward/collision,9798,1786562793.709562,0.0
reward/collision,9814,1786562795.663554,0.0
reward/collision,9831,1786562797.706244,0.0
reward/collision,9857,1786562800.694367,0.0
reward/collision,9871,1786562802.278253,0.0
reward/collision,9893,1786562804.721341,0.0
reward/collision,9908,1786562806.378950,0.0
reward/collision,9934,1786562809.268696,0.0
reward/collision,9954,1786562811.498097,0.0
reward/collision,9974,1786562813.722368,0.0
reward/collision,9998,1786562816.415653,0.0
reward/collision,10011,1786562818.025430,0.0
reward/collision,10029,1786562820.086915,0.0
reward/collision,10057,1786562823.230748,0.0
reward/collision,10073,1786562824.956231,0.0
reward/collision,10096,1786562828.004180,0.0
reward/collision,10110,1786562829.558526,0.0
reward/collision,10127,1786562831.410994,0.0
reward/collision,10148,1786562833.595058,0.0
reward/collision,10168,1786562835.557840,0.0
reward/collision,10190,1786562837.677918,0.0
reward/collision,10213,1786562841.089241,0.0
reward/collision,10228,1786562843.164519,0.0
reward/collision,10242,1786562845.097010,0.0
reward/collision,10263,1786562847.905202,0.0
reward/collision,10286,1786562850.922642,0.0
reward/collision,10306,1786562853.530749,0.0
reward/collision,10333,1786562856.964194,0.0
reward/collision,10350,1786562859.089969,0.0
reward/collision,10374,1786562862.088020,0.0
reward/collision,10396,1786562864.771847,0.0
reward/collision,10418,1786562867.458935,0.0
reward/collision,10439,1786562870.014324,0.0
reward/collision,10462,1786562872.819157,0.0
reward/collision,10487,1786562875.885148,0.0
reward/collision,10505,1786562878.082202,0.0
reward/collision,10527,1786562880.745871,0.0
reward/collision,10544,1786562882.774440,0.0
reward/collision,10566,1786562885.383647,0.0
reward/collision,10580,1786562887.020618,0.0
reward/collision,10606,1786562890.006548,0.0
reward/collision,10621,1786562891.750649,0.0
reward/collision,10638,1786562893.708311,0.0
reward/collision,10652,1786562895.349862,0.0
reward/collision,10666,1786562897.132201,0.0
reward/collision,10681,1786562899.158280,0.0
reward/collision,10702,1786562902.069516,0.0
reward/collision,10716,1786562904.019729,0.0
reward/collision,10741,1786562907.573921,0.0
reward/collision,10766,1786562911.092227,0.0
reward/collision,10783,1786562913.479549,0.0
reward/collision,10803,1786562916.259979,0.0
reward/collision,10828,1786562919.696656,0.0
reward/collision,10851,1786562922.928184,0.0
reward/collision,10866,1786562925.010910,0.0
reward/collision,10886,1786562927.845479,0.0
reward/collision,10913,1786562934.218963,0.0
reward/collision,10932,1786562937.720653,0.0
reward/collision,10953,1786562941.622946,0.0
reward/collision,10969,1786562944.569056,0.0
reward/collision,10989,1786562948.256232,0.0
reward/collision,11017,1786562953.347471,0.0
reward/collision,11036,1786562956.779061,0.0
reward/collision,11053,1786562959.840166,0.0
reward/collision,11072,1786562963.253434,0.0
reward/collision,11089,1786562966.319487,0.0
reward/collision,11108,1786562969.716062,0.0
reward/collision,11127,1786562973.126761,0.0
reward/collision,11149,1786562977.076839,0.0
reward/collision,11168,1786562980.473509,0.0
reward/collision,11187,1786562983.835551,0.0
reward/collision,11203,1786562986.642640,0.0
reward/collision,11223,1786562990.179035,0.0
reward/collision,11242,1786562993.493373,0.0
reward/collision,11266,1786562997.686071,0.0
reward/collision,11285,1786563000.977090,0.0
reward/collision,11301,1786563003.695915,0.0
reward/collision,11318,1786563006.525101,0.0
reward/collision,11343,1786563010.629758,0.0
reward/collision,11364,1786563014.045044,0.0
reward/collision,11385,1786563017.447863,0.0
reward/collision,11405,1786563020.740203,0.0
reward/collision,11426,1786563024.414266,0.0
reward/collision,11447,1786563027.519936,0.0
reward/collision,11472,1786563030.889576,0.0
reward/collision,11497,1786563034.242535,0.0
reward/collision,11517,1786563036.909368,0.0
reward/collision,11537,1786563039.610846,0.0
reward/collision,11559,1786563042.855253,0.0
reward/collision,11574,1786563044.554242,0.0
reward/collision,11604,1786563047.891787,0.0
reward/collision,11639,1786563051.723122,0.0
reward/collision,11655,1786563053.473206,0.0
reward/collision,11675,1786563055.650032,0.0
reward/collision,11689,1786563057.154271,0.0
reward/collision,11721,1786563060.552399,0.0
reward/collision,11739,1786563062.424007,0.0
reward/collision,11755,1786563064.083228,0.0
reward/collision,11768,1786563065.393909,0.0
reward/collision,11791,1786563067.719037,0.0
reward/collision,11811,1786563070.411336,0.0
reward/collision,11826,1786563073.001773,0.0
reward/collision,11858,1786563078.619643,0.0
reward/collision,11874,1786563081.442534,0.0
reward/collision,11894,1786563084.875969,0.0
reward/collision,11909,1786563087.497465,0.0
reward/collision,11929,1786563090.892139,0.0
reward/collision,11943,1786563093.258602,0.0
reward/collision,11962,1786563096.482292,0.0
reward/collision,11978,1786563099.172918,0.0
reward/collision,12003,1786563103.502811,0.0
reward/collision,12020,1786563106.353398,0.0
reward/collision,12039,1786563109.620874,0.0
reward/collision,12058,1786563112.840531,0.0
reward/collision,12073,1786563115.381588,0.0
reward/collision,12085,1786563117.404403,0.0
reward/collision,12102,1786563120.264440,0.0
reward/collision,12124,1786563123.981791,0.0
reward/collision,12142,1786563127.122817,0.0
reward/collision,12166,1786563130.468036,0.0
reward/collision,12188,1786563132.871603,0.0
reward/collision,12219,1786563136.271172,0.0
reward/collision,12241,1786563138.666316,0.0
reward/collision,12258,1786563140.466916,0.0
reward/collision,12273,1786563142.059047,0.0
reward/collision,12295,1786563144.361872,0.0
reward/collision,12314,1786563146.344791,0.0
reward/collision,12331,1786563148.146075,0.0
reward/collision,12344,1786563149.508898,0.0
reward/collision,12368,1786563152.054666,0.0
reward/collision,12386,1786563153.934109,0.0
reward/collision,12405,1786563155.919204,0.0
reward/collision,12418,1786563157.261545,0.0
reward/collision,12443,1786563159.842060,0.0
reward/collision,12460,1786563161.577384,0.0
reward/collision,12471,1786563162.703179,0.0
reward/collision,12494,1786563164.998080,0.0
reward/collision,12509,1786563166.513828,0.0
reward/collision,12525,1786563168.141962,0.0
reward/collision,12541,1786563169.745359,0.0
reward/collision,12559,1786563171.554256,0.0
reward/collision,12584,1786563174.402893,0.0
reward/collision,12600,1786563176.426451,0.0
reward/collision,12628,1786563180.051855,0.0
reward/collision,12657,1786563183.875840,0.0
reward/collision,12685,1786563187.470728,0.0
reward/collision,12700,1786563189.393899,0.0
reward/collision,12716,1786563191.436276,0.0
reward/collision,12733,1786563193.612386,0.0
reward/collision,12754,1786563196.276370,0.0
reward/collision,12782,1786563199.867407,0.0
reward/collision,12812,1786563203.634156,0.0
reward/collision,12837,1786563206.765168,0.0
reward/collision,12857,1786563209.253948,0.0
reward/collision,12876,1786563211.551534,0.0
reward/collision,12898,1786563214.159976,0.0
reward/collision,12921,1786563216.856981,0.0
reward/collision,12941,1786563219.190192,0.0
reward/collision,12961,1786563221.542506,0.0
reward/collision,12985,1786563224.332135,0.0
reward/collision,13009,1786563227.111960,0.0
reward/collision,13026,1786563229.094012,0.0
reward/collision,13064,1786563233.434053,0.0
reward/collision,13078,1786563235.791430,0.0
reward/collision,13094,1786563238.076684,0.0
reward/collision,13112,1786563240.830796,0.0
reward/collision,13126,1786563242.601284,0.0
reward/collision,13148,1786563245.394356,0.0
reward/collision,13172,1786563248.481196,0.0
reward/collision,13192,1786563251.085297,0.0
reward/collision,13207,1786563253.058723,0.0
reward/collision,13229,1786563255.875625,0.0
reward/collision,13252,1786563258.785248,0.0
reward/collision,13275,1786563261.680147,0.0
reward/collision,13289,1786563263.411881,0.0
reward/collision,13319,1786563267.097916,0.0
reward/collision,13345,1786563270.285719,0.0
reward/collision,13363,1786563272.522229,0.0
reward/collision,13376,1786563274.203802,0.0
reward/collision,13403,1786563277.968681,0.0
reward/collision,13422,1786563281.010563,0.0
reward/collision,13437,1786563283.241379,0.0
reward/collision,13459,1786563286.468788,0.0
reward/collision,13477,1786563289.068103,0.0
reward/collision,13493,1786563291.365289,0.0
reward/collision,13508,1786563293.526411,0.0
reward/collision,13540,1786563297.934613,0.0
reward/collision,13559,1786563300.412069,0.0
reward/collision,13580,1786563303.092039,0.0
reward/collision,13594,1786563304.893312,0.0
reward/collision,13612,1786563307.117425,0.0
reward/collision,13637,1786563310.218854,0.0
reward/collision,13654,1786563312.243772,0.0
reward/collision,13667,1786563313.763891,0.0
reward/collision,13690,1786563316.359536,0.0
reward/collision,13705,1786563318.015310,0.0
reward/collision,13726,1786563320.233320,0.0
reward/collision,13744,1786563322.124472,0.0
reward/collision,13762,1786563324.014743,0.0
reward/collision,13783,1786563326.200616,0.0
reward/collision,13802,1786563328.180962,0.0
reward/collision,13820,1786563330.101263,0.0
reward/collision,13846,1786563332.944275,0.0
reward/collision,13865,1786563335.055288,0.0
reward/collision,13878,1786563336.465230,0.0
reward/collision,13898,1786563338.673403,0.0
reward/collision,13923,1786563341.438088,0.0
reward/collision,13942,1786563343.493531,0.0
reward/collision,13962,1786563345.646963,0.0
reward/collision,13987,1786563348.368926,0.0
reward/collision,14003,1786563350.255377,0.0
reward/collision,14030,1786563353.131350,0.0
reward/collision,14051,1786563355.292535,0.0
reward/collision,14066,1786563356.747433,0.0
reward/collision,14094,1786563359.403522,0.0
reward/collision,14110,1786563362.953780,0.0
reward/collision,14127,1786563365.357219,0.0
reward/collision,14150,1786563368.613528,0.0
reward/collision,14169,1786563371.285765,0.0
reward/collision,14193,1786563374.440712,0.0
reward/collision,14210,1786563376.618566,0.0
reward/collision,14234,1786563379.505266,0.0
reward/collision,14249,1786563381.241028,0.0
reward/collision,14268,1786563383.406527,0.0
reward/collision,14299,1786563386.941782,0.0
reward/collision,14328,1786563390.210921,0.0
reward/collision,14345,1786563392.134264,0.0
reward/collision,14360,1786563393.825240,0.0
reward/collision,14381,1786563396.147121,0.0
reward/collision,14399,1786563398.109752,0.0
reward/collision,14419,1786563400.248738,0.0
reward/collision,14446,1786563403.172963,0.0
reward/collision,14458,1786563404.454027,0.0
reward/collision,14470,1786563405.904896,0.0
reward/collision,14493,1786563408.951711,0.0
reward/collision,14510,1786563411.175623,0.0
reward/collision,14529,1786563413.669038,0.0
reward/collision,14545,1786563415.767569,0.0
reward/collision,14569,1786563418.938636,0.0
reward/collision,14589,1786563421.601709,0.0
reward/collision,14605,1786563423.704014,0.0
reward/collision,14624,1786563426.227994,0.0
reward/collision,14650,1786563429.725039,0.0
reward/collision,14664,1786563431.590641,0.0
reward/collision,14681,1786563433.832921,0.0
reward/collision,14709,1786563437.400530,0.0
reward/collision,14727,1786563439.668180,0.0
reward/collision,14750,1786563442.373876,0.0
reward/collision,14773,1786563445.019720,0.0
reward/collision,14797,1786563447.422405,0.0
reward/collision,14817,1786563449.386067,0.0
reward/collision,14844,1786563451.921870,0.0
reward/collision,14865,1786563453.831609,0.0
reward/collision,14885,1786563455.585935,0.0
reward/collision,14902,1786563457.069348,0.0
reward/collision,14922,1786563458.787539,0.0
reward/collision,14940,1786563460.305050,0.0
reward/collision,14954,1786563463.788758,0.0
reward/collision,14985,1786563468.670205,0.0
reward/collision,15002,1786563471.317010,0.0
reward/collision,15021,1786563474.282248,0.0
reward/collision,15043,1786563477.740391,0.0
reward/collision,15062,1786563480.742863,0.0
reward/collision,15083,1786563484.054407,0.0
reward/collision,15112,1786563488.550626,0.0
reward/collision,15131,1786563491.453372,0.0
reward/collision,15152,1786563494.604108,0.0
reward/collision,15168,1786563497.033398,0.0
reward/collision,15192,1786563500.642611,0.0
reward/collision,15208,1786563502.981994,0.0
reward/collision,15231,1786563506.293000,0.0
reward/collision,15251,1786563509.119831,0.0
reward/collision,15267,1786563511.370053,0.0
reward/collision,15291,1786563514.691699,0.0
reward/collision,15306,1786563516.745320,0.0
reward/collision,15331,1786563520.206998,0.0
reward/collision,15353,1786563523.205289,0.0
reward/collision,15371,1786563525.466879,0.0
reward/collision,15393,1786563528.154350,0.0
reward/collision,15411,1786563530.296438,0.0
reward/collision,15434,1786563532.877089,0.0
reward/collision,15449,1786563534.577571,0.0
reward/collision,15474,1786563537.401199,0.0
reward/collision,15497,1786563540.000286,0.0
reward/collision,15517,1786563542.257297,0.0
reward/collision,15535,1786563544.255383,0.0
reward/collision,15553,1786563546.261101,0.0
reward/collision,15566,1786563547.699786,0.0
reward/collision,15590,1786563550.358650,0.0
reward/collision,15614,1786563552.790981,0.0
reward/collision,15640,1786563555.370566,0.0
reward/collision,15662,1786563557.550630,0.0
reward/collision,15687,1786563560.004904,0.0
reward/collision,15713,1786563562.528591,0.0
reward/collision,15729,1786563564.038311,0.0
reward/collision,15753,1786563566.358150,0.0
reward/collision,15767,1786563567.868954,0.0
reward/collision,15792,1786563570.826741,0.0
reward/collision,15815,1786563573.636572,0.0
reward/collision,15840,1786563576.662979,0.0
reward/collision,15856,1786563578.582962,0.0
reward/collision,15884,1786563581.926682,0.0
reward/collision,15900,1786563583.836687,0.0
reward/collision,15925,1786563586.766951,0.0
reward/collision,15940,1786563588.489720,0.0
reward/collision,15964,1786563591.222657,0.0
reward/collision,15982,1786563593.252748,0.0
reward/collision,16008,1786563596.276205,0.0
reward/collision,16024,1786563598.051711,0.0
reward/collision,16039,1786563599.709217,0.0
reward/collision,16062,1786563602.231037,0.0
reward/collision,16082,1786563604.411259,0.0
reward/collision,16102,1786563606.539804,0.0
reward/collision,16113,1786563607.686939,0.0
reward/collision,16129,1786563609.378270,0.0
reward/collision,16146,1786563611.106457,0.0
reward/collision,16166,1786563613.816643,0.0
reward/collision,16176,1786563614.922786,0.0
reward/collision,16196,1786563617.130348,0.0
reward/collision,16211,1786563618.786480,0.0
reward/collision,16235,1786563621.434974,0.0
reward/collision,16251,1786563623.189045,0.0
reward/collision,16275,1786563625.847096,0.0
reward/collision,16291,1786563627.638831,0.0
reward/collision,16317,1786563630.598745,0.0
reward/collision,16349,1786563634.123207,0.0
reward/collision,16368,1786563636.134071,0.0
reward/collision,16395,1786563638.875705,0.0
reward/collision,16408,1786563640.129975,0.0
reward/collision,16428,1786563642.470134,0.0
reward/collision,16446,1786563644.742369,0.0
reward/collision,16466,1786563647.185412,0.0
reward/collision,16486,1786563649.585408,0.0
reward/collision,16506,1786563651.909212,0.0
reward/collision,16529,1786563654.559631,0.0
reward/collision,16555,1786563657.563088,0.0
reward/collision,16572,1786563659.521129,0.0
reward/collision,16585,1786563661.017887,0.0
reward/collision,16603,1786563663.097300,0.0
reward/collision,16627,1786563665.809050,0.0
reward/collision,16645,1786563669.144692,0.0
reward/collision,16665,1786563671.615301,0.0
reward/collision,16680,1786563673.515562,0.0
reward/collision,16697,1786563675.637350,0.0
reward/collision,16725,1786563678.976940,0.0
reward/collision,16742,1786563680.992306,0.0
reward/collision,16769,1786563684.210206,0.0
reward/collision,16787,1786563686.315861,0.0
reward/collision,16803,1786563688.141063,0.0
reward/collision,16823,1786563690.453275,0.0
reward/collision,16843,1786563692.730658,0.0
reward/collision,16864,1786563695.139991,0.0
reward/collision,16885,1786563697.554653,0.0
reward/collision,16903,1786563699.603670,0.0
reward/collision,16924,1786563701.970957,0.0
reward/collision,16942,1786563703.998529,0.0
reward/collision,16959,1786563705.908350,0.0
reward/collision,16977,1786563707.894638,0.0
reward/collision,16997,1786563710.075094,0.0
reward/collision,17012,1786563711.664264,0.0
reward/collision,17026,1786563713.136220,0.0
reward/collision,17045,1786563715.140542,0.0
reward/collision,17069,1786563717.722207,0.0
reward/collision,17094,1786563720.371862,0.0
reward/collision,17116,1786563722.697924,0.0
reward/collision,17134,1786563724.707813,0.0
reward/collision,17156,1786563727.494197,0.0
reward/collision,17173,1786563729.771569,0.0
reward/collision,17198,1786563733.991001,0.0
reward/collision,17216,1786563736.508720,0.0
reward/collision,17243,1786563740.195837,0.0
reward/collision,17256,1786563741.952232,0.0
reward/collision,17286,1786563746.033357,0.0
reward/collision,17322,1786563750.884649,0.0
reward/collision,17345,1786563753.982242,0.0
reward/collision,17362,1786563756.217460,0.0
reward/collision,17388,1786563759.669776,-10.0
reward/collision,17406,1786563764.030838,0.0
reward/collision,17434,1786563768.059466,0.0
reward/collision,17458,1786563771.445063,0.0
reward/collision,17481,1786563774.644996,0.0
reward/collision,17504,1786563777.832643,0.0
reward/collision,17521,1786563780.205567,0.0
reward/collision,17537,1786563782.426260,0.0
reward/collision,17557,1786563785.073500,0.0
reward/collision,17577,1786563787.455169,0.0
reward/collision,17595,1786563789.857085,0.0
reward/collision,17616,1786563792.316154,0.0
reward/collision,17630,1786563793.883275,0.0
reward/collision,17643,1786563795.352546,0.0
reward/collision,17669,1786563798.278071,0.0
reward/collision,17687,1786563800.289040,0.0
reward/collision,17699,1786563801.632296,0.0
reward/collision,17722,1786563804.224618,0.0
reward/collision,17735,1786563805.705290,0.0
reward/collision,17754,1786563807.830976,0.0
reward/collision,17782,1786563810.673813,0.0
reward/collision,17805,1786563812.947423,0.0
reward/collision,17824,1786563814.779172,0.0
reward/collision,17841,1786563816.450374,0.0
reward/collision,17866,1786563818.832884,0.0
reward/collision,17884,1786563820.508391,0.0
reward/collision,17901,1786563822.097709,0.0
reward/collision,17925,1786563824.280893,0.0
reward/collision,17941,1786563825.690235,0.0
reward/collision,17965,1786563827.771470,0.0
reward/collision,17980,1786563829.051759,0.0
reward/collision,18003,1786563831.161075,0.0
reward/collision,18025,1786563833.083442,0.0
reward/collision,18042,1786563834.546905,0.0
reward/collision,18062,1786563836.269069,0.0
reward/collision,18081,1786563837.921968,0.0
reward/collision,18107,1786563840.157857,0.0
reward/collision,18121,1786563841.380470,0.0
reward/collision,18136,1786563842.671861,0.0
reward/collision,18153,1786563844.166893,0.0
reward/collision,18176,1786563846.239450,0.0
reward/collision,18197,1786563848.121846,0.0
reward/collision,18215,1786563849.706155,0.0
reward/collision,18231,1786563851.120010,0.0
reward/collision,18245,1786563852.433316,0.0
reward/collision,18265,1786563854.453777,0.0
reward/collision,18278,1786563855.833268,0.0
reward/collision,18300,1786563858.277885,0.0
reward/collision,18318,1786563860.301496,0.0
reward/collision,18345,1786563863.322088,0.0
reward/collision,18366,1786563865.618598,0.0
reward/collision,18390,1786563868.292587,0.0
reward/collision,18405,1786563870.016716,0.0
reward/collision,18423,1786563871.983230,0.0
reward/collision,18441,1786563873.928117,0.0
reward/collision,18458,1786563875.707163,0.0
reward/collision,18479,1786563877.895945,0.0
reward/collision,18504,1786563880.487697,0.0
reward/collision,18523,1786563882.484035,0.0
reward/collision,18542,1786563884.472974,0.0
reward/collision,18556,1786563885.936468,0.0
reward/collision,18580,1786563888.423841,0.0
reward/collision,18592,1786563891.645754,0.0
reward/collision,18607,1786563894.301156,0.0
reward/collision,18626,1786563897.660043,0.0
reward/collision,18652,1786563902.244361,0.0
reward/collision,18670,1786563905.421466,0.0
reward/collision,18682,1786563907.547987,0.0
reward/collision,18701,1786563910.860395,0.0
reward/collision,18722,1786563914.542333,0.0
reward/collision,18739,1786563917.684476,0.0
reward/collision,18758,1786563920.908262,0.0
reward/collision,18778,1786563923.683814,0.0
reward/collision,18802,1786563926.393335,0.0
reward/collision,18821,1786563928.596690,0.0
reward/collision,18839,1786563930.630978,0.0
reward/collision,18860,1786563935.085792,0.0
reward/collision,18879,1786563938.308677,0.0
reward/collision,18894,1786563940.780919,0.0
reward/collision,18917,1786563944.392494,0.0
reward/collision,18932,1786563946.516064,0.0
reward/collision,18953,1786563949.574259,0.0
reward/collision,18977,1786563953.005067,0.0
reward/collision,18994,1786563955.414361,0.0
reward/collision,19014,1786563958.249422,0.0
reward/collision,19029,1786563960.356092,0.0
reward/collision,19044,1786563962.435957,0.0
reward/collision,19070,1786563966.134516,0.0
reward/collision,19092,1786563969.249730,0.0
reward/collision,19111,1786563971.883567,0.0
reward/collision,19135,1786563975.218822,0.0
reward/collision,19154,1786563977.793510,0.0
reward/collision,19185,1786563981.964874,0.0
reward/collision,19206,1786563984.829698,0.0
reward/collision,19227,1786563989.619891,0.0
reward/collision,19246,1786563992.488159,0.0
reward/collision,19275,1786563996.849042,0.0
reward/collision,19294,1786563999.670429,0.0
reward/collision,19319,1786564003.229388,0.0
reward/collision,19343,1786564006.005542,0.0
reward/collision,19363,1786564008.298125,0.0
reward/collision,19389,1786564011.254295,0.0
reward/collision,19408,1786564013.392259,0.0
reward/collision,19441,1786564017.113148,0.0
reward/collision,19461,1786564019.353822,0.0
reward/collision,19480,1786564021.457669,0.0
reward/collision,19494,1786564022.993619,0.0
reward/collision,19509,1786564024.624877,0.0
reward/collision,19534,1786564027.286899,0.0
reward/collision,19551,1786564029.612151,0.0
reward/collision,19581,1786564033.107347,0.0
reward/collision,19596,1786564034.821762,0.0
reward/collision,19612,1786564036.611082,0.0
reward/collision,19635,1786564039.098871,0.0
reward/collision,19665,1786564042.347575,0.0
reward/collision,19685,1786564044.469289,0.0
reward/collision,19699,1786564045.922489,0.0
reward/collision,19714,1786564047.469475,0.0
reward/collision,19736,1786564049.776394,0.0
reward/collision,19759,1786564052.200433,0.0
reward/collision,19772,1786564053.562897,0.0
reward/collision,19794,1786564055.924007,0.0
reward/collision,19813,1786564057.922914,0.0
reward/collision,19831,1786564059.752712,0.0
reward/collision,19852,1786564061.808242,0.0
reward/collision,19873,1786564063.838888,0.0
reward/collision,19887,1786564065.210029,0.0
reward/collision,19905,1786564066.964110,0.0
reward/collision,19933,1786564069.607533,0.0
reward/collision,19947,1786564070.917466,0.0
reward/collision,19971,1786564073.143955,0.0
reward/collision,20000,1786564075.716558,0.0
reward/heading,3,1786561536.455711,-0.00010679275874281302
reward/heading,24,1786561539.189247,-0.20076526701450348
reward/heading,53,1786561542.619620,-0.5006904006004333
reward/heading,79,1786561545.610469,-0.09275075793266296
reward/heading,97,1786561547.760181,-0.2717100977897644
reward/heading,119,1786561550.311120,-0.20695270597934723
reward/heading,137,1786561554.192968,-0.0001131843455368653
reward/heading,153,1786561556.249287,-0.037147633731365204
reward/heading,177,1786561559.537323,-0.4235683083534241
reward/heading,206,1786561563.522979,-0.3576769232749939
reward/heading,221,1786561565.605390,-0.511586606502533
reward/heading,241,1786561568.134344,-0.05177443474531174
reward/heading,261,1786561570.239254,-0.058142658323049545
reward/heading,282,1786561572.455225,-0.03323175758123398
reward/heading,302,1786561574.460840,-0.1962314397096634
reward/heading,322,1786561576.429184,-0.33399882912635803
reward/heading,334,1786561578.121626,-0.019453059881925583
reward/heading,356,1786561580.525007,-0.3657121956348419
reward/heading,381,1786561583.234005,-0.23715342581272125
reward/heading,405,1786561585.736874,-0.5624159574508667
reward/heading,422,1786561589.364998,-8.016114588826895e-05
reward/heading,443,1786561592.634895,-0.08810935169458389
reward/heading,466,1786561595.767629,-0.3926309049129486
reward/heading,494,1786561598.688580,-0.6199389100074768
reward/heading,517,1786561601.310097,-0.037819549441337585
reward/heading,545,1786561604.091951,-0.13388602435588837
reward/heading,556,1786561605.203022,-0.09100048243999481
reward/heading,580,1786561607.637158,-0.17020568251609802
reward/heading,599,1786561609.560901,-0.05528562515974045
reward/heading,621,1786561611.735233,-0.059113919734954834
reward/heading,646,1786561614.215782,-0.08455976098775864
reward/heading,668,1786561616.358160,-0.0595281757414341
reward/heading,686,1786561618.102474,-0.23812614381313324
reward/heading,708,1786561620.247684,-0.3398067057132721
reward/heading,729,1786561622.281511,-0.35934391617774963
reward/heading,751,1786561624.690715,-0.056470464915037155
reward/heading,771,1786561627.346258,-0.00044679365237243474
reward/heading,794,1786561630.539256,-0.18626099824905396
reward/heading,812,1786561633.006626,-0.010590537451207638
reward/heading,835,1786561636.021791,-0.09905874729156494
reward/heading,851,1786561637.726009,-0.1452663391828537
reward/heading,868,1786561639.500180,-0.19538496434688568
reward/heading,883,1786561641.033044,-0.1827375739812851
reward/heading,901,1786561642.878035,-0.2836160361766815
reward/heading,915,1786561644.198795,-0.33652693033218384
reward/heading,933,1786561645.889334,-0.5018696188926697
reward/heading,946,1786561647.907605,-0.012239121831953526
reward/heading,971,1786561651.101348,-0.19136103987693787
reward/heading,989,1786561653.426271,-0.000603871769271791
reward/heading,1004,1786561654.845164,-0.03033340536057949
reward/heading,1027,1786561656.902933,-0.2889634966850281
reward/heading,1053,1786561659.153895,-0.6594037413597107
reward/heading,1070,1786561661.205673,-0.0005155879771336913
reward/heading,1088,1786561663.306488,-0.16915227472782135
reward/heading,1102,1786561664.929022,-0.21803273260593414
reward/heading,1119,1786561668.946474,-0.000523577444255352
reward/heading,1146,1786561674.349828,-0.39118415117263794
reward/heading,1166,1786561679.725331,-0.14808906614780426
reward/heading,1186,1786561683.185700,-0.4749052822589874
reward/heading,1208,1786561686.920819,-0.534525454044342
reward/heading,1228,1786561690.272541,-0.5759027004241943
reward/heading,1251,1786561694.202576,-0.5368357300758362
reward/heading,1266,1786561696.283086,-0.19637884199619293
reward/heading,1279,1786561697.721355,-0.02322888933122158
reward/heading,1300,1786561700.060432,-0.08669494837522507
reward/heading,1323,1786561703.464093,-0.13592959940433502
reward/heading,1337,1786561705.002340,-0.12108194828033447
reward/heading,1357,1786561707.540447,-0.3037404417991638
reward/heading,1381,1786561710.460415,-0.052261874079704285
reward/heading,1398,1786561712.258211,-0.23790204524993896
reward/heading,1412,1786561713.716009,-0.3057580590248108
reward/heading,1433,1786561715.832775,-0.3091874122619629
reward/heading,1451,1786561717.695609,-0.21985512971878052
reward/heading,1468,1786561721.354412,-0.0004511394945438951
reward/heading,1485,1786561724.606530,-0.016760338097810745
reward/heading,1515,1786561731.175062,-0.027840951457619667
reward/heading,1532,1786561734.435341,-0.17337365448474884
reward/heading,1552,1786561737.581174,-0.5645797848701477
reward/heading,1574,1786561742.357145,-0.0005006743012927473
reward/heading,1595,1786561746.175778,-0.8837798833847046
reward/heading,1611,1786561751.083012,-0.0003195793251506984
reward/heading,1624,1786561753.545191,-0.5569372773170471
reward/heading,1637,1786561755.517026,-1.536300539970398
reward/heading,1655,1786561758.279576,-1.0373759269714355
reward/heading,1675,1786561763.156147,-0.9074199199676514
reward/heading,1692,1786561765.905595,-0.5087151527404785
reward/heading,1707,1786561769.260201,-0.051211655139923096
reward/heading,1729,1786561772.283109,-0.30122148990631104
reward/heading,1747,1786561776.146414,-0.12483634054660797
reward/heading,1759,1786561777.795878,-1.5969085693359375
reward/heading,1773,1786561781.582044,-0.9068140983581543
reward/heading,1790,1786561784.120442,-0.5537660717964172
reward/heading,1808,1786561788.148869,-1.4699796438217163
reward/heading,1828,1786561791.185331,-1.5439789295196533
reward/heading,1858,1786561795.099802,-0.00044679365237243474
reward/heading,1880,1786561798.016671,-0.08025111258029938
reward/heading,1899,1786561800.531043,-0.13225850462913513
reward/heading,1919,1786561803.378240,-0.014547019265592098
reward/heading,1941,1786561807.680194,-0.12148648500442505
reward/heading,1968,1786561812.387945,-0.320464551448822
reward/heading,1995,1786561818.319756,-0.23678167164325714
reward/heading,2014,1786561821.602502,-0.00015299860388040543
reward/heading,2028,1786561823.496056,-0.003971838392317295
reward/heading,2048,1786561826.178108,-0.456594318151474
reward/heading,2061,1786561828.248084,-0.271138995885849
reward/heading,2083,1786561833.309400,-0.00011771172285079956
reward/heading,2104,1786561838.415335,-0.029146434739232063
reward/heading,2126,1786561844.362675,-0.5173233151435852
reward/heading,2147,1786561849.332526,-0.00015339808305725455
reward/heading,2172,1786561852.651526,-0.00044679365237243474
reward/heading,2197,1786561858.201292,-0.00044679365237243474
reward/heading,2219,1786561861.426810,-0.0016149409348145127
reward/heading,2233,1786561863.231349,-0.008460063487291336
reward/heading,2248,1786561865.126624,-0.04181402549147606
reward/heading,2270,1786561867.842822,-0.06604266911745071
reward/heading,2289,1786561870.147022,-0.04796299710869789
reward/heading,2314,1786561873.099619,-0.050579819828271866
reward/heading,2333,1786561875.309555,-0.05288079008460045
reward/heading,2351,1786561877.338357,-0.005511545110493898
reward/heading,2384,1786561880.932045,-0.043573178350925446
reward/heading,2405,1786561883.124580,-0.0884983092546463
reward/heading,2423,1786561884.965512,-0.02590603195130825
reward/heading,2449,1786561887.619915,-0.028745628893375397
reward/heading,2462,1786561888.960405,-0.0518735833466053
reward/heading,2477,1786561890.518085,-0.007757122628390789
reward/heading,2491,1786561891.945068,-0.07932691276073456
reward/heading,2513,1786561894.267672,-0.01218516007065773
reward/heading,2534,1786561896.460990,-0.09973777830600739
reward/heading,2557,1786561898.931568,-0.05514035001397133
reward/heading,2579,1786561901.341554,-0.006763763260096312
reward/heading,2602,1786561903.863199,-0.03276234120130539
reward/heading,2618,1786561905.614111,-0.0023847275879234076
reward/heading,2647,1786561908.779384,-0.03702685981988907
reward/heading,2673,1786561911.612302,-0.03455344960093498
reward/heading,2696,1786561914.100325,-0.03245394676923752
reward/heading,2717,1786561916.390654,-0.020745491608977318
reward/heading,2745,1786561919.489221,-0.009066998027265072
reward/heading,2766,1786561921.831189,-0.05011749640107155
reward/heading,2801,1786561925.633457,-0.0508611835539341
reward/heading,2823,1786561927.952905,-0.01131031196564436
reward/heading,2849,1786561930.591897,-0.1915329545736313
reward/heading,2864,1786561932.109910,-0.19881083071231842
reward/heading,2886,1786561936.465318,-0.0024411866907030344
reward/heading,2904,1786561938.995084,-0.008038085885345936
reward/heading,2921,1786561941.455703,-0.00199377560056746
reward/heading,2938,1786561943.871443,-0.048976197838783264
reward/heading,2957,1786561946.458505,-0.012474246323108673
reward/heading,2976,1786561948.976629,-0.09722255915403366
reward/heading,2998,1786561953.869487,-0.0281570702791214
reward/heading,3023,1786561957.808443,-0.044373057782649994
reward/heading,3046,1786561961.323997,-0.09062071144580841
reward/heading,3064,1786561964.068456,-0.15722903609275818
reward/heading,3087,1786561967.421084,-0.08273349702358246
reward/heading,3108,1786561970.370501,-0.22081653773784637
reward/heading,3135,1786561973.421353,-0.18779081106185913
reward/heading,3159,1786561975.762996,-0.04678574949502945
reward/heading,3177,1786561977.561528,-0.021725403144955635
reward/heading,3196,1786561979.382525,-0.023080019280314445
reward/heading,3212,1786561980.879533,-0.026182468980550766
reward/heading,3230,1786561982.522830,-0.11733687669038773
reward/heading,3260,1786561986.050856,-0.009321232326328754
reward/heading,3283,1786561989.135665,-0.032172854989767075
reward/heading,3302,1786561991.608238,-0.06551457941532135
reward/heading,3331,1786561995.414991,-0.07186037302017212
reward/heading,3344,1786561997.022324,-0.002776345470920205
reward/heading,3363,1786561999.453047,-0.03252261132001877
reward/heading,3378,1786562001.313674,-0.0033213559072464705
reward/heading,3406,1786562004.679949,-0.022610506042838097
reward/heading,3421,1786562006.489408,-0.014578407630324364
reward/heading,3434,1786562007.989684,-0.026591219007968903
reward/heading,3450,1786562009.921233,-0.08897320181131363
reward/heading,3472,1786562012.431451,-0.06598809361457825
reward/heading,3488,1786562014.254410,-0.012940035201609135
reward/heading,3509,1786562016.614133,-0.02100354991853237
reward/heading,3532,1786562019.216460,-0.0015915570547804236
reward/heading,3546,1786562020.806797,-0.016776135191321373
reward/heading,3564,1786562022.825803,-0.0050863828510046005
reward/heading,3586,1786562025.252297,-0.04557232931256294
reward/heading,3607,1786562027.608429,-0.026101374998688698
reward/heading,3629,1786562029.998692,-0.04246596619486809
reward/heading,3659,1786562033.298380,-0.022744258865714073
reward/heading,3675,1786562035.063470,-0.04833371937274933
reward/heading,3690,1786562036.703034,-0.0141701465472579
reward/heading,3707,1786562038.584915,-0.005467801354825497
reward/heading,3722,1786562040.252250,-0.019363708794116974
reward/heading,3743,1786562042.544767,-0.02499222382903099
reward/heading,3767,1786562045.385676,-0.035039544105529785
reward/heading,3788,1786562048.030701,-0.1324824094772339
reward/heading,3800,1786562049.546138,-0.05412382259964943
reward/heading,3818,1786562051.820814,-0.024317722767591476
reward/heading,3836,1786562054.155056,-0.034389134496450424
reward/heading,3856,1786562056.655009,-0.09103430062532425
reward/heading,3881,1786562059.727648,-0.014785736799240112
reward/heading,3898,1786562061.743013,-0.006360427476465702
reward/heading,3915,1786562063.688628,-0.000815193634480238
reward/heading,3931,1786562065.447972,-0.014514361508190632
reward/heading,3946,1786562067.036952,-0.05784159526228905
reward/heading,3962,1786562068.723802,-0.13831207156181335
reward/heading,3978,1786562070.392101,-0.05738579481840134
reward/heading,4002,1786562072.958193,-0.06863738596439362
reward/heading,4021,1786562074.893625,-0.07828215509653091
reward/heading,4039,1786562076.828530,-0.10825803130865097
reward/heading,4055,1786562080.027969,-0.18353493511676788
reward/heading,4071,1786562082.891199,-0.11566401273012161
reward/heading,4087,1786562085.750725,-0.04850495234131813
reward/heading,4105,1786562088.926014,-0.027344273403286934
reward/heading,4122,1786562091.905310,-0.01859339140355587
reward/heading,4148,1786562096.492214,-0.002543585142120719
reward/heading,4172,1786562100.706646,-0.05333273112773895
reward/heading,4188,1786562103.206328,-0.41163894534111023
reward/heading,4208,1786562105.955513,-0.0361793115735054
reward/heading,4221,1786562107.535168,-0.03053753636777401
reward/heading,4240,1786562109.803725,-0.04802877828478813
reward/heading,4257,1786562111.837908,-0.05275176092982292
reward/heading,4270,1786562113.293813,-0.08979899436235428
reward/heading,4292,1786562115.972906,-0.16339512169361115
reward/heading,4308,1786562118.150376,-0.14604589343070984
reward/heading,4323,1786562120.279676,-0.2400420755147934
reward/heading,4363,1786562125.713700,-0.06633982807397842
reward/heading,4375,1786562127.360179,-0.06333180516958237
reward/heading,4396,1786562130.175558,-0.033983126282691956
reward/heading,4426,1786562134.122242,-0.06262809038162231
reward/heading,4451,1786562137.290041,-0.0037736317608505487
reward/heading,4468,1786562139.419404,-0.02984350360929966
reward/heading,4486,1786562141.678214,-0.07533839344978333
reward/heading,4520,1786562145.921884,-0.0368976816534996
reward/heading,4538,1786562148.220835,-0.02675536274909973
reward/heading,4560,1786562150.994235,-0.0036390633322298527
reward/heading,4585,1786562154.090680,-0.10330292582511902
reward/heading,4602,1786562156.252143,-0.02280583418905735
reward/heading,4617,1786562158.098798,-0.017573785036802292
reward/heading,4636,1786562160.416585,-0.08508885651826859
reward/heading,4661,1786562163.462182,-0.0016511855646967888
reward/heading,4680,1786562165.788474,-0.024340346455574036
reward/heading,4699,1786562168.077260,-0.05357334762811661
reward/heading,4716,1786562170.128281,-0.02863510511815548
reward/heading,4736,1786562172.582276,-0.004011436365544796
reward/heading,4762,1786562175.763727,-0.0410693995654583
reward/heading,4775,1786562177.415784,-0.07997943460941315
reward/heading,4795,1786562179.916374,-0.1470126062631607
reward/heading,4814,1786562182.143714,-0.3170018494129181
reward/heading,4827,1786562183.549192,-0.09030593186616898
reward/heading,4843,1786562185.195829,-0.3655849099159241
reward/heading,4860,1786562186.805991,-0.1904691457748413
reward/heading,4877,1786562188.385557,-0.07067710161209106
reward/heading,4894,1786562189.940258,-0.03132316842675209
reward/heading,4911,1786562191.381891,-0.11285185068845749
reward/heading,4929,1786562192.865624,-0.472808837890625
reward/heading,4951,1786562195.860214,-0.41455644369125366
reward/heading,4974,1786562199.222816,-0.12005157023668289
reward/heading,4989,1786562201.479210,-0.1575550138950348
reward/heading,5007,1786562204.295094,-0.08759376406669617
reward/heading,5026,1786562209.164557,-0.0004511394945438951
reward/heading,5046,1786562212.451919,-0.003353452542796731
reward/heading,5064,1786562215.391413,-0.09654811024665833
reward/heading,5087,1786562219.154640,-0.06465303152799606
reward/heading,5109,1786562222.606420,-0.03237791359424591
reward/heading,5131,1786562226.000221,-0.004996356554329395
reward/heading,5153,1786562229.345402,-0.087437704205513
reward/heading,5171,1786562232.059025,-0.06099464371800423
reward/heading,5192,1786562235.200913,-0.07827696204185486
reward/heading,5223,1786562239.852724,-0.04115782305598259
reward/heading,5244,1786562242.955249,-0.01353631541132927
reward/heading,5259,1786562244.756664,-0.07970734685659409
reward/heading,5274,1786562246.463106,-0.028386900201439857
reward/heading,5291,1786562248.406786,-0.025612952187657356
reward/heading,5317,1786562251.420256,-0.16924361884593964
reward/heading,5341,1786562254.126083,-0.09930688142776489
reward/heading,5367,1786562256.806199,-0.10619448125362396
reward/heading,5381,1786562258.222143,-0.1170005202293396
reward/heading,5395,1786562259.616804,-0.0556693896651268
reward/heading,5418,1786562261.868251,-0.06916855275630951
reward/heading,5433,1786562263.347979,-0.05271673947572708
reward/heading,5451,1786562265.080884,-0.0384371392428875
reward/heading,5471,1786562266.977245,-0.08799909800291061
reward/heading,5494,1786562269.131000,-0.014564694836735725
reward/heading,5509,1786562270.524575,-0.021409152075648308
reward/heading,5537,1786562273.010814,-0.005204216111451387
reward/heading,5552,1786562274.316471,-0.0349421389400959
reward/heading,5571,1786562275.998790,-0.005690509453415871
reward/heading,5592,1786562277.845939,-0.018770892173051834
reward/heading,5610,1786562279.431697,-0.029042569920420647
reward/heading,5632,1786562281.339343,-0.05283911153674126
reward/heading,5653,1786562283.169640,-0.050000451505184174
reward/heading,5668,1786562284.470723,-0.04338076338171959
reward/heading,5680,1786562285.516062,-0.03624162822961807
reward/heading,5700,1786562287.283202,-0.07186900079250336
reward/heading,5716,1786562288.733168,-0.02278267778456211
reward/heading,5746,1786562291.344018,-0.05895386263728142
reward/heading,5773,1786562294.952515,-0.041808757930994034
reward/heading,5789,1786562297.352438,-0.018303371965885162
reward/heading,5805,1786562299.598047,-0.061661247164011
reward/heading,5821,1786562301.752085,-0.003440271597355604
reward/heading,5837,1786562303.905190,-0.011867774650454521
reward/heading,5861,1786562307.112500,-0.008773517794907093
reward/heading,5884,1786562310.210456,-0.021719403564929962
reward/heading,5905,1786562312.998840,-0.02816293202340603
reward/heading,5926,1786562315.852251,-0.2587698996067047
reward/heading,5941,1786562318.317565,-0.00010679275874281302
reward/heading,5961,1786562320.543531,-0.004809106700122356
reward/heading,5981,1786562322.788370,-0.04360082745552063
reward/heading,6004,1786562325.431416,-0.0018993047997355461
reward/heading,6025,1786562327.718129,-0.029170403257012367
reward/heading,6042,1786562329.544201,-0.03365516662597656
reward/heading,6059,1786562331.357889,-0.036470264196395874
reward/heading,6079,1786562333.527064,-0.016578441485762596
reward/heading,6094,1786562335.149443,-0.057834018021821976
reward/heading,6112,1786562337.116473,-0.01895923539996147
reward/heading,6135,1786562339.654865,-0.06457153707742691
reward/heading,6148,1786562341.078564,-0.03225407749414444
reward/heading,6164,1786562342.885694,-0.0003990695986431092
reward/heading,6190,1786562345.804755,-0.10314138978719711
reward/heading,6214,1786562348.740497,-0.3460603356361389
reward/heading,6236,1786562351.582446,-0.07062556594610214
reward/heading,6259,1786562354.571900,-0.013319267891347408
reward/heading,6285,1786562358.028927,-0.07138017565011978
reward/heading,6305,1786562360.573537,-0.044057607650756836
reward/heading,6325,1786562363.084626,-0.040056340396404266
reward/heading,6341,1786562365.020673,-0.030124079436063766
reward/heading,6362,1786562367.474533,-0.05134841054677963
reward/heading,6394,1786562371.071426,-0.021349763497710228
reward/heading,6414,1786562373.245431,-0.08786354213953018
reward/heading,6439,1786562375.932224,-0.03382214531302452
reward/heading,6457,1786562377.865824,-0.07054474204778671
reward/heading,6472,1786562379.440898,-0.07776457071304321
reward/heading,6500,1786562382.323097,-0.013004481792449951
reward/heading,6520,1786562384.372807,-0.026043051853775978
reward/heading,6541,1786562386.478200,-0.02169930376112461
reward/heading,6560,1786562388.377385,-0.040639571845531464
reward/heading,6581,1786562390.480798,-0.03340908885002136
reward/heading,6597,1786562392.075128,-0.025072196498513222
reward/heading,6616,1786562393.940785,-0.01715528406202793
reward/heading,6636,1786562395.922708,-0.030883081257343292
reward/heading,6661,1786562398.412655,-0.02955762669444084
reward/heading,6686,1786562400.893505,-0.045065879821777344
reward/heading,6704,1786562402.698272,-0.1854110062122345
reward/heading,6719,1786562404.224014,-0.17930904030799866
reward/heading,6744,1786562407.110290,-0.014364824630320072
reward/heading,6761,1786562408.793532,-0.051659200340509415
reward/heading,6789,1786562411.520872,-0.010874485597014427
reward/heading,6813,1786562413.783155,-0.017192568629980087
reward/heading,6826,1786562414.990707,-0.04297010600566864
reward/heading,6845,1786562416.843990,-0.0028157602064311504
reward/heading,6861,1786562419.485710,-0.058615244925022125
reward/heading,6876,1786562421.814566,-0.13044948875904083
reward/heading,6896,1786562424.946909,-0.026757312938570976
reward/heading,6913,1786562427.665263,-0.049703508615493774
reward/heading,6943,1786562432.400654,-0.0204249806702137
reward/heading,6963,1786562435.558935,-0.010426941327750683
reward/heading,6978,1786562437.908803,-0.002901913598179817
reward/heading,6994,1786562440.402489,-0.023793213069438934
reward/heading,7014,1786562443.509889,-0.029955634847283363
reward/heading,7031,1786562446.144248,-0.007515973411500454
reward/heading,7053,1786562449.476736,-0.06211197376251221
reward/heading,7073,1786562452.467819,-0.01721387356519699
reward/heading,7089,1786562454.816758,-0.013480654917657375
reward/heading,7119,1786562459.113635,-0.016607871279120445
reward/heading,7136,1786562461.500489,-0.02044988051056862
reward/heading,7157,1786562464.475869,-0.010428805835545063
reward/heading,7177,1786562467.307763,-0.02831486240029335
reward/heading,7194,1786562469.741194,-0.014168682508170605
reward/heading,7210,1786562472.024340,-0.08882813900709152
reward/heading,7227,1786562474.518581,-0.007330750580877066
reward/heading,7250,1786562477.951528,-0.010583402588963509
reward/heading,7269,1786562480.810684,-0.03437408432364464
reward/heading,7292,1786562484.125304,-0.01546431053429842
reward/heading,7310,1786562486.645574,-0.017695507034659386
reward/heading,7329,1786562489.278919,-0.045849911868572235
reward/heading,7347,1786562491.745639,-0.03442788124084473
reward/heading,7371,1786562495.052267,-0.01856875792145729
reward/heading,7392,1786562497.893057,-0.033796846866607666
reward/heading,7410,1786562500.332539,-0.024717995896935463
reward/heading,7430,1786562503.128980,-0.026174213737249374
reward/heading,7444,1786562505.057080,-0.004841627087444067
reward/heading,7465,1786562507.976721,-0.003716707695275545
reward/heading,7484,1786562510.600817,-0.024929717183113098
reward/heading,7510,1786562514.207516,-0.037514351308345795
reward/heading,7531,1786562516.982095,-0.02104230225086212
reward/heading,7547,1786562519.110148,-0.09862710535526276
reward/heading,7563,1786562522.714972,-8.548747427994385e-05
reward/heading,7583,1786562525.760464,-0.00230842805467546
reward/heading,7611,1786562529.960920,-0.021688250824809074
reward/heading,7637,1786562533.898937,-0.031923577189445496
reward/heading,7653,1786562536.351417,-0.04080814868211746
reward/heading,7671,1786562539.069749,-0.07233065366744995
reward/heading,7693,1786562542.299382,-0.027889154851436615
reward/heading,7718,1786562545.634192,-0.013263341039419174
reward/heading,7737,1786562547.926095,-0.008718656376004219
reward/heading,7763,1786562551.282236,-0.021617677062749863
reward/heading,7783,1786562553.631168,-0.009467004798352718
reward/heading,7793,1786562554.799083,-0.013254553079605103
reward/heading,7817,1786562557.600282,-0.0018370485631749034
reward/heading,7840,1786562560.257215,-0.05486031994223595
reward/heading,7856,1786562562.076621,-0.02076626569032669
reward/heading,7870,1786562563.678120,-0.014302773401141167
reward/heading,7887,1786562565.595989,-0.015200524590909481
reward/heading,7916,1786562568.705423,-0.19164906442165375
reward/heading,7932,1786562570.327387,-0.24914510548114777
reward/heading,7951,1786562572.246472,-0.15755580365657806
reward/heading,7969,1786562574.102870,-0.4610215425491333
reward/heading,7990,1786562576.154582,-0.113608717918396
reward/heading,8006,1786562577.745606,-0.013743509538471699
reward/heading,8022,1786562579.230237,-0.055568452924489975
reward/heading,8050,1786562581.801315,-0.06163500249385834
reward/heading,8076,1786562584.210029,-0.0151605773717165
reward/heading,8093,1786562585.777816,-0.037452831864356995
reward/heading,8115,1786562587.739045,-0.00043076631845906377
reward/heading,8128,1786562588.895832,-0.027463316917419434
reward/heading,8151,1786562590.974471,-0.01504006888717413
reward/heading,8179,1786562594.078217,-0.029321802780032158
reward/heading,8198,1786562596.139580,-0.01674036495387554
reward/heading,8216,1786562598.064269,-0.027948543429374695
reward/heading,8233,1786562599.885777,-0.02677994966506958
reward/heading,8245,1786562601.150903,-0.021328724920749664
reward/heading,8269,1786562603.665538,-0.02488577552139759
reward/heading,8288,1786562605.611400,-0.04342377185821533
reward/heading,8311,1786562607.939907,-0.053853776305913925
reward/heading,8327,1786562609.537813,-0.026610305532813072
reward/heading,8349,1786562611.701447,-0.017289774492383003
reward/heading,8366,1786562613.336131,-0.14879652857780457
reward/heading,8394,1786562616.162001,-0.010491656139492989
reward/heading,8412,1786562618.245610,-0.259010374546051
reward/heading,8427,1786562620.095757,-0.16746285557746887
reward/heading,8446,1786562622.534674,-0.07050323486328125
reward/heading,8468,1786562625.396465,-0.03495766967535019
reward/heading,8490,1786562628.256619,-0.031121741980314255
reward/heading,8507,1786562630.467719,-0.04067486897110939
reward/heading,8529,1786562633.329046,-0.019594626501202583
reward/heading,8549,1786562635.900813,-0.057188600301742554
reward/heading,8574,1786562639.112195,-0.04736197739839554
reward/heading,8595,1786562641.729911,-0.03144257143139839
reward/heading,8620,1786562644.863001,-0.02769596315920353
reward/heading,8646,1786562648.050157,-0.038248058408498764
reward/heading,8660,1786562649.751520,-0.023203697055578232
reward/heading,8683,1786562652.487724,-0.06474757194519043
reward/heading,8705,1786562655.110868,-0.014758951961994171
reward/heading,8727,1786562657.613357,-0.016684627160429955
reward/heading,8747,1786562659.873621,-0.02347598969936371
reward/heading,8763,1786562661.687775,-0.02230096235871315
reward/heading,8782,1786562663.799496,-0.014848790131509304
reward/heading,8802,1786562666.002377,-0.00765099236741662
reward/heading,8825,1786562668.487845,-0.026205768808722496
reward/heading,8846,1786562670.768199,-0.012302469462156296
reward/heading,8864,1786562672.734179,-0.012372246012091637
reward/heading,8887,1786562675.280017,-0.01322296354919672
reward/heading,8904,1786562677.160838,-0.05247466638684273
reward/heading,8930,1786562680.000314,-0.02759608067572117
reward/heading,8947,1786562681.837676,-0.00471725407987833
reward/heading,8967,1786562683.991831,-0.015091308392584324
reward/heading,8982,1786562685.574783,-0.02442517876625061
reward/heading,8996,1786562687.034322,-0.0012072083773091435
reward/heading,9008,1786562688.277198,-0.023115653544664383
reward/heading,9032,1786562690.742283,-0.005216635297983885
reward/heading,9053,1786562692.924803,-0.008450922556221485
reward/heading,9085,1786562696.245867,-0.08256176859140396
reward/heading,9103,1786562698.195272,-0.5399671792984009
reward/heading,9122,1786562700.561860,-0.4694794714450836
reward/heading,9133,1786562702.002542,-0.30633237957954407
reward/heading,9158,1786562705.293599,-0.11420713365077972
reward/heading,9178,1786562707.982382,-0.033851440995931625
reward/heading,9203,1786562711.315687,-0.004720186814665794
reward/heading,9223,1786562714.020326,-0.03267725184559822
reward/heading,9241,1786562716.426728,-0.013280651532113552
reward/heading,9264,1786562719.469328,-0.0038637141697108746
reward/heading,9286,1786562722.378712,-0.011667974293231964
reward/heading,9304,1786562724.762448,-0.029027923941612244
reward/heading,9315,1786562726.197790,-0.03747933357954025
reward/heading,9332,1786562728.451524,-0.06684507429599762
reward/heading,9356,1786562731.586457,-0.0587630495429039
reward/heading,9380,1786562736.547383,-0.023565780371427536
reward/heading,9396,1786562739.210953,-0.006313822232186794
reward/heading,9411,1786562741.175109,-0.004768656101077795
reward/heading,9430,1786562743.668275,-0.03524880111217499
reward/heading,9444,1786562745.502192,-0.009196960367262363
reward/heading,9463,1786562747.991899,-0.014821556396782398
reward/heading,9480,1786562750.202799,-0.04265079274773598
reward/heading,9500,1786562752.815951,-0.02678740583360195
reward/heading,9519,1786562755.293555,-0.04259273409843445
reward/heading,9536,1786562757.475837,-0.023034479469060898
reward/heading,9554,1786562759.784157,-0.01756967231631279
reward/heading,9576,1786562762.586034,-0.024592163041234016
reward/heading,9594,1786562764.842503,-0.03521524369716644
reward/heading,9614,1786562767.282902,-0.021039770916104317
reward/heading,9628,1786562769.024380,-0.17806081473827362
reward/heading,9643,1786562771.209527,-0.1871057152748108
reward/heading,9662,1786562774.621433,-0.01489332877099514
reward/heading,9683,1786562778.398995,-0.0036485306918621063
reward/heading,9702,1786562781.900182,-0.00035567343002185225
reward/heading,9720,1786562784.140834,-0.012397173792123795
reward/heading,9741,1786562786.752804,-0.03167572245001793
reward/heading,9764,1786562789.594499,-0.0009464026079513133
reward/heading,9780,1786562791.540922,-0.005379735492169857
reward/heading,9798,1786562793.709548,-0.013182336464524269
reward/heading,9814,1786562795.663539,-0.03408198431134224
reward/heading,9831,1786562797.706230,-0.004909766372293234
reward/heading,9857,1786562800.694353,-0.008444292470812798
reward/heading,9871,1786562802.278239,-0.0036484424490481615
reward/heading,9893,1786562804.721327,-0.002378650475293398
reward/heading,9908,1786562806.378936,-0.008936417289078236
reward/heading,9934,1786562809.268681,-0.01681618019938469
reward/heading,9954,1786562811.498080,-0.021849554032087326
reward/heading,9974,1786562813.722352,-0.016555653885006905
reward/heading,9998,1786562816.415639,-0.024744220077991486
reward/heading,10011,1786562818.025415,-0.005033821798861027
reward/heading,10029,1786562820.086901,-0.004343783017247915
reward/heading,10057,1786562823.230735,-0.026532843708992004
reward/heading,10073,1786562824.956216,-0.15437546372413635
reward/heading,10096,1786562828.004167,-0.038637805730104446
reward/heading,10110,1786562829.558512,-0.022769227623939514
reward/heading,10127,1786562831.410976,-0.008169513195753098
reward/heading,10148,1786562833.595045,-0.00347502576187253
reward/heading,10168,1786562835.557826,-0.05365750193595886
reward/heading,10190,1786562837.677904,-0.8430742025375366
reward/heading,10213,1786562841.089227,-0.02286328375339508
reward/heading,10228,1786562843.164504,-0.04292776435613632
reward/heading,10242,1786562845.096996,-0.009580640122294426
reward/heading,10263,1786562847.905187,-0.017715610563755035
reward/heading,10286,1786562850.922629,-0.025909127667546272
reward/heading,10306,1786562853.530735,-0.03210892900824547
reward/heading,10333,1786562856.964180,-0.04044235125184059
reward/heading,10350,1786562859.089955,-0.023735951632261276
reward/heading,10374,1786562862.088005,-0.024958018213510513
reward/heading,10396,1786562864.771833,-0.018253806978464127
reward/heading,10418,1786562867.458921,-0.013366267085075378
reward/heading,10439,1786562870.014310,-0.0020894468761980534
reward/heading,10462,1786562872.819142,-0.00658093485981226
reward/heading,10487,1786562875.885134,-0.011460666544735432
reward/heading,10505,1786562878.082188,-0.005190232302993536
reward/heading,10527,1786562880.745857,-0.023121828213334084
reward/heading,10544,1786562882.774426,-0.010911766439676285
reward/heading,10566,1786562885.383632,-0.003484743647277355
reward/heading,10580,1786562887.020604,-0.0034930019173771143
reward/heading,10606,1786562890.006533,-0.007818436250090599
reward/heading,10621,1786562891.750634,-0.013458549045026302
reward/heading,10638,1786562893.708297,-0.011403336189687252
reward/heading,10652,1786562895.349847,-0.2746627628803253
reward/heading,10666,1786562897.132186,-0.3186817169189453
reward/heading,10681,1786562899.158265,-0.4832207262516022
reward/heading,10702,1786562902.069501,-0.23739032447338104
reward/heading,10716,1786562904.019715,-0.11080893874168396
reward/heading,10741,1786562907.573908,-0.034395791590213776
reward/heading,10766,1786562911.092212,-0.02825627289712429
reward/heading,10783,1786562913.479535,-0.0023731428664177656
reward/heading,10803,1786562916.259965,-0.02049155905842781
reward/heading,10828,1786562919.696642,-0.008391753770411015
reward/heading,10851,1786562922.928167,-0.006749382242560387
reward/heading,10866,1786562925.010897,-0.004596349783241749
reward/heading,10886,1786562927.845464,-0.03458700701594353
reward/heading,10913,1786562934.218951,-0.006280798930674791
reward/heading,10932,1786562937.720639,-0.023663250729441643
reward/heading,10953,1786562941.622932,-0.018798721954226494
reward/heading,10969,1786562944.569043,-0.0191957987844944
reward/heading,10989,1786562948.256218,-0.012975719757378101
reward/heading,11017,1786562953.347457,-0.0189563799649477
reward/heading,11036,1786562956.779047,-0.03825045004487038
reward/heading,11053,1786562959.840152,-0.03227032348513603
reward/heading,11072,1786562963.253420,-0.026828153058886528
reward/heading,11089,1786562966.319471,-0.012208729051053524
reward/heading,11108,1786562969.716047,-0.009074188768863678
reward/heading,11127,1786562973.126747,-0.022073611617088318
reward/heading,11149,1786562977.076825,-0.020974524319171906
reward/heading,11168,1786562980.473497,-0.012429771944880486
reward/heading,11187,1786562983.835537,-0.006904245354235172
reward/heading,11203,1786562986.642626,-0.011322695761919022
reward/heading,11223,1786562990.179021,-0.0020008329302072525
reward/heading,11242,1786562993.493359,-0.001862614881247282
reward/heading,11266,1786562997.686057,-0.013689979910850525
reward/heading,11285,1786563000.977076,-0.01841336116194725
reward/heading,11301,1786563003.695902,-0.013550429604947567
reward/heading,11318,1786563006.525088,-0.017017865553498268
reward/heading,11343,1786563010.629745,-0.013544837012887001
reward/heading,11364,1786563014.045030,-0.002303101820871234
reward/heading,11385,1786563017.447849,-0.016765132546424866
reward/heading,11405,1786563020.740190,-0.21724523603916168
reward/heading,11426,1786563024.414253,-0.5101199746131897
reward/heading,11447,1786563027.519923,-0.4244237244129181
reward/heading,11472,1786563030.889562,-0.12834052741527557
reward/heading,11497,1786563034.242521,-0.03205620497465134
reward/heading,11517,1786563036.909355,-0.018922025337815285
reward/heading,11537,1786563039.610831,-0.36637425422668457
reward/heading,11559,1786563042.855239,-0.005988384131342173
reward/heading,11574,1786563044.554224,-0.029999444261193275
reward/heading,11604,1786563047.891774,-0.04777604341506958
reward/heading,11639,1786563051.723108,-0.02714293822646141
reward/heading,11655,1786563053.473192,-0.030590932816267014
reward/heading,11675,1786563055.650019,-0.0049404301680624485
reward/heading,11689,1786563057.154257,-0.021380389109253883
reward/heading,11721,1786563060.552385,-0.036556679755449295
reward/heading,11739,1786563062.423993,-0.0033337450586259365
reward/heading,11755,1786563064.083215,-0.04791026934981346
reward/heading,11768,1786563065.393896,-0.020481573417782784
reward/heading,11791,1786563067.719023,-0.02317855693399906
reward/heading,11811,1786563070.411322,-0.18623991310596466
reward/heading,11826,1786563073.001758,-0.09438655525445938
reward/heading,11858,1786563078.619629,-0.042367830872535706
reward/heading,11874,1786563081.442520,-0.06113233044743538
reward/heading,11894,1786563084.875956,-0.009579923003911972
reward/heading,11909,1786563087.497451,-0.04818257689476013
reward/heading,11929,1786563090.892121,-0.002436392940580845
reward/heading,11943,1786563093.258587,-0.01793266087770462
reward/heading,11962,1786563096.482277,-0.03011595830321312
reward/heading,11978,1786563099.172902,-0.02601682022213936
reward/heading,12003,1786563103.502798,-0.003805257612839341
reward/heading,12020,1786563106.353383,-0.02044042758643627
reward/heading,12039,1786563109.620861,-0.013745639473199844
reward/heading,12058,1786563112.840517,-0.02692762203514576
reward/heading,12073,1786563115.381575,-0.021111810579895973
reward/heading,12085,1786563117.404388,-0.014652579091489315
reward/heading,12102,1786563120.264425,-0.05542943626642227
reward/heading,12124,1786563123.981777,-0.12474313378334045
reward/heading,12142,1786563127.122801,-0.24242262542247772
reward/heading,12166,1786563130.468022,-0.039061542600393295
reward/heading,12188,1786563132.871590,-0.0202486589550972
reward/heading,12219,1786563136.271158,-0.017818408086895943
reward/heading,12241,1786563138.666302,-0.018803244456648827
reward/heading,12258,1786563140.466902,-0.02080431580543518
reward/heading,12273,1786563142.059033,-0.011077416129410267
reward/heading,12295,1786563144.361858,-0.01820305734872818
reward/heading,12314,1786563146.344777,-0.010353036224842072
reward/heading,12331,1786563148.146060,-0.01996971294283867
reward/heading,12344,1786563149.508884,-0.02531035616993904
reward/heading,12368,1786563152.054651,-0.014029795303940773
reward/heading,12386,1786563153.934095,-0.02207580953836441
reward/heading,12405,1786563155.919190,-0.033421870321035385
reward/heading,12418,1786563157.261530,-0.0029966256115585566
reward/heading,12443,1786563159.842046,-0.008897352032363415
reward/heading,12460,1786563161.577370,-0.012599894776940346
reward/heading,12471,1786563162.703165,-0.0052008843049407005
reward/heading,12494,1786563164.998063,-0.03327365219593048
reward/heading,12509,1786563166.513811,-0.023247426375746727
reward/heading,12525,1786563168.141948,-0.027154656127095222
reward/heading,12541,1786563169.745344,-0.012607937678694725
reward/heading,12559,1786563171.554240,-0.21456962823867798
reward/heading,12584,1786563174.402877,-0.0665057897567749
reward/heading,12600,1786563176.426437,-0.40322574973106384
reward/heading,12628,1786563180.051840,-0.21907483041286469
reward/heading,12657,1786563183.875827,-0.09508670121431351
reward/heading,12685,1786563187.470715,-0.05411396920681
reward/heading,12700,1786563189.393883,-0.00016192019393201917
reward/heading,12716,1786563191.436261,-0.03428873047232628
reward/heading,12733,1786563193.612373,-0.011480354703962803
reward/heading,12754,1786563196.276355,-0.000538624357432127
reward/heading,12782,1786563199.867393,-0.0326269194483757
reward/heading,12812,1786563203.634142,-0.018632540479302406
reward/heading,12837,1786563206.765154,-0.04530835896730423
reward/heading,12857,1786563209.253934,-0.044159870594739914
reward/heading,12876,1786563211.551520,-0.003600460710003972
reward/heading,12898,1786563214.159960,-0.006911835167557001
reward/heading,12921,1786563216.856967,-0.040328249335289
reward/heading,12941,1786563219.190177,-0.0024864603765308857
reward/heading,12961,1786563221.542491,-0.027875173836946487
reward/heading,12985,1786563224.332121,-0.05877263471484184
reward/heading,13009,1786563227.111947,-0.016608670353889465
reward/heading,13026,1786563229.093997,-0.03603709861636162
reward/heading,13064,1786563233.434038,-0.25011223554611206
reward/heading,13078,1786563235.791415,-0.4986814558506012
reward/heading,13094,1786563238.076669,-0.39353105425834656
reward/heading,13112,1786563240.830782,-0.004526431206613779
reward/heading,13126,1786563242.601270,-0.004229155369102955
reward/heading,13148,1786563245.394341,-0.01240299828350544
reward/heading,13172,1786563248.481183,-4.016022285213694e-05
reward/heading,13192,1786563251.085283,-0.04515982046723366
reward/heading,13207,1786563253.058709,-0.04943731799721718
reward/heading,13229,1786563255.875611,-0.009737357497215271
reward/heading,13252,1786563258.785229,-0.02032417804002762
reward/heading,13275,1786563261.680133,-0.018813634291291237
reward/heading,13289,1786563263.411867,-0.032275885343551636
reward/heading,13319,1786563267.097903,-0.0393199697136879
reward/heading,13345,1786563270.285706,-0.014383732341229916
reward/heading,13363,1786563272.522216,-0.006478938274085522
reward/heading,13376,1786563274.203789,-0.08586408197879791
reward/heading,13403,1786563277.968668,-0.30998024344444275
reward/heading,13422,1786563281.010549,-0.18383121490478516
reward/heading,13437,1786563283.241365,-0.05437176302075386
reward/heading,13459,1786563286.468775,-0.04006832465529442
reward/heading,13477,1786563289.068089,-0.006563227158039808
reward/heading,13493,1786563291.365276,-0.025424666702747345
reward/heading,13508,1786563293.526397,-0.012401276268064976
reward/heading,13540,1786563297.934599,-0.008292151615023613
reward/heading,13559,1786563300.412050,-0.02303953841328621
reward/heading,13580,1786563303.092026,-0.0062889219261705875
reward/heading,13594,1786563304.893293,-0.0020683440379798412
reward/heading,13612,1786563307.117412,-0.028391826897859573
reward/heading,13637,1786563310.218839,-0.002526674186810851
reward/heading,13654,1786563312.243758,-0.0010020143818110228
reward/heading,13667,1786563313.763876,-0.02770845964550972
reward/heading,13690,1786563316.359521,-0.009277787059545517
reward/heading,13705,1786563318.015288,-0.024350346997380257
reward/heading,13726,1786563320.233306,-0.005591440014541149
reward/heading,13744,1786563322.124458,-0.03611685708165169
reward/heading,13762,1786563324.014729,-0.007608251646161079
reward/heading,13783,1786563326.200603,-0.04233906790614128
reward/heading,13802,1786563328.180949,-0.04569465294480324
reward/heading,13820,1786563330.101249,-0.009387243539094925
reward/heading,13846,1786563332.944261,-0.00890933908522129
reward/heading,13865,1786563335.055274,-0.052660681307315826
reward/heading,13878,1786563336.465216,-0.008564992807805538
reward/heading,13898,1786563338.673388,-0.0006343649583868682
reward/heading,13923,1786563341.438074,-0.01372260320931673
reward/heading,13942,1786563343.493517,-0.05121844634413719
reward/heading,13962,1786563345.646949,-0.004255198873579502
reward/heading,13987,1786563348.368913,-0.034664105623960495
reward/heading,14003,1786563350.255363,-0.009089368395507336
reward/heading,14030,1786563353.131335,-0.0837649405002594
reward/heading,14051,1786563355.292521,-0.02423982508480549
reward/heading,14066,1786563356.747418,-0.0291214007884264
reward/heading,14094,1786563359.403507,-0.698078989982605
reward/heading,14110,1786563362.953766,-0.004974518436938524
reward/heading,14127,1786563365.357205,-0.012035890482366085
reward/heading,14150,1786563368.613514,-0.05016676336526871
reward/heading,14169,1786563371.285752,-0.0019592875614762306
reward/heading,14193,1786563374.440699,-0.026133600622415543
reward/heading,14210,1786563376.618553,-0.03620913624763489
reward/heading,14234,1786563379.505252,-0.011691010557115078
reward/heading,14249,1786563381.241015,-0.02864868938922882
reward/heading,14268,1786563383.406513,-0.027767449617385864
reward/heading,14299,1786563386.941768,-0.009758355095982552
reward/heading,14328,1786563390.210907,-0.002074069809168577
reward/heading,14345,1786563392.134250,-0.005549761466681957
reward/heading,14360,1786563393.825226,-0.012385562993586063
reward/heading,14381,1786563396.147104,-0.07197964936494827
reward/heading,14399,1786563398.109736,-0.020006464794278145
reward/heading,14419,1786563400.248723,-0.002019474981352687
reward/heading,14446,1786563403.172949,-0.06338562816381454
reward/heading,14458,1786563404.454014,-0.013364274986088276
reward/heading,14470,1786563405.904881,-0.18230962753295898
reward/heading,14493,1786563408.951697,-0.12047941237688065
reward/heading,14510,1786563411.175609,-0.08814304322004318
reward/heading,14529,1786563413.669024,-0.01441342756152153
reward/heading,14545,1786563415.767555,-0.04623514041304588
reward/heading,14569,1786563418.938621,-0.05299703776836395
reward/heading,14589,1786563421.601694,-0.06596557050943375
reward/heading,14605,1786563423.704000,-0.006897054612636566
reward/heading,14624,1786563426.227976,-0.001873933244496584
reward/heading,14650,1786563429.725025,-0.02103457786142826
reward/heading,14664,1786563431.590627,-0.024869397282600403
reward/heading,14681,1786563433.832907,-0.020653214305639267
reward/heading,14709,1786563437.400516,-0.002427737694233656
reward/heading,14727,1786563439.668166,-0.05290103331208229
reward/heading,14750,1786563442.373862,-0.01835876703262329
reward/heading,14773,1786563445.019704,-0.037305694073438644
reward/heading,14797,1786563447.422391,-0.0506242960691452
reward/heading,14817,1786563449.386050,-0.039241813123226166
reward/heading,14844,1786563451.921855,-0.011391538195312023
reward/heading,14865,1786563453.831596,-0.002074069809168577
reward/heading,14885,1786563455.585922,-0.04530729353427887
reward/heading,14902,1786563457.069335,-0.028525784611701965
reward/heading,14922,1786563458.787525,-0.07749798893928528
reward/heading,14940,1786563460.305032,-0.6614487767219543
reward/heading,14954,1786563463.788743,-0.0015773903578519821
reward/heading,14985,1786563468.670191,-0.027403395622968674
reward/heading,15002,1786563471.316995,-0.016515860334038734
reward/heading,15021,1786563474.282234,-0.016328107565641403
reward/heading,15043,1786563477.740378,-0.023561518639326096
reward/heading,15062,1786563480.742849,-0.028509939089417458
reward/heading,15083,1786563484.054394,-0.036200881004333496
reward/heading,15112,1786563488.550612,-0.03278883919119835
reward/heading,15131,1786563491.453359,-0.026160230860114098
reward/heading,15152,1786563494.604094,-0.036311667412519455
reward/heading,15168,1786563497.033385,-0.035649608820676804
reward/heading,15192,1786563500.642597,-0.02828516811132431
reward/heading,15208,1786563502.981976,-0.054791342467069626
reward/heading,15231,1786563506.292986,-0.03229295834898949
reward/heading,15251,1786563509.119817,-0.0034828821662813425
reward/heading,15267,1786563511.370039,-0.015873771160840988
reward/heading,15291,1786563514.691686,-0.027420172467827797
reward/heading,15306,1786563516.745305,-0.039502669125795364
reward/heading,15331,1786563520.206980,-0.027269704267382622
reward/heading,15353,1786563523.205275,-0.010547183454036713
reward/heading,15371,1786563525.466865,-0.03970054164528847
reward/heading,15393,1786563528.154337,-0.021914353594183922
reward/heading,15411,1786563530.296424,-0.02232314832508564
reward/heading,15434,1786563532.877075,-0.0276286993175745
reward/heading,15449,1786563534.577557,-0.029338181018829346
reward/heading,15474,1786563537.401185,-0.035541217774152756
reward/heading,15497,1786563540.000271,-0.07972945272922516
reward/heading,15517,1786563542.257282,-0.07574083656072617
reward/heading,15535,1786563544.255369,-0.05558150261640549
reward/heading,15553,1786563546.261087,-0.07444120943546295
reward/heading,15566,1786563547.699772,-0.07800105959177017
reward/heading,15590,1786563550.358636,-0.10328777134418488
reward/heading,15614,1786563552.790966,-0.4366883635520935
reward/heading,15640,1786563555.370552,-0.08666698634624481
reward/heading,15662,1786563557.550617,-0.057261426001787186
reward/heading,15687,1786563560.004889,-0.0535200834274292
reward/heading,15713,1786563562.528577,-0.028452813625335693
reward/heading,15729,1786563564.038294,-0.21804644167423248
reward/heading,15753,1786563566.358136,-0.024716531857848167
reward/heading,15767,1786563567.868940,-0.34854772686958313
reward/heading,15792,1786563570.826726,-0.06291569769382477
reward/heading,15815,1786563573.636558,-0.058228470385074615
reward/heading,15840,1786563576.662966,-0.033135972917079926
reward/heading,15856,1786563578.582948,-0.02451726421713829
reward/heading,15884,1786563581.926668,-0.0018495982512831688
reward/heading,15900,1786563583.836673,-0.02828652411699295
reward/heading,15925,1786563586.766937,-0.011909153312444687
reward/heading,15940,1786563588.489707,-0.006203509867191315
reward/heading,15964,1786563591.222644,-0.0017420941730961204
reward/heading,15982,1786563593.252734,-0.02565186470746994
reward/heading,16008,1786563596.276192,-0.030580952763557434
reward/heading,16024,1786563598.051697,-0.02457328885793686
reward/heading,16039,1786563599.709203,-0.0631481185555458
reward/heading,16062,1786563602.231024,-0.05187756195664406
reward/heading,16082,1786563604.411244,-0.011322969570755959
reward/heading,16102,1786563606.539791,-0.009775266982614994
reward/heading,16113,1786563607.686924,-0.002371907001361251
reward/heading,16129,1786563609.378255,-0.0066795069724321365
reward/heading,16146,1786563611.106443,-0.0044813333079218864
reward/heading,16166,1786563613.816629,-0.015189073048532009
reward/heading,16176,1786563614.922773,-0.018878482282161713
reward/heading,16196,1786563617.130334,-0.0060060941614210606
reward/heading,16211,1786563618.786466,-0.021828066557645798
reward/heading,16235,1786563621.434960,-0.023125559091567993
reward/heading,16251,1786563623.189031,-0.035088878124952316
reward/heading,16275,1786563625.847082,-0.015961389988660812
reward/heading,16291,1786563627.638817,-0.01723637804389
reward/heading,16317,1786563630.598731,-0.02234938181936741
reward/heading,16349,1786563634.123193,-0.017096562311053276
reward/heading,16368,1786563636.134057,-0.004282762296497822
reward/heading,16395,1786563638.875691,-0.10409417748451233
reward/heading,16408,1786563640.129961,-0.06570444256067276
reward/heading,16428,1786563642.470114,-0.0006086654611863196
reward/heading,16446,1786563644.742355,-0.033720411360263824
reward/heading,16466,1786563647.185398,-0.03554667532444
reward/heading,16486,1786563649.585394,-0.009332248941063881
reward/heading,16506,1786563651.909198,-0.003352919826284051
reward/heading,16529,1786563654.559618,-0.010184993036091328
reward/heading,16555,1786563657.563074,-0.028568262234330177
reward/heading,16572,1786563659.521115,-0.019122827798128128
reward/heading,16585,1786563661.017874,-0.003313904395326972
reward/heading,16603,1786563663.097286,-0.030487602576613426
reward/heading,16627,1786563665.809036,-0.35024577379226685
reward/heading,16645,1786563669.144678,-0.02599845454096794
reward/heading,16665,1786563671.615287,-0.0022936889436095953
reward/heading,16680,1786563673.515547,-0.048961423337459564
reward/heading,16697,1786563675.637336,-0.028750523924827576
reward/heading,16725,1786563678.976926,-0.0004567296418827027
reward/heading,16742,1786563680.992289,-0.011196376755833626
reward/heading,16769,1786563684.210192,-0.008901315741240978
reward/heading,16787,1786563686.315847,-0.024628644809126854
reward/heading,16803,1786563688.141048,-1.2851743122155312e-05
reward/heading,16823,1786563690.453261,-0.03845364600419998
reward/heading,16843,1786563692.730644,-0.0013027709210291505
reward/heading,16864,1786563695.139973,-0.006624982226639986
reward/heading,16885,1786563697.554639,-0.0020764637738466263
reward/heading,16903,1786563699.603655,-0.013219662010669708
reward/heading,16924,1786563701.970943,-0.020834704861044884
reward/heading,16942,1786563703.998516,-0.03285622224211693
reward/heading,16959,1786563705.908336,-0.006278757471591234
reward/heading,16977,1786563707.894625,-0.012095688842236996
reward/heading,16997,1786563710.075076,-0.007103980518877506
reward/heading,17012,1786563711.664250,-0.012271638959646225
reward/heading,17026,1786563713.136204,-0.009136478416621685
reward/heading,17045,1786563715.140528,-0.04125605896115303
reward/heading,17069,1786563717.722193,-0.039537202566862106
reward/heading,17094,1786563720.371848,-0.06340488791465759
reward/heading,17116,1786563722.697911,-0.08696556836366653
reward/heading,17134,1786563724.707799,-0.5425319671630859
reward/heading,17156,1786563727.494183,-0.3987417221069336
reward/heading,17173,1786563729.771555,-0.4314808249473572
reward/heading,17198,1786563733.990982,-0.06393863260746002
reward/heading,17216,1786563736.508706,-0.02804947830736637
reward/heading,17243,1786563740.195822,-0.009806957095861435
reward/heading,17256,1786563741.952218,-0.005929395090788603
reward/heading,17286,1786563746.033342,-0.024862606078386307
reward/heading,17322,1786563750.884635,-0.019748670980334282
reward/heading,17345,1786563753.982229,-0.008647284470498562
reward/heading,17362,1786563756.217446,-0.006670685950666666
reward/heading,17388,1786563759.669762,-0.06306591629981995
reward/heading,17406,1786563764.030823,-0.02538312040269375
reward/heading,17434,1786563768.059453,-0.03093075193464756
reward/heading,17458,1786563771.445049,-0.043476104736328125
reward/heading,17481,1786563774.644979,-0.0017323862994089723
reward/heading,17504,1786563777.832629,-0.02002590522170067
reward/heading,17521,1786563780.205553,-0.0004876247840002179
reward/heading,17537,1786563782.426245,-0.024385767057538033
reward/heading,17557,1786563785.073487,-0.02527552843093872
reward/heading,17577,1786563787.455155,-0.015547534450888634
reward/heading,17595,1786563789.857062,-0.082590751349926
reward/heading,17616,1786563792.316140,-0.08934692293405533
reward/heading,17630,1786563793.883261,-0.10177402943372726
reward/heading,17643,1786563795.352533,-0.08858446031808853
reward/heading,17669,1786563798.278057,-0.10561803728342056
reward/heading,17687,1786563800.289026,-0.0738246887922287
reward/heading,17699,1786563801.632281,-0.10717545449733734
reward/heading,17722,1786563804.224604,-0.08428905159235
reward/heading,17735,1786563805.705277,-0.12848873436450958
reward/heading,17754,1786563807.830962,-0.3095743656158447
reward/heading,17782,1786563810.673800,-0.27055254578590393
reward/heading,17805,1786563812.947409,-0.14193663001060486
reward/heading,17824,1786563814.779158,-0.04210684075951576
reward/heading,17841,1786563816.450360,-0.007420232519507408
reward/heading,17866,1786563818.832870,-0.03812914341688156
reward/heading,17884,1786563820.508377,-0.014640861190855503
reward/heading,17901,1786563822.097694,-0.014659769833087921
reward/heading,17925,1786563824.280879,-0.04671690613031387
reward/heading,17941,1786563825.690221,-0.028637103736400604
reward/heading,17965,1786563827.771456,-0.020594224333763123
reward/heading,17980,1786563829.051745,-0.0036818201187998056
reward/heading,18003,1786563831.161061,-0.02636502869427204
reward/heading,18025,1786563833.083428,-0.05293578654527664
reward/heading,18042,1786563834.546890,-0.03728066012263298
reward/heading,18062,1786563836.269055,-0.02583838813006878
reward/heading,18081,1786563837.921954,-0.021644042804837227
reward/heading,18107,1786563840.157844,-0.01831495761871338
reward/heading,18121,1786563841.380456,-0.02570483088493347
reward/heading,18136,1786563842.671848,-0.02401638589799404
reward/heading,18153,1786563844.166880,-0.004411926027387381
reward/heading,18176,1786563846.239436,-0.022878151386976242
reward/heading,18197,1786563848.121833,-0.09741896390914917
reward/heading,18215,1786563849.706141,-0.053399309515953064
reward/heading,18231,1786563851.119996,-0.4375286102294922
reward/heading,18245,1786563852.433302,-0.23553796112537384
reward/heading,18265,1786563854.453763,-0.40592601895332336
reward/heading,18278,1786563855.833254,-0.28764986991882324
reward/heading,18300,1786563858.277872,-0.028678441420197487
reward/heading,18318,1786563860.301482,-0.06829635798931122
reward/heading,18345,1786563863.322073,-0.04848058149218559
reward/heading,18366,1786563865.618584,-0.07187160104513168
reward/heading,18390,1786563868.292573,-0.08808382600545883
reward/heading,18405,1786563870.016703,-0.041803911328315735
reward/heading,18423,1786563871.983216,-0.01043079886585474
reward/heading,18441,1786563873.928103,-0.0015758097870275378
reward/heading,18458,1786563875.707149,-0.07133982330560684
reward/heading,18479,1786563877.895931,-0.0010808301158249378
reward/heading,18504,1786563880.487683,-0.029223602265119553
reward/heading,18523,1786563882.484021,-0.028237229213118553
reward/heading,18542,1786563884.472959,-0.012130963616073132
reward/heading,18556,1786563885.936454,-0.0567501038312912
reward/heading,18580,1786563888.423827,-0.031672459095716476
reward/heading,18592,1786563891.645740,-0.0001131843455368653
reward/heading,18607,1786563894.301142,-0.02606009691953659
reward/heading,18626,1786563897.660028,-0.022939670830965042
reward/heading,18652,1786563902.244347,-0.014123275876045227
reward/heading,18670,1786563905.421452,-0.03349777311086655
reward/heading,18682,1786563907.547969,-0.018571287393569946
reward/heading,18701,1786563910.860382,-0.035168640315532684
reward/heading,18722,1786563914.542288,-0.1424380987882614
reward/heading,18739,1786563917.684463,-0.5370419025421143
reward/heading,18758,1786563920.908247,-0.3988528549671173
reward/heading,18778,1786563923.683801,-0.007017501629889011
reward/heading,18802,1786563926.393321,-0.06396999955177307
reward/heading,18821,1786563928.596676,-0.03611479699611664
reward/heading,18839,1786563930.630964,-0.023419901728630066
reward/heading,18860,1786563935.085778,-0.02094469591975212
reward/heading,18879,1786563938.308663,-0.0884796679019928
reward/heading,18894,1786563940.780905,-0.012624449096620083
reward/heading,18917,1786563944.392480,-0.03151464834809303
reward/heading,18932,1786563946.516050,-0.04073784127831459
reward/heading,18953,1786563949.574245,-0.014374811202287674
reward/heading,18977,1786563953.005050,-0.024537168443202972
reward/heading,18994,1786563955.414347,-0.027138011530041695
reward/heading,19014,1786563958.249408,-0.03132157027721405
reward/heading,19029,1786563960.356078,-0.022911574691534042
reward/heading,19044,1786563962.435943,-0.014213290996849537
reward/heading,19070,1786563966.134502,-0.07761223614215851
reward/heading,19092,1786563969.249715,-0.007371230516582727
reward/heading,19111,1786563971.883554,-0.04136049002408981
reward/heading,19135,1786563975.218809,-0.004573846235871315
reward/heading,19154,1786563977.793496,-0.02887985110282898
reward/heading,19185,1786563981.964860,-0.05335310474038124
reward/heading,19206,1786563984.829684,-0.029826339334249496
reward/heading,19227,1786563989.619877,-0.009032909758388996
reward/heading,19246,1786563992.488145,-0.020985975861549377
reward/heading,19275,1786563996.849028,-0.003227751236408949
reward/heading,19294,1786563999.670414,-0.005321794655174017
reward/heading,19319,1786564003.229374,-0.03665575012564659
reward/heading,19343,1786564006.005529,-0.004698881413787603
reward/heading,19363,1786564008.298111,-0.008507467806339264
reward/heading,19389,1786564011.254281,-0.00618172949180007
reward/heading,19408,1786564013.392246,-0.03886723890900612
reward/heading,19441,1786564017.113132,-0.011422830633819103
reward/heading,19461,1786564019.353808,-0.005276254843920469
reward/heading,19480,1786564021.457656,-0.09876279532909393
reward/heading,19494,1786564022.993606,-0.05747793987393379
reward/heading,19509,1786564024.624863,-0.06703975051641464
reward/heading,19534,1786564027.286885,-0.053830742835998535
reward/heading,19551,1786564029.612136,-0.009583384729921818
reward/heading,19581,1786564033.107333,-0.02751045487821102
reward/heading,19596,1786564034.821747,-0.025370603427290916
reward/heading,19612,1786564036.611068,-0.031653136014938354
reward/heading,19635,1786564039.098858,-0.042035333812236786
reward/heading,19665,1786564042.347561,-0.052979860454797745
reward/heading,19685,1786564044.469275,-0.024475781247019768
reward/heading,19699,1786564045.922475,-0.015562580898404121
reward/heading,19714,1786564047.469461,-0.02647874504327774
reward/heading,19736,1786564049.776380,-0.01932309754192829
reward/heading,19759,1786564052.200420,-0.011666908860206604
reward/heading,19772,1786564053.562884,-0.03247511759400368
reward/heading,19794,1786564055.923992,-0.03306860476732254
reward/heading,19813,1786564057.922900,-0.05766462907195091
reward/heading,19831,1786564059.752698,-0.014160027727484703
reward/heading,19852,1786564061.808228,-0.01004850585013628
reward/heading,19873,1786564063.838875,-0.017560351639986038
reward/heading,19887,1786564065.210016,-0.02016092836856842
reward/heading,19905,1786564066.964097,-0.0073138391599059105
reward/heading,19933,1786564069.607519,-0.01862175390124321
reward/heading,19947,1786564070.917453,-0.016742227599024773
reward/heading,19971,1786564073.143940,-0.023531291633844376
reward/heading,20000,1786564075.716545,-0.016945160925388336
reward/off_road,3,1786561536.455781,0.0
reward/off_road,24,1786561539.189317,0.0
reward/off_road,53,1786561542.619641,0.0
reward/off_road,79,1786561545.610539,0.0
reward/off_road,97,1786561547.760209,0.0
reward/off_road,119,1786561550.311152,0.0
reward/off_road,137,1786561554.193003,0.0
reward/off_road,153,1786561556.249356,0.0
reward/off_road,177,1786561559.537397,0.0
reward/off_road,206,1786561563.523007,0.0
reward/off_road,221,1786561565.605417,0.0
reward/off_road,241,1786561568.134368,0.0
reward/off_road,261,1786561570.239306,0.0
reward/off_road,282,1786561572.455252,0.0
reward/off_road,302,1786561574.460867,0.0
reward/off_road,322,1786561576.429207,-10.0
reward/off_road,334,1786561578.121694,0.0
reward/off_road,356,1786561580.525036,0.0
reward/off_road,381,1786561583.234225,0.0
reward/off_road,405,1786561585.736896,0.0
reward/off_road,422,1786561589.365027,0.0
reward/off_road,443,1786561592.634964,0.0
reward/off_road,466,1786561595.767699,0.0
reward/off_road,494,1786561598.688611,0.0
reward/off_road,517,1786561601.310118,0.0
reward/off_road,545,1786561604.091976,0.0
reward/off_road,556,1786561605.203051,0.0
reward/off_road,580,1786561607.637187,0.0
reward/off_road,599,1786561609.560930,0.0
reward/off_road,621,1786561611.735302,0.0
reward/off_road,646,1786561614.215809,0.0
reward/off_road,668,1786561616.358228,0.0
reward/off_road,686,1786561618.102502,0.0
reward/off_road,708,1786561620.247723,0.0
reward/off_road,729,1786561622.281533,0.0
reward/off_road,751,1786561624.690737,0.0
reward/off_road,771,1786561627.346288,0.0
reward/off_road,794,1786561630.539290,0.0
reward/off_road,812,1786561633.006651,0.0
reward/off_road,835,1786561636.021815,0.0
reward/off_road,851,1786561637.726036,0.0
reward/off_road,868,1786561639.500215,0.0
reward/off_road,883,1786561641.033078,0.0
reward/off_road,901,1786561642.878106,0.0
reward/off_road,915,1786561644.198818,0.0
reward/off_road,933,1786561645.889403,0.0
reward/off_road,946,1786561647.907626,0.0
reward/off_road,971,1786561651.101379,0.0
reward/off_road,989,1786561653.426319,0.0
reward/off_road,1004,1786561654.845186,0.0
reward/off_road,1027,1786561656.902957,0.0
reward/off_road,1053,1786561659.153916,0.0
reward/off_road,1070,1786561661.205700,0.0
reward/off_road,1088,1786561663.306515,0.0
reward/off_road,1102,1786561664.929051,0.0
reward/off_road,1119,1786561668.946504,0.0
reward/off_road,1146,1786561674.349856,0.0
reward/off_road,1166,1786561679.725369,0.0
reward/off_road,1186,1786561683.185723,0.0
reward/off_road,1208,1786561686.920846,0.0
reward/off_road,1228,1786561690.272569,0.0
reward/off_road,1251,1786561694.202606,-10.0
reward/off_road,1266,1786561696.283156,0.0
reward/off_road,1279,1786561697.721426,0.0
reward/off_road,1300,1786561700.060455,0.0
reward/off_road,1323,1786561703.464121,0.0
reward/off_road,1337,1786561705.002364,0.0
reward/off_road,1357,1786561707.540475,0.0
reward/off_road,1381,1786561710.460437,0.0
reward/off_road,1398,1786561712.258241,0.0
reward/off_road,1412,1786561713.716031,0.0
reward/off_road,1433,1786561715.832845,0.0
reward/off_road,1451,1786561717.695633,0.0
reward/off_road,1468,1786561721.354436,0.0
reward/off_road,1485,1786561724.606557,0.0
reward/off_road,1515,1786561731.175081,0.0
reward/off_road,1532,1786561734.435360,0.0
reward/off_road,1552,1786561737.581196,0.0
reward/off_road,1574,1786561742.357165,0.0
reward/off_road,1595,1786561746.175799,0.0
reward/off_road,1611,1786561751.083034,0.0
reward/off_road,1624,1786561753.545212,0.0
reward/off_road,1637,1786561755.517047,0.0
reward/off_road,1655,1786561758.279596,0.0
reward/off_road,1675,1786561763.156167,0.0
reward/off_road,1692,1786561765.905616,0.0
reward/off_road,1707,1786561769.260223,0.0
reward/off_road,1729,1786561772.283138,0.0
reward/off_road,1747,1786561776.146435,0.0
reward/off_road,1759,1786561777.795899,-10.0
reward/off_road,1773,1786561781.582066,0.0
reward/off_road,1790,1786561784.120463,0.0
reward/off_road,1808,1786561788.148889,0.0
reward/off_road,1828,1786561791.185352,0.0
reward/off_road,1858,1786561795.099823,0.0
reward/off_road,1880,1786561798.016692,0.0
reward/off_road,1899,1786561800.531064,0.0
reward/off_road,1919,1786561803.378260,0.0
reward/off_road,1941,1786561807.680216,0.0
reward/off_road,1968,1786561812.387966,0.0
reward/off_road,1995,1786561818.319776,0.0
reward/off_road,2014,1786561821.602523,0.0
reward/off_road,2028,1786561823.496076,0.0
reward/off_road,2048,1786561826.178129,0.0
reward/off_road,2061,1786561828.248105,0.0
reward/off_road,2083,1786561833.309421,0.0
reward/off_road,2104,1786561838.415357,0.0
reward/off_road,2126,1786561844.362695,0.0
reward/off_road,2147,1786561849.332547,0.0
reward/off_road,2172,1786561852.651547,0.0
reward/off_road,2197,1786561858.201313,0.0
reward/off_road,2219,1786561861.426830,0.0
reward/off_road,2233,1786561863.231370,0.0
reward/off_road,2248,1786561865.126644,0.0
reward/off_road,2270,1786561867.842843,0.0
reward/off_road,2289,1786561870.147043,0.0
reward/off_road,2314,1786561873.099640,0.0
reward/off_road,2333,1786561875.309576,0.0
reward/off_road,2351,1786561877.338377,0.0
reward/off_road,2384,1786561880.932067,0.0
reward/off_road,2405,1786561883.124601,0.0
reward/off_road,2423,1786561884.965532,0.0
reward/off_road,2449,1786561887.619935,0.0
reward/off_road,2462,1786561888.960428,0.0
reward/off_road,2477,1786561890.518107,0.0
reward/off_road,2491,1786561891.945089,0.0
reward/off_road,2513,1786561894.267692,0.0
reward/off_road,2534,1786561896.461011,0.0
reward/off_road,2557,1786561898.931588,0.0
reward/off_road,2579,1786561901.341575,0.0
reward/off_road,2602,1786561903.863220,0.0
reward/off_road,2618,1786561905.614132,0.0
reward/off_road,2647,1786561908.779405,0.0
reward/off_road,2673,1786561911.612323,0.0
reward/off_road,2696,1786561914.100346,0.0
reward/off_road,2717,1786561916.390676,0.0
reward/off_road,2745,1786561919.489243,0.0
reward/off_road,2766,1786561921.831211,0.0
reward/off_road,2801,1786561925.633477,0.0
reward/off_road,2823,1786561927.952926,0.0
reward/off_road,2849,1786561930.591919,0.0
reward/off_road,2864,1786561932.109930,0.0
reward/off_road,2886,1786561936.465339,0.0
reward/off_road,2904,1786561938.995104,0.0
reward/off_road,2921,1786561941.455724,0.0
reward/off_road,2938,1786561943.871464,0.0
reward/off_road,2957,1786561946.458526,0.0
reward/off_road,2976,1786561948.976650,0.0
reward/off_road,2998,1786561953.869510,0.0
reward/off_road,3023,1786561957.808464,0.0
reward/off_road,3046,1786561961.324018,0.0
reward/off_road,3064,1786561964.068476,0.0
reward/off_road,3087,1786561967.421105,0.0
reward/off_road,3108,1786561970.370522,0.0
reward/off_road,3135,1786561973.421374,0.0
reward/off_road,3159,1786561975.763018,0.0
reward/off_road,3177,1786561977.561548,0.0
reward/off_road,3196,1786561979.382545,0.0
reward/off_road,3212,1786561980.879553,0.0
reward/off_road,3230,1786561982.522850,0.0
reward/off_road,3260,1786561986.050877,0.0
reward/off_road,3283,1786561989.135684,0.0
reward/off_road,3302,1786561991.608260,0.0
reward/off_road,3331,1786561995.415013,0.0
reward/off_road,3344,1786561997.022344,0.0
reward/off_road,3363,1786561999.453067,0.0
reward/off_road,3378,1786562001.313695,0.0
reward/off_road,3406,1786562004.679970,0.0
reward/off_road,3421,1786562006.489428,0.0
reward/off_road,3434,1786562007.989704,0.0
reward/off_road,3450,1786562009.921255,0.0
reward/off_road,3472,1786562012.431472,0.0
reward/off_road,3488,1786562014.254430,0.0
reward/off_road,3509,1786562016.614154,0.0
reward/off_road,3532,1786562019.216482,0.0
reward/off_road,3546,1786562020.806817,0.0
reward/off_road,3564,1786562022.825823,0.0
reward/off_road,3586,1786562025.252319,0.0
reward/off_road,3607,1786562027.608449,0.0
reward/off_road,3629,1786562029.998713,0.0
reward/off_road,3659,1786562033.298400,0.0
reward/off_road,3675,1786562035.063489,0.0
reward/off_road,3690,1786562036.703055,0.0
reward/off_road,3707,1786562038.584936,0.0
reward/off_road,3722,1786562040.252272,0.0
reward/off_road,3743,1786562042.544788,0.0
reward/off_road,3767,1786562045.385697,0.0
reward/off_road,3788,1786562048.030723,0.0
reward/off_road,3800,1786562049.546169,0.0
reward/off_road,3818,1786562051.820835,0.0
reward/off_road,3836,1786562054.155078,0.0
reward/off_road,3856,1786562056.655030,0.0
reward/off_road,3881,1786562059.727669,0.0
reward/off_road,3898,1786562061.743034,0.0
reward/off_road,3915,1786562063.688649,0.0
reward/off_road,3931,1786562065.447997,0.0
reward/off_road,3946,1786562067.036973,0.0
reward/off_road,3962,1786562068.723823,0.0
reward/off_road,3978,1786562070.392122,0.0
reward/off_road,4002,1786562072.958217,0.0
reward/off_road,4021,1786562074.893646,0.0
reward/off_road,4039,1786562076.828550,0.0
reward/off_road,4055,1786562080.027993,0.0
reward/off_road,4071,1786562082.891219,0.0
reward/off_road,4087,1786562085.750745,0.0
reward/off_road,4105,1786562088.926034,0.0
reward/off_road,4122,1786562091.905332,0.0
reward/off_road,4148,1786562096.492235,0.0
reward/off_road,4172,1786562100.706666,0.0
reward/off_road,4188,1786562103.206349,0.0
reward/off_road,4208,1786562105.955534,0.0
reward/off_road,4221,1786562107.535190,0.0
reward/off_road,4240,1786562109.803746,0.0
reward/off_road,4257,1786562111.837929,0.0
reward/off_road,4270,1786562113.293833,0.0
reward/off_road,4292,1786562115.972926,0.0
reward/off_road,4308,1786562118.150396,0.0
reward/off_road,4323,1786562120.279696,0.0
reward/off_road,4363,1786562125.713721,0.0
reward/off_road,4375,1786562127.360201,0.0
reward/off_road,4396,1786562130.175579,0.0
reward/off_road,4426,1786562134.122264,0.0
reward/off_road,4451,1786562137.290062,0.0
reward/off_road,4468,1786562139.419425,0.0
reward/off_road,4486,1786562141.678235,0.0
reward/off_road,4520,1786562145.921906,0.0
reward/off_road,4538,1786562148.220856,0.0
reward/off_road,4560,1786562150.994260,0.0
reward/off_road,4585,1786562154.090701,0.0
reward/off_road,4602,1786562156.252164,0.0
reward/off_road,4617,1786562158.098819,0.0
reward/off_road,4636,1786562160.416606,0.0
reward/off_road,4661,1786562163.462203,0.0
reward/off_road,4680,1786562165.788494,0.0
reward/off_road,4699,1786562168.077281,0.0
reward/off_road,4716,1786562170.128303,0.0
reward/off_road,4736,1786562172.582297,0.0
reward/off_road,4762,1786562175.763747,0.0
reward/off_road,4775,1786562177.415805,0.0
reward/off_road,4795,1786562179.916395,0.0
reward/off_road,4814,1786562182.143735,0.0
reward/off_road,4827,1786562183.549214,0.0
reward/off_road,4843,1786562185.195849,0.0
reward/off_road,4860,1786562186.806012,0.0
reward/off_road,4877,1786562188.385578,0.0
reward/off_road,4894,1786562189.940279,0.0
reward/off_road,4911,1786562191.381912,0.0
reward/off_road,4929,1786562192.865647,0.0
reward/off_road,4951,1786562195.860238,0.0
reward/off_road,4974,1786562199.222838,0.0
reward/off_road,4989,1786562201.479234,0.0
reward/off_road,5007,1786562204.295117,0.0
reward/off_road,5026,1786562209.164579,0.0
reward/off_road,5046,1786562212.451940,0.0
reward/off_road,5064,1786562215.391434,0.0
reward/off_road,5087,1786562219.154660,0.0
reward/off_road,5109,1786562222.606441,0.0
reward/off_road,5131,1786562226.000244,0.0
reward/off_road,5153,1786562229.345424,0.0
reward/off_road,5171,1786562232.059045,0.0
reward/off_road,5192,1786562235.200934,0.0
reward/off_road,5223,1786562239.852745,0.0
reward/off_road,5244,1786562242.955272,0.0
reward/off_road,5259,1786562244.756684,0.0
reward/off_road,5274,1786562246.463127,0.0
reward/off_road,5291,1786562248.406807,0.0
reward/off_road,5317,1786562251.420278,0.0
reward/off_road,5341,1786562254.126103,0.0
reward/off_road,5367,1786562256.806220,0.0
reward/off_road,5381,1786562258.222164,0.0
reward/off_road,5395,1786562259.616825,0.0
reward/off_road,5418,1786562261.868273,0.0
reward/off_road,5433,1786562263.348006,0.0
reward/off_road,5451,1786562265.080904,0.0
reward/off_road,5471,1786562266.977265,0.0
reward/off_road,5494,1786562269.131021,0.0
reward/off_road,5509,1786562270.524596,0.0
reward/off_road,5537,1786562273.010835,0.0
reward/off_road,5552,1786562274.316492,0.0
reward/off_road,5571,1786562275.998811,0.0
reward/off_road,5592,1786562277.845960,0.0
reward/off_road,5610,1786562279.431719,0.0
reward/off_road,5632,1786562281.339365,0.0
reward/off_road,5653,1786562283.169662,0.0
reward/off_road,5668,1786562284.470744,0.0
reward/off_road,5680,1786562285.516087,0.0
reward/off_road,5700,1786562287.283227,0.0
reward/off_road,5716,1786562288.733191,0.0
reward/off_road,5746,1786562291.344045,0.0
reward/off_road,5773,1786562294.952535,0.0
reward/off_road,5789,1786562297.352459,0.0
reward/off_road,5805,1786562299.598068,0.0
reward/off_road,5821,1786562301.752108,0.0
reward/off_road,5837,1786562303.905211,0.0
reward/off_road,5861,1786562307.112520,0.0
reward/off_road,5884,1786562310.210477,0.0
reward/off_road,5905,1786562312.998860,0.0
reward/off_road,5926,1786562315.852272,0.0
reward/off_road,5941,1786562318.317586,0.0
reward/off_road,5961,1786562320.543553,0.0
reward/off_road,5981,1786562322.788392,0.0
reward/off_road,6004,1786562325.431437,0.0
reward/off_road,6025,1786562327.718150,0.0
reward/off_road,6042,1786562329.544222,0.0
reward/off_road,6059,1786562331.357908,0.0
reward/off_road,6079,1786562333.527086,0.0
reward/off_road,6094,1786562335.149464,0.0
reward/off_road,6112,1786562337.116495,0.0
reward/off_road,6135,1786562339.654886,0.0
reward/off_road,6148,1786562341.078586,0.0
reward/off_road,6164,1786562342.885715,0.0
reward/off_road,6190,1786562345.804779,0.0
reward/off_road,6214,1786562348.740520,0.0
reward/off_road,6236,1786562351.582467,0.0
reward/off_road,6259,1786562354.571920,0.0
reward/off_road,6285,1786562358.028947,0.0
reward/off_road,6305,1786562360.573557,0.0
reward/off_road,6325,1786562363.084646,0.0
reward/off_road,6341,1786562365.020694,0.0
reward/off_road,6362,1786562367.474554,0.0
reward/off_road,6394,1786562371.071448,0.0
reward/off_road,6414,1786562373.245453,0.0
reward/off_road,6439,1786562375.932245,0.0
reward/off_road,6457,1786562377.865845,0.0
reward/off_road,6472,1786562379.440922,0.0
reward/off_road,6500,1786562382.323119,0.0
reward/off_road,6520,1786562384.372829,0.0
reward/off_road,6541,1786562386.478224,0.0
reward/off_road,6560,1786562388.377406,0.0
reward/off_road,6581,1786562390.480817,0.0
reward/off_road,6597,1786562392.075150,0.0
reward/off_road,6616,1786562393.940806,0.0
reward/off_road,6636,1786562395.922732,0.0
reward/off_road,6661,1786562398.412676,0.0
reward/off_road,6686,1786562400.893529,0.0
reward/off_road,6704,1786562402.698295,0.0
reward/off_road,6719,1786562404.224035,0.0
reward/off_road,6744,1786562407.110311,0.0
reward/off_road,6761,1786562408.793553,0.0
reward/off_road,6789,1786562411.520892,0.0
reward/off_road,6813,1786562413.783176,0.0
reward/off_road,6826,1786562414.990728,0.0
reward/off_road,6845,1786562416.844011,0.0
reward/off_road,6861,1786562419.485729,0.0
reward/off_road,6876,1786562421.814585,0.0
reward/off_road,6896,1786562424.946930,0.0
reward/off_road,6913,1786562427.665283,0.0
reward/off_road,6943,1786562432.400674,0.0
reward/off_road,6963,1786562435.558956,0.0
reward/off_road,6978,1786562437.908827,0.0
reward/off_road,6994,1786562440.402510,0.0
reward/off_road,7014,1786562443.509911,0.0
reward/off_road,7031,1786562446.144268,0.0
reward/off_road,7053,1786562449.476757,0.0
reward/off_road,7073,1786562452.467839,0.0
reward/off_road,7089,1786562454.816780,0.0
reward/off_road,7119,1786562459.113659,0.0
reward/off_road,7136,1786562461.500511,0.0
reward/off_road,7157,1786562464.475890,0.0
reward/off_road,7177,1786562467.307784,0.0
reward/off_road,7194,1786562469.741215,0.0
reward/off_road,7210,1786562472.024360,0.0
reward/off_road,7227,1786562474.518602,0.0
reward/off_road,7250,1786562477.951549,0.0
reward/off_road,7269,1786562480.810706,0.0
reward/off_road,7292,1786562484.125326,0.0
reward/off_road,7310,1786562486.645596,0.0
reward/off_road,7329,1786562489.278943,0.0
reward/off_road,7347,1786562491.745659,0.0
reward/off_road,7371,1786562495.052292,0.0
reward/off_road,7392,1786562497.893080,0.0
reward/off_road,7410,1786562500.332562,0.0
reward/off_road,7430,1786562503.129012,0.0
reward/off_road,7444,1786562505.057102,0.0
reward/off_road,7465,1786562507.976740,0.0
reward/off_road,7484,1786562510.600838,0.0
reward/off_road,7510,1786562514.207536,0.0
reward/off_road,7531,1786562516.982116,0.0
reward/off_road,7547,1786562519.110168,0.0
reward/off_road,7563,1786562522.714997,0.0
reward/off_road,7583,1786562525.760485,0.0
reward/off_road,7611,1786562529.960940,0.0
reward/off_road,7637,1786562533.898957,0.0
reward/off_road,7653,1786562536.351437,0.0
reward/off_road,7671,1786562539.069769,0.0
reward/off_road,7693,1786562542.299403,0.0
reward/off_road,7718,1786562545.634213,0.0
reward/off_road,7737,1786562547.926116,0.0
reward/off_road,7763,1786562551.282256,0.0
reward/off_road,7783,1786562553.631188,0.0
reward/off_road,7793,1786562554.799108,0.0
reward/off_road,7817,1786562557.600304,0.0
reward/off_road,7840,1786562560.257237,0.0
reward/off_road,7856,1786562562.076642,0.0
reward/off_road,7870,1786562563.678153,0.0
reward/off_road,7887,1786562565.596010,0.0
reward/off_road,7916,1786562568.705445,0.0
reward/off_road,7932,1786562570.327408,0.0
reward/off_road,7951,1786562572.246493,0.0
reward/off_road,7969,1786562574.102890,0.0
reward/off_road,7990,1786562576.154603,0.0
reward/off_road,8006,1786562577.745629,0.0
reward/off_road,8022,1786562579.230262,0.0
reward/off_road,8050,1786562581.801338,0.0
reward/off_road,8076,1786562584.210050,0.0
reward/off_road,8093,1786562585.777836,0.0
reward/off_road,8115,1786562587.739066,0.0
reward/off_road,8128,1786562588.895854,0.0
reward/off_road,8151,1786562590.974492,0.0
reward/off_road,8179,1786562594.078237,0.0
reward/off_road,8198,1786562596.139601,0.0
reward/off_road,8216,1786562598.064299,0.0
reward/off_road,8233,1786562599.885797,0.0
reward/off_road,8245,1786562601.150924,0.0
reward/off_road,8269,1786562603.665558,0.0
reward/off_road,8288,1786562605.611422,0.0
reward/off_road,8311,1786562607.939928,0.0
reward/off_road,8327,1786562609.537834,0.0
reward/off_road,8349,1786562611.701467,0.0
reward/off_road,8366,1786562613.336151,0.0
reward/off_road,8394,1786562616.162021,0.0
reward/off_road,8412,1786562618.245630,0.0
reward/off_road,8427,1786562620.095777,0.0
reward/off_road,8446,1786562622.534694,0.0
reward/off_road,8468,1786562625.396485,0.0
reward/off_road,8490,1786562628.256640,0.0
reward/off_road,8507,1786562630.467740,0.0
reward/off_road,8529,1786562633.329067,0.0
reward/off_road,8549,1786562635.900833,0.0
reward/off_road,8574,1786562639.112215,0.0
reward/off_road,8595,1786562641.729934,0.0
reward/off_road,8620,1786562644.863021,0.0
reward/off_road,8646,1786562648.050179,0.0
reward/off_road,8660,1786562649.751541,0.0
reward/off_road,8683,1786562652.487745,0.0
reward/off_road,8705,1786562655.110895,0.0
reward/off_road,8727,1786562657.613376,0.0
reward/off_road,8747,1786562659.873642,0.0
reward/off_road,8763,1786562661.687795,0.0
reward/off_road,8782,1786562663.799518,0.0
reward/off_road,8802,1786562666.002399,0.0
reward/off_road,8825,1786562668.487866,0.0
reward/off_road,8846,1786562670.768219,0.0
reward/off_road,8864,1786562672.734210,0.0
reward/off_road,8887,1786562675.280038,0.0
reward/off_road,8904,1786562677.160858,0.0
reward/off_road,8930,1786562680.000335,0.0
reward/off_road,8947,1786562681.837696,0.0
reward/off_road,8967,1786562683.991852,0.0
reward/off_road,8982,1786562685.574805,0.0
reward/off_road,8996,1786562687.034342,0.0
reward/off_road,9008,1786562688.277220,0.0
reward/off_road,9032,1786562690.742303,0.0
reward/off_road,9053,1786562692.924824,0.0
reward/off_road,9085,1786562696.245889,0.0
reward/off_road,9103,1786562698.195294,0.0
reward/off_road,9122,1786562700.561881,0.0
reward/off_road,9133,1786562702.002563,0.0
reward/off_road,9158,1786562705.293623,0.0
reward/off_road,9178,1786562707.982406,0.0
reward/off_road,9203,1786562711.315709,0.0
reward/off_road,9223,1786562714.020347,0.0
reward/off_road,9241,1786562716.426749,0.0
reward/off_road,9264,1786562719.469350,0.0
reward/off_road,9286,1786562722.378734,0.0
reward/off_road,9304,1786562724.762469,0.0
reward/off_road,9315,1786562726.197810,0.0
reward/off_road,9332,1786562728.451548,0.0
reward/off_road,9356,1786562731.586479,0.0
reward/off_road,9380,1786562736.547404,0.0
reward/off_road,9396,1786562739.210973,0.0
reward/off_road,9411,1786562741.175130,0.0
reward/off_road,9430,1786562743.668296,0.0
reward/off_road,9444,1786562745.502212,0.0
reward/off_road,9463,1786562747.991918,0.0
reward/off_road,9480,1786562750.202820,0.0
reward/off_road,9500,1786562752.815972,0.0
reward/off_road,9519,1786562755.293576,0.0
reward/off_road,9536,1786562757.475858,0.0
reward/off_road,9554,1786562759.784179,0.0
reward/off_road,9576,1786562762.586055,0.0
reward/off_road,9594,1786562764.842525,0.0
reward/off_road,9614,1786562767.282926,0.0
reward/off_road,9628,1786562769.024402,0.0
reward/off_road,9643,1786562771.209548,0.0
reward/off_road,9662,1786562774.621454,0.0
reward/off_road,9683,1786562778.399016,0.0
reward/off_road,9702,1786562781.900203,0.0
reward/off_road,9720,1786562784.140854,0.0
reward/off_road,9741,1786562786.752827,0.0
reward/off_road,9764,1786562789.594520,0.0
reward/off_road,9780,1786562791.540942,0.0
reward/off_road,9798,1786562793.709569,0.0
reward/off_road,9814,1786562795.663562,0.0
reward/off_road,9831,1786562797.706250,0.0
reward/off_road,9857,1786562800.694374,0.0
reward/off_road,9871,1786562802.278260,0.0
reward/off_road,9893,1786562804.721347,0.0
reward/off_road,9908,1786562806.378957,0.0
reward/off_road,9934,1786562809.268704,0.0
reward/off_road,9954,1786562811.498106,0.0
reward/off_road,9974,1786562813.722375,0.0
reward/off_road,9998,1786562816.415661,0.0
reward/off_road,10011,1786562818.025437,0.0
reward/off_road,10029,1786562820.086922,0.0
reward/off_road,10057,1786562823.230756,0.0
reward/off_road,10073,1786562824.956238,0.0
reward/off_road,10096,1786562828.004187,0.0
reward/off_road,10110,1786562829.558533,0.0
reward/off_road,10127,1786562831.411000,0.0
reward/off_road,10148,1786562833.595065,0.0
reward/off_road,10168,1786562835.557847,0.0
reward/off_road,10190,1786562837.677925,0.0
reward/off_road,10213,1786562841.089247,0.0
reward/off_road,10228,1786562843.164526,0.0
reward/off_road,10242,1786562845.097017,0.0
reward/off_road,10263,1786562847.905210,0.0
reward/off_road,10286,1786562850.922649,0.0
reward/off_road,10306,1786562853.530757,0.0
reward/off_road,10333,1786562856.964201,0.0
reward/off_road,10350,1786562859.089976,0.0
reward/off_road,10374,1786562862.088027,0.0
reward/off_road,10396,1786562864.771854,0.0
reward/off_road,10418,1786562867.458942,0.0
reward/off_road,10439,1786562870.014330,0.0
reward/off_road,10462,1786562872.819164,0.0
reward/off_road,10487,1786562875.885155,0.0
reward/off_road,10505,1786562878.082209,0.0
reward/off_road,10527,1786562880.745878,0.0
reward/off_road,10544,1786562882.774447,0.0
reward/off_road,10566,1786562885.383654,0.0
reward/off_road,10580,1786562887.020625,0.0
reward/off_road,10606,1786562890.006555,0.0
reward/off_road,10621,1786562891.750656,0.0
reward/off_road,10638,1786562893.708318,0.0
reward/off_road,10652,1786562895.349869,0.0
reward/off_road,10666,1786562897.132208,0.0
reward/off_road,10681,1786562899.158288,0.0
reward/off_road,10702,1786562902.069524,0.0
reward/off_road,10716,1786562904.019736,0.0
reward/off_road,10741,1786562907.573928,0.0
reward/off_road,10766,1786562911.092234,0.0
reward/off_road,10783,1786562913.479556,0.0
reward/off_road,10803,1786562916.259990,0.0
reward/off_road,10828,1786562919.696663,0.0
reward/off_road,10851,1786562922.928191,0.0
reward/off_road,10866,1786562925.010917,0.0
reward/off_road,10886,1786562927.845485,0.0
reward/off_road,10913,1786562934.218970,0.0
reward/off_road,10932,1786562937.720660,0.0
reward/off_road,10953,1786562941.622952,0.0
reward/off_road,10969,1786562944.569063,0.0
reward/off_road,10989,1786562948.256239,0.0
reward/off_road,11017,1786562953.347477,0.0
reward/off_road,11036,1786562956.779068,0.0
reward/off_road,11053,1786562959.840176,0.0
reward/off_road,11072,1786562963.253441,0.0
reward/off_road,11089,1786562966.319498,0.0
reward/off_road,11108,1786562969.716068,0.0
reward/off_road,11127,1786562973.126768,0.0
reward/off_road,11149,1786562977.076846,0.0
reward/off_road,11168,1786562980.473516,0.0
reward/off_road,11187,1786562983.835558,0.0
reward/off_road,11203,1786562986.642647,0.0
reward/off_road,11223,1786562990.179042,0.0
reward/off_road,11242,1786562993.493379,0.0
reward/off_road,11266,1786562997.686078,0.0
reward/off_road,11285,1786563000.977097,0.0
reward/off_road,11301,1786563003.695922,0.0
reward/off_road,11318,1786563006.525109,0.0
reward/off_road,11343,1786563010.629764,0.0
reward/off_road,11364,1786563014.045051,0.0
reward/off_road,11385,1786563017.447870,0.0
reward/off_road,11405,1786563020.740210,0.0
reward/off_road,11426,1786563024.414273,0.0
reward/off_road,11447,1786563027.519943,0.0
reward/off_road,11472,1786563030.889583,0.0
reward/off_road,11497,1786563034.242541,0.0
reward/off_road,11517,1786563036.909374,0.0
reward/off_road,11537,1786563039.610852,0.0
reward/off_road,11559,1786563042.855260,0.0
reward/off_road,11574,1786563044.554250,0.0
reward/off_road,11604,1786563047.891794,0.0
reward/off_road,11639,1786563051.723130,0.0
reward/off_road,11655,1786563053.473213,0.0
reward/off_road,11675,1786563055.650039,0.0
reward/off_road,11689,1786563057.154278,0.0
reward/off_road,11721,1786563060.552406,0.0
reward/off_road,11739,1786563062.424015,0.0
reward/off_road,11755,1786563064.083236,0.0
reward/off_road,11768,1786563065.393916,0.0
reward/off_road,11791,1786563067.719043,0.0
reward/off_road,11811,1786563070.411343,0.0
reward/off_road,11826,1786563073.001780,0.0
reward/off_road,11858,1786563078.619650,0.0
reward/off_road,11874,1786563081.442541,0.0
reward/off_road,11894,1786563084.875976,0.0
reward/off_road,11909,1786563087.497472,0.0
reward/off_road,11929,1786563090.892147,0.0
reward/off_road,11943,1786563093.258610,0.0
reward/off_road,11962,1786563096.482300,0.0
reward/off_road,11978,1786563099.172925,0.0
reward/off_road,12003,1786563103.502818,0.0
reward/off_road,12020,1786563106.353405,0.0
reward/off_road,12039,1786563109.620880,0.0
reward/off_road,12058,1786563112.840539,0.0
reward/off_road,12073,1786563115.381595,0.0
reward/off_road,12085,1786563117.404409,0.0
reward/off_road,12102,1786563120.264447,0.0
reward/off_road,12124,1786563123.981799,0.0
reward/off_road,12142,1786563127.122824,0.0
reward/off_road,12166,1786563130.468043,0.0
reward/off_road,12188,1786563132.871610,0.0
reward/off_road,12219,1786563136.271178,0.0
reward/off_road,12241,1786563138.666323,0.0
reward/off_road,12258,1786563140.466923,0.0
reward/off_road,12273,1786563142.059055,0.0
reward/off_road,12295,1786563144.361879,0.0
reward/off_road,12314,1786563146.344798,0.0
reward/off_road,12331,1786563148.146083,0.0
reward/off_road,12344,1786563149.508905,0.0
reward/off_road,12368,1786563152.054673,0.0
reward/off_road,12386,1786563153.934116,0.0
reward/off_road,12405,1786563155.919210,0.0
reward/off_road,12418,1786563157.261552,0.0
reward/off_road,12443,1786563159.842067,0.0
reward/off_road,12460,1786563161.577391,0.0
reward/off_road,12471,1786563162.703186,0.0
reward/off_road,12494,1786563164.998088,0.0
reward/off_road,12509,1786563166.513836,0.0
reward/off_road,12525,1786563168.141970,0.0
reward/off_road,12541,1786563169.745367,0.0
reward/off_road,12559,1786563171.554263,0.0
reward/off_road,12584,1786563174.402901,0.0
reward/off_road,12600,1786563176.426458,0.0
reward/off_road,12628,1786563180.051862,0.0
reward/off_road,12657,1786563183.875847,0.0
reward/off_road,12685,1786563187.470735,0.0
reward/off_road,12700,1786563189.393906,0.0
reward/off_road,12716,1786563191.436283,0.0
reward/off_road,12733,1786563193.612393,0.0
reward/off_road,12754,1786563196.276377,0.0
reward/off_road,12782,1786563199.867414,0.0
reward/off_road,12812,1786563203.634163,0.0
reward/off_road,12837,1786563206.765175,0.0
reward/off_road,12857,1786563209.253955,0.0
reward/off_road,12876,1786563211.551542,0.0
reward/off_road,12898,1786563214.159986,0.0
reward/off_road,12921,1786563216.856993,0.0
reward/off_road,12941,1786563219.190198,0.0
reward/off_road,12961,1786563221.542512,0.0
reward/off_road,12985,1786563224.332142,0.0
reward/off_road,13009,1786563227.111968,0.0
reward/off_road,13026,1786563229.094019,0.0
reward/off_road,13064,1786563233.434061,0.0
reward/off_road,13078,1786563235.791437,0.0
reward/off_road,13094,1786563238.076693,0.0
reward/off_road,13112,1786563240.830803,0.0
reward/off_road,13126,1786563242.601291,0.0
reward/off_road,13148,1786563245.394363,0.0
reward/off_road,13172,1786563248.481203,0.0
reward/off_road,13192,1786563251.085304,0.0
reward/off_road,13207,1786563253.058730,0.0
reward/off_road,13229,1786563255.875633,0.0
reward/off_road,13252,1786563258.785255,0.0
reward/off_road,13275,1786563261.680154,0.0
reward/off_road,13289,1786563263.411888,0.0
reward/off_road,13319,1786563267.097923,0.0
reward/off_road,13345,1786563270.285726,0.0
reward/off_road,13363,1786563272.522236,0.0
reward/off_road,13376,1786563274.203809,0.0
reward/off_road,13403,1786563277.968688,0.0
reward/off_road,13422,1786563281.010571,0.0
reward/off_road,13437,1786563283.241385,0.0
reward/off_road,13459,1786563286.468796,0.0
reward/off_road,13477,1786563289.068110,0.0
reward/off_road,13493,1786563291.365298,0.0
reward/off_road,13508,1786563293.526418,0.0
reward/off_road,13540,1786563297.934619,0.0
reward/off_road,13559,1786563300.412082,0.0
reward/off_road,13580,1786563303.092046,0.0
reward/off_road,13594,1786563304.893320,0.0
reward/off_road,13612,1786563307.117432,0.0
reward/off_road,13637,1786563310.218861,0.0
reward/off_road,13654,1786563312.243779,0.0
reward/off_road,13667,1786563313.763898,0.0
reward/off_road,13690,1786563316.359543,0.0
reward/off_road,13705,1786563318.015317,0.0
reward/off_road,13726,1786563320.233328,0.0
reward/off_road,13744,1786563322.124479,0.0
reward/off_road,13762,1786563324.014750,0.0
reward/off_road,13783,1786563326.200623,0.0
reward/off_road,13802,1786563328.180969,0.0
reward/off_road,13820,1786563330.101270,0.0
reward/off_road,13846,1786563332.944282,0.0
reward/off_road,13865,1786563335.055295,0.0
reward/off_road,13878,1786563336.465238,0.0
reward/off_road,13898,1786563338.673410,0.0
reward/off_road,13923,1786563341.438095,0.0
reward/off_road,13942,1786563343.493538,0.0
reward/off_road,13962,1786563345.646970,0.0
reward/off_road,13987,1786563348.368933,0.0
reward/off_road,14003,1786563350.255383,0.0
reward/off_road,14030,1786563353.131357,0.0
reward/off_road,14051,1786563355.292542,0.0
reward/off_road,14066,1786563356.747444,0.0
reward/off_road,14094,1786563359.403528,0.0
reward/off_road,14110,1786563362.953787,0.0
reward/off_road,14127,1786563365.357225,0.0
reward/off_road,14150,1786563368.613535,0.0
reward/off_road,14169,1786563371.285772,0.0
reward/off_road,14193,1786563374.440719,0.0
reward/off_road,14210,1786563376.618573,0.0
reward/off_road,14234,1786563379.505273,0.0
reward/off_road,14249,1786563381.241035,0.0
reward/off_road,14268,1786563383.406533,0.0
reward/off_road,14299,1786563386.941788,0.0
reward/off_road,14328,1786563390.210928,0.0
reward/off_road,14345,1786563392.134270,0.0
reward/off_road,14360,1786563393.825248,0.0
reward/off_road,14381,1786563396.147129,0.0
reward/off_road,14399,1786563398.109760,0.0
reward/off_road,14419,1786563400.248745,0.0
reward/off_road,14446,1786563403.172970,0.0
reward/off_road,14458,1786563404.454034,0.0
reward/off_road,14470,1786563405.904903,0.0
reward/off_road,14493,1786563408.951718,0.0
reward/off_road,14510,1786563411.175631,0.0
reward/off_road,14529,1786563413.669044,0.0
reward/off_road,14545,1786563415.767577,0.0
reward/off_road,14569,1786563418.938643,0.0
reward/off_road,14589,1786563421.601716,0.0
reward/off_road,14605,1786563423.704021,0.0
reward/off_road,14624,1786563426.228000,0.0
reward/off_road,14650,1786563429.725046,0.0
reward/off_road,14664,1786563431.590648,0.0
reward/off_road,14681,1786563433.832927,0.0
reward/off_road,14709,1786563437.400537,0.0
reward/off_road,14727,1786563439.668187,0.0
reward/off_road,14750,1786563442.373883,0.0
reward/off_road,14773,1786563445.019727,0.0
reward/off_road,14797,1786563447.422412,0.0
reward/off_road,14817,1786563449.386075,0.0
reward/off_road,14844,1786563451.921878,0.0
reward/off_road,14865,1786563453.831616,0.0
reward/off_road,14885,1786563455.585942,0.0
reward/off_road,14902,1786563457.069355,0.0
reward/off_road,14922,1786563458.787546,0.0
reward/off_road,14940,1786563460.305057,0.0
reward/off_road,14954,1786563463.788765,0.0
reward/off_road,14985,1786563468.670212,0.0
reward/off_road,15002,1786563471.317017,0.0
reward/off_road,15021,1786563474.282256,0.0
reward/off_road,15043,1786563477.740398,0.0
reward/off_road,15062,1786563480.742870,0.0
reward/off_road,15083,1786563484.054414,0.0
reward/off_road,15112,1786563488.550632,0.0
reward/off_road,15131,1786563491.453379,0.0
reward/off_road,15152,1786563494.604115,0.0
reward/off_road,15168,1786563497.033406,0.0
reward/off_road,15192,1786563500.642617,0.0
reward/off_road,15208,1786563502.982002,0.0
reward/off_road,15231,1786563506.293007,0.0
reward/off_road,15251,1786563509.119838,0.0
reward/off_road,15267,1786563511.370060,0.0
reward/off_road,15291,1786563514.691706,0.0
reward/off_road,15306,1786563516.745326,0.0
reward/off_road,15331,1786563520.207005,0.0
reward/off_road,15353,1786563523.205296,0.0
reward/off_road,15371,1786563525.466886,0.0
reward/off_road,15393,1786563528.154357,0.0
reward/off_road,15411,1786563530.296444,0.0
reward/off_road,15434,1786563532.877096,0.0
reward/off_road,15449,1786563534.577578,0.0
reward/off_road,15474,1786563537.401207,0.0
reward/off_road,15497,1786563540.000293,0.0
reward/off_road,15517,1786563542.257304,0.0
reward/off_road,15535,1786563544.255389,0.0
reward/off_road,15553,1786563546.261115,0.0
reward/off_road,15566,1786563547.699793,0.0
reward/off_road,15590,1786563550.358657,0.0
reward/off_road,15614,1786563552.790997,0.0
reward/off_road,15640,1786563555.370573,0.0
reward/off_road,15662,1786563557.550637,0.0
reward/off_road,15687,1786563560.004911,0.0
reward/off_road,15713,1786563562.528598,0.0
reward/off_road,15729,1786563564.038318,0.0
reward/off_road,15753,1786563566.358158,0.0
reward/off_road,15767,1786563567.868961,0.0
reward/off_road,15792,1786563570.826748,0.0
reward/off_road,15815,1786563573.636578,0.0
reward/off_road,15840,1786563576.662990,0.0
reward/off_road,15856,1786563578.582969,0.0
reward/off_road,15884,1786563581.926689,0.0
reward/off_road,15900,1786563583.836694,0.0
reward/off_road,15925,1786563586.766958,0.0
reward/off_road,15940,1786563588.489727,0.0
reward/off_road,15964,1786563591.222665,0.0
reward/off_road,15982,1786563593.252754,0.0
reward/off_road,16008,1786563596.276212,0.0
reward/off_road,16024,1786563598.051718,0.0
reward/off_road,16039,1786563599.709224,0.0
reward/off_road,16062,1786563602.231044,0.0
reward/off_road,16082,1786563604.411266,0.0
reward/off_road,16102,1786563606.539811,0.0
reward/off_road,16113,1786563607.686946,0.0
reward/off_road,16129,1786563609.378277,0.0
reward/off_road,16146,1786563611.106464,0.0
reward/off_road,16166,1786563613.816650,0.0
reward/off_road,16176,1786563614.922793,0.0
reward/off_road,16196,1786563617.130355,0.0
reward/off_road,16211,1786563618.786487,0.0
reward/off_road,16235,1786563621.434981,0.0
reward/off_road,16251,1786563623.189052,0.0
reward/off_road,16275,1786563625.847104,0.0
reward/off_road,16291,1786563627.638838,0.0
reward/off_road,16317,1786563630.598752,0.0
reward/off_road,16349,1786563634.123214,0.0
reward/off_road,16368,1786563636.134078,0.0
reward/off_road,16395,1786563638.875712,0.0
reward/off_road,16408,1786563640.129982,0.0
reward/off_road,16428,1786563642.470142,0.0
reward/off_road,16446,1786563644.742376,0.0
reward/off_road,16466,1786563647.185420,0.0
reward/off_road,16486,1786563649.585416,0.0
reward/off_road,16506,1786563651.909219,0.0
reward/off_road,16529,1786563654.559638,0.0
reward/off_road,16555,1786563657.563097,0.0
reward/off_road,16572,1786563659.521135,0.0
reward/off_road,16585,1786563661.017893,0.0
reward/off_road,16603,1786563663.097307,0.0
reward/off_road,16627,1786563665.809056,0.0
reward/off_road,16645,1786563669.144699,0.0
reward/off_road,16665,1786563671.615308,0.0
reward/off_road,16680,1786563673.515569,0.0
reward/off_road,16697,1786563675.637357,0.0
reward/off_road,16725,1786563678.976946,0.0
reward/off_road,16742,1786563680.992313,0.0
reward/off_road,16769,1786563684.210213,0.0
reward/off_road,16787,1786563686.315868,0.0
reward/off_road,16803,1786563688.141070,0.0
reward/off_road,16823,1786563690.453282,0.0
reward/off_road,16843,1786563692.730664,0.0
reward/off_road,16864,1786563695.139998,0.0
reward/off_road,16885,1786563697.554659,0.0
reward/off_road,16903,1786563699.603677,0.0
reward/off_road,16924,1786563701.970963,0.0
reward/off_road,16942,1786563703.998536,0.0
reward/off_road,16959,1786563705.908357,0.0
reward/off_road,16977,1786563707.894645,0.0
reward/off_road,16997,1786563710.075100,0.0
reward/off_road,17012,1786563711.664271,0.0
reward/off_road,17026,1786563713.136227,0.0
reward/off_road,17045,1786563715.140549,0.0
reward/off_road,17069,1786563717.722214,0.0
reward/off_road,17094,1786563720.371868,0.0
reward/off_road,17116,1786563722.697931,0.0
reward/off_road,17134,1786563724.707819,0.0
reward/off_road,17156,1786563727.494205,0.0
reward/off_road,17173,1786563729.771576,0.0
reward/off_road,17198,1786563733.991008,0.0
reward/off_road,17216,1786563736.508728,0.0
reward/off_road,17243,1786563740.195844,0.0
reward/off_road,17256,1786563741.952239,0.0
reward/off_road,17286,1786563746.033364,0.0
reward/off_road,17322,1786563750.884656,0.0
reward/off_road,17345,1786563753.982249,0.0
reward/off_road,17362,1786563756.217467,0.0
reward/off_road,17388,1786563759.669782,0.0
reward/off_road,17406,1786563764.030845,0.0
reward/off_road,17434,1786563768.059473,0.0
reward/off_road,17458,1786563771.445070,0.0
reward/off_road,17481,1786563774.645003,0.0
reward/off_road,17504,1786563777.832650,0.0
reward/off_road,17521,1786563780.205574,0.0
reward/off_road,17537,1786563782.426267,0.0
reward/off_road,17557,1786563785.073507,0.0
reward/off_road,17577,1786563787.455177,0.0
reward/off_road,17595,1786563789.857092,0.0
reward/off_road,17616,1786563792.316162,0.0
reward/off_road,17630,1786563793.883282,0.0
reward/off_road,17643,1786563795.352553,0.0
reward/off_road,17669,1786563798.278078,0.0
reward/off_road,17687,1786563800.289047,0.0
reward/off_road,17699,1786563801.632303,0.0
reward/off_road,17722,1786563804.224625,0.0
reward/off_road,17735,1786563805.705297,0.0
reward/off_road,17754,1786563807.830986,0.0
reward/off_road,17782,1786563810.673820,0.0
reward/off_road,17805,1786563812.947429,0.0
reward/off_road,17824,1786563814.779180,0.0
reward/off_road,17841,1786563816.450380,0.0
reward/off_road,17866,1786563818.832891,0.0
reward/off_road,17884,1786563820.508398,0.0
reward/off_road,17901,1786563822.097716,0.0
reward/off_road,17925,1786563824.280900,0.0
reward/off_road,17941,1786563825.690242,0.0
reward/off_road,17965,1786563827.771477,0.0
reward/off_road,17980,1786563829.051765,0.0
reward/off_road,18003,1786563831.161082,0.0
reward/off_road,18025,1786563833.083448,0.0
reward/off_road,18042,1786563834.546912,0.0
reward/off_road,18062,1786563836.269075,0.0
reward/off_road,18081,1786563837.921974,0.0
reward/off_road,18107,1786563840.157864,0.0
reward/off_road,18121,1786563841.380476,0.0
reward/off_road,18136,1786563842.671867,0.0
reward/off_road,18153,1786563844.166900,0.0
reward/off_road,18176,1786563846.239457,0.0
reward/off_road,18197,1786563848.121854,0.0
reward/off_road,18215,1786563849.706162,0.0
reward/off_road,18231,1786563851.120017,0.0
reward/off_road,18245,1786563852.433323,0.0
reward/off_road,18265,1786563854.453784,0.0
reward/off_road,18278,1786563855.833275,0.0
reward/off_road,18300,1786563858.277893,0.0
reward/off_road,18318,1786563860.301503,0.0
reward/off_road,18345,1786563863.322095,0.0
reward/off_road,18366,1786563865.618605,0.0
reward/off_road,18390,1786563868.292594,0.0
reward/off_road,18405,1786563870.016723,0.0
reward/off_road,18423,1786563871.983237,0.0
reward/off_road,18441,1786563873.928124,0.0
reward/off_road,18458,1786563875.707170,0.0
reward/off_road,18479,1786563877.895952,0.0
reward/off_road,18504,1786563880.487704,0.0
reward/off_road,18523,1786563882.484042,0.0
reward/off_road,18542,1786563884.472980,0.0
reward/off_road,18556,1786563885.936475,0.0
reward/off_road,18580,1786563888.423848,0.0
reward/off_road,18592,1786563891.645761,0.0
reward/off_road,18607,1786563894.301163,0.0
reward/off_road,18626,1786563897.660049,0.0
reward/off_road,18652,1786563902.244368,0.0
reward/off_road,18670,1786563905.421472,0.0
reward/off_road,18682,1786563907.547994,0.0
reward/off_road,18701,1786563910.860402,0.0
reward/off_road,18722,1786563914.542355,0.0
reward/off_road,18739,1786563917.684483,0.0
reward/off_road,18758,1786563920.908270,0.0
reward/off_road,18778,1786563923.683821,0.0
reward/off_road,18802,1786563926.393342,0.0
reward/off_road,18821,1786563928.596697,0.0
reward/off_road,18839,1786563930.630988,0.0
reward/off_road,18860,1786563935.085799,0.0
reward/off_road,18879,1786563938.308684,0.0
reward/off_road,18894,1786563940.780926,0.0
reward/off_road,18917,1786563944.392501,0.0
reward/off_road,18932,1786563946.516071,0.0
reward/off_road,18953,1786563949.574266,0.0
reward/off_road,18977,1786563953.005074,0.0
reward/off_road,18994,1786563955.414368,0.0
reward/off_road,19014,1786563958.249428,0.0
reward/off_road,19029,1786563960.356099,0.0
reward/off_road,19044,1786563962.435964,0.0
reward/off_road,19070,1786563966.134523,0.0
reward/off_road,19092,1786563969.249737,0.0
reward/off_road,19111,1786563971.883574,0.0
reward/off_road,19135,1786563975.218829,0.0
reward/off_road,19154,1786563977.793517,0.0
reward/off_road,19185,1786563981.964880,0.0
reward/off_road,19206,1786563984.829705,0.0
reward/off_road,19227,1786563989.619898,0.0
reward/off_road,19246,1786563992.488166,0.0
reward/off_road,19275,1786563996.849049,0.0
reward/off_road,19294,1786563999.670436,0.0
reward/off_road,19319,1786564003.229394,0.0
reward/off_road,19343,1786564006.005548,0.0
reward/off_road,19363,1786564008.298131,0.0
reward/off_road,19389,1786564011.254302,0.0
reward/off_road,19408,1786564013.392266,0.0
reward/off_road,19441,1786564017.113155,0.0
reward/off_road,19461,1786564019.353829,0.0
reward/off_road,19480,1786564021.457676,0.0
reward/off_road,19494,1786564022.993626,0.0
reward/off_road,19509,1786564024.624884,0.0
reward/off_road,19534,1786564027.286906,0.0
reward/off_road,19551,1786564029.612158,0.0
reward/off_road,19581,1786564033.107354,0.0
reward/off_road,19596,1786564034.821769,0.0
reward/off_road,19612,1786564036.611089,0.0
reward/off_road,19635,1786564039.098878,0.0
reward/off_road,19665,1786564042.347581,0.0
reward/off_road,19685,1786564044.469296,0.0
reward/off_road,19699,1786564045.922496,0.0
reward/off_road,19714,1786564047.469482,0.0
reward/off_road,19736,1786564049.776401,0.0
reward/off_road,19759,1786564052.200440,0.0
reward/off_road,19772,1786564053.562904,0.0
reward/off_road,19794,1786564055.924014,0.0
reward/off_road,19813,1786564057.922921,0.0
reward/off_road,19831,1786564059.752718,0.0
reward/off_road,19852,1786564061.808250,0.0
reward/off_road,19873,1786564063.838894,0.0
reward/off_road,19887,1786564065.210036,0.0
reward/off_road,19905,1786564066.964117,0.0
reward/off_road,19933,1786564069.607540,0.0
reward/off_road,19947,1786564070.917473,0.0
reward/off_road,19971,1786564073.143962,0.0
reward/off_road,20000,1786564075.716564,0.0
reward/position,3,1786561536.455683,-0.02748429775238037
reward/position,24,1786561539.189219,-0.36534833908081055
reward/position,53,1786561542.619610,-0.870708703994751
reward/position,79,1786561545.610443,-0.22452135384082794
reward/position,97,1786561547.760169,-0.23573820292949677
reward/position,119,1786561550.311106,-0.5847644209861755
reward/position,137,1786561554.192955,-0.03689189255237579
reward/position,153,1786561556.249259,-0.10333247482776642
reward/position,177,1786561559.537286,-0.9809633493423462
reward/position,206,1786561563.522959,-0.23905962705612183
reward/position,221,1786561565.605377,-0.9206163287162781
reward/position,241,1786561568.134332,-0.18477630615234375
reward/position,261,1786561570.239233,-0.05878448486328125
reward/position,282,1786561572.455212,-0.108367919921875
reward/position,302,1786561574.460827,-0.49501800537109375
reward/position,322,1786561576.429174,-1.0130386352539062
reward/position,334,1786561578.121595,-0.0494232177734375
reward/position,356,1786561580.524994,-0.43192291259765625
reward/position,381,1786561583.233972,-0.7861328125
reward/position,405,1786561585.736863,-0.25949859619140625
reward/position,422,1786561589.364977,-0.21314239501953125
reward/position,443,1786561592.634868,-0.09879302978515625
reward/position,466,1786561595.767601,-0.7252349853515625
reward/position,494,1786561598.688566,-0.7201766967773438
reward/position,517,1786561601.310087,-0.0323486402630806
reward/position,545,1786561604.091941,-0.22633366286754608
reward/position,556,1786561605.203010,-0.24545292556285858
reward/position,580,1786561607.637145,-0.9221956133842468
reward/position,599,1786561609.560888,-0.8199312090873718
reward/position,621,1786561611.735206,-0.904403805732727
reward/position,646,1786561614.215769,-0.9789125323295593
reward/position,668,1786561616.358133,-0.8968812823295593
reward/position,686,1786561618.102461,-0.49285897612571716
reward/position,708,1786561620.247670,-0.3408356308937073
reward/position,729,1786561622.281501,-0.866470456123352
reward/position,751,1786561624.690704,-0.1624450981616974
reward/position,771,1786561627.346248,-0.09358979761600494
reward/position,794,1786561630.539239,-0.2431945949792862
reward/position,812,1786561633.006614,-0.43221285939216614
reward/position,835,1786561636.021782,-0.12287771701812744
reward/position,851,1786561637.725995,-0.16412681341171265
reward/position,868,1786561639.500166,-0.35808056592941284
reward/position,883,1786561641.033035,-0.6977790594100952
reward/position,901,1786561642.878008,-0.8572489023208618
reward/position,915,1786561644.198782,-0.005633427761495113
reward/position,933,1786561645.889307,-0.9718512892723083
reward/position,946,1786561647.907596,-0.20733642578125
reward/position,971,1786561651.101336,-0.314300537109375
reward/position,989,1786561653.426240,-0.2115478813648224
reward/position,1004,1786561654.845154,-0.3298645615577698
reward/position,1027,1786561656.902916,-0.1473236382007599
reward/position,1053,1786561659.153886,-0.23048405349254608
reward/position,1070,1786561661.205660,-0.19619300961494446
reward/position,1088,1786561663.306476,-0.42776745557785034
reward/position,1102,1786561664.929009,-0.7409045696258545
reward/position,1119,1786561668.946461,-0.02493000403046608
reward/position,1146,1786561674.349815,-0.6976158618927002
reward/position,1166,1786561679.725315,-0.00308990478515625
reward/position,1186,1786561683.185690,-0.9637584686279297
reward/position,1208,1786561686.920807,-0.0050258636474609375
reward/position,1228,1786561690.272529,-0.5302600860595703
reward/position,1251,1786561694.202563,-1.021993637084961
reward/position,1266,1786561696.283058,-0.24341583251953125
reward/position,1279,1786561697.721328,-0.33551025390625
reward/position,1300,1786561700.060419,-0.5859909057617188
reward/position,1323,1786561703.464080,-0.14281463623046875
reward/position,1337,1786561705.002327,-0.44256591796875
reward/position,1357,1786561707.540435,-0.2113037109375
reward/position,1381,1786561710.460406,-0.4324951171875
reward/position,1398,1786561712.258198,-0.0297775287181139
reward/position,1412,1786561713.716000,-0.47112274169921875
reward/position,1433,1786561715.832747,-0.5078582763671875
reward/position,1451,1786561717.695597,-0.08980560302734375
reward/position,1468,1786561721.354402,-0.12332155555486679
reward/position,1485,1786561724.606517,-0.1360473781824112
reward/position,1515,1786561731.175030,-0.10349274426698685
reward/position,1532,1786561734.435334,-0.1762543022632599
reward/position,1552,1786561737.581167,-0.8740540146827698
reward/position,1574,1786561742.357130,-0.10921819508075714
reward/position,1595,1786561746.175771,-0.8892098069190979
reward/position,1611,1786561751.083005,-0.03869318962097168
reward/position,1624,1786561753.545184,-0.6069796085357666
reward/position,1637,1786561755.517019,-0.06105751171708107
reward/position,1655,1786561758.279569,-0.7002105712890625
reward/position,1675,1786561763.156139,-0.9222413301467896
reward/position,1692,1786561765.905588,-0.29760921001434326
reward/position,1707,1786561769.260194,-0.005294800736010075
reward/position,1729,1786561772.283100,-0.3384857177734375
reward/position,1747,1786561776.146407,-0.23262405395507812
reward/position,1759,1786561777.795871,-0.055164337158203125
reward/position,1773,1786561781.582037,-0.8036233186721802
reward/position,1790,1786561784.120435,-0.4921721816062927
reward/position,1808,1786561788.148861,-0.0304412841796875
reward/position,1828,1786561791.185323,-0.014328001998364925
reward/position,1858,1786561795.099794,-0.1806945949792862
reward/position,1880,1786561798.016664,-0.02792358584702015
reward/position,1899,1786561800.531036,-0.0647735670208931
reward/position,1919,1786561803.378233,-0.1834716796875
reward/position,1941,1786561807.680178,-0.20277008414268494
reward/position,1968,1786561812.387938,-0.24776458740234375
reward/position,1995,1786561818.319749,-0.23468025028705597
reward/position,2014,1786561821.602495,-0.11810684204101562
reward/position,2028,1786561823.496049,-0.2139740288257599
reward/position,2048,1786561826.178101,-0.6367476582527161
reward/position,2061,1786561828.248077,-0.29260385036468506
reward/position,2083,1786561833.309393,-0.18108177185058594
reward/position,2104,1786561838.415329,-0.07037663459777832
reward/position,2126,1786561844.362668,-0.4387207329273224
reward/position,2147,1786561849.332520,-0.20599746704101562
reward/position,2172,1786561852.651519,-0.10466767102479935
reward/position,2197,1786561858.201285,-0.1806945949792862
reward/position,2219,1786561861.426803,-0.09150723367929459
reward/position,2233,1786561863.231342,-0.189865380525589
reward/position,2248,1786561865.126617,-0.127823144197464
reward/position,2270,1786561867.842815,-0.021041572093963623
reward/position,2289,1786561870.147015,-0.0509185791015625
reward/position,2314,1786561873.099612,-0.02964782901108265
reward/position,2333,1786561875.309548,-0.2768096923828125
reward/position,2351,1786561877.338350,-0.2510833740234375
reward/position,2384,1786561880.932039,-0.2344513088464737
reward/position,2405,1786561883.124573,-0.3778991997241974
reward/position,2423,1786561884.965505,-0.5500640869140625
reward/position,2449,1786561887.619908,-0.6637116074562073
reward/position,2462,1786561888.960397,-0.5941619873046875
reward/position,2477,1786561890.518078,-0.547821044921875
reward/position,2491,1786561891.945061,-0.4358520805835724
reward/position,2513,1786561894.267665,-0.02754211612045765
reward/position,2534,1786561896.460979,-0.1834259182214737
reward/position,2557,1786561898.931561,-0.2123108059167862
reward/position,2579,1786561901.341547,-0.2577667534351349
reward/position,2602,1786561903.863189,-0.1087341383099556
reward/position,2618,1786561905.614104,-0.0859985426068306
reward/position,2647,1786561908.779377,-0.1582183986902237
reward/position,2673,1786561911.612295,-0.43640145659446716
reward/position,2696,1786561914.100319,-0.35023507475852966
reward/position,2717,1786561916.390647,-0.24888619780540466
reward/position,2745,1786561919.489214,-0.08537299185991287
reward/position,2766,1786561921.831182,-0.23397834599018097
reward/position,2801,1786561925.633450,-0.09289544820785522
reward/position,2823,1786561927.952896,-0.04385382682085037
reward/position,2849,1786561930.591890,-0.0804596021771431
reward/position,2864,1786561932.109903,-0.4954529404640198
reward/position,2886,1786561936.465311,-0.1956956833600998
reward/position,2904,1786561938.995077,-0.21663789451122284
reward/position,2921,1786561941.455696,-0.026768796145915985
reward/position,2938,1786561943.871436,-0.031084544956684113
reward/position,2957,1786561946.458498,-0.006321781314909458
reward/position,2976,1786561948.976621,-0.3468141257762909
reward/position,2998,1786561953.869480,-0.13920021057128906
reward/position,3023,1786561957.808436,-0.2505378723144531
reward/position,3046,1786561961.323990,-0.08764457702636719
reward/position,3064,1786561964.068449,-0.08710670471191406
reward/position,3087,1786561967.421077,-0.6995015144348145
reward/position,3108,1786561970.370494,-0.7064836025238037
reward/position,3135,1786561973.421345,-0.49093663692474365
reward/position,3159,1786561975.762989,-0.23970812559127808
reward/position,3177,1786561977.561521,-0.021690387278795242
reward/position,3196,1786561979.382518,-0.016517652198672295
reward/position,3212,1786561980.879526,-0.022125260904431343
reward/position,3230,1786561982.522823,-0.12661029398441315
reward/position,3260,1786561986.050849,-0.26414671540260315
reward/position,3283,1786561989.135658,-0.020068658515810966
reward/position,3302,1786561991.608230,-0.27100980281829834
reward/position,3331,1786561995.414980,-0.14636783301830292
reward/position,3344,1786561997.022317,-0.3029552698135376
reward/position,3363,1786561999.453040,-0.20582181215286255
reward/position,3378,1786562001.313666,-0.1520901918411255
reward/position,3406,1786562004.679942,-0.37287306785583496
reward/position,3421,1786562006.489401,-0.24146389961242676
reward/position,3434,1786562007.989677,-0.2936750054359436
reward/position,3450,1786562009.921226,-0.18992793560028076
reward/position,3472,1786562012.431444,-0.13931113481521606
reward/position,3488,1786562014.254403,-0.11709511280059814
reward/position,3509,1786562016.614126,-0.3586190342903137
reward/position,3532,1786562019.216453,-0.19943541288375854
reward/position,3546,1786562020.806790,-0.12895125150680542
reward/position,3564,1786562022.825796,-0.05211770534515381
reward/position,3586,1786562025.252290,-0.05314648151397705
reward/position,3607,1786562027.608422,-0.001620173454284668
reward/position,3629,1786562029.998685,-0.17051011323928833
reward/position,3659,1786562033.298373,-0.047333065420389175
reward/position,3675,1786562035.063463,-0.16593295335769653
reward/position,3690,1786562036.703028,-0.08867054432630539
reward/position,3707,1786562038.584908,-0.017268287017941475
reward/position,3722,1786562040.252242,-0.059226471930742264
reward/position,3743,1786562042.544760,-0.04611649364233017
reward/position,3767,1786562045.385669,-0.723186194896698
reward/position,3788,1786562048.030694,-0.40673837065696716
reward/position,3800,1786562049.546131,-0.1770019829273224
reward/position,3818,1786562051.820807,-0.1140747219324112
reward/position,3836,1786562054.155049,-0.0711822658777237
reward/position,3856,1786562056.655001,-0.12300112098455429
reward/position,3881,1786562059.727641,-0.14414621889591217
reward/position,3898,1786562061.743006,-0.1665954887866974
reward/position,3915,1786562063.688621,-0.2753753960132599
reward/position,3931,1786562065.447966,-0.3068848252296448
reward/position,3946,1786562067.036945,-0.5613098740577698
reward/position,3962,1786562068.723795,-0.2132873833179474
reward/position,3978,1786562070.392094,-0.2667084038257599
reward/position,4002,1786562072.958186,-0.3092194199562073
reward/position,4021,1786562074.893618,-0.03994760662317276
reward/position,4039,1786562076.828523,-0.8026480078697205
reward/position,4055,1786562080.027962,-0.3101043999195099
reward/position,4071,1786562082.891192,-0.1446685940027237
reward/position,4087,1786562085.750718,-0.1722870022058487
reward/position,4105,1786562088.926007,-0.1494140774011612
reward/position,4122,1786562091.905303,-0.3306580185890198
reward/position,4148,1786562096.492207,-0.16771699488162994
reward/position,4172,1786562100.706639,-0.3870239555835724
reward/position,4188,1786562103.206321,-0.6431809067726135
reward/position,4208,1786562105.955506,-0.29874420166015625
reward/position,4221,1786562107.535158,-0.176513671875
reward/position,4240,1786562109.803717,-0.11185836791992188
reward/position,4257,1786562111.837901,-0.19234848022460938
reward/position,4270,1786562113.293805,-0.35005950927734375
reward/position,4292,1786562115.972899,-0.002186739817261696
reward/position,4308,1786562118.150368,-0.12244062125682831
reward/position,4323,1786562120.279669,-0.6813907623291016
reward/position,4363,1786562125.713693,-0.35468482971191406
reward/position,4375,1786562127.360172,-0.2502555847167969
reward/position,4396,1786562130.175551,-0.10486221313476562
reward/position,4426,1786562134.122235,-0.06476477533578873
reward/position,4451,1786562137.290034,-0.36888280510902405
reward/position,4468,1786562139.419397,-0.5170974731445312
reward/position,4486,1786562141.678207,-0.28957176208496094
reward/position,4520,1786562145.921877,-0.3660163879394531
reward/position,4538,1786562148.220827,-0.3164176940917969
reward/position,4560,1786562150.994227,-0.2189483642578125
reward/position,4585,1786562154.090673,-0.22919845581054688
reward/position,4602,1786562156.252136,-0.07716941833496094
reward/position,4617,1786562158.098791,-0.11973381042480469
reward/position,4636,1786562160.416578,-0.09735870361328125
reward/position,4661,1786562163.462174,-0.171478271484375
reward/position,4680,1786562165.788467,-0.19256973266601562
reward/position,4699,1786562168.077253,-0.15518760681152344
reward/position,4716,1786562170.128274,-0.023845672607421875
reward/position,4736,1786562172.582268,-0.058658599853515625
reward/position,4762,1786562175.763720,-0.13542556762695312
reward/position,4775,1786562177.415777,-0.13532447814941406
reward/position,4795,1786562179.916367,-0.015048980712890625
reward/position,4814,1786562182.143707,-0.6843546628952026
reward/position,4827,1786562183.549184,-0.15196755528450012
reward/position,4843,1786562185.195822,-0.6774903535842896
reward/position,4860,1786562186.805980,-0.5681152939796448
reward/position,4877,1786562188.385550,-0.1500854790210724
reward/position,4894,1786562189.940251,-0.062042247503995895
reward/position,4911,1786562191.381884,-0.4400635361671448
reward/position,4929,1786562192.865616,-0.38015756011009216
reward/position,4951,1786562195.860206,-0.09307955950498581
reward/position,4974,1786562199.222808,-0.96541827917099
reward/position,4989,1786562201.479201,-0.6033118963241577
reward/position,5007,1786562204.295079,-0.708648145198822
reward/position,5026,1786562209.164550,-0.13710787892341614
reward/position,5046,1786562212.451912,-0.12207796424627304
reward/position,5064,1786562215.391406,-0.3093872368335724
reward/position,5087,1786562219.154632,-0.08659365028142929
reward/position,5109,1786562222.606413,-0.1408691555261612
reward/position,5131,1786562226.000214,-0.0896148830652237
reward/position,5153,1786562229.345396,-0.026016227900981903
reward/position,5171,1786562232.059017,-0.024414068087935448
reward/position,5192,1786562235.200906,-0.1062469482421875
reward/position,5223,1786562239.852716,-0.029388420283794403
reward/position,5244,1786562242.955241,-0.13077545166015625
reward/position,5259,1786562244.756657,-0.13591769337654114
reward/position,5274,1786562246.463097,-0.2153473198413849
reward/position,5291,1786562248.406779,-0.30719760060310364
reward/position,5317,1786562251.420249,-0.5090637803077698
reward/position,5341,1786562254.126076,-0.20050087571144104
reward/position,5367,1786562256.806192,-0.7067146301269531
reward/position,5381,1786562258.222136,-0.9480781555175781
reward/position,5395,1786562259.616796,-0.7018356323242188
reward/position,5418,1786562261.868244,-0.40509033203125
reward/position,5433,1786562263.347972,-0.40674591064453125
reward/position,5451,1786562265.080877,-0.5100059509277344
reward/position,5471,1786562266.977238,-0.05428555980324745
reward/position,5494,1786562269.130992,-0.02132285200059414
reward/position,5509,1786562270.524568,-0.07030868530273438
reward/position,5537,1786562273.010807,-0.08676910400390625
reward/position,5552,1786562274.316464,-0.11873626708984375
reward/position,5571,1786562275.998783,-0.006092071533203125
reward/position,5592,1786562277.845932,-0.02628326416015625
reward/position,5610,1786562279.431690,-0.15813446044921875
reward/position,5632,1786562281.339336,-0.30171966552734375
reward/position,5653,1786562283.169632,-0.2805328369140625
reward/position,5668,1786562284.470715,-0.10134506225585938
reward/position,5680,1786562285.516054,-0.1385955810546875
reward/position,5700,1786562287.283194,-0.022708894684910774
reward/position,5716,1786562288.733160,-0.029254915192723274
reward/position,5746,1786562291.344009,-0.41016867756843567
reward/position,5773,1786562294.952508,-0.2778555154800415
reward/position,5789,1786562297.352431,-0.38031846284866333
reward/position,5805,1786562299.598041,-0.20162034034729004
reward/position,5821,1786562301.752076,-0.1905665397644043
reward/position,5837,1786562303.905182,-0.23659653961658478
reward/position,5861,1786562307.112493,-0.2965095639228821
reward/position,5884,1786562310.210449,-0.28506672382354736
reward/position,5905,1786562312.998833,-0.033280372619628906
reward/position,5926,1786562315.852243,-0.6026667952537537
reward/position,5941,1786562318.317558,-0.2676391005516052
reward/position,5961,1786562320.543524,-0.2130998969078064
reward/position,5981,1786562322.788363,-0.3059343099594116
reward/position,6004,1786562325.431409,-0.3564532995223999
reward/position,6025,1786562327.718122,-0.2536212205886841
reward/position,6042,1786562329.544194,-0.2850343585014343
reward/position,6059,1786562331.357882,-0.23666244745254517
reward/position,6079,1786562333.527056,-0.3473978638648987
reward/position,6094,1786562335.149435,-0.062030497938394547
reward/position,6112,1786562337.116466,-0.09484697133302689
reward/position,6135,1786562339.654858,-0.07216300815343857
reward/position,6148,1786562341.078556,-0.03219775855541229
reward/position,6164,1786562342.885687,-0.010099072009325027
reward/position,6190,1786562345.804747,-0.11835583299398422
reward/position,6214,1786562348.740489,-0.7366213798522949
reward/position,6236,1786562351.582438,-0.1477051079273224
reward/position,6259,1786562354.571894,-0.1421051323413849
reward/position,6285,1786562358.028920,-0.1655884087085724
reward/position,6305,1786562360.573530,-0.055923473089933395
reward/position,6325,1786562363.084619,-0.0790863186120987
reward/position,6341,1786562365.020666,-0.1912497580051422
reward/position,6362,1786562367.474526,-0.1485901176929474
reward/position,6394,1786562371.071419,-0.025085454806685448
reward/position,6414,1786562373.245423,-0.1547699272632599
reward/position,6439,1786562375.932218,-0.2708282768726349
reward/position,6457,1786562377.865816,-0.10110475867986679
reward/position,6472,1786562379.440890,-0.22784428298473358
reward/position,6500,1786562382.323089,-0.2186889946460724
reward/position,6520,1786562384.372799,-0.1724396049976349
reward/position,6541,1786562386.478192,-0.1275787502527237
reward/position,6560,1786562388.377378,-0.060531627386808395
reward/position,6581,1786562390.480791,-0.1460876762866974
reward/position,6597,1786562392.075120,-0.0667724683880806
reward/position,6616,1786562393.940778,-0.020477300509810448
reward/position,6636,1786562395.922700,-0.0903015285730362
reward/position,6661,1786562398.412649,-0.1492615044116974
reward/position,6686,1786562400.893484,-0.0704040676355362
reward/position,6704,1786562402.698264,-0.42752110958099365
reward/position,6719,1786562404.224007,-0.9272748827934265
reward/position,6744,1786562407.110282,-0.0475463941693306
reward/position,6761,1786562408.793526,-0.0338592603802681
reward/position,6789,1786562411.520865,-0.0993957668542862
reward/position,6813,1786562413.783148,-0.0470123365521431
reward/position,6826,1786562414.990700,-0.01422119326889515
reward/position,6845,1786562416.843980,-0.4807332456111908
reward/position,6861,1786562419.485704,-0.9262551665306091
reward/position,6876,1786562421.814558,-0.422565221786499
reward/position,6896,1786562424.946902,-0.08580756187438965
reward/position,6913,1786562427.665256,-0.06721115112304688
reward/position,6943,1786562432.400647,-0.09138965606689453
reward/position,6963,1786562435.558928,-0.09604781866073608
reward/position,6978,1786562437.908796,-0.02172267436981201
reward/position,6994,1786562440.402481,-0.0864594578742981
reward/position,7014,1786562443.509881,-0.1860337257385254
reward/position,7031,1786562446.144242,-0.10185188055038452
reward/position,7053,1786562449.476728,-0.016767604276537895
reward/position,7073,1786562452.467812,-0.04982507973909378
reward/position,7089,1786562454.816751,-0.015281306579709053
reward/position,7119,1786562459.113627,-0.013941289857029915
reward/position,7136,1786562461.500482,-0.011661353521049023
reward/position,7157,1786562464.475862,-0.048218194395303726
reward/position,7177,1786562467.307755,-0.02990151196718216
reward/position,7194,1786562469.741186,-0.06791038066148758
reward/position,7210,1786562472.024333,-0.1598782241344452
reward/position,7227,1786562474.518574,-0.17490264773368835
reward/position,7250,1786562477.951521,-0.05926520377397537
reward/position,7269,1786562480.810677,-0.007166027091443539
reward/position,7292,1786562484.125297,-0.1349407583475113
reward/position,7310,1786562486.645566,-0.0845756009221077
reward/position,7329,1786562489.278912,-0.01571696810424328
reward/position,7347,1786562491.745631,-0.08439110219478607
reward/position,7371,1786562495.052258,-0.01004487369209528
reward/position,7392,1786562497.893049,-0.01103634387254715
reward/position,7410,1786562500.332532,-0.10170894116163254
reward/position,7430,1786562503.128972,-0.04119629040360451
reward/position,7444,1786562505.057072,-0.0547262504696846
reward/position,7465,1786562507.976715,-0.0028159094508737326
reward/position,7484,1786562510.600810,-0.060066107660532
reward/position,7510,1786562514.207509,-0.05533485859632492
reward/position,7531,1786562516.982085,-0.13188694417476654
reward/position,7547,1786562519.110141,-0.010812998749315739
reward/position,7563,1786562522.714965,-0.2082061767578125
reward/position,7583,1786562525.760458,-0.16272735595703125
reward/position,7611,1786562529.960914,-0.124908447265625
reward/position,7637,1786562533.898930,-0.0164718609303236
reward/position,7653,1786562536.351410,-0.04239654541015625
reward/position,7671,1786562539.069742,-0.012336730025708675
reward/position,7693,1786562542.299375,-0.02960205078125
reward/position,7718,1786562545.634185,-0.0030517566483467817
reward/position,7737,1786562547.926087,-0.12018585205078125
reward/position,7763,1786562551.282229,-0.08103179931640625
reward/position,7783,1786562553.631160,-0.06986236572265625
reward/position,7793,1786562554.799076,-0.03818511962890625
reward/position,7817,1786562557.600275,-0.03719329833984375
reward/position,7840,1786562560.257208,-0.10105133056640625
reward/position,7856,1786562562.076614,-0.006240844260901213
reward/position,7870,1786562563.678112,-0.02407837100327015
reward/position,7887,1786562565.595977,-0.07494354248046875
reward/position,7916,1786562568.705416,-0.28357696533203125
reward/position,7932,1786562570.327380,-0.6392180323600769
reward/position,7951,1786562572.246465,-0.30634915828704834
reward/position,7969,1786562574.102863,-0.5545501708984375
reward/position,7990,1786562576.154575,-0.51373291015625
reward/position,8006,1786562577.745599,-0.20290756225585938
reward/position,8022,1786562579.230229,-0.1475830078125
reward/position,8050,1786562581.801295,-0.21441268920898438
reward/position,8076,1786562584.210022,-0.02738952822983265
reward/position,8093,1786562585.777809,-0.13216018676757812
reward/position,8115,1786562587.739038,-0.06936264038085938
reward/position,8128,1786562588.895824,-0.00514984130859375
reward/position,8151,1786562590.974464,-0.0527954138815403
reward/position,8179,1786562594.078210,-0.08419668674468994
reward/position,8198,1786562596.139573,-0.0050025577656924725
reward/position,8216,1786562598.064262,-0.0835065022110939
reward/position,8233,1786562599.885771,-0.145725816488266
reward/position,8245,1786562601.150897,-0.14620539546012878
reward/position,8269,1786562603.665531,-0.019500885158777237
reward/position,8288,1786562605.611393,-0.13938042521476746
reward/position,8311,1786562607.939900,-0.05348685383796692
reward/position,8327,1786562609.537806,-0.07832029461860657
reward/position,8349,1786562611.701440,-0.03527494892477989
reward/position,8366,1786562613.336124,-0.3402782082557678
reward/position,8394,1786562616.161994,-0.2463531345129013
reward/position,8412,1786562618.245603,-0.8981934785842896
reward/position,8427,1786562620.095750,-0.4636231064796448
reward/position,8446,1786562622.534667,-0.0939636379480362
reward/position,8468,1786562625.396458,-0.1174163967370987
reward/position,8490,1786562628.256612,-0.2257080376148224
reward/position,8507,1786562630.467710,-0.1665954887866974
reward/position,8529,1786562633.329037,-0.1998749077320099
reward/position,8549,1786562635.900806,-0.0164032019674778
reward/position,8574,1786562639.112188,-0.0733947902917862
reward/position,8595,1786562641.729904,-0.1128387600183487
reward/position,8620,1786562644.862994,-0.08706669509410858
reward/position,8646,1786562648.050150,-0.03381352126598358
reward/position,8660,1786562649.751513,-0.06735233962535858
reward/position,8683,1786562652.487718,-0.03396610915660858
reward/position,8705,1786562655.110859,-0.05363459885120392
reward/position,8727,1786562657.613350,-0.02743525803089142
reward/position,8747,1786562659.873615,-0.08798222243785858
reward/position,8763,1786562661.687769,-0.15121464431285858
reward/position,8782,1786562663.799488,-0.13240055739879608
reward/position,8802,1786562666.002369,-0.08644108474254608
reward/position,8825,1786562668.487838,-0.2162628173828125
reward/position,8846,1786562670.768192,-0.0982666015625
reward/position,8864,1786562672.734172,-0.150909423828125
reward/position,8887,1786562675.280010,-0.0348052978515625
reward/position,8904,1786562677.160830,-0.113250732421875
reward/position,8930,1786562680.000304,-0.1264495849609375
reward/position,8947,1786562681.837669,-0.0549774169921875
reward/position,8967,1786562683.991823,-0.2407989501953125
reward/position,8982,1786562685.574775,-0.233123779296875
reward/position,8996,1786562687.034312,-0.2347869873046875
reward/position,9008,1786562688.277190,-0.18817138671875
reward/position,9032,1786562690.742276,-0.085174560546875
reward/position,9053,1786562692.924796,-0.06982421875
reward/position,9085,1786562696.245860,-0.2308502197265625
reward/position,9103,1786562698.195265,-0.3697967529296875
reward/position,9122,1786562700.561852,-0.06587681919336319
reward/position,9133,1786562702.002535,-0.7807924151420593
reward/position,9158,1786562705.293591,-0.2996979355812073
reward/position,9178,1786562707.982374,-0.10060121864080429
reward/position,9203,1786562711.315680,-0.1727142632007599
reward/position,9223,1786562714.020319,-0.11827089637517929
reward/position,9241,1786562716.426722,-0.19610600173473358
reward/position,9264,1786562719.469321,-0.17393498122692108
reward/position,9286,1786562722.378705,-0.3098755478858948
reward/position,9304,1786562724.762440,-0.19046024978160858
reward/position,9315,1786562726.197783,-0.22277836501598358
reward/position,9332,1786562728.451517,-0.036590591073036194
reward/position,9356,1786562731.586449,-0.2439117729663849
reward/position,9380,1786562736.547376,-0.0366058349609375
reward/position,9396,1786562739.210945,-0.003402710659429431
reward/position,9411,1786562741.175102,-0.02391815185546875
reward/position,9430,1786562743.668267,-0.06908416748046875
reward/position,9444,1786562745.502184,-0.115447998046875
reward/position,9463,1786562747.991892,-0.04375457763671875
reward/position,9480,1786562750.202792,-0.0338134765625
reward/position,9500,1786562752.815944,-0.09770965576171875
reward/position,9519,1786562755.293548,-0.09505462646484375
reward/position,9536,1786562757.475830,-0.026153564453125
reward/position,9554,1786562759.784150,-0.03392791748046875
reward/position,9576,1786562762.586027,-0.06008148193359375
reward/position,9594,1786562764.842496,-0.045623779296875
reward/position,9614,1786562767.282895,-0.09265899658203125
reward/position,9628,1786562769.024373,-0.25743114948272705
reward/position,9643,1786562771.209521,-0.5530745983123779
reward/position,9662,1786562774.621426,-0.19266510009765625
reward/position,9683,1786562778.398988,-0.0500640869140625
reward/position,9702,1786562781.900175,-0.10419464856386185
reward/position,9720,1786562784.140827,-0.03215790167450905
reward/position,9741,1786562786.752797,-0.0308990478515625
reward/position,9764,1786562789.594492,-0.0466613844037056
reward/position,9780,1786562791.540915,-0.08019257336854935
reward/position,9798,1786562793.709541,-0.066650390625
reward/position,9814,1786562795.663520,-0.05507660657167435
reward/position,9831,1786562797.706223,-0.1048889234662056
reward/position,9857,1786562800.694346,-0.0947723388671875
reward/position,9871,1786562802.278232,-0.0802917554974556
reward/position,9893,1786562804.721320,-0.1864776909351349
reward/position,9908,1786562806.378928,-0.1131897121667862
reward/position,9934,1786562809.268673,-0.10221100598573685
reward/position,9954,1786562811.498072,-0.032836925238370895
reward/position,9974,1786562813.722345,-0.0617981031537056
reward/position,9998,1786562816.415631,-0.014282231219112873
reward/position,10011,1786562818.025409,-0.0021133353002369404
reward/position,10029,1786562820.086894,-0.01184081844985485
reward/position,10057,1786562823.230728,-0.006988531444221735
reward/position,10073,1786562824.956209,-0.3306506872177124
reward/position,10096,1786562828.004160,-0.03713226318359375
reward/position,10110,1786562829.558505,-0.055629730224609375
reward/position,10127,1786562831.410969,-0.0790557861328125
reward/position,10148,1786562833.595037,-0.17268753051757812
reward/position,10168,1786562835.557820,-0.38940727710723877
reward/position,10190,1786562837.677897,-0.826610803604126
reward/position,10213,1786562841.089220,-0.04479984939098358
reward/position,10228,1786562843.164497,-0.03337092697620392
reward/position,10242,1786562845.096988,-0.03118892014026642
reward/position,10263,1786562847.905180,-0.07073979079723358
reward/position,10286,1786562850.922622,-0.16236881911754608
reward/position,10306,1786562853.530728,-0.05938725546002388
reward/position,10333,1786562856.964173,-0.10374455153942108
reward/position,10350,1786562859.089948,-0.08584599196910858
reward/position,10374,1786562862.087994,-0.05525211989879608
reward/position,10396,1786562864.771825,-0.1835784912109375
reward/position,10418,1786562867.458914,-0.1471710205078125
reward/position,10439,1786562870.014303,-0.258758544921875
reward/position,10462,1786562872.819134,-0.137176513671875
reward/position,10487,1786562875.885126,-0.15716552734375
reward/position,10505,1786562878.082182,-0.12518310546875
reward/position,10527,1786562880.745850,-0.1440277099609375
reward/position,10544,1786562882.774420,-0.139373779296875
reward/position,10566,1786562885.383626,-0.1133575439453125
reward/position,10580,1786562887.020597,-0.0709075927734375
reward/position,10606,1786562890.006525,-0.110504150390625
reward/position,10621,1786562891.750628,-0.0595550537109375
reward/position,10638,1786562893.708290,-0.0154876708984375
reward/position,10652,1786562895.349840,-0.4637298583984375
reward/position,10666,1786562897.132179,-0.06058727577328682
reward/position,10681,1786562899.158258,-0.17172077298164368
reward/position,10702,1786562902.069494,-0.8369446992874146
reward/position,10716,1786562904.019707,-0.3211212754249573
reward/position,10741,1786562907.573901,-0.007980354130268097
reward/position,10766,1786562911.092204,-0.0534057691693306
reward/position,10783,1786562913.479527,-0.20339970290660858
reward/position,10803,1786562916.259958,-0.3214417099952698
reward/position,10828,1786562919.696635,-0.46623238921165466
reward/position,10851,1786562922.928160,-0.40408334136009216
reward/position,10866,1786562925.010889,-0.39994820952415466
reward/position,10886,1786562927.845456,-0.20889286696910858
reward/position,10913,1786562934.218944,-0.0612560510635376
reward/position,10932,1786562937.720632,-0.1138232946395874
reward/position,10953,1786562941.622925,-0.06379294395446777
reward/position,10969,1786562944.569036,-0.03919899836182594
reward/position,10989,1786562948.256212,-0.0028852680698037148
reward/position,11017,1786562953.347450,-0.09675305336713791
reward/position,11036,1786562956.779041,-0.07055918872356415
reward/position,11053,1786562959.840144,-0.10356538742780685
reward/position,11072,1786562963.253413,-0.03202824667096138
reward/position,11089,1786562966.319464,-0.013475253246724606
reward/position,11108,1786562969.716040,-0.017861677333712578
reward/position,11127,1786562973.126740,-0.06698133051395416
reward/position,11149,1786562977.076818,-0.06758034229278564
reward/position,11168,1786562980.473490,-0.03698551654815674
reward/position,11187,1786562983.835530,-0.016763806343078613
reward/position,11203,1786562986.642619,-0.07232880592346191
reward/position,11223,1786562990.179014,-0.04518580436706543
reward/position,11242,1786562993.493352,-0.11696362495422363
reward/position,11266,1786562997.686050,-0.060744524002075195
reward/position,11285,1786563000.977069,-0.003960609436035156
reward/position,11301,1786563003.695896,-0.0004284381866455078
reward/position,11318,1786563006.525081,-0.008594870567321777
reward/position,11343,1786563010.629738,-0.10752540826797485
reward/position,11364,1786563014.045023,-0.19318664073944092
reward/position,11385,1786563017.447842,-0.026609480381011963
reward/position,11405,1786563020.740183,-0.33965224027633667
reward/position,11426,1786563024.414246,-0.25597453117370605
reward/position,11447,1786563027.519916,-0.34384652972221375
reward/position,11472,1786563030.889555,-0.476898193359375
reward/position,11497,1786563034.242514,-0.16263198852539062
reward/position,11517,1786563036.909348,-0.011123658157885075
reward/position,11537,1786563039.610825,-0.9299842715263367
reward/position,11559,1786563042.855232,-0.1758575439453125
reward/position,11574,1786563044.554217,-0.1280059814453125
reward/position,11604,1786563047.891767,-0.057525634765625
reward/position,11639,1786563051.723101,-0.0022430419921875
reward/position,11655,1786563053.473185,-0.0365447998046875
reward/position,11675,1786563055.650012,-0.014343262650072575
reward/position,11689,1786563057.154250,-0.1382598876953125
reward/position,11721,1786563060.552378,-0.04083251953125
reward/position,11739,1786563062.423982,-0.069915771484375
reward/position,11755,1786563064.083207,-0.030487060546875
reward/position,11768,1786563065.393889,-0.0550689697265625
reward/position,11791,1786563067.719017,-0.221435546875
reward/position,11811,1786563070.411315,-0.16436517238616943
reward/position,11826,1786563073.001751,-0.9854167103767395
reward/position,11858,1786563078.619622,-0.2668266296386719
reward/position,11874,1786563081.442513,-0.14604949951171875
reward/position,11894,1786563084.875948,-0.02356719970703125
reward/position,11909,1786563087.497443,-0.0923309326171875
reward/position,11929,1786563090.892114,-0.03448868170380592
reward/position,11943,1786563093.258578,-0.0332489050924778
reward/position,11962,1786563096.482269,-0.03048706240952015
reward/position,11978,1786563099.172895,-0.047756195068359375
reward/position,12003,1786563103.502791,-0.0677032470703125
reward/position,12020,1786563106.353376,-0.10609817504882812
reward/position,12039,1786563109.620854,-0.02774810791015625
reward/position,12058,1786563112.840510,-0.07437515258789062
reward/position,12073,1786563115.381567,-0.053173065185546875
reward/position,12085,1786563117.404381,-0.0495758056640625
reward/position,12102,1786563120.264418,-0.0015869128983467817
reward/position,12124,1786563123.981769,-0.19509124755859375
reward/position,12142,1786563127.122794,-0.5084227323532104
reward/position,12166,1786563130.468015,-0.000732375425286591
reward/position,12188,1786563132.871583,-0.13371281325817108
reward/position,12219,1786563136.271152,-0.08738712966442108
reward/position,12241,1786563138.666295,-0.04869075119495392
reward/position,12258,1786563140.466895,-0.003448440693318844
reward/position,12273,1786563142.059025,-0.02163691632449627
reward/position,12295,1786563144.361850,-0.0206756591796875
reward/position,12314,1786563146.344769,-0.0450439453125
reward/position,12331,1786563148.146053,-0.0283966064453125
reward/position,12344,1786563149.508878,-0.007415771484375
reward/position,12368,1786563152.054643,-0.1240081787109375
reward/position,12386,1786563153.934088,-0.001373291015625
reward/position,12405,1786563155.919183,-0.0010223388671875
reward/position,12418,1786563157.261523,-0.049530029296875
reward/position,12443,1786563159.842039,-0.01141357421875
reward/position,12460,1786563161.577361,-0.013519287109375
reward/position,12471,1786563162.703157,-0.0308380126953125
reward/position,12494,1786563164.998054,-0.1661529541015625
reward/position,12509,1786563166.513800,-0.2656097412109375
reward/position,12525,1786563168.141940,-0.1637725830078125
reward/position,12541,1786563169.745337,-0.139190673828125
reward/position,12559,1786563171.554231,-0.2962646484375
reward/position,12584,1786563174.402869,-0.06044834107160568
reward/position,12600,1786563176.426429,-0.38364750146865845
reward/position,12628,1786563180.051833,-0.8238832354545593
reward/position,12657,1786563183.875819,-0.1299286037683487
reward/position,12685,1786563187.470707,-0.12266542762517929
reward/position,12700,1786563189.393876,-0.18461613357067108
reward/position,12716,1786563191.436253,-0.2583160698413849
reward/position,12733,1786563193.612366,-0.38447579741477966
reward/position,12754,1786563196.276347,-0.3166657090187073
reward/position,12782,1786563199.867385,-0.12355044484138489
reward/position,12812,1786563203.634135,-0.1342621147632599
reward/position,12837,1786563206.765147,-0.033126842230558395
reward/position,12857,1786563209.253927,-0.2183838188648224
reward/position,12876,1786563211.551513,-0.20466509461402893
reward/position,12898,1786563214.159953,-0.18551640212535858
reward/position,12921,1786563216.856960,-0.0812835842370987
reward/position,12941,1786563219.190170,-0.0344390943646431
reward/position,12961,1786563221.542484,-0.1522522270679474
reward/position,12985,1786563224.332113,-0.40513619780540466
reward/position,13009,1786563227.111939,-0.3263245224952698
reward/position,13026,1786563229.093988,-0.22441105544567108
reward/position,13064,1786563233.434030,-0.7487887144088745
reward/position,13078,1786563235.791408,-0.5109558701515198
reward/position,13094,1786563238.076662,-0.863017201423645
reward/position,13112,1786563240.830775,-0.036577045917510986
reward/position,13126,1786563242.601263,-0.05393696203827858
reward/position,13148,1786563245.394335,-0.06555211544036865
reward/position,13172,1786563248.481176,-0.001221577636897564
reward/position,13192,1786563251.085276,-0.09973301738500595
reward/position,13207,1786563253.058702,-0.2602628767490387
reward/position,13229,1786563255.875603,-0.26805028319358826
reward/position,13252,1786563258.785222,-0.17191162705421448
reward/position,13275,1786563261.680126,-0.1581563651561737
reward/position,13289,1786563263.411860,-0.21218034625053406
reward/position,13319,1786563267.097896,-0.05185246467590332
reward/position,13345,1786563270.285699,-0.12284506857395172
reward/position,13363,1786563272.522209,-0.059080131351947784
reward/position,13376,1786563274.203782,-0.30421313643455505
reward/position,13403,1786563277.968661,-0.6521918773651123
reward/position,13422,1786563281.010542,-0.48110976815223694
reward/position,13437,1786563283.241359,-0.24119575321674347
reward/position,13459,1786563286.468768,-0.04701234772801399
reward/position,13477,1786563289.068082,-0.01625061221420765
reward/position,13493,1786563291.365269,-0.13198857009410858
reward/position,13508,1786563293.526390,-0.0642700344324112
reward/position,13540,1786563297.934593,-0.0816955715417862
reward/position,13559,1786563300.412041,-0.013870238326489925
reward/position,13580,1786563303.092019,-0.0014956574887037277
reward/position,13594,1786563304.893286,-0.003036794252693653
reward/position,13612,1786563307.117405,-0.061935119330883026
reward/position,13637,1786563310.218832,-0.0945892333984375
reward/position,13654,1786563312.243751,-0.0165863037109375
reward/position,13667,1786563313.763869,-0.02273559756577015
reward/position,13690,1786563316.359513,-0.1544189453125
reward/position,13705,1786563318.015280,-0.1980590969324112
reward/position,13726,1786563320.233299,-0.2057800441980362
reward/position,13744,1786563322.124450,-0.1106567457318306
reward/position,13762,1786563324.014722,-0.0403900146484375
reward/position,13783,1786563326.200595,-0.004348753485828638
reward/position,13802,1786563328.180942,-0.164581298828125
reward/position,13820,1786563330.101242,-0.1725006103515625
reward/position,13846,1786563332.944254,-0.2313995510339737
reward/position,13865,1786563335.055266,-0.0537109412252903
reward/position,13878,1786563336.465209,-4.57763671875e-05
reward/position,13898,1786563338.673381,-0.0124053955078125
reward/position,13923,1786563341.438067,-0.06124885380268097
reward/position,13942,1786563343.493511,-0.03924553468823433
reward/position,13962,1786563345.646942,-0.08837884664535522
reward/position,13987,1786563348.368906,-0.08744805306196213
reward/position,14003,1786563350.255356,-0.21929927170276642
reward/position,14030,1786563353.131325,-0.11743171513080597
reward/position,14051,1786563355.292513,-0.17478950321674347
reward/position,14066,1786563356.747410,-0.1939544826745987
reward/position,14094,1786563359.403500,-0.9884942173957825
reward/position,14110,1786563362.953759,-0.05638885498046875
reward/position,14127,1786563365.357198,-0.0802764892578125
reward/position,14150,1786563368.613507,-0.08449554443359375
reward/position,14169,1786563371.285746,-0.12408447265625
reward/position,14193,1786563374.440692,-0.103424072265625
reward/position,14210,1786563376.618546,-0.08998870849609375
reward/position,14234,1786563379.505245,-0.19881439208984375
reward/position,14249,1786563381.241008,-0.265716552734375
reward/position,14268,1786563383.406506,-0.17510223388671875
reward/position,14299,1786563386.941761,-0.16756439208984375
reward/position,14328,1786563390.210900,-0.06269073486328125
reward/position,14345,1786563392.134243,-0.02349853515625
reward/position,14360,1786563393.825219,-0.007637024391442537
reward/position,14381,1786563396.147093,-0.16498565673828125
reward/position,14399,1786563398.109728,-0.1961822509765625
reward/position,14419,1786563400.248715,-0.18964385986328125
reward/position,14446,1786563403.172942,-0.34151458740234375
reward/position,14458,1786563404.454007,-0.2909623384475708
reward/position,14470,1786563405.904874,-0.7606131434440613
reward/position,14493,1786563408.951690,-0.3311042785644531
reward/position,14510,1786563411.175602,-0.014007568359375
reward/position,14529,1786563413.669018,-0.1442413330078125
reward/position,14545,1786563415.767548,-0.03713226318359375
reward/position,14569,1786563418.938614,-0.026683809235692024
reward/position,14589,1786563421.601687,-0.17208480834960938
reward/position,14605,1786563423.703993,-0.173126220703125
reward/position,14624,1786563426.227969,-0.16885757446289062
reward/position,14650,1786563429.725018,-0.06146172061562538
reward/position,14664,1786563431.590620,-0.08947647362947464
reward/position,14681,1786563433.832900,-0.04466535151004791
reward/position,14709,1786563437.400508,-0.15517425537109375
reward/position,14727,1786563439.668159,-0.01507186982780695
reward/position,14750,1786563442.373855,-0.020092010498046875
reward/position,14773,1786563445.019697,-0.15729141235351562
reward/position,14797,1786563447.422384,-0.0471954345703125
reward/position,14817,1786563449.386040,-0.07789230346679688
reward/position,14844,1786563451.921847,-0.026752471923828125
reward/position,14865,1786563453.831589,-0.0760650634765625
reward/position,14885,1786563455.585915,-0.14226150512695312
reward/position,14902,1786563457.069327,-0.054676055908203125
reward/position,14922,1786563458.787518,-0.151031494140625
reward/position,14940,1786563460.305024,-0.1877288818359375
reward/position,14954,1786563463.788736,-0.07660675048828125
reward/position,14985,1786563468.670184,-0.12078095227479935
reward/position,15002,1786563471.316988,-0.1110687330365181
reward/position,15021,1786563474.282226,-0.05983734130859375
reward/position,15043,1786563477.740371,-0.0144271831959486
reward/position,15062,1786563480.742841,-0.014968876726925373
reward/position,15083,1786563484.054387,-0.0347747839987278
reward/position,15112,1786563488.550605,-0.22161102294921875
reward/position,15131,1786563491.453352,-0.1500701904296875
reward/position,15152,1786563494.604085,-0.0812530517578125
reward/position,15168,1786563497.033377,-0.12525177001953125
reward/position,15192,1786563500.642590,-0.15865327417850494
reward/position,15208,1786563502.981969,-0.0689544677734375
reward/position,15231,1786563506.292975,-0.09575652331113815
reward/position,15251,1786563509.119809,-0.0528259202837944
reward/position,15267,1786563511.370032,-0.10692596435546875
reward/position,15291,1786563514.691679,-0.274017333984375
reward/position,15306,1786563516.745298,-0.1821136623620987
reward/position,15331,1786563520.206973,-0.13011932373046875
reward/position,15353,1786563523.205268,-0.16178131103515625
reward/position,15371,1786563525.466858,-0.07929229736328125
reward/position,15393,1786563528.154330,-0.134674072265625
reward/position,15411,1786563530.296418,-0.1269989013671875
reward/position,15434,1786563532.877068,-0.1227569654583931
reward/position,15449,1786563534.577550,-0.1207122802734375
reward/position,15474,1786563537.401177,-0.06476592272520065
reward/position,15497,1786563540.000264,-0.008483879268169403
reward/position,15517,1786563542.257275,-0.03235626965761185
reward/position,15535,1786563544.255362,-0.11107636988162994
reward/position,15553,1786563546.261080,-0.29361727833747864
reward/position,15566,1786563547.699765,-0.45931246876716614
reward/position,15590,1786563550.358629,-0.09558722376823425
reward/position,15614,1786563552.790959,-0.7210044860839844
reward/position,15640,1786563555.370544,-0.545135498046875
reward/position,15662,1786563557.550610,-0.039203643798828125
reward/position,15687,1786563560.004882,-0.08649444580078125
reward/position,15713,1786563562.528570,-0.3298225402832031
reward/position,15729,1786563564.038287,-0.08043289184570312
reward/position,15753,1786563566.358129,-0.2625334858894348
reward/position,15767,1786563567.868933,-0.7332288026809692
reward/position,15792,1786563570.826719,-0.5472335815429688
reward/position,15815,1786563573.636551,-0.189605712890625
reward/position,15840,1786563576.662959,-0.16998291015625
reward/position,15856,1786563578.582941,-0.13037872314453125
reward/position,15884,1786563581.926661,-0.0320281982421875
reward/position,15900,1786563583.836666,-0.09908294677734375
reward/position,15925,1786563586.766931,-0.0562896728515625
reward/position,15940,1786563588.489700,-0.011817933060228825
reward/position,15964,1786563591.222636,-0.0424041748046875
reward/position,15982,1786563593.252727,-0.02277374267578125
reward/position,16008,1786563596.276185,-0.008033751510083675
reward/position,16024,1786563598.051690,-0.03202056884765625
reward/position,16039,1786563599.709196,-0.087249755859375
reward/position,16062,1786563602.231017,-0.0166168212890625
reward/position,16082,1786563604.411237,-0.02719879150390625
reward/position,16102,1786563606.539783,-0.0900115966796875
reward/position,16113,1786563607.686917,-0.144927978515625
reward/position,16129,1786563609.378248,-0.0899658203125
reward/position,16146,1786563611.106436,-0.07967376708984375
reward/position,16166,1786563613.816621,-0.0631408765912056
reward/position,16176,1786563614.922766,-0.0759887769818306
reward/position,16196,1786563617.130327,-0.0291595496237278
reward/position,16211,1786563618.786458,-0.004226685967296362
reward/position,16235,1786563621.434953,-0.04115302488207817
reward/position,16251,1786563623.189024,-0.03105170466005802
reward/position,16275,1786563625.847073,-0.015090876258909702
reward/position,16291,1786563627.638809,-0.048934873193502426
reward/position,16317,1786563630.598723,-0.19242852926254272
reward/position,16349,1786563634.123186,-0.12910455465316772
reward/position,16368,1786563636.134050,-0.11897271871566772
reward/position,16395,1786563638.875684,-0.2843779921531677
reward/position,16408,1786563640.129954,-0.2195587307214737
reward/position,16428,1786563642.470108,-0.10850527137517929
reward/position,16446,1786563644.742348,-0.0693664699792862
reward/position,16466,1786563647.185391,-0.025817889720201492
reward/position,16486,1786563649.585386,-0.06184594705700874
reward/position,16506,1786563651.909190,-0.003967284224927425
reward/position,16529,1786563654.559612,-0.0774078518152237
reward/position,16555,1786563657.563067,-0.0552215650677681
reward/position,16572,1786563659.521108,-0.12434389442205429
reward/position,16585,1786563661.017866,-0.1043701320886612
reward/position,16603,1786563663.097279,-0.0341949537396431
reward/position,16627,1786563665.809029,-0.6924995183944702
reward/position,16645,1786563669.144671,-0.04306025803089142
reward/position,16665,1786563671.615280,-0.04960636794567108
reward/position,16680,1786563673.515541,-0.05145259201526642
reward/position,16697,1786563675.637329,-0.05259700119495392
reward/position,16725,1786563678.976919,-0.011566116474568844
reward/position,16742,1786563680.992282,-0.03288273513317108
reward/position,16769,1786563684.210182,-0.08560185134410858
reward/position,16787,1786563686.315840,-0.05583195388317108
reward/position,16803,1786563688.141041,-0.12675480544567108
reward/position,16823,1786563690.453255,-0.01142887957394123
reward/position,16843,1786563692.730638,-0.0728759765625
reward/position,16864,1786563695.139966,-0.0677490234375
reward/position,16885,1786563697.554633,-0.037445068359375
reward/position,16903,1786563699.603648,-0.0430908203125
reward/position,16924,1786563701.970936,-0.0558013916015625
reward/position,16942,1786563703.998508,-0.0348052978515625
reward/position,16959,1786563705.908328,-0.0459442138671875
reward/position,16977,1786563707.894618,-0.034149169921875
reward/position,16997,1786563710.075069,-0.01104736328125
reward/position,17012,1786563711.664242,-0.044219970703125
reward/position,17026,1786563713.136197,-0.0362396240234375
reward/position,17045,1786563715.140520,-0.0955963134765625
reward/position,17069,1786563717.722187,-0.22113037109375
reward/position,17094,1786563720.371842,-0.3332672119140625
reward/position,17116,1786563722.697903,-0.294677734375
reward/position,17134,1786563724.707792,-0.96051025390625
reward/position,17156,1786563727.494174,-0.18920689821243286
reward/position,17173,1786563729.771548,-0.5864564180374146
reward/position,17198,1786563733.990974,-0.09040834754705429
reward/position,17216,1786563736.508699,-0.020828252658247948
reward/position,17243,1786563740.195814,-0.0690002590417862
reward/position,17256,1786563741.952210,-0.0719909816980362
reward/position,17286,1786563746.033335,-0.08207704871892929
reward/position,17322,1786563750.884628,-0.11358645558357239
reward/position,17345,1786563753.982221,-0.014083873480558395
reward/position,17362,1786563756.217438,-0.024276748299598694
reward/position,17388,1786563759.669755,-0.17750553786754608
reward/position,17406,1786563764.030816,-0.0740203857421875
reward/position,17434,1786563768.059446,-0.030029289424419403
reward/position,17458,1786563771.445042,-0.10189055651426315
reward/position,17481,1786563774.644972,-0.0475311204791069
reward/position,17504,1786563777.832622,-0.16919709742069244
reward/position,17521,1786563780.205546,-0.16080476343631744
reward/position,17537,1786563782.426238,-0.22605134546756744
reward/position,17557,1786563785.073480,-0.15099334716796875
reward/position,17577,1786563787.455147,-0.0576324388384819
reward/position,17595,1786563789.857001,-0.28418734669685364
reward/position,17616,1786563792.316132,-0.1847534328699112
reward/position,17630,1786563793.883254,-0.14875030517578125
reward/position,17643,1786563795.352526,-0.13204193115234375
reward/position,17669,1786563798.278050,-0.008827204816043377
reward/position,17687,1786563800.289020,-0.07190705835819244
reward/position,17699,1786563801.632273,-0.18982698023319244
reward/position,17722,1786563804.224597,-0.29927828907966614
reward/position,17735,1786563805.705270,-0.487373411655426
reward/position,17754,1786563807.830955,-0.11995407193899155
reward/position,17782,1786563810.673792,-0.6742324829101562
reward/position,17805,1786563812.947402,-0.17908477783203125
reward/position,17824,1786563814.779151,-0.4612846374511719
reward/position,17841,1786563816.450353,-0.5784568786621094
reward/position,17866,1786563818.832863,-0.5443191528320312
reward/position,17884,1786563820.508370,-0.5322647094726562
reward/position,17901,1786563822.097687,-0.419219970703125
reward/position,17925,1786563824.280872,-0.3294525146484375
reward/position,17941,1786563825.690214,-0.25445556640625
reward/position,17965,1786563827.771449,-0.1473846435546875
reward/position,17980,1786563829.051738,-0.0785369873046875
reward/position,18003,1786563831.161053,-0.09645462036132812
reward/position,18025,1786563833.083421,-0.06912612915039062
reward/position,18042,1786563834.546883,-0.09006118774414062
reward/position,18062,1786563836.269048,-0.015331268310546875
reward/position,18081,1786563837.921947,-0.011333465576171875
reward/position,18107,1786563840.157837,-0.229248046875
reward/position,18121,1786563841.380449,-0.1919403076171875
reward/position,18136,1786563842.671841,-0.22803878784179688
reward/position,18153,1786563844.166873,-0.21923828125
reward/position,18176,1786563846.239429,-0.17582321166992188
reward/position,18197,1786563848.121826,-0.030986787751317024
reward/position,18215,1786563849.706133,-0.21387863159179688
reward/position,18231,1786563851.119989,-0.7760274410247803
reward/position,18245,1786563852.433294,-0.030205855146050453
reward/position,18265,1786563854.453756,-0.2675629258155823
reward/position,18278,1786563855.833247,-0.8159484267234802
reward/position,18300,1786563858.277864,-0.23521418869495392
reward/position,18318,1786563860.301475,-0.02249150164425373
reward/position,18345,1786563863.322065,-0.24549870193004608
reward/position,18366,1786563865.618577,-0.5439453721046448
reward/position,18390,1786563868.292566,-0.3829041123390198
reward/position,18405,1786563870.016696,-0.15211491286754608
reward/position,18423,1786563871.983209,-0.05929569900035858
reward/position,18441,1786563873.928096,-0.02653507888317108
reward/position,18458,1786563875.707141,-0.13252262771129608
reward/position,18479,1786563877.895923,-0.3310089707374573
reward/position,18504,1786563880.487676,-0.4856719970703125
reward/position,18523,1786563882.484015,-0.429351806640625
reward/position,18542,1786563884.472952,-0.3280029296875
reward/position,18556,1786563885.936447,-0.2687835693359375
reward/position,18580,1786563888.423820,-0.4010162353515625
reward/position,18592,1786563891.645733,-0.038294628262519836
reward/position,18607,1786563894.301135,-0.03776812553405762
reward/position,18626,1786563897.660021,-0.05081307888031006
reward/position,18652,1786563902.244340,-0.13402950763702393
reward/position,18670,1786563905.421445,-0.05946552753448486
reward/position,18682,1786563907.547962,-0.055464863777160645
reward/position,18701,1786563910.860375,-0.2050611972808838
reward/position,18722,1786563914.542265,-0.024024784564971924
reward/position,18739,1786563917.684456,-0.7763766646385193
reward/position,18758,1786563920.908240,-0.6123213768005371
reward/position,18778,1786563923.683794,-0.1595388948917389
reward/position,18802,1786563926.393313,-0.27877548336982727
reward/position,18821,1786563928.596669,-0.4902547299861908
reward/position,18839,1786563930.630957,-0.4954756200313568
reward/position,18860,1786563935.085771,-0.04978561773896217
reward/position,18879,1786563938.308656,-0.3833580017089844
reward/position,18894,1786563940.780898,-0.4613304138183594
reward/position,18917,1786563944.392473,-0.49288177490234375
reward/position,18932,1786563946.516042,-0.35845947265625
reward/position,18953,1786563949.574237,-0.4088630676269531
reward/position,18977,1786563953.005044,-0.3501701354980469
reward/position,18994,1786563955.414339,-0.2706794738769531
reward/position,19014,1786563958.249401,-0.1572113037109375
reward/position,19029,1786563960.356071,-0.08086776733398438
reward/position,19044,1786563962.435936,-0.036663055419921875
reward/position,19070,1786563966.134495,-0.12693405151367188
reward/position,19092,1786563969.249708,-0.3567657470703125
reward/position,19111,1786563971.883547,-0.18927383422851562
reward/position,19135,1786563975.218803,-0.25890713930130005
reward/position,19154,1786563977.793489,-0.5928764343261719
reward/position,19185,1786563981.964854,-0.31229400634765625
reward/position,19206,1786563984.829677,-0.3489532470703125
reward/position,19227,1786563989.619870,-0.05023193359375
reward/position,19246,1786563992.488138,-0.009994505904614925
reward/position,19275,1786563996.849021,-0.0849609375
reward/position,19294,1786563999.670407,-0.0703125
reward/position,19319,1786564003.229367,-0.03374481201171875
reward/position,19343,1786564006.005521,-0.09279632568359375
reward/position,19363,1786564008.298104,-0.05542755126953125
reward/position,19389,1786564011.254274,-0.0915985107421875
reward/position,19408,1786564013.392239,-0.071014404296875
reward/position,19441,1786564017.113121,-0.0387420654296875
reward/position,19461,1786564019.353801,-0.0439910888671875
reward/position,19480,1786564021.457649,-0.156402587890625
reward/position,19494,1786564022.993600,-0.26238250732421875
reward/position,19509,1786564024.624856,-0.343231201171875
reward/position,19534,1786564027.286878,-0.4355926513671875
reward/position,19551,1786564029.612128,-0.3358650207519531
reward/position,19581,1786564033.107326,-0.2622413635253906
reward/position,19596,1786564034.821740,-0.3119544982910156
reward/position,19612,1786564036.611062,-0.2972068786621094
reward/position,19635,1786564039.098852,-0.16207122802734375
reward/position,19665,1786564042.347554,-0.27400970458984375
reward/position,19685,1786564044.469269,-0.3524017333984375
reward/position,19699,1786564045.922467,-0.20569229125976562
reward/position,19714,1786564047.469453,-0.18848037719726562
reward/position,19736,1786564049.776373,-0.18960189819335938
reward/position,19759,1786564052.200413,-0.18875503540039062
reward/position,19772,1786564053.562876,-0.17411422729492188
reward/position,19794,1786564055.923979,-0.0303955078125
reward/position,19813,1786564057.922893,-0.14398574829101562
reward/position,19831,1786564059.752691,-0.3271446228027344
reward/position,19852,1786564061.808221,-0.3616371154785156
reward/position,19873,1786564063.838869,-0.24644851684570312
reward/position,19887,1786564065.210009,-0.12656402587890625
reward/position,19905,1786564066.964089,-0.10002899169921875
reward/position,19933,1786564069.607512,-0.1508331298828125
reward/position,19947,1786564070.917445,-0.10308837890625
reward/position,19971,1786564073.143933,-0.10920333862304688
reward/position,20000,1786564075.716538,-0.1198577880859375
reward/red_light,3,1786561536.455803,0.0
reward/red_light,24,1786561539.189339,0.0
reward/red_light,53,1786561542.619648,0.0
reward/red_light,79,1786561545.610561,0.0
reward/red_light,97,1786561547.760217,0.0
reward/red_light,119,1786561550.311161,0.0
reward/red_light,137,1786561554.193013,0.0
reward/red_light,153,1786561556.249377,0.0
reward/red_light,177,1786561559.537418,0.0
reward/red_light,206,1786561563.523014,0.0
reward/red_light,221,1786561565.605425,0.0
reward/red_light,241,1786561568.134375,0.0
reward/red_light,261,1786561570.239319,0.0
reward/red_light,282,1786561572.455261,0.0
reward/red_light,302,1786561574.460875,0.0
reward/red_light,322,1786561576.429214,0.0
reward/red_light,334,1786561578.121716,0.0
reward/red_light,356,1786561580.525044,0.0
reward/red_light,381,1786561583.234232,0.0
reward/red_light,405,1786561585.736903,0.0
reward/red_light,422,1786561589.365036,0.0
reward/red_light,443,1786561592.634990,0.0
reward/red_light,466,1786561595.767722,0.0
reward/red_light,494,1786561598.688621,0.0
reward/red_light,517,1786561601.310125,0.0
reward/red_light,545,1786561604.091989,0.0
reward/red_light,556,1786561605.203067,0.0
reward/red_light,580,1786561607.637197,0.0
reward/red_light,599,1786561609.560939,0.0
reward/red_light,621,1786561611.735324,0.0
reward/red_light,646,1786561614.215818,0.0
reward/red_light,668,1786561616.358250,0.0
reward/red_light,686,1786561618.102511,0.0
reward/red_light,708,1786561620.247731,0.0
reward/red_light,729,1786561622.281539,0.0
reward/red_light,751,1786561624.690743,0.0
reward/red_light,771,1786561627.346298,0.0
reward/red_light,794,1786561630.539301,0.0
reward/red_light,812,1786561633.006658,0.0
reward/red_light,835,1786561636.021822,0.0
reward/red_light,851,1786561637.726045,0.0
reward/red_light,868,1786561639.500225,0.0
reward/red_light,883,1786561641.033085,0.0
reward/red_light,901,1786561642.878127,0.0
reward/red_light,915,1786561644.198824,0.0
reward/red_light,933,1786561645.889424,0.0
reward/red_light,946,1786561647.907634,0.0
reward/red_light,971,1786561651.101386,0.0
reward/red_light,989,1786561653.426334,0.0
reward/red_light,1004,1786561654.845194,0.0
reward/red_light,1027,1786561656.902964,0.0
reward/red_light,1053,1786561659.153922,0.0
reward/red_light,1070,1786561661.205708,0.0
reward/red_light,1088,1786561663.306524,0.0
reward/red_light,1102,1786561664.929060,0.0
reward/red_light,1119,1786561668.946513,0.0
reward/red_light,1146,1786561674.349865,0.0
reward/red_light,1166,1786561679.725381,0.0
reward/red_light,1186,1786561683.185730,0.0
reward/red_light,1208,1786561686.920855,0.0
reward/red_light,1228,1786561690.272578,0.0
reward/red_light,1251,1786561694.202615,0.0
reward/red_light,1266,1786561696.283179,0.0
reward/red_light,1279,1786561697.721448,0.0
reward/red_light,1300,1786561700.060462,0.0
reward/red_light,1323,1786561703.464129,0.0
reward/red_light,1337,1786561705.002374,0.0
reward/red_light,1357,1786561707.540484,0.0
reward/red_light,1381,1786561710.460444,0.0
reward/red_light,1398,1786561712.258250,0.0
reward/red_light,1412,1786561713.716038,0.0
reward/red_light,1433,1786561715.832867,0.0
reward/red_light,1451,1786561717.695640,0.0
reward/red_light,1468,1786561721.354443,0.0
reward/red_light,1485,1786561724.606566,0.0
reward/red_light,1515,1786561731.175088,0.0
reward/red_light,1532,1786561734.435367,0.0
reward/red_light,1552,1786561737.581203,0.0
reward/red_light,1574,1786561742.357172,0.0
reward/red_light,1595,1786561746.175805,0.0
reward/red_light,1611,1786561751.083040,0.0
reward/red_light,1624,1786561753.545219,0.0
reward/red_light,1637,1786561755.517054,0.0
reward/red_light,1655,1786561758.279603,0.0
reward/red_light,1675,1786561763.156173,0.0
reward/red_light,1692,1786561765.905622,0.0
reward/red_light,1707,1786561769.260230,0.0
reward/red_light,1729,1786561772.283144,0.0
reward/red_light,1747,1786561776.146441,0.0
reward/red_light,1759,1786561777.795905,0.0
reward/red_light,1773,1786561781.582073,0.0
reward/red_light,1790,1786561784.120470,0.0
reward/red_light,1808,1786561788.148896,0.0
reward/red_light,1828,1786561791.185360,0.0
reward/red_light,1858,1786561795.099831,0.0
reward/red_light,1880,1786561798.016699,0.0
reward/red_light,1899,1786561800.531071,0.0
reward/red_light,1919,1786561803.378267,0.0
reward/red_light,1941,1786561807.680223,0.0
reward/red_light,1968,1786561812.387973,0.0
reward/red_light,1995,1786561818.319783,0.0
reward/red_light,2014,1786561821.602530,0.0
reward/red_light,2028,1786561823.496082,0.0
reward/red_light,2048,1786561826.178136,0.0
reward/red_light,2061,1786561828.248114,0.0
reward/red_light,2083,1786561833.309428,0.0
reward/red_light,2104,1786561838.415364,0.0
reward/red_light,2126,1786561844.362701,0.0
reward/red_light,2147,1786561849.332554,0.0
reward/red_light,2172,1786561852.651555,0.0
reward/red_light,2197,1786561858.201319,0.0
reward/red_light,2219,1786561861.426836,0.0
reward/red_light,2233,1786561863.231377,0.0
reward/red_light,2248,1786561865.126650,0.0
reward/red_light,2270,1786561867.842849,0.0
reward/red_light,2289,1786561870.147050,0.0
reward/red_light,2314,1786561873.099647,0.0
reward/red_light,2333,1786561875.309583,0.0
reward/red_light,2351,1786561877.338384,0.0
reward/red_light,2384,1786561880.932075,0.0
reward/red_light,2405,1786561883.124608,0.0
reward/red_light,2423,1786561884.965539,0.0
reward/red_light,2449,1786561887.619942,0.0
reward/red_light,2462,1786561888.960436,0.0
reward/red_light,2477,1786561890.518114,0.0
reward/red_light,2491,1786561891.945096,0.0
reward/red_light,2513,1786561894.267699,0.0
reward/red_light,2534,1786561896.461018,0.0
reward/red_light,2557,1786561898.931595,0.0
reward/red_light,2579,1786561901.341582,0.0
reward/red_light,2602,1786561903.863227,0.0
reward/red_light,2618,1786561905.614139,0.0
reward/red_light,2647,1786561908.779412,0.0
reward/red_light,2673,1786561911.612330,0.0
reward/red_light,2696,1786561914.100353,0.0
reward/red_light,2717,1786561916.390683,0.0
reward/red_light,2745,1786561919.489250,0.0
reward/red_light,2766,1786561921.831218,0.0
reward/red_light,2801,1786561925.633484,0.0
reward/red_light,2823,1786561927.952934,0.0
reward/red_light,2849,1786561930.591926,0.0
reward/red_light,2864,1786561932.109937,0.0
reward/red_light,2886,1786561936.465346,0.0
reward/red_light,2904,1786561938.995111,0.0
reward/red_light,2921,1786561941.455730,0.0
reward/red_light,2938,1786561943.871470,0.0
reward/red_light,2957,1786561946.458533,0.0
reward/red_light,2976,1786561948.976656,0.0
reward/red_light,2998,1786561953.869517,0.0
reward/red_light,3023,1786561957.808470,0.0
reward/red_light,3046,1786561961.324024,0.0
reward/red_light,3064,1786561964.068483,0.0
reward/red_light,3087,1786561967.421112,0.0
reward/red_light,3108,1786561970.370529,0.0
reward/red_light,3135,1786561973.421381,0.0
reward/red_light,3159,1786561975.763025,0.0
reward/red_light,3177,1786561977.561555,0.0
reward/red_light,3196,1786561979.382551,0.0
reward/red_light,3212,1786561980.879559,0.0
reward/red_light,3230,1786561982.522857,0.0
reward/red_light,3260,1786561986.050884,0.0
reward/red_light,3283,1786561989.135690,0.0
reward/red_light,3302,1786561991.608268,0.0
reward/red_light,3331,1786561995.415020,0.0
reward/red_light,3344,1786561997.022351,0.0
reward/red_light,3363,1786561999.453074,0.0
reward/red_light,3378,1786562001.313702,0.0
reward/red_light,3406,1786562004.679977,0.0
reward/red_light,3421,1786562006.489435,0.0
reward/red_light,3434,1786562007.989711,0.0
reward/red_light,3450,1786562009.921262,0.0
reward/red_light,3472,1786562012.431479,0.0
reward/red_light,3488,1786562014.254437,0.0
reward/red_light,3509,1786562016.614160,0.0
reward/red_light,3532,1786562019.216489,0.0
reward/red_light,3546,1786562020.806824,0.0
reward/red_light,3564,1786562022.825830,0.0
reward/red_light,3586,1786562025.252327,0.0
reward/red_light,3607,1786562027.608456,0.0
reward/red_light,3629,1786562029.998720,0.0
reward/red_light,3659,1786562033.298407,0.0
reward/red_light,3675,1786562035.063496,0.0
reward/red_light,3690,1786562036.703062,0.0
reward/red_light,3707,1786562038.584943,0.0
reward/red_light,3722,1786562040.252279,0.0
reward/red_light,3743,1786562042.544795,0.0
reward/red_light,3767,1786562045.385704,0.0
reward/red_light,3788,1786562048.030730,0.0
reward/red_light,3800,1786562049.546180,0.0
reward/red_light,3818,1786562051.820842,0.0
reward/red_light,3836,1786562054.155085,0.0
reward/red_light,3856,1786562056.655037,0.0
reward/red_light,3881,1786562059.727675,0.0
reward/red_light,3898,1786562061.743041,0.0
reward/red_light,3915,1786562063.688657,0.0
reward/red_light,3931,1786562065.448004,0.0
reward/red_light,3946,1786562067.036980,0.0
reward/red_light,3962,1786562068.723830,0.0
reward/red_light,3978,1786562070.392128,0.0
reward/red_light,4002,1786562072.958224,0.0
reward/red_light,4021,1786562074.893654,0.0
reward/red_light,4039,1786562076.828556,0.0
reward/red_light,4055,1786562080.028000,0.0
reward/red_light,4071,1786562082.891225,0.0
reward/red_light,4087,1786562085.750752,0.0
reward/red_light,4105,1786562088.926041,0.0
reward/red_light,4122,1786562091.905341,0.0
reward/red_light,4148,1786562096.492243,0.0
reward/red_light,4172,1786562100.706673,0.0
reward/red_light,4188,1786562103.206356,0.0
reward/red_light,4208,1786562105.955540,0.0
reward/red_light,4221,1786562107.535197,0.0
reward/red_light,4240,1786562109.803753,0.0
reward/red_light,4257,1786562111.837935,0.0
reward/red_light,4270,1786562113.293840,0.0
reward/red_light,4292,1786562115.972933,0.0
reward/red_light,4308,1786562118.150403,0.0
reward/red_light,4323,1786562120.279703,0.0
reward/red_light,4363,1786562125.713728,0.0
reward/red_light,4375,1786562127.360207,0.0
reward/red_light,4396,1786562130.175586,0.0
reward/red_light,4426,1786562134.122271,0.0
reward/red_light,4451,1786562137.290069,0.0
reward/red_light,4468,1786562139.419432,0.0
reward/red_light,4486,1786562141.678241,0.0
reward/red_light,4520,1786562145.921912,0.0
reward/red_light,4538,1786562148.220865,0.0
reward/red_light,4560,1786562150.994267,0.0
reward/red_light,4585,1786562154.090708,0.0
reward/red_light,4602,1786562156.252171,0.0
reward/red_light,4617,1786562158.098826,0.0
reward/red_light,4636,1786562160.416613,0.0
reward/red_light,4661,1786562163.462213,0.0
reward/red_light,4680,1786562165.788501,0.0
reward/red_light,4699,1786562168.077288,0.0
reward/red_light,4716,1786562170.128310,0.0
reward/red_light,4736,1786562172.582304,0.0
reward/red_light,4762,1786562175.763754,0.0
reward/red_light,4775,1786562177.415812,-10.0
reward/red_light,4795,1786562179.916402,0.0
reward/red_light,4814,1786562182.143741,0.0
reward/red_light,4827,1786562183.549221,0.0
reward/red_light,4843,1786562185.195856,0.0
reward/red_light,4860,1786562186.806020,0.0
reward/red_light,4877,1786562188.385585,0.0
reward/red_light,4894,1786562189.940286,0.0
reward/red_light,4911,1786562191.381920,0.0
reward/red_light,4929,1786562192.865655,0.0
reward/red_light,4951,1786562195.860245,0.0
reward/red_light,4974,1786562199.222846,0.0
reward/red_light,4989,1786562201.479242,0.0
reward/red_light,5007,1786562204.295125,0.0
reward/red_light,5026,1786562209.164586,0.0
reward/red_light,5046,1786562212.451947,0.0
reward/red_light,5064,1786562215.391441,0.0
reward/red_light,5087,1786562219.154667,0.0
reward/red_light,5109,1786562222.606448,0.0
reward/red_light,5131,1786562226.000251,0.0
reward/red_light,5153,1786562229.345431,0.0
reward/red_light,5171,1786562232.059052,0.0
reward/red_light,5192,1786562235.200941,0.0
reward/red_light,5223,1786562239.852752,0.0
reward/red_light,5244,1786562242.955279,0.0
reward/red_light,5259,1786562244.756691,0.0
reward/red_light,5274,1786562246.463135,0.0
reward/red_light,5291,1786562248.406815,0.0
reward/red_light,5317,1786562251.420285,0.0
reward/red_light,5341,1786562254.126111,0.0
reward/red_light,5367,1786562256.806226,0.0
reward/red_light,5381,1786562258.222171,0.0
reward/red_light,5395,1786562259.616832,0.0
reward/red_light,5418,1786562261.868280,0.0
reward/red_light,5433,1786562263.348013,-10.0
reward/red_light,5451,1786562265.080911,0.0
reward/red_light,5471,1786562266.977272,0.0
reward/red_light,5494,1786562269.131029,0.0
reward/red_light,5509,1786562270.524603,0.0
reward/red_light,5537,1786562273.010842,0.0
reward/red_light,5552,1786562274.316499,0.0
reward/red_light,5571,1786562275.998818,0.0
reward/red_light,5592,1786562277.845967,0.0
reward/red_light,5610,1786562279.431726,0.0
reward/red_light,5632,1786562281.339372,0.0
reward/red_light,5653,1786562283.169669,0.0
reward/red_light,5668,1786562284.470752,0.0
reward/red_light,5680,1786562285.516094,0.0
reward/red_light,5700,1786562287.283235,0.0
reward/red_light,5716,1786562288.733199,0.0
reward/red_light,5746,1786562291.344054,0.0
reward/red_light,5773,1786562294.952541,0.0
reward/red_light,5789,1786562297.352466,0.0
reward/red_light,5805,1786562299.598075,0.0
reward/red_light,5821,1786562301.752115,0.0
reward/red_light,5837,1786562303.905217,0.0
reward/red_light,5861,1786562307.112526,0.0
reward/red_light,5884,1786562310.210484,0.0
reward/red_light,5905,1786562312.998868,0.0
reward/red_light,5926,1786562315.852278,0.0
reward/red_light,5941,1786562318.317593,0.0
reward/red_light,5961,1786562320.543561,0.0
reward/red_light,5981,1786562322.788401,0.0
reward/red_light,6004,1786562325.431444,0.0
reward/red_light,6025,1786562327.718157,0.0
reward/red_light,6042,1786562329.544229,0.0
reward/red_light,6059,1786562331.357915,0.0
reward/red_light,6079,1786562333.527093,0.0
reward/red_light,6094,1786562335.149470,0.0
reward/red_light,6112,1786562337.116502,0.0
reward/red_light,6135,1786562339.654893,0.0
reward/red_light,6148,1786562341.078593,0.0
reward/red_light,6164,1786562342.885721,0.0
reward/red_light,6190,1786562345.804786,0.0
reward/red_light,6214,1786562348.740528,0.0
reward/red_light,6236,1786562351.582474,0.0
reward/red_light,6259,1786562354.571926,0.0
reward/red_light,6285,1786562358.028954,0.0
reward/red_light,6305,1786562360.573564,0.0
reward/red_light,6325,1786562363.084653,0.0
reward/red_light,6341,1786562365.020700,0.0
reward/red_light,6362,1786562367.474561,0.0
reward/red_light,6394,1786562371.071455,0.0
reward/red_light,6414,1786562373.245461,0.0
reward/red_light,6439,1786562375.932252,0.0
reward/red_light,6457,1786562377.865852,0.0
reward/red_light,6472,1786562379.440929,0.0
reward/red_light,6500,1786562382.323127,0.0
reward/red_light,6520,1786562384.372837,0.0
reward/red_light,6541,1786562386.478231,0.0
reward/red_light,6560,1786562388.377413,0.0
reward/red_light,6581,1786562390.480824,0.0
reward/red_light,6597,1786562392.075157,0.0
reward/red_light,6616,1786562393.940813,0.0
reward/red_light,6636,1786562395.922739,0.0
reward/red_light,6661,1786562398.412683,0.0
reward/red_light,6686,1786562400.893537,0.0
reward/red_light,6704,1786562402.698303,0.0
reward/red_light,6719,1786562404.224042,0.0
reward/red_light,6744,1786562407.110318,0.0
reward/red_light,6761,1786562408.793560,0.0
reward/red_light,6789,1786562411.520898,0.0
reward/red_light,6813,1786562413.783185,0.0
reward/red_light,6826,1786562414.990734,0.0
reward/red_light,6845,1786562416.844018,0.0
reward/red_light,6861,1786562419.485736,0.0
reward/red_light,6876,1786562421.814592,0.0
reward/red_light,6896,1786562424.946938,0.0
reward/red_light,6913,1786562427.665290,0.0
reward/red_light,6943,1786562432.400681,0.0
reward/red_light,6963,1786562435.558962,0.0
reward/red_light,6978,1786562437.908835,0.0
reward/red_light,6994,1786562440.402517,0.0
reward/red_light,7014,1786562443.509919,0.0
reward/red_light,7031,1786562446.144275,0.0
reward/red_light,7053,1786562449.476765,0.0
reward/red_light,7073,1786562452.467846,0.0
reward/red_light,7089,1786562454.816787,0.0
reward/red_light,7119,1786562459.113667,0.0
reward/red_light,7136,1786562461.500519,0.0
reward/red_light,7157,1786562464.475897,0.0
reward/red_light,7177,1786562467.307791,0.0
reward/red_light,7194,1786562469.741222,0.0
reward/red_light,7210,1786562472.024367,0.0
reward/red_light,7227,1786562474.518609,0.0
reward/red_light,7250,1786562477.951555,0.0
reward/red_light,7269,1786562480.810713,0.0
reward/red_light,7292,1786562484.125333,0.0
reward/red_light,7310,1786562486.645604,0.0
reward/red_light,7329,1786562489.278951,0.0
reward/red_light,7347,1786562491.745666,0.0
reward/red_light,7371,1786562495.052299,0.0
reward/red_light,7392,1786562497.893088,0.0
reward/red_light,7410,1786562500.332569,0.0
reward/red_light,7430,1786562503.129019,0.0
reward/red_light,7444,1786562505.057110,0.0
reward/red_light,7465,1786562507.976747,0.0
reward/red_light,7484,1786562510.600845,0.0
reward/red_light,7510,1786562514.207543,0.0
reward/red_light,7531,1786562516.982125,0.0
reward/red_light,7547,1786562519.110175,0.0
reward/red_light,7563,1786562522.715003,0.0
reward/red_light,7583,1786562525.760491,0.0
reward/red_light,7611,1786562529.960946,0.0
reward/red_light,7637,1786562533.898964,0.0
reward/red_light,7653,1786562536.351444,0.0
reward/red_light,7671,1786562539.069776,0.0
reward/red_light,7693,1786562542.299409,0.0
reward/red_light,7718,1786562545.634220,0.0
reward/red_light,7737,1786562547.926123,0.0
reward/red_light,7763,1786562551.282263,0.0
reward/red_light,7783,1786562553.631194,0.0
reward/red_light,7793,1786562554.799115,0.0
reward/red_light,7817,1786562557.600311,0.0
reward/red_light,7840,1786562560.257244,0.0
reward/red_light,7856,1786562562.076648,0.0
reward/red_light,7870,1786562563.678160,0.0
reward/red_light,7887,1786562565.596017,0.0
reward/red_light,7916,1786562568.705451,0.0
reward/red_light,7932,1786562570.327415,0.0
reward/red_light,7951,1786562572.246499,0.0
reward/red_light,7969,1786562574.102897,0.0
reward/red_light,7990,1786562576.154610,0.0
reward/red_light,8006,1786562577.745636,0.0
reward/red_light,8022,1786562579.230270,0.0
reward/red_light,8050,1786562581.801346,0.0
reward/red_light,8076,1786562584.210057,0.0
reward/red_light,8093,1786562585.777843,0.0
reward/red_light,8115,1786562587.739072,0.0
reward/red_light,8128,1786562588.895861,0.0
reward/red_light,8151,1786562590.974499,0.0
reward/red_light,8179,1786562594.078244,0.0
reward/red_light,8198,1786562596.139608,0.0
reward/red_light,8216,1786562598.064306,0.0
reward/red_light,8233,1786562599.885804,0.0
reward/red_light,8245,1786562601.150931,0.0
reward/red_light,8269,1786562603.665564,0.0
reward/red_light,8288,1786562605.611429,0.0
reward/red_light,8311,1786562607.939934,0.0
reward/red_light,8327,1786562609.537841,0.0
reward/red_light,8349,1786562611.701474,0.0
reward/red_light,8366,1786562613.336158,0.0
reward/red_light,8394,1786562616.162028,0.0
reward/red_light,8412,1786562618.245637,0.0
reward/red_light,8427,1786562620.095783,0.0
reward/red_light,8446,1786562622.534701,0.0
reward/red_light,8468,1786562625.396492,0.0
reward/red_light,8490,1786562628.256647,0.0
reward/red_light,8507,1786562630.467747,0.0
reward/red_light,8529,1786562633.329074,0.0
reward/red_light,8549,1786562635.900840,0.0
reward/red_light,8574,1786562639.112222,0.0
reward/red_light,8595,1786562641.729941,0.0
reward/red_light,8620,1786562644.863027,0.0
reward/red_light,8646,1786562648.050186,0.0
reward/red_light,8660,1786562649.751549,0.0
reward/red_light,8683,1786562652.487752,0.0
reward/red_light,8705,1786562655.110905,0.0
reward/red_light,8727,1786562657.613383,0.0
reward/red_light,8747,1786562659.873649,0.0
reward/red_light,8763,1786562661.687802,0.0
reward/red_light,8782,1786562663.799525,0.0
reward/red_light,8802,1786562666.002406,0.0
reward/red_light,8825,1786562668.487873,0.0
reward/red_light,8846,1786562670.768225,0.0
reward/red_light,8864,1786562672.734218,0.0
reward/red_light,8887,1786562675.280045,0.0
reward/red_light,8904,1786562677.160866,0.0
reward/red_light,8930,1786562680.000342,0.0
reward/red_light,8947,1786562681.837703,0.0
reward/red_light,8967,1786562683.991859,0.0
reward/red_light,8982,1786562685.574811,0.0
reward/red_light,8996,1786562687.034349,0.0
reward/red_light,9008,1786562688.277227,0.0
reward/red_light,9032,1786562690.742310,0.0
reward/red_light,9053,1786562692.924830,0.0
reward/red_light,9085,1786562696.245897,0.0
reward/red_light,9103,1786562698.195302,0.0
reward/red_light,9122,1786562700.561888,0.0
reward/red_light,9133,1786562702.002570,0.0
reward/red_light,9158,1786562705.293632,0.0
reward/red_light,9178,1786562707.982414,0.0
reward/red_light,9203,1786562711.315716,0.0
reward/red_light,9223,1786562714.020354,0.0
reward/red_light,9241,1786562716.426756,0.0
reward/red_light,9264,1786562719.469357,0.0
reward/red_light,9286,1786562722.378741,0.0
reward/red_light,9304,1786562724.762476,0.0
reward/red_light,9315,1786562726.197817,0.0
reward/red_light,9332,1786562728.451555,0.0
reward/red_light,9356,1786562731.586486,0.0
reward/red_light,9380,1786562736.547411,0.0
reward/red_light,9396,1786562739.210980,0.0
reward/red_light,9411,1786562741.175137,0.0
reward/red_light,9430,1786562743.668303,0.0
reward/red_light,9444,1786562745.502219,0.0
reward/red_light,9463,1786562747.991925,0.0
reward/red_light,9480,1786562750.202826,0.0
reward/red_light,9500,1786562752.815978,0.0
reward/red_light,9519,1786562755.293583,0.0
reward/red_light,9536,1786562757.475866,0.0
reward/red_light,9554,1786562759.784186,0.0
reward/red_light,9576,1786562762.586062,0.0
reward/red_light,9594,1786562764.842532,0.0
reward/red_light,9614,1786562767.282934,0.0
reward/red_light,9628,1786562769.024409,0.0
reward/red_light,9643,1786562771.209555,0.0
reward/red_light,9662,1786562774.621462,0.0
reward/red_light,9683,1786562778.399023,0.0
reward/red_light,9702,1786562781.900210,0.0
reward/red_light,9720,1786562784.140861,0.0
reward/red_light,9741,1786562786.752834,0.0
reward/red_light,9764,1786562789.594527,0.0
reward/red_light,9780,1786562791.540950,0.0
reward/red_light,9798,1786562793.709575,0.0
reward/red_light,9814,1786562795.663569,0.0
reward/red_light,9831,1786562797.706257,0.0
reward/red_light,9857,1786562800.694381,0.0
reward/red_light,9871,1786562802.278266,0.0
reward/red_light,9893,1786562804.721354,0.0
reward/red_light,9908,1786562806.378963,0.0
reward/red_light,9934,1786562809.268712,0.0
reward/red_light,9954,1786562811.498114,0.0
reward/red_light,9974,1786562813.722383,0.0
reward/red_light,9998,1786562816.415669,0.0
reward/red_light,10011,1786562818.025444,0.0
reward/red_light,10029,1786562820.086929,0.0
reward/red_light,10057,1786562823.230762,0.0
reward/red_light,10073,1786562824.956246,0.0
reward/red_light,10096,1786562828.004194,0.0
reward/red_light,10110,1786562829.558540,0.0
reward/red_light,10127,1786562831.411007,0.0
reward/red_light,10148,1786562833.595072,0.0
reward/red_light,10168,1786562835.557853,0.0
reward/red_light,10190,1786562837.677932,0.0
reward/red_light,10213,1786562841.089254,0.0
reward/red_light,10228,1786562843.164533,0.0
reward/red_light,10242,1786562845.097024,0.0
reward/red_light,10263,1786562847.905217,0.0
reward/red_light,10286,1786562850.922655,0.0
reward/red_light,10306,1786562853.530764,0.0
reward/red_light,10333,1786562856.964208,0.0
reward/red_light,10350,1786562859.089987,0.0
reward/red_light,10374,1786562862.088033,0.0
reward/red_light,10396,1786562864.771862,0.0
reward/red_light,10418,1786562867.458949,0.0
reward/red_light,10439,1786562870.014338,0.0
reward/red_light,10462,1786562872.819171,0.0
reward/red_light,10487,1786562875.885162,0.0
reward/red_light,10505,1786562878.082217,0.0
reward/red_light,10527,1786562880.745885,0.0
reward/red_light,10544,1786562882.774454,0.0
reward/red_light,10566,1786562885.383661,0.0
reward/red_light,10580,1786562887.020633,0.0
reward/red_light,10606,1786562890.006562,0.0
reward/red_light,10621,1786562891.750664,0.0
reward/red_light,10638,1786562893.708326,0.0
reward/red_light,10652,1786562895.349876,0.0
reward/red_light,10666,1786562897.132216,0.0
reward/red_light,10681,1786562899.158295,0.0
reward/red_light,10702,1786562902.069531,0.0
reward/red_light,10716,1786562904.019743,0.0
reward/red_light,10741,1786562907.573936,0.0
reward/red_light,10766,1786562911.092242,0.0
reward/red_light,10783,1786562913.479563,0.0
reward/red_light,10803,1786562916.259998,0.0
reward/red_light,10828,1786562919.696671,0.0
reward/red_light,10851,1786562922.928198,0.0
reward/red_light,10866,1786562925.010924,0.0
reward/red_light,10886,1786562927.845492,0.0
reward/red_light,10913,1786562934.218977,0.0
reward/red_light,10932,1786562937.720667,0.0
reward/red_light,10953,1786562941.622959,0.0
reward/red_light,10969,1786562944.569069,0.0
reward/red_light,10989,1786562948.256246,0.0
reward/red_light,11017,1786562953.347484,0.0
reward/red_light,11036,1786562956.779075,0.0
reward/red_light,11053,1786562959.840183,0.0
reward/red_light,11072,1786562963.253448,0.0
reward/red_light,11089,1786562966.319505,0.0
reward/red_light,11108,1786562969.716075,0.0
reward/red_light,11127,1786562973.126775,0.0
reward/red_light,11149,1786562977.076853,0.0
reward/red_light,11168,1786562980.473523,0.0
reward/red_light,11187,1786562983.835565,0.0
reward/red_light,11203,1786562986.642654,0.0
reward/red_light,11223,1786562990.179048,0.0
reward/red_light,11242,1786562993.493387,0.0
reward/red_light,11266,1786562997.686084,0.0
reward/red_light,11285,1786563000.977104,0.0
reward/red_light,11301,1786563003.695928,0.0
reward/red_light,11318,1786563006.525116,0.0
reward/red_light,11343,1786563010.629771,0.0
reward/red_light,11364,1786563014.045058,0.0
reward/red_light,11385,1786563017.447877,0.0
reward/red_light,11405,1786563020.740216,0.0
reward/red_light,11426,1786563024.414280,0.0
reward/red_light,11447,1786563027.519950,0.0
reward/red_light,11472,1786563030.889590,0.0
reward/red_light,11497,1786563034.242548,0.0
reward/red_light,11517,1786563036.909380,0.0
reward/red_light,11537,1786563039.610859,0.0
reward/red_light,11559,1786563042.855266,0.0
reward/red_light,11574,1786563044.554257,0.0
reward/red_light,11604,1786563047.891800,0.0
reward/red_light,11639,1786563051.723137,0.0
reward/red_light,11655,1786563053.473221,0.0
reward/red_light,11675,1786563055.650045,0.0
reward/red_light,11689,1786563057.154284,0.0
reward/red_light,11721,1786563060.552413,0.0
reward/red_light,11739,1786563062.424022,0.0
reward/red_light,11755,1786563064.083243,0.0
reward/red_light,11768,1786563065.393922,0.0
reward/red_light,11791,1786563067.719050,0.0
reward/red_light,11811,1786563070.411350,0.0
reward/red_light,11826,1786563073.001787,0.0
reward/red_light,11858,1786563078.619656,0.0
reward/red_light,11874,1786563081.442548,0.0
reward/red_light,11894,1786563084.875988,0.0
reward/red_light,11909,1786563087.497479,0.0
reward/red_light,11929,1786563090.892154,0.0
reward/red_light,11943,1786563093.258618,0.0
reward/red_light,11962,1786563096.482307,0.0
reward/red_light,11978,1786563099.172933,0.0
reward/red_light,12003,1786563103.502825,0.0
reward/red_light,12020,1786563106.353411,0.0
reward/red_light,12039,1786563109.620887,0.0
reward/red_light,12058,1786563112.840546,0.0
reward/red_light,12073,1786563115.381602,0.0
reward/red_light,12085,1786563117.404416,0.0
reward/red_light,12102,1786563120.264454,0.0
reward/red_light,12124,1786563123.981806,0.0
reward/red_light,12142,1786563127.122832,0.0
reward/red_light,12166,1786563130.468050,0.0
reward/red_light,12188,1786563132.871617,0.0
reward/red_light,12219,1786563136.271185,0.0
reward/red_light,12241,1786563138.666329,0.0
reward/red_light,12258,1786563140.466929,0.0
reward/red_light,12273,1786563142.059069,0.0
reward/red_light,12295,1786563144.361887,0.0
reward/red_light,12314,1786563146.344805,0.0
reward/red_light,12331,1786563148.146090,0.0
reward/red_light,12344,1786563149.508911,0.0
reward/red_light,12368,1786563152.054680,0.0
reward/red_light,12386,1786563153.934122,0.0
reward/red_light,12405,1786563155.919217,0.0
reward/red_light,12418,1786563157.261559,0.0
reward/red_light,12443,1786563159.842074,0.0
reward/red_light,12460,1786563161.577398,0.0
reward/red_light,12471,1786563162.703196,0.0
reward/red_light,12494,1786563164.998096,0.0
reward/red_light,12509,1786563166.513848,0.0
reward/red_light,12525,1786563168.141977,0.0
reward/red_light,12541,1786563169.745374,0.0
reward/red_light,12559,1786563171.554271,0.0
reward/red_light,12584,1786563174.402909,0.0
reward/red_light,12600,1786563176.426466,0.0
reward/red_light,12628,1786563180.051869,0.0
reward/red_light,12657,1786563183.875854,0.0
reward/red_light,12685,1786563187.470742,0.0
reward/red_light,12700,1786563189.393914,0.0
reward/red_light,12716,1786563191.436291,0.0
reward/red_light,12733,1786563193.612400,0.0
reward/red_light,12754,1786563196.276384,0.0
reward/red_light,12782,1786563199.867421,0.0
reward/red_light,12812,1786563203.634171,0.0
reward/red_light,12837,1786563206.765182,0.0
reward/red_light,12857,1786563209.253962,0.0
reward/red_light,12876,1786563211.551549,0.0
reward/red_light,12898,1786563214.159996,0.0
reward/red_light,12921,1786563216.857000,0.0
reward/red_light,12941,1786563219.190206,0.0
reward/red_light,12961,1786563221.542519,0.0
reward/red_light,12985,1786563224.332151,0.0
reward/red_light,13009,1786563227.111974,0.0
reward/red_light,13026,1786563229.094027,0.0
reward/red_light,13064,1786563233.434068,0.0
reward/red_light,13078,1786563235.791444,0.0
reward/red_light,13094,1786563238.076701,0.0
reward/red_light,13112,1786563240.830810,0.0
reward/red_light,13126,1786563242.601298,0.0
reward/red_light,13148,1786563245.394371,0.0
reward/red_light,13172,1786563248.481210,0.0
reward/red_light,13192,1786563251.085311,0.0
reward/red_light,13207,1786563253.058737,0.0
reward/red_light,13229,1786563255.875639,0.0
reward/red_light,13252,1786563258.785262,0.0
reward/red_light,13275,1786563261.680161,0.0
reward/red_light,13289,1786563263.411895,0.0
reward/red_light,13319,1786563267.097930,0.0
reward/red_light,13345,1786563270.285732,0.0
reward/red_light,13363,1786563272.522243,0.0
reward/red_light,13376,1786563274.203816,0.0
reward/red_light,13403,1786563277.968695,0.0
reward/red_light,13422,1786563281.010578,0.0
reward/red_light,13437,1786563283.241393,0.0
reward/red_light,13459,1786563286.468802,0.0
reward/red_light,13477,1786563289.068116,0.0
reward/red_light,13493,1786563291.365305,0.0
reward/red_light,13508,1786563293.526425,0.0
reward/red_light,13540,1786563297.934626,0.0
reward/red_light,13559,1786563300.412091,0.0
reward/red_light,13580,1786563303.092053,0.0
reward/red_light,13594,1786563304.893327,0.0
reward/red_light,13612,1786563307.117438,0.0
reward/red_light,13637,1786563310.218868,0.0
reward/red_light,13654,1786563312.243786,0.0
reward/red_light,13667,1786563313.763906,0.0
reward/red_light,13690,1786563316.359550,0.0
reward/red_light,13705,1786563318.015325,0.0
reward/red_light,13726,1786563320.233335,0.0
reward/red_light,13744,1786563322.124486,0.0
reward/red_light,13762,1786563324.014757,0.0
reward/red_light,13783,1786563326.200629,0.0
reward/red_light,13802,1786563328.180976,0.0
reward/red_light,13820,1786563330.101277,0.0
reward/red_light,13846,1786563332.944290,0.0
reward/red_light,13865,1786563335.055302,0.0
reward/red_light,13878,1786563336.465245,0.0
reward/red_light,13898,1786563338.673418,0.0
reward/red_light,13923,1786563341.438101,0.0
reward/red_light,13942,1786563343.493544,0.0
reward/red_light,13962,1786563345.646977,0.0
reward/red_light,13987,1786563348.368939,0.0
reward/red_light,14003,1786563350.255390,0.0
reward/red_light,14030,1786563353.131364,0.0
reward/red_light,14051,1786563355.292550,0.0
reward/red_light,14066,1786563356.747452,0.0
reward/red_light,14094,1786563359.403536,0.0
reward/red_light,14110,1786563362.953794,0.0
reward/red_light,14127,1786563365.357232,0.0
reward/red_light,14150,1786563368.613541,0.0
reward/red_light,14169,1786563371.285778,0.0
reward/red_light,14193,1786563374.440726,0.0
reward/red_light,14210,1786563376.618580,0.0
reward/red_light,14234,1786563379.505280,0.0
reward/red_light,14249,1786563381.241042,0.0
reward/red_light,14268,1786563383.406541,0.0
reward/red_light,14299,1786563386.941795,0.0
reward/red_light,14328,1786563390.210935,0.0
reward/red_light,14345,1786563392.134277,0.0
reward/red_light,14360,1786563393.825254,0.0
reward/red_light,14381,1786563396.147137,0.0
reward/red_light,14399,1786563398.109767,0.0
reward/red_light,14419,1786563400.248753,0.0
reward/red_light,14446,1786563403.172977,0.0
reward/red_light,14458,1786563404.454041,0.0
reward/red_light,14470,1786563405.904911,0.0
reward/red_light,14493,1786563408.951725,0.0
reward/red_light,14510,1786563411.175637,0.0
reward/red_light,14529,1786563413.669051,0.0
reward/red_light,14545,1786563415.767584,0.0
reward/red_light,14569,1786563418.938650,0.0
reward/red_light,14589,1786563421.601723,0.0
reward/red_light,14605,1786563423.704028,0.0
reward/red_light,14624,1786563426.228007,0.0
reward/red_light,14650,1786563429.725052,0.0
reward/red_light,14664,1786563431.590655,0.0
reward/red_light,14681,1786563433.832934,0.0
reward/red_light,14709,1786563437.400544,0.0
reward/red_light,14727,1786563439.668194,0.0
reward/red_light,14750,1786563442.373890,0.0
reward/red_light,14773,1786563445.019735,0.0
reward/red_light,14797,1786563447.422420,0.0
reward/red_light,14817,1786563449.386083,0.0
reward/red_light,14844,1786563451.921885,0.0
reward/red_light,14865,1786563453.831623,0.0
reward/red_light,14885,1786563455.585949,0.0
reward/red_light,14902,1786563457.069363,0.0
reward/red_light,14922,1786563458.787555,0.0
reward/red_light,14940,1786563460.305064,0.0
reward/red_light,14954,1786563463.788772,0.0
reward/red_light,14985,1786563468.670218,0.0
reward/red_light,15002,1786563471.317024,0.0
reward/red_light,15021,1786563474.282263,0.0
reward/red_light,15043,1786563477.740404,0.0
reward/red_light,15062,1786563480.742877,0.0
reward/red_light,15083,1786563484.054421,0.0
reward/red_light,15112,1786563488.550638,0.0
reward/red_light,15131,1786563491.453385,0.0
reward/red_light,15152,1786563494.604122,0.0
reward/red_light,15168,1786563497.033413,0.0
reward/red_light,15192,1786563500.642624,0.0
reward/red_light,15208,1786563502.982008,0.0
reward/red_light,15231,1786563506.293015,0.0
reward/red_light,15251,1786563509.119845,0.0
reward/red_light,15267,1786563511.370067,0.0
reward/red_light,15291,1786563514.691713,0.0
reward/red_light,15306,1786563516.745333,0.0
reward/red_light,15331,1786563520.207012,0.0
reward/red_light,15353,1786563523.205303,0.0
reward/red_light,15371,1786563525.466893,0.0
reward/red_light,15393,1786563528.154363,0.0
reward/red_light,15411,1786563530.296450,0.0
reward/red_light,15434,1786563532.877103,0.0
reward/red_light,15449,1786563534.577584,0.0
reward/red_light,15474,1786563537.401214,0.0
reward/red_light,15497,1786563540.000300,0.0
reward/red_light,15517,1786563542.257311,0.0
reward/red_light,15535,1786563544.255397,-10.0
reward/red_light,15553,1786563546.261122,0.0
reward/red_light,15566,1786563547.699800,0.0
reward/red_light,15590,1786563550.358664,0.0
reward/red_light,15614,1786563552.791005,0.0
reward/red_light,15640,1786563555.370580,0.0
reward/red_light,15662,1786563557.550644,0.0
reward/red_light,15687,1786563560.004918,0.0
reward/red_light,15713,1786563562.528604,0.0
reward/red_light,15729,1786563564.038325,0.0
reward/red_light,15753,1786563566.358165,0.0
reward/red_light,15767,1786563567.868968,0.0
reward/red_light,15792,1786563570.826756,0.0
reward/red_light,15815,1786563573.636585,0.0
reward/red_light,15840,1786563576.662997,0.0
reward/red_light,15856,1786563578.582975,0.0
reward/red_light,15884,1786563581.926696,0.0
reward/red_light,15900,1786563583.836701,0.0
reward/red_light,15925,1786563586.766965,0.0
reward/red_light,15940,1786563588.489734,0.0
reward/red_light,15964,1786563591.222671,0.0
reward/red_light,15982,1786563593.252761,0.0
reward/red_light,16008,1786563596.276219,0.0
reward/red_light,16024,1786563598.051724,0.0
reward/red_light,16039,1786563599.709231,0.0
reward/red_light,16062,1786563602.231051,0.0
reward/red_light,16082,1786563604.411273,0.0
reward/red_light,16102,1786563606.539819,0.0
reward/red_light,16113,1786563607.686952,0.0
reward/red_light,16129,1786563609.378284,0.0
reward/red_light,16146,1786563611.106470,0.0
reward/red_light,16166,1786563613.816657,0.0
reward/red_light,16176,1786563614.922800,0.0
reward/red_light,16196,1786563617.130362,0.0
reward/red_light,16211,1786563618.786495,0.0
reward/red_light,16235,1786563621.434994,0.0
reward/red_light,16251,1786563623.189059,0.0
reward/red_light,16275,1786563625.847111,0.0
reward/red_light,16291,1786563627.638845,0.0
reward/red_light,16317,1786563630.598758,0.0
reward/red_light,16349,1786563634.123220,0.0
reward/red_light,16368,1786563636.134085,0.0
reward/red_light,16395,1786563638.875718,0.0
reward/red_light,16408,1786563640.129994,0.0
reward/red_light,16428,1786563642.470149,0.0
reward/red_light,16446,1786563644.742383,0.0
reward/red_light,16466,1786563647.185426,0.0
reward/red_light,16486,1786563649.585424,0.0
reward/red_light,16506,1786563651.909225,0.0
reward/red_light,16529,1786563654.559645,0.0
reward/red_light,16555,1786563657.563104,0.0
reward/red_light,16572,1786563659.521143,0.0
reward/red_light,16585,1786563661.017900,0.0
reward/red_light,16603,1786563663.097314,0.0
reward/red_light,16627,1786563665.809064,0.0
reward/red_light,16645,1786563669.144706,0.0
reward/red_light,16665,1786563671.615315,0.0
reward/red_light,16680,1786563673.515576,0.0
reward/red_light,16697,1786563675.637363,0.0
reward/red_light,16725,1786563678.976953,0.0
reward/red_light,16742,1786563680.992320,0.0
reward/red_light,16769,1786563684.210220,0.0
reward/red_light,16787,1786563686.315875,0.0
reward/red_light,16803,1786563688.141078,0.0
reward/red_light,16823,1786563690.453288,0.0
reward/red_light,16843,1786563692.730671,0.0
reward/red_light,16864,1786563695.140005,0.0
reward/red_light,16885,1786563697.554666,0.0
reward/red_light,16903,1786563699.603686,0.0
reward/red_light,16924,1786563701.970970,0.0
reward/red_light,16942,1786563703.998543,0.0
reward/red_light,16959,1786563705.908364,0.0
reward/red_light,16977,1786563707.894652,0.0
reward/red_light,16997,1786563710.075108,0.0
reward/red_light,17012,1786563711.664278,0.0
reward/red_light,17026,1786563713.136235,0.0
reward/red_light,17045,1786563715.140556,0.0
reward/red_light,17069,1786563717.722220,0.0
reward/red_light,17094,1786563720.371875,0.0
reward/red_light,17116,1786563722.697938,0.0
reward/red_light,17134,1786563724.707826,0.0
reward/red_light,17156,1786563727.494212,0.0
reward/red_light,17173,1786563729.771583,0.0
reward/red_light,17198,1786563733.991015,0.0
reward/red_light,17216,1786563736.508734,0.0
reward/red_light,17243,1786563740.195851,0.0
reward/red_light,17256,1786563741.952246,0.0
reward/red_light,17286,1786563746.033371,0.0
reward/red_light,17322,1786563750.884663,0.0
reward/red_light,17345,1786563753.982255,0.0
reward/red_light,17362,1786563756.217474,0.0
reward/red_light,17388,1786563759.669789,0.0
reward/red_light,17406,1786563764.030852,0.0
reward/red_light,17434,1786563768.059480,0.0
reward/red_light,17458,1786563771.445076,0.0
reward/red_light,17481,1786563774.645009,0.0
reward/red_light,17504,1786563777.832657,0.0
reward/red_light,17521,1786563780.205580,0.0
reward/red_light,17537,1786563782.426274,0.0
reward/red_light,17557,1786563785.073513,0.0
reward/red_light,17577,1786563787.455184,0.0
reward/red_light,17595,1786563789.857099,0.0
reward/red_light,17616,1786563792.316169,0.0
reward/red_light,17630,1786563793.883289,0.0
reward/red_light,17643,1786563795.352560,0.0
reward/red_light,17669,1786563798.278096,0.0
reward/red_light,17687,1786563800.289054,0.0
reward/red_light,17699,1786563801.632309,0.0
reward/red_light,17722,1786563804.224632,0.0
reward/red_light,17735,1786563805.705304,0.0
reward/red_light,17754,1786563807.830993,0.0
reward/red_light,17782,1786563810.673827,0.0
reward/red_light,17805,1786563812.947436,0.0
reward/red_light,17824,1786563814.779187,0.0
reward/red_light,17841,1786563816.450387,0.0
reward/red_light,17866,1786563818.832898,0.0
reward/red_light,17884,1786563820.508405,0.0
reward/red_light,17901,1786563822.097722,0.0
reward/red_light,17925,1786563824.280907,0.0
reward/red_light,17941,1786563825.690249,0.0
reward/red_light,17965,1786563827.771483,0.0
reward/red_light,17980,1786563829.051772,0.0
reward/red_light,18003,1786563831.161089,0.0
reward/red_light,18025,1786563833.083455,0.0
reward/red_light,18042,1786563834.546920,0.0
reward/red_light,18062,1786563836.269082,0.0
reward/red_light,18081,1786563837.921981,0.0
reward/red_light,18107,1786563840.157871,0.0
reward/red_light,18121,1786563841.380483,0.0
reward/red_light,18136,1786563842.671874,0.0
reward/red_light,18153,1786563844.166907,0.0
reward/red_light,18176,1786563846.239463,0.0
reward/red_light,18197,1786563848.121861,0.0
reward/red_light,18215,1786563849.706170,0.0
reward/red_light,18231,1786563851.120023,0.0
reward/red_light,18245,1786563852.433331,0.0
reward/red_light,18265,1786563854.453790,0.0
reward/red_light,18278,1786563855.833282,0.0
reward/red_light,18300,1786563858.277899,0.0
reward/red_light,18318,1786563860.301509,0.0
reward/red_light,18345,1786563863.322102,0.0
reward/red_light,18366,1786563865.618612,0.0
reward/red_light,18390,1786563868.292600,0.0
reward/red_light,18405,1786563870.016731,0.0
reward/red_light,18423,1786563871.983244,0.0
reward/red_light,18441,1786563873.928131,0.0
reward/red_light,18458,1786563875.707177,0.0
reward/red_light,18479,1786563877.895959,0.0
reward/red_light,18504,1786563880.487710,0.0
reward/red_light,18523,1786563882.484049,0.0
reward/red_light,18542,1786563884.472992,0.0
reward/red_light,18556,1786563885.936482,0.0
reward/red_light,18580,1786563888.423854,0.0
reward/red_light,18592,1786563891.645767,0.0
reward/red_light,18607,1786563894.301173,0.0
reward/red_light,18626,1786563897.660057,0.0
reward/red_light,18652,1786563902.244375,0.0
reward/red_light,18670,1786563905.421479,0.0
reward/red_light,18682,1786563907.548001,0.0
reward/red_light,18701,1786563910.860409,0.0
reward/red_light,18722,1786563914.542376,0.0
reward/red_light,18739,1786563917.684490,0.0
reward/red_light,18758,1786563920.908277,0.0
reward/red_light,18778,1786563923.683828,0.0
reward/red_light,18802,1786563926.393348,0.0
reward/red_light,18821,1786563928.596704,0.0
reward/red_light,18839,1786563930.630995,0.0
reward/red_light,18860,1786563935.085806,0.0
reward/red_light,18879,1786563938.308690,0.0
reward/red_light,18894,1786563940.780933,0.0
reward/red_light,18917,1786563944.392508,0.0
reward/red_light,18932,1786563946.516077,0.0
reward/red_light,18953,1786563949.574273,0.0
reward/red_light,18977,1786563953.005081,0.0
reward/red_light,18994,1786563955.414375,0.0
reward/red_light,19014,1786563958.249435,0.0
reward/red_light,19029,1786563960.356107,0.0
reward/red_light,19044,1786563962.435971,0.0
reward/red_light,19070,1786563966.134530,0.0
reward/red_light,19092,1786563969.249744,0.0
reward/red_light,19111,1786563971.883581,0.0
reward/red_light,19135,1786563975.218835,0.0
reward/red_light,19154,1786563977.793524,0.0
reward/red_light,19185,1786563981.964887,0.0
reward/red_light,19206,1786563984.829712,0.0
reward/red_light,19227,1786563989.619905,0.0
reward/red_light,19246,1786563992.488173,0.0
reward/red_light,19275,1786563996.849056,0.0
reward/red_light,19294,1786563999.670443,0.0
reward/red_light,19319,1786564003.229400,0.0
reward/red_light,19343,1786564006.005555,0.0
reward/red_light,19363,1786564008.298138,0.0
reward/red_light,19389,1786564011.254309,0.0
reward/red_light,19408,1786564013.392272,0.0
reward/red_light,19441,1786564017.113162,0.0
reward/red_light,19461,1786564019.353835,0.0
reward/red_light,19480,1786564021.457683,0.0
reward/red_light,19494,1786564022.993633,0.0
reward/red_light,19509,1786564024.624891,0.0
reward/red_light,19534,1786564027.286912,0.0
reward/red_light,19551,1786564029.612165,0.0
reward/red_light,19581,1786564033.107360,0.0
reward/red_light,19596,1786564034.821775,0.0
reward/red_light,19612,1786564036.611096,0.0
reward/red_light,19635,1786564039.098884,0.0
reward/red_light,19665,1786564042.347588,0.0
reward/red_light,19685,1786564044.469302,0.0
reward/red_light,19699,1786564045.922502,0.0
reward/red_light,19714,1786564047.469488,0.0
reward/red_light,19736,1786564049.776408,0.0
reward/red_light,19759,1786564052.200447,-10.0
reward/red_light,19772,1786564053.562910,0.0
reward/red_light,19794,1786564055.924020,0.0
reward/red_light,19813,1786564057.922928,0.0
reward/red_light,19831,1786564059.752724,0.0
reward/red_light,19852,1786564061.808264,0.0
reward/red_light,19873,1786564063.838901,0.0
reward/red_light,19887,1786564065.210046,0.0
reward/red_light,19905,1786564066.964124,0.0
reward/red_light,19933,1786564069.607547,0.0
reward/red_light,19947,1786564070.917479,0.0
reward/red_light,19971,1786564073.143970,0.0
reward/red_light,20000,1786564075.716571,0.0
reward/speed,3,1786561536.455624,0.009319217875599861
reward/speed,24,1786561539.189162,0.46163874864578247
reward/speed,53,1786561542.619576,0.4942810535430908
reward/speed,79,1786561545.610390,0.43506455421447754
reward/speed,97,1786561547.760132,0.5199278593063354
reward/speed,119,1786561550.311064,0.47243303060531616
reward/speed,137,1786561554.192918,0.01482614129781723
reward/speed,153,1786561556.249205,0.5147939324378967
reward/speed,177,1786561559.537233,0.4792759418487549
reward/speed,206,1786561563.522921,0.4038275182247162
reward/speed,221,1786561565.605336,0.4943458139896393
reward/speed,241,1786561568.134287,0.5640445351600647
reward/speed,261,1786561570.239177,0.4166874885559082
reward/speed,282,1786561572.455176,0.541561484336853
reward/speed,302,1786561574.460788,0.40219345688819885
reward/speed,322,1786561576.429140,0.5534979104995728
reward/speed,334,1786561578.121542,0.30931171774864197
reward/speed,356,1786561580.524951,0.10823400318622589
reward/speed,381,1786561583.233915,0.43816789984703064
reward/speed,405,1786561585.736827,0.5567301511764526
reward/speed,422,1786561589.364939,0.020650532096624374
reward/speed,443,1786561592.634814,0.5302115678787231
reward/speed,466,1786561595.767539,0.6040453910827637
reward/speed,494,1786561598.688523,0.6321474313735962
reward/speed,517,1786561601.310044,0.5644646883010864
reward/speed,545,1786561604.091909,0.053085677325725555
reward/speed,556,1786561605.202966,0.36957165598869324
reward/speed,580,1786561607.637095,0.35991334915161133
reward/speed,599,1786561609.560851,0.5858005285263062
reward/speed,621,1786561611.735152,0.39939793944358826
reward/speed,646,1786561614.215731,0.46214762330055237
reward/speed,668,1786561616.358079,0.6070037484169006
reward/speed,686,1786561618.102424,0.5532152056694031
reward/speed,708,1786561620.247618,0.4924262464046478
reward/speed,729,1786561622.281464,0.5925127267837524
reward/speed,751,1786561624.690666,0.37281930446624756
reward/speed,771,1786561627.346215,0.014826160855591297
reward/speed,794,1786561630.539188,0.4477230906486511
reward/speed,812,1786561633.006577,0.5170376896858215
reward/speed,835,1786561636.021750,0.4771784842014313
reward/speed,851,1786561637.725950,0.4764978289604187
reward/speed,868,1786561639.500124,0.21347221732139587
reward/speed,883,1786561641.032993,0.33936765789985657
reward/speed,901,1786561642.877948,0.6051284074783325
reward/speed,915,1786561644.198747,0.6213521361351013
reward/speed,933,1786561645.889255,0.5336052775382996
reward/speed,946,1786561647.907562,0.9872327446937561
reward/speed,971,1786561651.101298,0.09826169908046722
reward/speed,989,1786561653.426182,0.0021217651665210724
reward/speed,1004,1786561654.845115,0.4950588643550873
reward/speed,1027,1786561656.902876,0.6057463884353638
reward/speed,1053,1786561659.153854,0.4877241253852844
reward/speed,1070,1786561661.205622,0.008469467051327229
reward/speed,1088,1786561663.306436,0.4248186945915222
reward/speed,1102,1786561664.928963,0.4894503057003021
reward/speed,1119,1786561668.946422,0.014826228842139244
reward/speed,1146,1786561674.349776,0.4036963880062103
reward/speed,1166,1786561679.725271,0.5589090585708618
reward/speed,1186,1786561683.185655,0.5490816831588745
reward/speed,1208,1786561686.920768,0.5608844757080078
reward/speed,1228,1786561690.272491,0.3074128031730652
reward/speed,1251,1786561694.202523,0.3702000677585602
reward/speed,1266,1786561696.283003,0.48445481061935425
reward/speed,1279,1786561697.721268,0.48771563172340393
reward/speed,1300,1786561700.060377,0.2606349289417267
reward/speed,1323,1786561703.464043,0.5969319939613342
reward/speed,1337,1786561705.002285,0.5526312589645386
reward/speed,1357,1786561707.540397,0.5207669138908386
reward/speed,1381,1786561710.460371,0.4908319413661957
reward/speed,1398,1786561712.258160,0.551877498626709
reward/speed,1412,1786561713.715964,0.49821776151657104
reward/speed,1433,1786561715.832687,0.5130672454833984
reward/speed,1451,1786561717.695560,0.5968955159187317
reward/speed,1468,1786561721.354366,0.08537173271179199
reward/speed,1485,1786561724.606476,0.07488752156496048
reward/speed,1515,1786561731.175023,0.46595296263694763
reward/speed,1532,1786561734.435323,0.41042962670326233
reward/speed,1552,1786561737.581160,0.4143957197666168
reward/speed,1574,1786561742.357122,0.0004518778878264129
reward/speed,1595,1786561746.175763,0.3936615586280823
reward/speed,1611,1786561751.082998,0.009319278411567211
reward/speed,1624,1786561753.545177,0.499673992395401
reward/speed,1637,1786561755.517012,0.04414168745279312
reward/speed,1655,1786561758.279562,0.6847756505012512
reward/speed,1675,1786561763.156132,0.731328010559082
reward/speed,1692,1786561765.905581,0.6839162707328796
reward/speed,1707,1786561769.260186,0.3465626835823059
reward/speed,1729,1786561772.283090,0.6322058439254761
reward/speed,1747,1786561776.146399,0.4781573414802551
reward/speed,1759,1786561777.795865,0.8194772005081177
reward/speed,1773,1786561781.582029,0.7701494097709656
reward/speed,1790,1786561784.120427,0.07130514830350876
reward/speed,1808,1786561788.148854,0.8143817782402039
reward/speed,1828,1786561791.185316,0.8362183570861816
reward/speed,1858,1786561795.099787,0.008469218388199806
reward/speed,1880,1786561798.016657,0.601576030254364
reward/speed,1899,1786561800.531029,0.7574496865272522
reward/speed,1919,1786561803.378225,0.37738367915153503
reward/speed,1941,1786561807.680171,0.5941375494003296
reward/speed,1968,1786561812.387929,0.740028440952301
reward/speed,1995,1786561818.319742,0.6889827251434326
reward/speed,2014,1786561821.602487,0.009319322183728218
reward/speed,2028,1786561823.496041,0.11786548048257828
reward/speed,2048,1786561826.178094,0.7521966099739075
reward/speed,2061,1786561828.248069,0.7323593497276306
reward/speed,2083,1786561833.309386,0.08537180721759796
reward/speed,2104,1786561838.415321,0.3585110008716583
reward/speed,2126,1786561844.362661,0.7716825008392334
reward/speed,2147,1786561849.332512,0.0093191834166646
reward/speed,2172,1786561852.651512,0.009319314733147621
reward/speed,2197,1786561858.201278,0.08537173271179199
reward/speed,2219,1786561861.426795,0.5064969062805176
reward/speed,2233,1786561863.231335,0.8233329653739929
reward/speed,2248,1786561865.126610,0.842727780342102
reward/speed,2270,1786561867.842808,0.770342230796814
reward/speed,2289,1786561870.147008,0.6799298524856567
reward/speed,2314,1786561873.099605,0.670939564704895
reward/speed,2333,1786561875.309540,0.6907240748405457
reward/speed,2351,1786561877.338343,0.6127186417579651
reward/speed,2384,1786561880.932032,0.6552733778953552
reward/speed,2405,1786561883.124566,0.6293717622756958
reward/speed,2423,1786561884.965498,0.6110602021217346
reward/speed,2449,1786561887.619900,0.680508017539978
reward/speed,2462,1786561888.960389,0.7036080360412598
reward/speed,2477,1786561890.518071,0.7056838274002075
reward/speed,2491,1786561891.945054,0.6628937721252441
reward/speed,2513,1786561894.267658,0.7257846593856812
reward/speed,2534,1786561896.460971,0.717302680015564
reward/speed,2557,1786561898.931554,0.7237250804901123
reward/speed,2579,1786561901.341540,0.7404511570930481
reward/speed,2602,1786561903.863182,0.7959326505661011
reward/speed,2618,1786561905.614097,0.72203129529953
reward/speed,2647,1786561908.779370,0.7324612736701965
reward/speed,2673,1786561911.612288,0.7499222159385681
reward/speed,2696,1786561914.100311,0.7480508089065552
reward/speed,2717,1786561916.390639,0.8141276240348816
reward/speed,2745,1786561919.489207,0.8644029498100281
reward/speed,2766,1786561921.831174,0.8787830471992493
reward/speed,2801,1786561925.633443,0.6211167573928833
reward/speed,2823,1786561927.952889,0.5783392786979675
reward/speed,2849,1786561930.591883,0.7336317896842957
reward/speed,2864,1786561932.109895,0.2268560230731964
reward/speed,2886,1786561936.465301,0.2719874978065491
reward/speed,2904,1786561938.995070,0.8125357627868652
reward/speed,2921,1786561941.455689,0.7518154382705688
reward/speed,2938,1786561943.871429,0.8452827334403992
reward/speed,2957,1786561946.458491,0.8747495412826538
reward/speed,2976,1786561948.976613,0.8190299868583679
reward/speed,2998,1786561953.869470,0.6042121052742004
reward/speed,3023,1786561957.808429,0.7225041389465332
reward/speed,3046,1786561961.323977,0.599754810333252
reward/speed,3064,1786561964.068441,0.4434536099433899
reward/speed,3087,1786561967.421070,0.5925702452659607
reward/speed,3108,1786561970.370486,0.2732238173484802
reward/speed,3135,1786561973.421338,0.5636043548583984
reward/speed,3159,1786561975.762976,0.7303587794303894
reward/speed,3177,1786561977.561514,0.826325535774231
reward/speed,3196,1786561979.382511,0.8089759945869446
reward/speed,3212,1786561980.879519,0.7332534790039062
reward/speed,3230,1786561982.522815,0.7590107917785645
reward/speed,3260,1786561986.050841,0.552261233329773
reward/speed,3283,1786561989.135651,0.8917195200920105
reward/speed,3302,1786561991.608222,0.9149325489997864
reward/speed,3331,1786561995.414973,0.9039696455001831
reward/speed,3344,1786561997.022309,0.9149975776672363
reward/speed,3363,1786561999.453033,0.9181365966796875
reward/speed,3378,1786562001.313659,0.9166847467422485
reward/speed,3406,1786562004.679935,0.9307696223258972
reward/speed,3421,1786562006.489394,0.9080408811569214
reward/speed,3434,1786562007.989670,0.9168705940246582
reward/speed,3450,1786562009.921218,0.8939153552055359
reward/speed,3472,1786562012.431437,0.9090835452079773
reward/speed,3488,1786562014.254395,0.9213951230049133
reward/speed,3509,1786562016.614120,0.9156503677368164
reward/speed,3532,1786562019.216445,0.912755012512207
reward/speed,3546,1786562020.806783,0.9243875741958618
reward/speed,3564,1786562022.825789,0.9249773025512695
reward/speed,3586,1786562025.252282,0.915391743183136
reward/speed,3607,1786562027.608415,0.9151569604873657
reward/speed,3629,1786562029.998678,0.9326225519180298
reward/speed,3659,1786562033.298366,0.9313451051712036
reward/speed,3675,1786562035.063456,0.922092616558075
reward/speed,3690,1786562036.703021,0.9178251028060913
reward/speed,3707,1786562038.584900,0.8959947824478149
reward/speed,3722,1786562040.252234,0.9166651964187622
reward/speed,3743,1786562042.544753,0.930520236492157
reward/speed,3767,1786562045.385662,0.4772741198539734
reward/speed,3788,1786562048.030686,0.9214407205581665
reward/speed,3800,1786562049.546124,0.9355300068855286
reward/speed,3818,1786562051.820799,0.9274290204048157
reward/speed,3836,1786562054.155042,0.07785578072071075
reward/speed,3856,1786562056.654994,0.9193907976150513
reward/speed,3881,1786562059.727634,0.9318526983261108
reward/speed,3898,1786562061.742998,0.9266625642776489
reward/speed,3915,1786562063.688614,0.9200762510299683
reward/speed,3931,1786562065.447958,0.9174960255622864
reward/speed,3946,1786562067.036937,0.9246843457221985
reward/speed,3962,1786562068.723787,0.9445589780807495
reward/speed,3978,1786562070.392086,0.9276188015937805
reward/speed,4002,1786562072.958178,0.08316421508789062
reward/speed,4021,1786562074.893611,0.911582350730896
reward/speed,4039,1786562076.828516,0.8387719988822937
reward/speed,4055,1786562080.027954,0.999418318271637
reward/speed,4071,1786562082.891185,0.9156772494316101
reward/speed,4087,1786562085.750711,0.9483997225761414
reward/speed,4105,1786562088.926000,0.9168001413345337
reward/speed,4122,1786562091.905295,0.9253872632980347
reward/speed,4148,1786562096.492200,0.940995991230011
reward/speed,4172,1786562100.706631,0.9369076490402222
reward/speed,4188,1786562103.206313,0.6491382718086243
reward/speed,4208,1786562105.955498,0.8231342434883118
reward/speed,4221,1786562107.535151,0.8793982267379761
reward/speed,4240,1786562109.803710,0.8979601860046387
reward/speed,4257,1786562111.837894,0.0656653419137001
reward/speed,4270,1786562113.293798,0.9316670298576355
reward/speed,4292,1786562115.972891,0.7192793488502502
reward/speed,4308,1786562118.150361,0.7992792129516602
reward/speed,4323,1786562120.279661,0.8996203541755676
reward/speed,4363,1786562125.713686,0.9296826124191284
reward/speed,4375,1786562127.360165,0.928540825843811
reward/speed,4396,1786562130.175544,0.07368259131908417
reward/speed,4426,1786562134.122227,0.9079359173774719
reward/speed,4451,1786562137.290026,0.9259383082389832
reward/speed,4468,1786562139.419389,0.932144045829773
reward/speed,4486,1786562141.678199,0.9099714159965515
reward/speed,4520,1786562145.921869,0.9222376942634583
reward/speed,4538,1786562148.220819,0.9128750562667847
reward/speed,4560,1786562150.994219,0.92787104845047
reward/speed,4585,1786562154.090665,0.938217043876648
reward/speed,4602,1786562156.252128,0.9224703907966614
reward/speed,4617,1786562158.098784,0.9313468933105469
reward/speed,4636,1786562160.416570,0.9041388630867004
reward/speed,4661,1786562163.462167,0.9100155830383301
reward/speed,4680,1786562165.788459,0.9236868023872375
reward/speed,4699,1786562168.077246,0.8978015184402466
reward/speed,4716,1786562170.128266,0.931003212928772
reward/speed,4736,1786562172.582260,0.9161345362663269
reward/speed,4762,1786562175.763712,0.9229223132133484
reward/speed,4775,1786562177.415769,0.09227009117603302
reward/speed,4795,1786562179.916359,0.8989465832710266
reward/speed,4814,1786562182.143699,0.8695712089538574
reward/speed,4827,1786562183.549176,0.8954569697380066
reward/speed,4843,1786562185.195814,0.8866451382637024
reward/speed,4860,1786562186.805972,0.9155374765396118
reward/speed,4877,1786562188.385542,0.9339604377746582
reward/speed,4894,1786562189.940243,0.9046307802200317
reward/speed,4911,1786562191.381876,0.9151380658149719
reward/speed,4929,1786562192.865608,0.8880990743637085
reward/speed,4951,1786562195.860197,0.9077726602554321
reward/speed,4974,1786562199.222800,0.05881919711828232
reward/speed,4989,1786562201.479193,0.9258853793144226
reward/speed,5007,1786562204.295070,0.9327558279037476
reward/speed,5026,1786562209.164543,0.02065037563443184
reward/speed,5046,1786562212.451904,0.9001609683036804
reward/speed,5064,1786562215.391398,0.9273314476013184
reward/speed,5087,1786562219.154624,0.9344498515129089
reward/speed,5109,1786562222.606405,0.9182429313659668
reward/speed,5131,1786562226.000206,0.9235370755195618
reward/speed,5153,1786562229.345388,0.9239821434020996
reward/speed,5171,1786562232.059010,0.9251931309700012
reward/speed,5192,1786562235.200899,0.9164705276489258
reward/speed,5223,1786562239.852709,0.9095385670661926
reward/speed,5244,1786562242.955234,0.9122511744499207
reward/speed,5259,1786562244.756649,0.9325163960456848
reward/speed,5274,1786562246.463086,0.9159951210021973
reward/speed,5291,1786562248.406772,0.9109757542610168
reward/speed,5317,1786562251.420241,0.9254022836685181
reward/speed,5341,1786562254.126069,0.9319251775741577
reward/speed,5367,1786562256.806185,0.23586468398571014
reward/speed,5381,1786562258.222128,0.07717885822057724
reward/speed,5395,1786562259.616790,0.906114935874939
reward/speed,5418,1786562261.868237,0.9477294683456421
reward/speed,5433,1786562263.347965,0.10349998623132706
reward/speed,5451,1786562265.080870,0.9289090037345886
reward/speed,5471,1786562266.977231,0.9157892465591431
reward/speed,5494,1786562269.130980,0.9134095311164856
reward/speed,5509,1786562270.524561,0.9227421879768372
reward/speed,5537,1786562273.010799,0.9329935908317566
reward/speed,5552,1786562274.316456,0.9324407577514648
reward/speed,5571,1786562275.998775,0.9162561297416687
reward/speed,5592,1786562277.845924,0.9174755811691284
reward/speed,5610,1786562279.431682,0.9160193204879761
reward/speed,5632,1786562281.339328,0.9293931126594543
reward/speed,5653,1786562283.169614,0.9318366050720215
reward/speed,5668,1786562284.470708,0.9232770800590515
reward/speed,5680,1786562285.516046,0.9174588322639465
reward/speed,5700,1786562287.283185,0.9357665181159973
reward/speed,5716,1786562288.733153,0.927435576915741
reward/speed,5746,1786562291.344001,0.8324193954467773
reward/speed,5773,1786562294.952501,0.7368175387382507
reward/speed,5789,1786562297.352424,0.8813029527664185
reward/speed,5805,1786562299.598033,0.9060133099555969
reward/speed,5821,1786562301.752069,0.9256389737129211
reward/speed,5837,1786562303.905175,0.9308988451957703
reward/speed,5861,1786562307.112486,0.924129843711853
reward/speed,5884,1786562310.210442,0.9202049374580383
reward/speed,5905,1786562312.998824,0.8971303105354309
reward/speed,5926,1786562315.852236,0.7712448835372925
reward/speed,5941,1786562318.317551,0.02065042406320572
reward/speed,5961,1786562320.543517,0.8849861025810242
reward/speed,5981,1786562322.788355,0.8861426115036011
reward/speed,6004,1786562325.431402,0.9128912091255188
reward/speed,6025,1786562327.718115,0.9153102040290833
reward/speed,6042,1786562329.544186,0.9113489985466003
reward/speed,6059,1786562331.357875,0.9127858877182007
reward/speed,6079,1786562333.527048,0.9163435101509094
reward/speed,6094,1786562335.149428,0.9271084070205688
reward/speed,6112,1786562337.116458,0.9128206372261047
reward/speed,6135,1786562339.654851,0.910051703453064
reward/speed,6148,1786562341.078548,0.9176955223083496
reward/speed,6164,1786562342.885680,0.0621001236140728
reward/speed,6190,1786562345.804738,0.9141464233398438
reward/speed,6214,1786562348.740480,0.8593727946281433
reward/speed,6236,1786562351.582431,0.8862892389297485
reward/speed,6259,1786562354.571887,0.9168523550033569
reward/speed,6285,1786562358.028913,0.05964832380414009
reward/speed,6305,1786562360.573523,0.9225740432739258
reward/speed,6325,1786562363.084611,0.9101541638374329
reward/speed,6341,1786562365.020658,0.9185618162155151
reward/speed,6362,1786562367.474519,0.8387566804885864
reward/speed,6394,1786562371.071411,0.7462376356124878
reward/speed,6414,1786562373.245415,0.8319433927536011
reward/speed,6439,1786562375.932210,0.4825412631034851
reward/speed,6457,1786562377.865809,0.4203595221042633
reward/speed,6472,1786562379.440882,0.6511403918266296
reward/speed,6500,1786562382.323081,0.5622513890266418
reward/speed,6520,1786562384.372791,0.397577702999115
reward/speed,6541,1786562386.478180,0.34403911232948303
reward/speed,6560,1786562388.377370,0.33365654945373535
reward/speed,6581,1786562390.480783,0.5222346186637878
reward/speed,6597,1786562392.075110,0.8464743494987488
reward/speed,6616,1786562393.940770,0.8624599575996399
reward/speed,6636,1786562395.922692,0.875067412853241
reward/speed,6661,1786562398.412641,0.9188291430473328
reward/speed,6686,1786562400.893475,0.9331372976303101
reward/speed,6704,1786562402.698255,0.8442757725715637
reward/speed,6719,1786562404.223999,0.8367756009101868
reward/speed,6744,1786562407.110275,0.8770631551742554
reward/speed,6761,1786562408.793519,0.9123032689094543
reward/speed,6789,1786562411.520858,0.9211767911911011
reward/speed,6813,1786562413.783140,0.8702113032341003
reward/speed,6826,1786562414.990692,0.9022024869918823
reward/speed,6845,1786562416.843973,0.925632655620575
reward/speed,6861,1786562419.485696,0.9105585217475891
reward/speed,6876,1786562421.814551,0.9133868217468262
reward/speed,6896,1786562424.946895,0.9296900629997253
reward/speed,6913,1786562427.665249,0.9215667843818665
reward/speed,6943,1786562432.400640,0.9162521362304688
reward/speed,6963,1786562435.558921,0.9371606707572937
reward/speed,6978,1786562437.908788,0.9318879842758179
reward/speed,6994,1786562440.402474,0.9210400581359863
reward/speed,7014,1786562443.509873,0.9319628477096558
reward/speed,7031,1786562446.144235,0.9065741300582886
reward/speed,7053,1786562449.476721,0.9250609278678894
reward/speed,7073,1786562452.467805,0.8878999948501587
reward/speed,7089,1786562454.816743,0.8903778791427612
reward/speed,7119,1786562459.113619,0.8623757362365723
reward/speed,7136,1786562461.500474,0.9253255724906921
reward/speed,7157,1786562464.475855,0.9193660020828247
reward/speed,7177,1786562467.307748,0.9079626202583313
reward/speed,7194,1786562469.741179,0.9287866353988647
reward/speed,7210,1786562472.024325,0.9226621389389038
reward/speed,7227,1786562474.518567,0.9334927797317505
reward/speed,7250,1786562477.951513,0.9129120111465454
reward/speed,7269,1786562480.810670,0.9134842753410339
reward/speed,7292,1786562484.125289,0.9013941884040833
reward/speed,7310,1786562486.645558,0.9305014610290527
reward/speed,7329,1786562489.278903,0.9431313276290894
reward/speed,7347,1786562491.745624,0.9250990152359009
reward/speed,7371,1786562495.052250,0.9175539016723633
reward/speed,7392,1786562497.893041,0.91871178150177
reward/speed,7410,1786562500.332524,0.9148229360580444
reward/speed,7430,1786562503.128965,0.9099686741828918
reward/speed,7444,1786562505.057064,0.9248054623603821
reward/speed,7465,1786562507.976708,0.8939555287361145
reward/speed,7484,1786562510.600802,0.93690025806427
reward/speed,7510,1786562514.207501,0.9164960980415344
reward/speed,7531,1786562516.982078,0.7716692686080933
reward/speed,7547,1786562519.110134,0.8618854284286499
reward/speed,7563,1786562522.714957,0.3920000493526459
reward/speed,7583,1786562525.760450,0.8525139093399048
reward/speed,7611,1786562529.960907,0.8810149431228638
reward/speed,7637,1786562533.898922,0.897391140460968
reward/speed,7653,1786562536.351403,0.9387965202331543
reward/speed,7671,1786562539.069735,0.8742635846138
reward/speed,7693,1786562542.299368,0.9277073740959167
reward/speed,7718,1786562545.634177,0.9170743227005005
reward/speed,7737,1786562547.926080,0.854770839214325
reward/speed,7763,1786562551.282222,0.893947958946228
reward/speed,7783,1786562553.631153,0.9353534579277039
reward/speed,7793,1786562554.799068,0.9371834993362427
reward/speed,7817,1786562557.600267,0.9215954542160034
reward/speed,7840,1786562560.257200,0.9220969080924988
reward/speed,7856,1786562562.076605,0.902061939239502
reward/speed,7870,1786562563.678104,0.894567608833313
reward/speed,7887,1786562565.595969,0.9244723320007324
reward/speed,7916,1786562568.705408,0.8541287183761597
reward/speed,7932,1786562570.327372,0.6605623364448547
reward/speed,7951,1786562572.246458,0.6696061491966248
reward/speed,7969,1786562574.102855,0.6877710223197937
reward/speed,7990,1786562576.154567,0.9404884576797485
reward/speed,8006,1786562577.745590,0.909934401512146
reward/speed,8022,1786562579.230220,0.9309929609298706
reward/speed,8050,1786562581.801287,0.8301099538803101
reward/speed,8076,1786562584.210014,0.9311931729316711
reward/speed,8093,1786562585.777802,0.9275392293930054
reward/speed,8115,1786562587.739031,0.9064226150512695
reward/speed,8128,1786562588.895817,0.9197784662246704
reward/speed,8151,1786562590.974456,0.9557567238807678
reward/speed,8179,1786562594.078202,0.7327038645744324
reward/speed,8198,1786562596.139566,0.9011901617050171
reward/speed,8216,1786562598.064255,0.9085060954093933
reward/speed,8233,1786562599.885763,0.9275158047676086
reward/speed,8245,1786562601.150889,0.9169168472290039
reward/speed,8269,1786562603.665524,0.9272899627685547
reward/speed,8288,1786562605.611386,0.908927321434021
reward/speed,8311,1786562607.939893,0.9331266283988953
reward/speed,8327,1786562609.537799,0.9248441457748413
reward/speed,8349,1786562611.701433,0.929892361164093
reward/speed,8366,1786562613.336117,0.9191401600837708
reward/speed,8394,1786562616.161980,0.9304496645927429
reward/speed,8412,1786562618.245595,0.9161946177482605
reward/speed,8427,1786562620.095743,0.9094599485397339
reward/speed,8446,1786562622.534660,0.9273125529289246
reward/speed,8468,1786562625.396451,0.9266676902770996
reward/speed,8490,1786562628.256605,0.9346853494644165
reward/speed,8507,1786562630.467703,0.9044739603996277
reward/speed,8529,1786562633.329030,0.9288405179977417
reward/speed,8549,1786562635.900799,0.9336794018745422
reward/speed,8574,1786562639.112181,0.9143886566162109
reward/speed,8595,1786562641.729897,0.9252293705940247
reward/speed,8620,1786562644.862987,0.9188166856765747
reward/speed,8646,1786562648.050142,0.9139384031295776
reward/speed,8660,1786562649.751505,0.9206137657165527
reward/speed,8683,1786562652.487710,0.9357156753540039
reward/speed,8705,1786562655.110849,0.8927580118179321
reward/speed,8727,1786562657.613343,0.9159754514694214
reward/speed,8747,1786562659.873607,0.9226900935173035
reward/speed,8763,1786562661.687762,0.9251106977462769
reward/speed,8782,1786562663.799480,0.9269224405288696
reward/speed,8802,1786562666.002361,0.9342488050460815
reward/speed,8825,1786562668.487831,0.9227813482284546
reward/speed,8846,1786562670.768184,0.9214309453964233
reward/speed,8864,1786562672.734164,0.9236096143722534
reward/speed,8887,1786562675.280002,0.9343128204345703
reward/speed,8904,1786562677.160823,0.917132556438446
reward/speed,8930,1786562680.000297,0.923514187335968
reward/speed,8947,1786562681.837662,0.9071299433708191
reward/speed,8967,1786562683.991816,0.9206899404525757
reward/speed,8982,1786562685.574768,0.9400236010551453
reward/speed,8996,1786562687.034304,0.928381085395813
reward/speed,9008,1786562688.277183,0.9209585189819336
reward/speed,9032,1786562690.742268,0.9244421124458313
reward/speed,9053,1786562692.924789,0.909946084022522
reward/speed,9085,1786562696.245852,0.905739426612854
reward/speed,9103,1786562698.195257,0.9038665890693665
reward/speed,9122,1786562700.561845,0.913910984992981
reward/speed,9133,1786562702.002527,0.9134345054626465
reward/speed,9158,1786562705.293583,0.9159457087516785
reward/speed,9178,1786562707.982366,0.9244686961174011
reward/speed,9203,1786562711.315673,0.9199913144111633
reward/speed,9223,1786562714.020312,0.896976113319397
reward/speed,9241,1786562716.426714,0.9361898303031921
reward/speed,9264,1786562719.469314,0.9043053388595581
reward/speed,9286,1786562722.378698,0.9294179677963257
reward/speed,9304,1786562724.762432,0.9326727986335754
reward/speed,9315,1786562726.197776,0.9120281934738159
reward/speed,9332,1786562728.451509,0.9398992657661438
reward/speed,9356,1786562731.586442,0.9164408445358276
reward/speed,9380,1786562736.547369,0.6612933874130249
reward/speed,9396,1786562739.210938,0.7753837704658508
reward/speed,9411,1786562741.175095,0.7194828391075134
reward/speed,9430,1786562743.668259,0.5045837163925171
reward/speed,9444,1786562745.502177,0.822979748249054
reward/speed,9463,1786562747.991885,0.8982659578323364
reward/speed,9480,1786562750.202785,0.8945704698562622
reward/speed,9500,1786562752.815937,0.919909656047821
reward/speed,9519,1786562755.293541,0.5750828981399536
reward/speed,9536,1786562757.475822,0.9562918543815613
reward/speed,9554,1786562759.784142,0.21434688568115234
reward/speed,9576,1786562762.586019,0.06800365447998047
reward/speed,9594,1786562764.842489,0.11334256827831268
reward/speed,9614,1786562767.282887,0.4095008373260498
reward/speed,9628,1786562769.024366,0.604817271232605
reward/speed,9643,1786562771.209514,0.8788734674453735
reward/speed,9662,1786562774.621418,0.9918708801269531
reward/speed,9683,1786562778.398977,0.2790111303329468
reward/speed,9702,1786562781.900167,0.39383935928344727
reward/speed,9720,1786562784.140820,0.8975573778152466
reward/speed,9741,1786562786.752789,0.9211653470993042
reward/speed,9764,1786562789.594485,0.9214925765991211
reward/speed,9780,1786562791.540908,0.9347957372665405
reward/speed,9798,1786562793.709534,0.9188674688339233
reward/speed,9814,1786562795.663513,0.9292174577713013
reward/speed,9831,1786562797.706216,0.9193058013916016
reward/speed,9857,1786562800.694340,0.9390448331832886
reward/speed,9871,1786562802.278225,0.9315738677978516
reward/speed,9893,1786562804.721313,0.9064429998397827
reward/speed,9908,1786562806.378921,0.9147826433181763
reward/speed,9934,1786562809.268664,0.8940144777297974
reward/speed,9954,1786562811.498063,0.902288556098938
reward/speed,9974,1786562813.722337,0.5897951126098633
reward/speed,9998,1786562816.415624,0.7435048818588257
reward/speed,10011,1786562818.025401,0.3205649256706238
reward/speed,10029,1786562820.086887,0.6525834798812866
reward/speed,10057,1786562823.230721,0.5029997229576111
reward/speed,10073,1786562824.956201,0.6804141998291016
reward/speed,10096,1786562828.004152,0.826532244682312
reward/speed,10110,1786562829.558497,0.876778781414032
reward/speed,10127,1786562831.410962,0.9271777272224426
reward/speed,10148,1786562833.595030,0.07505197823047638
reward/speed,10168,1786562835.557812,0.9226440191268921
reward/speed,10190,1786562837.677890,0.9218215942382812
reward/speed,10213,1786562841.089213,0.8703519701957703
reward/speed,10228,1786562843.164490,0.8985671997070312
reward/speed,10242,1786562845.096977,0.9224221110343933
reward/speed,10263,1786562847.905173,0.9028040170669556
reward/speed,10286,1786562850.922615,0.9358213543891907
reward/speed,10306,1786562853.530720,0.9085661768913269
reward/speed,10333,1786562856.964166,0.9232093095779419
reward/speed,10350,1786562859.089940,0.9184762239456177
reward/speed,10374,1786562862.087980,0.9258502125740051
reward/speed,10396,1786562864.771818,0.9146021008491516
reward/speed,10418,1786562867.458906,0.9253268241882324
reward/speed,10439,1786562870.014296,0.9203475117683411
reward/speed,10462,1786562872.819126,0.929290771484375
reward/speed,10487,1786562875.885107,0.9165754318237305
reward/speed,10505,1786562878.082175,0.924994170665741
reward/speed,10527,1786562880.745843,0.934486985206604
reward/speed,10544,1786562882.774412,0.9101982116699219
reward/speed,10566,1786562885.383617,0.9331385493278503
reward/speed,10580,1786562887.020590,0.9178754091262817
reward/speed,10606,1786562890.006518,0.9273187518119812
reward/speed,10621,1786562891.750620,0.9257479906082153
reward/speed,10638,1786562893.708282,0.08185815811157227
reward/speed,10652,1786562895.349832,0.8501089811325073
reward/speed,10666,1786562897.132171,0.9044381976127625
reward/speed,10681,1786562899.158250,0.8872667551040649
reward/speed,10702,1786562902.069487,0.9143935441970825
reward/speed,10716,1786562904.019700,0.9392231106758118
reward/speed,10741,1786562907.573894,0.9107071757316589
reward/speed,10766,1786562911.092197,0.932105541229248
reward/speed,10783,1786562913.479520,0.9327570796012878
reward/speed,10803,1786562916.259950,0.9334421157836914
reward/speed,10828,1786562919.696628,0.9272062182426453
reward/speed,10851,1786562922.928152,0.9369446635246277
reward/speed,10866,1786562925.010882,0.9324694871902466
reward/speed,10886,1786562927.845449,0.16059847176074982
reward/speed,10913,1786562934.218937,0.8519550561904907
reward/speed,10932,1786562937.720625,0.8531423807144165
reward/speed,10953,1786562941.622918,0.9111791849136353
reward/speed,10969,1786562944.569029,0.8180307149887085
reward/speed,10989,1786562948.256205,0.8897086977958679
reward/speed,11017,1786562953.347443,0.8294934034347534
reward/speed,11036,1786562956.779033,0.9269083142280579
reward/speed,11053,1786562959.840137,0.9034941792488098
reward/speed,11072,1786562963.253405,0.9290187954902649
reward/speed,11089,1786562966.319457,0.7959160804748535
reward/speed,11108,1786562969.716033,0.8536872863769531
reward/speed,11127,1786562973.126733,0.8304198384284973
reward/speed,11149,1786562977.076811,0.8912924528121948
reward/speed,11168,1786562980.473483,0.9117364883422852
reward/speed,11187,1786562983.835523,0.9133750796318054
reward/speed,11203,1786562986.642612,0.9303115010261536
reward/speed,11223,1786562990.179007,0.808518648147583
reward/speed,11242,1786562993.493345,0.9898495078086853
reward/speed,11266,1786562997.686042,0.9242067337036133
reward/speed,11285,1786563000.977061,0.9233290553092957
reward/speed,11301,1786563003.695889,0.9100039601325989
reward/speed,11318,1786563006.525073,0.9158681631088257
reward/speed,11343,1786563010.629731,0.8955027461051941
reward/speed,11364,1786563014.045016,0.8965833783149719
reward/speed,11385,1786563017.447835,0.17066773772239685
reward/speed,11405,1786563020.740176,0.3504163324832916
reward/speed,11426,1786563024.414239,0.6496683359146118
reward/speed,11447,1786563027.519909,0.9055987596511841
reward/speed,11472,1786563030.889548,0.9195977449417114
reward/speed,11497,1786563034.242506,0.9107751846313477
reward/speed,11517,1786563036.909340,0.08326645195484161
reward/speed,11537,1786563039.610817,0.8177453875541687
reward/speed,11559,1786563042.855225,0.8257170915603638
reward/speed,11574,1786563044.554210,0.8912086486816406
reward/speed,11604,1786563047.891759,0.9208449125289917
reward/speed,11639,1786563051.723094,0.9367982745170593
reward/speed,11655,1786563053.473177,0.9232324361801147
reward/speed,11675,1786563055.650005,0.9272056818008423
reward/speed,11689,1786563057.154242,0.9080117344856262
reward/speed,11721,1786563060.552371,0.9221046566963196
reward/speed,11739,1786563062.423974,0.9284247159957886
reward/speed,11755,1786563064.083200,0.928637683391571
reward/speed,11768,1786563065.393882,0.08102808147668839
reward/speed,11791,1786563067.719009,0.8588218688964844
reward/speed,11811,1786563070.411308,0.8584551811218262
reward/speed,11826,1786563073.001743,0.8574050664901733
reward/speed,11858,1786563078.619614,0.9416273236274719
reward/speed,11874,1786563081.442505,0.9143747091293335
reward/speed,11894,1786563084.875941,0.9149361848831177
reward/speed,11909,1786563087.497435,0.9256882667541504
reward/speed,11929,1786563090.892103,0.9430559873580933
reward/speed,11943,1786563093.258570,0.9327815175056458
reward/speed,11962,1786563096.482260,0.9047970771789551
reward/speed,11978,1786563099.172887,0.9269437789916992
reward/speed,12003,1786563103.502784,0.9429756999015808
reward/speed,12020,1786563106.353368,0.7488976120948792
reward/speed,12039,1786563109.620847,0.7587381601333618
reward/speed,12058,1786563112.840502,0.46823328733444214
reward/speed,12073,1786563115.381560,6.700471567455679e-05
reward/speed,12085,1786563117.404374,0.2012568712234497
reward/speed,12102,1786563120.264410,0.2565177083015442
reward/speed,12124,1786563123.981761,0.3209688663482666
reward/speed,12142,1786563127.122786,0.3870106637477875
reward/speed,12166,1786563130.468007,0.8684983253479004
reward/speed,12188,1786563132.871576,0.9158313870429993
reward/speed,12219,1786563136.271145,0.932497501373291
reward/speed,12241,1786563138.666288,0.9230681657791138
reward/speed,12258,1786563140.466888,0.9124789237976074
reward/speed,12273,1786563142.059017,0.9346078038215637
reward/speed,12295,1786563144.361841,0.8992372751235962
reward/speed,12314,1786563146.344762,0.9296188354492188
reward/speed,12331,1786563148.146042,0.9294275045394897
reward/speed,12344,1786563149.508871,0.926918625831604
reward/speed,12368,1786563152.054635,0.9323346018791199
reward/speed,12386,1786563153.934080,0.9276077151298523
reward/speed,12405,1786563155.919176,0.9126971364021301
reward/speed,12418,1786563157.261516,0.9228919148445129
reward/speed,12443,1786563159.842032,0.9422319531440735
reward/speed,12460,1786563161.577354,0.9160151481628418
reward/speed,12471,1786563162.703150,0.9262617230415344
reward/speed,12494,1786563164.998043,0.9213079214096069
reward/speed,12509,1786563166.513792,0.9315261840820312
reward/speed,12525,1786563168.141932,0.9363200068473816
reward/speed,12541,1786563169.745329,0.9239237904548645
reward/speed,12559,1786563171.554223,0.6392483711242676
reward/speed,12584,1786563174.402860,0.8156585693359375
reward/speed,12600,1786563176.426422,0.5719158053398132
reward/speed,12628,1786563180.051825,0.5132445096969604
reward/speed,12657,1786563183.875812,0.7691425085067749
reward/speed,12685,1786563187.470700,0.7520444989204407
reward/speed,12700,1786563189.393857,0.9212950468063354
reward/speed,12716,1786563191.436244,0.8745627403259277
reward/speed,12733,1786563193.612359,0.8814004063606262
reward/speed,12754,1786563196.276339,0.9259440302848816
reward/speed,12782,1786563199.867376,0.9338665008544922
reward/speed,12812,1786563203.634126,0.9323755502700806
reward/speed,12837,1786563206.765139,0.926866352558136
reward/speed,12857,1786563209.253920,0.08468075096607208
reward/speed,12876,1786563211.551505,0.754701554775238
reward/speed,12898,1786563214.159945,0.8392894864082336
reward/speed,12921,1786563216.856953,0.3993145823478699
reward/speed,12941,1786563219.190162,0.47541213035583496
reward/speed,12961,1786563221.542477,0.8946626782417297
reward/speed,12985,1786563224.332106,0.8794043660163879
reward/speed,13009,1786563227.111932,0.63423752784729
reward/speed,13026,1786563229.093975,0.6502236127853394
reward/speed,13064,1786563233.434021,0.5967187285423279
reward/speed,13078,1786563235.791399,0.500186562538147
reward/speed,13094,1786563238.076653,0.7123340964317322
reward/speed,13112,1786563240.830767,0.8543316721916199
reward/speed,13126,1786563242.601255,0.9042229652404785
reward/speed,13148,1786563245.394326,0.9350539445877075
reward/speed,13172,1786563248.481168,0.9082344770431519
reward/speed,13192,1786563251.085269,0.9199186563491821
reward/speed,13207,1786563253.058695,0.1752602607011795
reward/speed,13229,1786563255.875596,0.5059574842453003
reward/speed,13252,1786563258.785214,0.8900365829467773
reward/speed,13275,1786563261.680118,0.8705987930297852
reward/speed,13289,1786563263.411853,0.832886815071106
reward/speed,13319,1786563267.097889,0.9222768545150757
reward/speed,13345,1786563270.285691,0.9070021510124207
reward/speed,13363,1786563272.522202,0.9161213636398315
reward/speed,13376,1786563274.203775,0.9224686622619629
reward/speed,13403,1786563277.968653,0.1087002381682396
reward/speed,13422,1786563281.010534,0.9258631467819214
reward/speed,13437,1786563283.241352,0.9415639042854309
reward/speed,13459,1786563286.468761,0.9000978469848633
reward/speed,13477,1786563289.068075,0.9134308099746704
reward/speed,13493,1786563291.365262,0.9218476414680481
reward/speed,13508,1786563293.526383,0.9002636671066284
reward/speed,13540,1786563297.934585,0.9235875010490417
reward/speed,13559,1786563300.412031,0.9194363355636597
reward/speed,13580,1786563303.092012,0.9252318143844604
reward/speed,13594,1786563304.893278,0.9369869232177734
reward/speed,13612,1786563307.117399,0.9088946580886841
reward/speed,13637,1786563310.218824,0.9232937693595886
reward/speed,13654,1786563312.243743,0.9369761347770691
reward/speed,13667,1786563313.763862,0.9242779016494751
reward/speed,13690,1786563316.359506,0.9172247648239136
reward/speed,13705,1786563318.015271,0.9235435724258423
reward/speed,13726,1786563320.233291,0.9424874186515808
reward/speed,13744,1786563322.124443,0.9054470062255859
reward/speed,13762,1786563324.014715,0.9226039052009583
reward/speed,13783,1786563326.200588,0.9043086171150208
reward/speed,13802,1786563328.180934,0.93133145570755
reward/speed,13820,1786563330.101234,0.9248291850090027
reward/speed,13846,1786563332.944247,0.9128751754760742
reward/speed,13865,1786563335.055259,0.9127087593078613
reward/speed,13878,1786563336.465201,0.9258639216423035
reward/speed,13898,1786563338.673373,0.904454231262207
reward/speed,13923,1786563341.438060,0.9089357256889343
reward/speed,13942,1786563343.493503,0.9218651056289673
reward/speed,13962,1786563345.646934,0.9192074537277222
reward/speed,13987,1786563348.368899,0.9219995737075806
reward/speed,14003,1786563350.255348,0.9377331733703613
reward/speed,14030,1786563353.131316,0.9223459362983704
reward/speed,14051,1786563355.292506,0.9157420992851257
reward/speed,14066,1786563356.747401,0.9189977645874023
reward/speed,14094,1786563359.403492,0.929131031036377
reward/speed,14110,1786563362.953752,0.6799524426460266
reward/speed,14127,1786563365.357192,0.8976967930793762
reward/speed,14150,1786563368.613500,0.92383873462677
reward/speed,14169,1786563371.285739,0.9074323773384094
reward/speed,14193,1786563374.440684,0.9259198904037476
reward/speed,14210,1786563376.618538,0.9392989873886108
reward/speed,14234,1786563379.505237,0.9035807847976685
reward/speed,14249,1786563381.241001,0.9277250170707703
reward/speed,14268,1786563383.406499,0.9164867401123047
reward/speed,14299,1786563386.941754,0.9009064435958862
reward/speed,14328,1786563390.210892,0.9157575368881226
reward/speed,14345,1786563392.134236,0.9151568412780762
reward/speed,14360,1786563393.825211,0.9119381904602051
reward/speed,14381,1786563396.147084,0.5733510255813599
reward/speed,14399,1786563398.109719,0.7574148178100586
reward/speed,14419,1786563400.248707,0.7720609307289124
reward/speed,14446,1786563403.172935,0.6931583881378174
reward/speed,14458,1786563404.453999,0.8960461616516113
reward/speed,14470,1786563405.904866,0.9062528610229492
reward/speed,14493,1786563408.951682,0.8723535537719727
reward/speed,14510,1786563411.175594,0.9087948799133301
reward/speed,14529,1786563413.669011,0.7169284820556641
reward/speed,14545,1786563415.767540,0.9858357310295105
reward/speed,14569,1786563418.938606,0.8498482704162598
reward/speed,14589,1786563421.601680,0.28035181760787964
reward/speed,14605,1786563423.703982,0.45896440744400024
reward/speed,14624,1786563426.227962,0.6085401773452759
reward/speed,14650,1786563429.725010,0.9199519157409668
reward/speed,14664,1786563431.590612,0.8856841921806335
reward/speed,14681,1786563433.832892,0.8581811189651489
reward/speed,14709,1786563437.400500,0.9307770729064941
reward/speed,14727,1786563439.668147,0.913956344127655
reward/speed,14750,1786563442.373847,0.9276416897773743
reward/speed,14773,1786563445.019689,0.9333035349845886
reward/speed,14797,1786563447.422376,0.9168608784675598
reward/speed,14817,1786563449.386029,0.94585782289505
reward/speed,14844,1786563451.921839,0.9149848818778992
reward/speed,14865,1786563453.831582,0.9306640625
reward/speed,14885,1786563455.585908,0.9326055645942688
reward/speed,14902,1786563457.069320,0.8005232810974121
reward/speed,14922,1786563458.787511,0.8020642995834351
reward/speed,14940,1786563460.305017,0.9266006350517273
reward/speed,14954,1786563463.788729,0.1332346498966217
reward/speed,14985,1786563468.670177,0.8957597613334656
reward/speed,15002,1786563471.316976,0.9217661023139954
reward/speed,15021,1786563474.282219,0.9218360185623169
reward/speed,15043,1786563477.740365,0.9266904592514038
reward/speed,15062,1786563480.742834,0.9212554097175598
reward/speed,15083,1786563484.054380,0.9214397668838501
reward/speed,15112,1786563488.550598,0.9308644533157349
reward/speed,15131,1786563491.453344,0.9304834604263306
reward/speed,15152,1786563494.604077,0.92625492811203
reward/speed,15168,1786563497.033369,0.9221320152282715
reward/speed,15192,1786563500.642582,0.9095839262008667
reward/speed,15208,1786563502.981961,0.928127646446228
reward/speed,15231,1786563506.292968,0.9241296648979187
reward/speed,15251,1786563509.119802,0.9122864603996277
reward/speed,15267,1786563511.370025,0.9163834452629089
reward/speed,15291,1786563514.691672,0.9181517362594604
reward/speed,15306,1786563516.745291,0.9237818717956543
reward/speed,15331,1786563520.206966,0.9286489486694336
reward/speed,15353,1786563523.205261,0.9257906675338745
reward/speed,15371,1786563525.466851,0.9131552577018738
reward/speed,15393,1786563528.154323,0.5304258465766907
reward/speed,15411,1786563530.296411,0.04391208663582802
reward/speed,15434,1786563532.877060,0.02605493739247322
reward/speed,15449,1786563534.577543,2.6106285986315925e-06
reward/speed,15474,1786563537.401169,0.5253081321716309
reward/speed,15497,1786563540.000256,0.05948212742805481
reward/speed,15517,1786563542.257267,0.20652993023395538
reward/speed,15535,1786563544.255355,0.4004901051521301
reward/speed,15553,1786563546.261073,0.5979676842689514
reward/speed,15566,1786563547.699757,0.8670310974121094
reward/speed,15590,1786563550.358621,0.4929439127445221
reward/speed,15614,1786563552.790941,0.5008333921432495
reward/speed,15640,1786563555.370537,0.8917310833930969
reward/speed,15662,1786563557.550603,0.8650729060173035
reward/speed,15687,1786563560.004874,0.8753770589828491
reward/speed,15713,1786563562.528562,0.853509783744812
reward/speed,15729,1786563564.038279,0.8430188894271851
reward/speed,15753,1786563566.358122,0.8947018384933472
reward/speed,15767,1786563567.868925,0.6488823294639587
reward/speed,15792,1786563570.826712,0.9067684412002563
reward/speed,15815,1786563573.636544,0.7640278935432434
reward/speed,15840,1786563576.662951,0.9226391911506653
reward/speed,15856,1786563578.582934,0.7383304834365845
reward/speed,15884,1786563581.926654,0.9306474924087524
reward/speed,15900,1786563583.836659,0.9193928837776184
reward/speed,15925,1786563586.766923,0.9148906469345093
reward/speed,15940,1786563588.489693,0.9177078008651733
reward/speed,15964,1786563591.222629,0.9160280227661133
reward/speed,15982,1786563593.252719,0.9328845739364624
reward/speed,16008,1786563596.276177,0.9134227633476257
reward/speed,16024,1786563598.051682,0.9315241575241089
reward/speed,16039,1786563599.709188,0.9331053495407104
reward/speed,16062,1786563602.231010,0.909732460975647
reward/speed,16082,1786563604.411230,0.932146430015564
reward/speed,16102,1786563606.539776,0.9158766865730286
reward/speed,16113,1786563607.686910,0.9042837023735046
reward/speed,16129,1786563609.378241,0.9065667390823364
reward/speed,16146,1786563611.106429,0.9069841504096985
reward/speed,16166,1786563613.816614,0.8630925416946411
reward/speed,16176,1786563614.922758,0.8899435997009277
reward/speed,16196,1786563617.130320,0.9280980229377747
reward/speed,16211,1786563618.786451,0.9361515045166016
reward/speed,16235,1786563621.434945,0.9222561120986938
reward/speed,16251,1786563623.189016,0.9102608561515808
reward/speed,16275,1786563625.847065,0.9163670539855957
reward/speed,16291,1786563627.638802,0.922099232673645
reward/speed,16317,1786563630.598716,0.9315430521965027
reward/speed,16349,1786563634.123179,0.7965298295021057
reward/speed,16368,1786563636.134043,0.42103201150894165
reward/speed,16395,1786563638.875677,0.3897719979286194
reward/speed,16408,1786563640.129947,0.8364489674568176
reward/speed,16428,1786563642.470100,0.3920000493526459
reward/speed,16446,1786563644.742341,0.7959485054016113
reward/speed,16466,1786563647.185383,0.8644893765449524
reward/speed,16486,1786563649.585377,0.9141217470169067
reward/speed,16506,1786563651.909183,0.9170767068862915
reward/speed,16529,1786563654.559604,0.804537296295166
reward/speed,16555,1786563657.563060,0.9019634127616882
reward/speed,16572,1786563659.521101,0.923017680644989
reward/speed,16585,1786563661.017859,0.9255061149597168
reward/speed,16603,1786563663.097271,0.10220155864953995
reward/speed,16627,1786563665.809022,0.907305896282196
reward/speed,16645,1786563669.144663,0.6644272208213806
reward/speed,16665,1786563671.615272,0.8865289688110352
reward/speed,16680,1786563673.515533,0.911740779876709
reward/speed,16697,1786563675.637322,0.9294140934944153
reward/speed,16725,1786563678.976912,0.9333659410476685
reward/speed,16742,1786563680.992274,0.9453652501106262
reward/speed,16769,1786563684.210175,0.9221047163009644
reward/speed,16787,1786563686.315833,0.9232267141342163
reward/speed,16803,1786563688.141032,0.91241055727005
reward/speed,16823,1786563690.453247,0.9299768209457397
reward/speed,16843,1786563692.730630,0.9201828241348267
reward/speed,16864,1786563695.139956,0.9412312507629395
reward/speed,16885,1786563697.554626,0.9227330088615417
reward/speed,16903,1786563699.603633,0.9217190742492676
reward/speed,16924,1786563701.970929,0.9247030019760132
reward/speed,16942,1786563703.998502,0.9135432243347168
reward/speed,16959,1786563705.908321,0.9341810345649719
reward/speed,16977,1786563707.894610,0.9338919520378113
reward/speed,16997,1786563710.075062,0.9433459043502808
reward/speed,17012,1786563711.664234,0.8761221170425415
reward/speed,17026,1786563713.136189,0.9352813959121704
reward/speed,17045,1786563715.140513,0.7905431985855103
reward/speed,17069,1786563717.722179,0.41363245248794556
reward/speed,17094,1786563720.371835,0.5686773657798767
reward/speed,17116,1786563722.697896,0.5757286548614502
reward/speed,17134,1786563724.707784,0.8912631869316101
reward/speed,17156,1786563727.494163,0.7286316156387329
reward/speed,17173,1786563729.771540,0.8848592042922974
reward/speed,17198,1786563733.990967,0.9169708490371704
reward/speed,17216,1786563736.508692,0.9299335479736328
reward/speed,17243,1786563740.195807,0.9156637191772461
reward/speed,17256,1786563741.952203,0.9222285151481628
reward/speed,17286,1786563746.033328,0.9264615774154663
reward/speed,17322,1786563750.884620,0.9276350140571594
reward/speed,17345,1786563753.982214,0.9307920336723328
reward/speed,17362,1786563756.217430,0.9291225075721741
reward/speed,17388,1786563759.669747,0.9619817137718201
reward/speed,17406,1786563764.030808,0.8511557579040527
reward/speed,17434,1786563768.059439,0.9141898155212402
reward/speed,17458,1786563771.445035,0.9309049844741821
reward/speed,17481,1786563774.644965,0.9084281921386719
reward/speed,17504,1786563777.832615,0.9300068616867065
reward/speed,17521,1786563780.205539,0.9299392700195312
reward/speed,17537,1786563782.426230,0.9303191900253296
reward/speed,17557,1786563785.073473,0.9164448976516724
reward/speed,17577,1786563787.455140,0.8634430766105652
reward/speed,17595,1786563789.856994,0.7284786701202393
reward/speed,17616,1786563792.316124,0.16294388473033905
reward/speed,17630,1786563793.883246,5.996390882501146e-06
reward/speed,17643,1786563795.352519,0.20935595035552979
reward/speed,17669,1786563798.278043,0.37235748767852783
reward/speed,17687,1786563800.289012,0.702210545539856
reward/speed,17699,1786563801.632266,0.6579806804656982
reward/speed,17722,1786563804.224590,0.3153209388256073
reward/speed,17735,1786563805.705263,0.7948206663131714
reward/speed,17754,1786563807.830947,0.9147661924362183
reward/speed,17782,1786563810.673784,0.8975198864936829
reward/speed,17805,1786563812.947396,0.9135442972183228
reward/speed,17824,1786563814.779143,0.9375013113021851
reward/speed,17841,1786563816.450346,0.9276103973388672
reward/speed,17866,1786563818.832855,0.9182177782058716
reward/speed,17884,1786563820.508362,0.918021559715271
reward/speed,17901,1786563822.097680,0.9306904673576355
reward/speed,17925,1786563824.280865,0.9267722964286804
reward/speed,17941,1786563825.690206,0.9143586158752441
reward/speed,17965,1786563827.771442,0.9299107789993286
reward/speed,17980,1786563829.051731,0.9147101640701294
reward/speed,18003,1786563831.161046,0.9259503483772278
reward/speed,18025,1786563833.083413,0.9166531562805176
reward/speed,18042,1786563834.546876,0.9277073740959167
reward/speed,18062,1786563836.269041,0.9202349781990051
reward/speed,18081,1786563837.921940,0.9342770576477051
reward/speed,18107,1786563840.157830,0.7227956056594849
reward/speed,18121,1786563841.380442,0.17226099967956543
reward/speed,18136,1786563842.671833,0.27895063161849976
reward/speed,18153,1786563844.166867,0.00017971743363887072
reward/speed,18176,1786563846.239422,0.4083532691001892
reward/speed,18197,1786563848.121819,0.43224772810935974
reward/speed,18215,1786563849.706125,0.15290232002735138
reward/speed,18231,1786563851.119978,0.9288721084594727
reward/speed,18245,1786563852.433287,0.9089323282241821
reward/speed,18265,1786563854.453749,0.8933035731315613
reward/speed,18278,1786563855.833240,0.9281667470932007
reward/speed,18300,1786563858.277856,0.896515965461731
reward/speed,18318,1786563860.301468,0.934502124786377
reward/speed,18345,1786563863.322058,0.944436252117157
reward/speed,18366,1786563865.618570,0.9204782247543335
reward/speed,18390,1786563868.292559,0.9336370229721069
reward/speed,18405,1786563870.016688,0.9241320490837097
reward/speed,18423,1786563871.983202,0.9077101945877075
reward/speed,18441,1786563873.928087,0.9184368252754211
reward/speed,18458,1786563875.707134,0.9206348657608032
reward/speed,18479,1786563877.895916,0.9194853901863098
reward/speed,18504,1786563880.487669,0.9093575477600098
reward/speed,18523,1786563882.484007,0.9044132232666016
reward/speed,18542,1786563884.472944,0.9357588887214661
reward/speed,18556,1786563885.936440,0.9293749928474426
reward/speed,18580,1786563888.423813,0.9262649416923523
reward/speed,18592,1786563891.645726,0.020650485530495644
reward/speed,18607,1786563894.301127,0.8775802850723267
reward/speed,18626,1786563897.660014,0.9109029769897461
reward/speed,18652,1786563902.244333,0.9206944704055786
reward/speed,18670,1786563905.421437,0.9211736917495728
reward/speed,18682,1786563907.547954,0.9105933904647827
reward/speed,18701,1786563910.860367,0.9293867349624634
reward/speed,18722,1786563914.542241,0.8794509172439575
reward/speed,18739,1786563917.684449,0.9038117527961731
reward/speed,18758,1786563920.908233,0.9151579737663269
reward/speed,18778,1786563923.683786,0.8183969259262085
reward/speed,18802,1786563926.393306,0.6726811528205872
reward/speed,18821,1786563928.596662,0.4325646758079529
reward/speed,18839,1786563930.630950,0.2923138737678528
reward/speed,18860,1786563935.085764,0.573978841304779
reward/speed,18879,1786563938.308648,0.8632146120071411
reward/speed,18894,1786563940.780891,0.9054082036018372
reward/speed,18917,1786563944.392465,0.9373154640197754
reward/speed,18932,1786563946.516035,0.9166070222854614
reward/speed,18953,1786563949.574230,0.9434887170791626
reward/speed,18977,1786563953.005036,0.9082873463630676
reward/speed,18994,1786563955.414332,0.9208091497421265
reward/speed,19014,1786563958.249394,0.9073390960693359
reward/speed,19029,1786563960.356064,0.9081636667251587
reward/speed,19044,1786563962.435928,0.9331879615783691
reward/speed,19070,1786563966.134488,0.15684013068675995
reward/speed,19092,1786563969.249700,0.8315944671630859
reward/speed,19111,1786563971.883539,0.9182606935501099
reward/speed,19135,1786563975.218796,0.8795711398124695
reward/speed,19154,1786563977.793481,0.6912402510643005
reward/speed,19185,1786563981.964847,0.929802417755127
reward/speed,19206,1786563984.829669,0.28359121084213257
reward/speed,19227,1786563989.619862,0.7868000864982605
reward/speed,19246,1786563992.488130,0.8873668909072876
reward/speed,19275,1786563996.849013,0.916141152381897
reward/speed,19294,1786563999.670399,0.9161483645439148
reward/speed,19319,1786564003.229360,0.9328478574752808
reward/speed,19343,1786564006.005514,0.9188894033432007
reward/speed,19363,1786564008.298096,0.9154715538024902
reward/speed,19389,1786564011.254266,0.9200253486633301
reward/speed,19408,1786564013.392232,0.9239150881767273
reward/speed,19441,1786564017.113085,0.9294098615646362
reward/speed,19461,1786564019.353794,0.9227539896965027
reward/speed,19480,1786564021.457641,0.8039529919624329
reward/speed,19494,1786564022.993593,0.3771790862083435
reward/speed,19509,1786564024.624848,0.5030317902565002
reward/speed,19534,1786564027.286870,0.38788172602653503
reward/speed,19551,1786564029.612120,0.5746217966079712
reward/speed,19581,1786564033.107319,0.9151023030281067
reward/speed,19596,1786564034.821733,0.920647144317627
reward/speed,19612,1786564036.611054,0.9230161905288696
reward/speed,19635,1786564039.098845,0.9253131747245789
reward/speed,19665,1786564042.347546,0.9318876266479492
reward/speed,19685,1786564044.469261,0.9275692105293274
reward/speed,19699,1786564045.922460,0.925230860710144
reward/speed,19714,1786564047.469446,0.9226048588752747
reward/speed,19736,1786564049.776365,0.9245406985282898
reward/speed,19759,1786564052.200405,0.087049201130867
reward/speed,19772,1786564053.562868,0.9013589024543762
reward/speed,19794,1786564055.923971,0.9123314619064331
reward/speed,19813,1786564057.922886,0.9219797253608704
reward/speed,19831,1786564059.752684,0.9276353716850281
reward/speed,19852,1786564061.808213,0.9248542785644531
reward/speed,19873,1786564063.838861,0.9235750436782837
reward/speed,19887,1786564065.210001,0.9291414022445679
reward/speed,19905,1786564066.964082,0.8593834638595581
reward/speed,19933,1786564069.607504,0.9186175465583801
reward/speed,19947,1786564070.917438,0.9363857507705688
reward/speed,19971,1786564073.143925,0.9123719334602356
reward/speed,20000,1786564075.716531,0.9256818890571594
reward/steer_change,3,1786561536.455736,-0.10000000149011612
reward/steer_change,24,1786561539.189271,-0.10000000149011612
reward/steer_change,53,1786561542.619627,-0.10000000149011612
reward/steer_change,79,1786561545.610493,-0.10000000149011612
reward/steer_change,97,1786561547.760191,-0.10000000149011612
reward/steer_change,119,1786561550.311130,-0.10000000149011612
reward/steer_change,137,1786561554.192978,-0.10000000149011612
reward/steer_change,153,1786561556.249311,-0.10000000149011612
reward/steer_change,177,1786561559.537353,-0.10000000149011612
reward/steer_change,206,1786561563.522992,-0.10000000149011612
reward/steer_change,221,1786561565.605399,-0.10000000149011612
reward/steer_change,241,1786561568.134353,-0.10000000149011612
reward/steer_change,261,1786561570.239271,-0.10000000149011612
reward/steer_change,282,1786561572.455234,-0.10000000149011612
reward/steer_change,302,1786561574.460850,-0.10000000149011612
reward/steer_change,322,1786561576.429192,-0.10000000149011612
reward/steer_change,334,1786561578.121650,-0.10000000149011612
reward/steer_change,356,1786561580.525017,-0.10000000149011612
reward/steer_change,381,1786561583.234195,-0.10000000149011612
reward/steer_change,405,1786561585.736882,-0.10000000149011612
reward/steer_change,422,1786561589.365008,-0.10000000149011612
reward/steer_change,443,1786561592.634919,-0.10000000149011612
reward/steer_change,466,1786561595.767653,-0.10000000149011612
reward/steer_change,494,1786561598.688591,-0.10000000149011612
reward/steer_change,517,1786561601.310104,-0.10000000149011612
reward/steer_change,545,1786561604.091958,-0.10000000149011612
reward/steer_change,556,1786561605.203032,-0.10000000149011612
reward/steer_change,580,1786561607.637168,-0.10000000149011612
reward/steer_change,599,1786561609.560912,-0.10000000149011612
reward/steer_change,621,1786561611.735257,-0.10000000149011612
reward/steer_change,646,1786561614.215791,-0.10000000149011612
reward/steer_change,668,1786561616.358184,0.0
reward/steer_change,686,1786561618.102484,-0.10000000149011612
reward/steer_change,708,1786561620.247694,-0.10000000149011612
reward/steer_change,729,1786561622.281518,-0.10000000149011612
reward/steer_change,751,1786561624.690722,-0.10000000149011612
reward/steer_change,771,1786561627.346266,-0.10000000149011612
reward/steer_change,794,1786561630.539268,-0.10000000149011612
reward/steer_change,812,1786561633.006636,-0.10000000149011612
reward/steer_change,835,1786561636.021800,-0.10000000149011612
reward/steer_change,851,1786561637.726019,-0.10000000149011612
reward/steer_change,868,1786561639.500193,-0.10000000149011612
reward/steer_change,883,1786561641.033052,-0.10000000149011612
reward/steer_change,901,1786561642.878060,-0.10000000149011612
reward/steer_change,915,1786561644.198803,-0.10000000149011612
reward/steer_change,933,1786561645.889358,-0.10000000149011612
reward/steer_change,946,1786561647.907612,-0.10000000149011612
reward/steer_change,971,1786561651.101361,-0.10000000149011612
reward/steer_change,989,1786561653.426288,-0.10000000149011612
reward/steer_change,1004,1786561654.845171,-0.10000000149011612
reward/steer_change,1027,1786561656.902943,-0.10000000149011612
reward/steer_change,1053,1786561659.153903,-0.10000000149011612
reward/steer_change,1070,1786561661.205682,-0.10000000149011612
reward/steer_change,1088,1786561663.306498,-0.10000000149011612
reward/steer_change,1102,1786561664.929032,-0.10000000149011612
reward/steer_change,1119,1786561668.946485,-0.10000000149011612
reward/steer_change,1146,1786561674.349837,-0.10000000149011612
reward/steer_change,1166,1786561679.725344,-0.10000000149011612
reward/steer_change,1186,1786561683.185708,-0.10000000149011612
reward/steer_change,1208,1786561686.920829,-0.10000000149011612
reward/steer_change,1228,1786561690.272550,-0.10000000149011612
reward/steer_change,1251,1786561694.202587,-0.10000000149011612
reward/steer_change,1266,1786561696.283110,-0.10000000149011612
reward/steer_change,1279,1786561697.721380,-0.10000000149011612
reward/steer_change,1300,1786561700.060440,-0.10000000149011612
reward/steer_change,1323,1786561703.464103,-0.10000000149011612
reward/steer_change,1337,1786561705.002347,-0.10000000149011612
reward/steer_change,1357,1786561707.540457,-0.10000000149011612
reward/steer_change,1381,1786561710.460423,-0.10000000149011612
reward/steer_change,1398,1786561712.258221,-0.10000000149011612
reward/steer_change,1412,1786561713.716017,-0.10000000149011612
reward/steer_change,1433,1786561715.832799,-0.10000000149011612
reward/steer_change,1451,1786561717.695619,-0.10000000149011612
reward/steer_change,1468,1786561721.354421,-0.10000000149011612
reward/steer_change,1485,1786561724.606539,-0.10000000149011612
reward/steer_change,1515,1786561731.175068,-0.10000000149011612
reward/steer_change,1532,1786561734.435347,-0.10000000149011612
reward/steer_change,1552,1786561737.581182,-0.10000000149011612
reward/steer_change,1574,1786561742.357152,-0.10000000149011612
reward/steer_change,1595,1786561746.175785,-0.10000000149011612
reward/steer_change,1611,1786561751.083020,-0.10000000149011612
reward/steer_change,1624,1786561753.545198,-0.10000000149011612
reward/steer_change,1637,1786561755.517032,-0.10000000149011612
reward/steer_change,1655,1786561758.279583,-0.10000000149011612
reward/steer_change,1675,1786561763.156153,-0.10000000149011612
reward/steer_change,1692,1786561765.905602,-0.10000000149011612
reward/steer_change,1707,1786561769.260210,0.0
reward/steer_change,1729,1786561772.283120,0.0
reward/steer_change,1747,1786561776.146420,-0.10000000149011612
reward/steer_change,1759,1786561777.795885,0.0
reward/steer_change,1773,1786561781.582052,-0.10000000149011612
reward/steer_change,1790,1786561784.120449,0.0
reward/steer_change,1808,1786561788.148875,-0.10000000149011612
reward/steer_change,1828,1786561791.185338,-0.10000000149011612
reward/steer_change,1858,1786561795.099809,-0.10000000149011612
reward/steer_change,1880,1786561798.016678,-0.10000000149011612
reward/steer_change,1899,1786561800.531050,-0.10000000149011612
reward/steer_change,1919,1786561803.378247,-0.10000000149011612
reward/steer_change,1941,1786561807.680201,-0.10000000149011612
reward/steer_change,1968,1786561812.387952,-0.10000000149011612
reward/steer_change,1995,1786561818.319763,-0.10000000149011612
reward/steer_change,2014,1786561821.602509,0.0
reward/steer_change,2028,1786561823.496063,-0.10000000149011612
reward/steer_change,2048,1786561826.178115,-0.10000000149011612
reward/steer_change,2061,1786561828.248091,-0.10000000149011612
reward/steer_change,2083,1786561833.309407,-0.10000000149011612
reward/steer_change,2104,1786561838.415343,-0.10000000149011612
reward/steer_change,2126,1786561844.362682,-0.10000000149011612
reward/steer_change,2147,1786561849.332533,-0.10000000149011612
reward/steer_change,2172,1786561852.651534,-0.10000000149011612
reward/steer_change,2197,1786561858.201299,-0.10000000149011612
reward/steer_change,2219,1786561861.426816,-0.10000000149011612
reward/steer_change,2233,1786561863.231356,-0.10000000149011612
reward/steer_change,2248,1786561865.126631,-0.10000000149011612
reward/steer_change,2270,1786561867.842829,-0.10000000149011612
reward/steer_change,2289,1786561870.147029,-0.10000000149011612
reward/steer_change,2314,1786561873.099626,0.0
reward/steer_change,2333,1786561875.309562,-0.10000000149011612
reward/steer_change,2351,1786561877.338364,-0.10000000149011612
reward/steer_change,2384,1786561880.932052,-0.10000000149011612
reward/steer_change,2405,1786561883.124587,-0.10000000149011612
reward/steer_change,2423,1786561884.965519,-0.10000000149011612
reward/steer_change,2449,1786561887.619921,-0.10000000149011612
reward/steer_change,2462,1786561888.960413,-0.10000000149011612
reward/steer_change,2477,1786561890.518092,-0.10000000149011612
reward/steer_change,2491,1786561891.945075,-0.10000000149011612
reward/steer_change,2513,1786561894.267679,-0.10000000149011612
reward/steer_change,2534,1786561896.460997,-0.10000000149011612
reward/steer_change,2557,1786561898.931575,-0.10000000149011612
reward/steer_change,2579,1786561901.341561,-0.10000000149011612
reward/steer_change,2602,1786561903.863206,-0.10000000149011612
reward/steer_change,2618,1786561905.614119,-0.10000000149011612
reward/steer_change,2647,1786561908.779391,-0.10000000149011612
reward/steer_change,2673,1786561911.612309,-0.10000000149011612
reward/steer_change,2696,1786561914.100332,-0.10000000149011612
reward/steer_change,2717,1786561916.390661,-0.10000000149011612
reward/steer_change,2745,1786561919.489228,-0.10000000149011612
reward/steer_change,2766,1786561921.831196,-0.10000000149011612
reward/steer_change,2801,1786561925.633464,-0.10000000149011612
reward/steer_change,2823,1786561927.952912,-0.10000000149011612
reward/steer_change,2849,1786561930.591905,-0.10000000149011612
reward/steer_change,2864,1786561932.109917,-0.10000000149011612
reward/steer_change,2886,1786561936.465325,-0.10000000149011612
reward/steer_change,2904,1786561938.995091,-0.10000000149011612
reward/steer_change,2921,1786561941.455709,-0.10000000149011612
reward/steer_change,2938,1786561943.871450,-0.10000000149011612
reward/steer_change,2957,1786561946.458512,-0.10000000149011612
reward/steer_change,2976,1786561948.976636,-0.10000000149011612
reward/steer_change,2998,1786561953.869495,-0.10000000149011612
reward/steer_change,3023,1786561957.808450,-0.10000000149011612
reward/steer_change,3046,1786561961.324004,-0.10000000149011612
reward/steer_change,3064,1786561964.068463,-0.10000000149011612
reward/steer_change,3087,1786561967.421091,-0.10000000149011612
reward/steer_change,3108,1786561970.370508,-0.10000000149011612
reward/steer_change,3135,1786561973.421360,-0.10000000149011612
reward/steer_change,3159,1786561975.763003,-0.10000000149011612
reward/steer_change,3177,1786561977.561535,-0.10000000149011612
reward/steer_change,3196,1786561979.382532,-0.10000000149011612
reward/steer_change,3212,1786561980.879539,-0.10000000149011612
reward/steer_change,3230,1786561982.522837,-0.10000000149011612
reward/steer_change,3260,1786561986.050863,-0.10000000149011612
reward/steer_change,3283,1786561989.135671,-0.10000000149011612
reward/steer_change,3302,1786561991.608245,-0.10000000149011612
reward/steer_change,3331,1786561995.414998,-0.10000000149011612
reward/steer_change,3344,1786561997.022330,-0.10000000149011612
reward/steer_change,3363,1786561999.453054,-0.10000000149011612
reward/steer_change,3378,1786562001.313681,-0.10000000149011612
reward/steer_change,3406,1786562004.679956,-0.10000000149011612
reward/steer_change,3421,1786562006.489415,-0.10000000149011612
reward/steer_change,3434,1786562007.989691,-0.10000000149011612
reward/steer_change,3450,1786562009.921240,-0.10000000149011612
reward/steer_change,3472,1786562012.431458,-0.10000000149011612
reward/steer_change,3488,1786562014.254417,-0.10000000149011612
reward/steer_change,3509,1786562016.614141,-0.10000000149011612
reward/steer_change,3532,1786562019.216467,-0.10000000149011612
reward/steer_change,3546,1786562020.806804,-0.10000000149011612
reward/steer_change,3564,1786562022.825810,-0.10000000149011612
reward/steer_change,3586,1786562025.252305,-0.10000000149011612
reward/steer_change,3607,1786562027.608436,-0.10000000149011612
reward/steer_change,3629,1786562029.998699,-0.10000000149011612
reward/steer_change,3659,1786562033.298387,-0.10000000149011612
reward/steer_change,3675,1786562035.063476,-0.10000000149011612
reward/steer_change,3690,1786562036.703041,-0.10000000149011612
reward/steer_change,3707,1786562038.584922,-0.10000000149011612
reward/steer_change,3722,1786562040.252257,-0.10000000149011612
reward/steer_change,3743,1786562042.544774,-0.10000000149011612
reward/steer_change,3767,1786562045.385684,-0.10000000149011612
reward/steer_change,3788,1786562048.030708,0.0
reward/steer_change,3800,1786562049.546154,-0.10000000149011612
reward/steer_change,3818,1786562051.820821,-0.10000000149011612
reward/steer_change,3836,1786562054.155063,-0.10000000149011612
reward/steer_change,3856,1786562056.655015,-0.10000000149011612
reward/steer_change,3881,1786562059.727655,-0.10000000149011612
reward/steer_change,3898,1786562061.743021,-0.10000000149011612
reward/steer_change,3915,1786562063.688635,0.0
reward/steer_change,3931,1786562065.447979,-0.10000000149011612
reward/steer_change,3946,1786562067.036959,-0.10000000149011612
reward/steer_change,3962,1786562068.723809,-0.10000000149011612
reward/steer_change,3978,1786562070.392108,-0.10000000149011612
reward/steer_change,4002,1786562072.958201,-0.10000000149011612
reward/steer_change,4021,1786562074.893633,-0.10000000149011612
reward/steer_change,4039,1786562076.828536,-0.10000000149011612
reward/steer_change,4055,1786562080.027976,-0.10000000149011612
reward/steer_change,4071,1786562082.891206,-0.10000000149011612
reward/steer_change,4087,1786562085.750732,-0.10000000149011612
reward/steer_change,4105,1786562088.926021,-0.10000000149011612
reward/steer_change,4122,1786562091.905318,-0.10000000149011612
reward/steer_change,4148,1786562096.492222,-0.10000000149011612
reward/steer_change,4172,1786562100.706653,-0.10000000149011612
reward/steer_change,4188,1786562103.206335,-0.10000000149011612
reward/steer_change,4208,1786562105.955520,-0.10000000149011612
reward/steer_change,4221,1786562107.535176,-0.10000000149011612
reward/steer_change,4240,1786562109.803732,-0.10000000149011612
reward/steer_change,4257,1786562111.837915,-0.10000000149011612
reward/steer_change,4270,1786562113.293820,-0.10000000149011612
reward/steer_change,4292,1786562115.972913,-0.10000000149011612
reward/steer_change,4308,1786562118.150383,-0.10000000149011612
reward/steer_change,4323,1786562120.279683,-0.10000000149011612
reward/steer_change,4363,1786562125.713707,-0.10000000149011612
reward/steer_change,4375,1786562127.360186,-0.10000000149011612
reward/steer_change,4396,1786562130.175565,-0.10000000149011612
reward/steer_change,4426,1786562134.122249,-0.10000000149011612
reward/steer_change,4451,1786562137.290048,-0.10000000149011612
reward/steer_change,4468,1786562139.419411,-0.10000000149011612
reward/steer_change,4486,1786562141.678221,-0.10000000149011612
reward/steer_change,4520,1786562145.921891,-0.10000000149011612
reward/steer_change,4538,1786562148.220842,-0.10000000149011612
reward/steer_change,4560,1786562150.994246,-0.10000000149011612
reward/steer_change,4585,1786562154.090687,-0.10000000149011612
reward/steer_change,4602,1786562156.252150,-0.10000000149011612
reward/steer_change,4617,1786562158.098805,-0.10000000149011612
reward/steer_change,4636,1786562160.416592,-0.10000000149011612
reward/steer_change,4661,1786562163.462189,-0.10000000149011612
reward/steer_change,4680,1786562165.788481,-0.10000000149011612
reward/steer_change,4699,1786562168.077267,-0.10000000149011612
reward/steer_change,4716,1786562170.128288,-0.10000000149011612
reward/steer_change,4736,1786562172.582283,-0.10000000149011612
reward/steer_change,4762,1786562175.763734,-0.10000000149011612
reward/steer_change,4775,1786562177.415791,-0.10000000149011612
reward/steer_change,4795,1786562179.916381,-0.10000000149011612
reward/steer_change,4814,1786562182.143721,-0.10000000149011612
reward/steer_change,4827,1786562183.549200,-0.10000000149011612
reward/steer_change,4843,1786562185.195836,-0.10000000149011612
reward/steer_change,4860,1786562186.805998,-0.10000000149011612
reward/steer_change,4877,1786562188.385564,-0.10000000149011612
reward/steer_change,4894,1786562189.940265,-0.10000000149011612
reward/steer_change,4911,1786562191.381899,-0.10000000149011612
reward/steer_change,4929,1786562192.865632,-0.10000000149011612
reward/steer_change,4951,1786562195.860222,-0.10000000149011612
reward/steer_change,4974,1786562199.222823,0.0
reward/steer_change,4989,1786562201.479218,-0.10000000149011612
reward/steer_change,5007,1786562204.295102,-0.10000000149011612
reward/steer_change,5026,1786562209.164565,-0.10000000149011612
reward/steer_change,5046,1786562212.451926,-0.10000000149011612
reward/steer_change,5064,1786562215.391420,-0.10000000149011612
reward/steer_change,5087,1786562219.154647,-0.10000000149011612
reward/steer_change,5109,1786562222.606427,-0.10000000149011612
reward/steer_change,5131,1786562226.000229,-0.10000000149011612
reward/steer_change,5153,1786562229.345410,-0.10000000149011612
reward/steer_change,5171,1786562232.059031,-0.10000000149011612
reward/steer_change,5192,1786562235.200920,-0.10000000149011612
reward/steer_change,5223,1786562239.852731,-0.10000000149011612
reward/steer_change,5244,1786562242.955256,-0.10000000149011612
reward/steer_change,5259,1786562244.756670,-0.10000000149011612
reward/steer_change,5274,1786562246.463113,-0.10000000149011612
reward/steer_change,5291,1786562248.406793,-0.10000000149011612
reward/steer_change,5317,1786562251.420264,-0.10000000149011612
reward/steer_change,5341,1786562254.126090,-0.10000000149011612
reward/steer_change,5367,1786562256.806206,-0.10000000149011612
reward/steer_change,5381,1786562258.222150,-0.10000000149011612
reward/steer_change,5395,1786562259.616811,-0.10000000149011612
reward/steer_change,5418,1786562261.868259,-0.10000000149011612
reward/steer_change,5433,1786562263.347992,-0.10000000149011612
reward/steer_change,5451,1786562265.080890,-0.10000000149011612
reward/steer_change,5471,1786562266.977252,-0.10000000149011612
reward/steer_change,5494,1786562269.131007,-0.10000000149011612
reward/steer_change,5509,1786562270.524582,-0.10000000149011612
reward/steer_change,5537,1786562273.010821,-0.10000000149011612
reward/steer_change,5552,1786562274.316478,-0.10000000149011612
reward/steer_change,5571,1786562275.998797,-0.10000000149011612
reward/steer_change,5592,1786562277.845946,-0.10000000149011612
reward/steer_change,5610,1786562279.431704,-0.10000000149011612
reward/steer_change,5632,1786562281.339350,0.0
reward/steer_change,5653,1786562283.169647,-0.10000000149011612
reward/steer_change,5668,1786562284.470730,-0.10000000149011612
reward/steer_change,5680,1786562285.516071,-0.10000000149011612
reward/steer_change,5700,1786562287.283210,-0.10000000149011612
reward/steer_change,5716,1786562288.733176,-0.10000000149011612
reward/steer_change,5746,1786562291.344026,-0.10000000149011612
reward/steer_change,5773,1786562294.952522,-0.10000000149011612
reward/steer_change,5789,1786562297.352445,-0.10000000149011612
reward/steer_change,5805,1786562299.598054,-0.10000000149011612
reward/steer_change,5821,1786562301.752093,-0.10000000149011612
reward/steer_change,5837,1786562303.905197,-0.10000000149011612
reward/steer_change,5861,1786562307.112506,-0.10000000149011612
reward/steer_change,5884,1786562310.210463,-0.10000000149011612
reward/steer_change,5905,1786562312.998847,-0.10000000149011612
reward/steer_change,5926,1786562315.852257,-0.10000000149011612
reward/steer_change,5941,1786562318.317572,0.0
reward/steer_change,5961,1786562320.543539,-0.10000000149011612
reward/steer_change,5981,1786562322.788377,-0.10000000149011612
reward/steer_change,6004,1786562325.431423,-0.10000000149011612
reward/steer_change,6025,1786562327.718136,-0.10000000149011612
reward/steer_change,6042,1786562329.544209,-0.10000000149011612
reward/steer_change,6059,1786562331.357895,-0.10000000149011612
reward/steer_change,6079,1786562333.527071,-0.10000000149011612
reward/steer_change,6094,1786562335.149450,-0.10000000149011612
reward/steer_change,6112,1786562337.116481,-0.10000000149011612
reward/steer_change,6135,1786562339.654872,-0.10000000149011612
reward/steer_change,6148,1786562341.078571,-0.10000000149011612
reward/steer_change,6164,1786562342.885701,-0.10000000149011612
reward/steer_change,6190,1786562345.804763,-0.10000000149011612
reward/steer_change,6214,1786562348.740505,-0.10000000149011612
reward/steer_change,6236,1786562351.582453,-0.10000000149011612
reward/steer_change,6259,1786562354.571907,-0.10000000149011612
reward/steer_change,6285,1786562358.028933,-0.10000000149011612
reward/steer_change,6305,1786562360.573544,-0.10000000149011612
reward/steer_change,6325,1786562363.084633,-0.10000000149011612
reward/steer_change,6341,1786562365.020680,-0.10000000149011612
reward/steer_change,6362,1786562367.474540,-0.10000000149011612
reward/steer_change,6394,1786562371.071434,-0.10000000149011612
reward/steer_change,6414,1786562373.245438,-0.10000000149011612
reward/steer_change,6439,1786562375.932231,-0.10000000149011612
reward/steer_change,6457,1786562377.865831,-0.10000000149011612
reward/steer_change,6472,1786562379.440906,-0.10000000149011612
reward/steer_change,6500,1786562382.323105,-0.10000000149011612
reward/steer_change,6520,1786562384.372814,-0.10000000149011612
reward/steer_change,6541,1786562386.478208,-0.10000000149011612
reward/steer_change,6560,1786562388.377392,-0.10000000149011612
reward/steer_change,6581,1786562390.480804,-0.10000000149011612
reward/steer_change,6597,1786562392.075135,-0.10000000149011612
reward/steer_change,6616,1786562393.940792,-0.10000000149011612
reward/steer_change,6636,1786562395.922716,-0.10000000149011612
reward/steer_change,6661,1786562398.412663,-0.10000000149011612
reward/steer_change,6686,1786562400.893513,-0.10000000149011612
reward/steer_change,6704,1786562402.698279,-0.10000000149011612
reward/steer_change,6719,1786562404.224021,-0.10000000149011612
reward/steer_change,6744,1786562407.110296,-0.10000000149011612
reward/steer_change,6761,1786562408.793539,-0.10000000149011612
reward/steer_change,6789,1786562411.520879,-0.10000000149011612
reward/steer_change,6813,1786562413.783162,-0.10000000149011612
reward/steer_change,6826,1786562414.990714,0.0
reward/steer_change,6845,1786562416.843997,-0.10000000149011612
reward/steer_change,6861,1786562419.485717,-0.10000000149011612
reward/steer_change,6876,1786562421.814572,-0.10000000149011612
reward/steer_change,6896,1786562424.946916,-0.10000000149011612
reward/steer_change,6913,1786562427.665270,-0.10000000149011612
reward/steer_change,6943,1786562432.400660,-0.10000000149011612
reward/steer_change,6963,1786562435.558942,-0.10000000149011612
reward/steer_change,6978,1786562437.908811,-0.10000000149011612
reward/steer_change,6994,1786562440.402496,0.0
reward/steer_change,7014,1786562443.509896,-0.10000000149011612
reward/steer_change,7031,1786562446.144255,-0.10000000149011612
reward/steer_change,7053,1786562449.476744,-0.10000000149011612
reward/steer_change,7073,1786562452.467826,-0.10000000149011612
reward/steer_change,7089,1786562454.816765,-0.10000000149011612
reward/steer_change,7119,1786562459.113643,-0.10000000149011612
reward/steer_change,7136,1786562461.500497,-0.10000000149011612
reward/steer_change,7157,1786562464.475876,-0.10000000149011612
reward/steer_change,7177,1786562467.307770,-0.10000000149011612
reward/steer_change,7194,1786562469.741201,-0.10000000149011612
reward/steer_change,7210,1786562472.024347,-0.10000000149011612
reward/steer_change,7227,1786562474.518588,-0.10000000149011612
reward/steer_change,7250,1786562477.951535,-0.10000000149011612
reward/steer_change,7269,1786562480.810691,-0.10000000149011612
reward/steer_change,7292,1786562484.125311,-0.10000000149011612
reward/steer_change,7310,1786562486.645582,-0.10000000149011612
reward/steer_change,7329,1786562489.278927,0.0
reward/steer_change,7347,1786562491.745646,-0.10000000149011612
reward/steer_change,7371,1786562495.052275,-0.10000000149011612
reward/steer_change,7392,1786562497.893065,-0.10000000149011612
reward/steer_change,7410,1786562500.332547,-0.10000000149011612
reward/steer_change,7430,1786562503.128994,-0.10000000149011612
reward/steer_change,7444,1786562505.057087,-0.10000000149011612
reward/steer_change,7465,1786562507.976727,-0.10000000149011612
reward/steer_change,7484,1786562510.600824,-0.10000000149011612
reward/steer_change,7510,1786562514.207522,-0.10000000149011612
reward/steer_change,7531,1786562516.982103,-0.10000000149011612
reward/steer_change,7547,1786562519.110155,-0.10000000149011612
reward/steer_change,7563,1786562522.714979,-0.10000000149011612
reward/steer_change,7583,1786562525.760471,-0.10000000149011612
reward/steer_change,7611,1786562529.960927,-0.10000000149011612
reward/steer_change,7637,1786562533.898944,-0.10000000149011612
reward/steer_change,7653,1786562536.351424,-0.10000000149011612
reward/steer_change,7671,1786562539.069756,0.0
reward/steer_change,7693,1786562542.299389,-0.10000000149011612
reward/steer_change,7718,1786562545.634199,-0.10000000149011612
reward/steer_change,7737,1786562547.926101,-0.10000000149011612
reward/steer_change,7763,1786562551.282243,-0.10000000149011612
reward/steer_change,7783,1786562553.631174,-0.10000000149011612
reward/steer_change,7793,1786562554.799093,-0.10000000149011612
reward/steer_change,7817,1786562557.600290,-0.10000000149011612
reward/steer_change,7840,1786562560.257222,-0.10000000149011612
reward/steer_change,7856,1786562562.076628,-0.10000000149011612
reward/steer_change,7870,1786562563.678138,-0.10000000149011612
reward/steer_change,7887,1786562565.595996,-0.10000000149011612
reward/steer_change,7916,1786562568.705431,-0.10000000149011612
reward/steer_change,7932,1786562570.327394,-0.10000000149011612
reward/steer_change,7951,1786562572.246479,-0.10000000149011612
reward/steer_change,7969,1786562574.102876,-0.10000000149011612
reward/steer_change,7990,1786562576.154590,-0.10000000149011612
reward/steer_change,8006,1786562577.745614,-0.10000000149011612
reward/steer_change,8022,1786562579.230245,-0.10000000149011612
reward/steer_change,8050,1786562581.801322,-0.10000000149011612
reward/steer_change,8076,1786562584.210036,-0.10000000149011612
reward/steer_change,8093,1786562585.777822,-0.10000000149011612
reward/steer_change,8115,1786562587.739052,-0.10000000149011612
reward/steer_change,8128,1786562588.895840,-0.10000000149011612
reward/steer_change,8151,1786562590.974478,-0.10000000149011612
reward/steer_change,8179,1786562594.078224,-0.10000000149011612
reward/steer_change,8198,1786562596.139587,-0.10000000149011612
reward/steer_change,8216,1786562598.064285,-0.10000000149011612
reward/steer_change,8233,1786562599.885784,-0.10000000149011612
reward/steer_change,8245,1786562601.150911,-0.10000000149011612
reward/steer_change,8269,1786562603.665545,-0.10000000149011612
reward/steer_change,8288,1786562605.611408,-0.10000000149011612
reward/steer_change,8311,1786562607.939914,-0.10000000149011612
reward/steer_change,8327,1786562609.537820,-0.10000000149011612
reward/steer_change,8349,1786562611.701454,-0.10000000149011612
reward/steer_change,8366,1786562613.336138,-0.10000000149011612
reward/steer_change,8394,1786562616.162008,-0.10000000149011612
reward/steer_change,8412,1786562618.245616,-0.10000000149011612
reward/steer_change,8427,1786562620.095764,-0.10000000149011612
reward/steer_change,8446,1786562622.534681,-0.10000000149011612
reward/steer_change,8468,1786562625.396472,-0.10000000149011612
reward/steer_change,8490,1786562628.256626,-0.10000000149011612
reward/steer_change,8507,1786562630.467726,-0.10000000149011612
reward/steer_change,8529,1786562633.329053,-0.10000000149011612
reward/steer_change,8549,1786562635.900820,-0.10000000149011612
reward/steer_change,8574,1786562639.112202,-0.10000000149011612
reward/steer_change,8595,1786562641.729919,-0.10000000149011612
reward/steer_change,8620,1786562644.863007,-0.10000000149011612
reward/steer_change,8646,1786562648.050164,-0.10000000149011612
reward/steer_change,8660,1786562649.751527,-0.10000000149011612
reward/steer_change,8683,1786562652.487731,-0.10000000149011612
reward/steer_change,8705,1786562655.110877,-0.10000000149011612
reward/steer_change,8727,1786562657.613363,-0.10000000149011612
reward/steer_change,8747,1786562659.873628,-0.10000000149011612
reward/steer_change,8763,1786562661.687782,-0.10000000149011612
reward/steer_change,8782,1786562663.799503,-0.10000000149011612
reward/steer_change,8802,1786562666.002384,-0.10000000149011612
reward/steer_change,8825,1786562668.487852,-0.10000000149011612
reward/steer_change,8846,1786562670.768206,-0.10000000149011612
reward/steer_change,8864,1786562672.734186,-0.10000000149011612
reward/steer_change,8887,1786562675.280024,0.0
reward/steer_change,8904,1786562677.160845,-0.10000000149011612
reward/steer_change,8930,1786562680.000321,-0.10000000149011612
reward/steer_change,8947,1786562681.837683,-0.10000000149011612
reward/steer_change,8967,1786562683.991838,-0.10000000149011612
reward/steer_change,8982,1786562685.574790,0.0
reward/steer_change,8996,1786562687.034328,-0.10000000149011612
reward/steer_change,9008,1786562688.277205,-0.10000000149011612
reward/steer_change,9032,1786562690.742290,-0.10000000149011612
reward/steer_change,9053,1786562692.924810,-0.10000000149011612
reward/steer_change,9085,1786562696.245874,-0.10000000149011612
reward/steer_change,9103,1786562698.195279,-0.10000000149011612
reward/steer_change,9122,1786562700.561867,-0.10000000149011612
reward/steer_change,9133,1786562702.002549,-0.10000000149011612
reward/steer_change,9158,1786562705.293607,-0.10000000149011612
reward/steer_change,9178,1786562707.982392,-0.10000000149011612
reward/steer_change,9203,1786562711.315695,-0.10000000149011612
reward/steer_change,9223,1786562714.020333,-0.10000000149011612
reward/steer_change,9241,1786562716.426735,-0.10000000149011612
reward/steer_change,9264,1786562719.469336,-0.10000000149011612
reward/steer_change,9286,1786562722.378720,-0.10000000149011612
reward/steer_change,9304,1786562724.762455,-0.10000000149011612
reward/steer_change,9315,1786562726.197797,-0.10000000149011612
reward/steer_change,9332,1786562728.451534,0.0
reward/steer_change,9356,1786562731.586464,-0.10000000149011612
reward/steer_change,9380,1786562736.547390,-0.10000000149011612
reward/steer_change,9396,1786562739.210959,-0.10000000149011612
reward/steer_change,9411,1786562741.175116,-0.10000000149011612
reward/steer_change,9430,1786562743.668282,-0.10000000149011612
reward/steer_change,9444,1786562745.502198,-0.10000000149011612
reward/steer_change,9463,1786562747.991905,-0.10000000149011612
reward/steer_change,9480,1786562750.202806,-0.10000000149011612
reward/steer_change,9500,1786562752.815958,-0.10000000149011612
reward/steer_change,9519,1786562755.293562,-0.10000000149011612
reward/steer_change,9536,1786562757.475844,-0.10000000149011612
reward/steer_change,9554,1786562759.784164,-0.10000000149011612
reward/steer_change,9576,1786562762.586041,-0.10000000149011612
reward/steer_change,9594,1786562764.842510,-0.10000000149011612
reward/steer_change,9614,1786562767.282910,-0.10000000149011612
reward/steer_change,9628,1786562769.024388,-0.10000000149011612
reward/steer_change,9643,1786562771.209534,-0.10000000149011612
reward/steer_change,9662,1786562774.621440,-0.10000000149011612
reward/steer_change,9683,1786562778.399002,-0.10000000149011612
reward/steer_change,9702,1786562781.900189,-0.10000000149011612
reward/steer_change,9720,1786562784.140841,-0.10000000149011612
reward/steer_change,9741,1786562786.752812,-0.10000000149011612
reward/steer_change,9764,1786562789.594506,-0.10000000149011612
reward/steer_change,9780,1786562791.540929,-0.10000000149011612
reward/steer_change,9798,1786562793.709555,-0.10000000149011612
reward/steer_change,9814,1786562795.663547,-0.10000000149011612
reward/steer_change,9831,1786562797.706237,-0.10000000149011612
reward/steer_change,9857,1786562800.694360,-0.10000000149011612
reward/steer_change,9871,1786562802.278246,0.0
reward/steer_change,9893,1786562804.721334,-0.10000000149011612
reward/steer_change,9908,1786562806.378943,-0.10000000149011612
reward/steer_change,9934,1786562809.268689,-0.10000000149011612
reward/steer_change,9954,1786562811.498089,-0.10000000149011612
reward/steer_change,9974,1786562813.722360,-0.10000000149011612
reward/steer_change,9998,1786562816.415646,0.0
reward/steer_change,10011,1786562818.025423,0.0
reward/steer_change,10029,1786562820.086909,-0.10000000149011612
reward/steer_change,10057,1786562823.230742,-0.10000000149011612
reward/steer_change,10073,1786562824.956224,-0.10000000149011612
reward/steer_change,10096,1786562828.004174,-0.10000000149011612
reward/steer_change,10110,1786562829.558519,-0.10000000149011612
reward/steer_change,10127,1786562831.410987,-0.10000000149011612
reward/steer_change,10148,1786562833.595052,-0.10000000149011612
reward/steer_change,10168,1786562835.557833,-0.10000000149011612
reward/steer_change,10190,1786562837.677911,-0.10000000149011612
reward/steer_change,10213,1786562841.089234,-0.10000000149011612
reward/steer_change,10228,1786562843.164512,-0.10000000149011612
reward/steer_change,10242,1786562845.097003,-0.10000000149011612
reward/steer_change,10263,1786562847.905195,-0.10000000149011612
reward/steer_change,10286,1786562850.922635,-0.10000000149011612
reward/steer_change,10306,1786562853.530743,-0.10000000149011612
reward/steer_change,10333,1786562856.964187,-0.10000000149011612
reward/steer_change,10350,1786562859.089962,-0.10000000149011612
reward/steer_change,10374,1786562862.088012,-0.10000000149011612
reward/steer_change,10396,1786562864.771840,-0.10000000149011612
reward/steer_change,10418,1786562867.458928,-0.10000000149011612
reward/steer_change,10439,1786562870.014317,-0.10000000149011612
reward/steer_change,10462,1786562872.819149,-0.10000000149011612
reward/steer_change,10487,1786562875.885141,-0.10000000149011612
reward/steer_change,10505,1786562878.082195,-0.10000000149011612
reward/steer_change,10527,1786562880.745864,-0.10000000149011612
reward/steer_change,10544,1786562882.774433,-0.10000000149011612
reward/steer_change,10566,1786562885.383640,-0.10000000149011612
reward/steer_change,10580,1786562887.020611,-0.10000000149011612
reward/steer_change,10606,1786562890.006540,-0.10000000149011612
reward/steer_change,10621,1786562891.750641,-0.10000000149011612
reward/steer_change,10638,1786562893.708304,-0.10000000149011612
reward/steer_change,10652,1786562895.349854,-0.10000000149011612
reward/steer_change,10666,1786562897.132194,-0.10000000149011612
reward/steer_change,10681,1786562899.158273,-0.10000000149011612
reward/steer_change,10702,1786562902.069509,-0.10000000149011612
reward/steer_change,10716,1786562904.019722,-0.10000000149011612
reward/steer_change,10741,1786562907.573915,-0.10000000149011612
reward/steer_change,10766,1786562911.092219,-0.10000000149011612
reward/steer_change,10783,1786562913.479542,-0.10000000149011612
reward/steer_change,10803,1786562916.259972,-0.10000000149011612
reward/steer_change,10828,1786562919.696650,-0.10000000149011612
reward/steer_change,10851,1786562922.928176,-0.10000000149011612
reward/steer_change,10866,1786562925.010904,-0.10000000149011612
reward/steer_change,10886,1786562927.845472,0.0
reward/steer_change,10913,1786562934.218957,-0.10000000149011612
reward/steer_change,10932,1786562937.720646,-0.10000000149011612
reward/steer_change,10953,1786562941.622939,-0.10000000149011612
reward/steer_change,10969,1786562944.569050,-0.10000000149011612
reward/steer_change,10989,1786562948.256226,-0.10000000149011612
reward/steer_change,11017,1786562953.347464,-0.10000000149011612
reward/steer_change,11036,1786562956.779054,-0.10000000149011612
reward/steer_change,11053,1786562959.840159,-0.10000000149011612
reward/steer_change,11072,1786562963.253427,0.0
reward/steer_change,11089,1786562966.319479,-0.10000000149011612
reward/steer_change,11108,1786562969.716054,-0.10000000149011612
reward/steer_change,11127,1786562973.126754,-0.10000000149011612
reward/steer_change,11149,1786562977.076832,-0.10000000149011612
reward/steer_change,11168,1786562980.473503,-0.10000000149011612
reward/steer_change,11187,1786562983.835544,-0.10000000149011612
reward/steer_change,11203,1786562986.642633,-0.10000000149011612
reward/steer_change,11223,1786562990.179028,-0.10000000149011612
reward/steer_change,11242,1786562993.493366,-0.10000000149011612
reward/steer_change,11266,1786562997.686064,-0.10000000149011612
reward/steer_change,11285,1786563000.977083,-0.10000000149011612
reward/steer_change,11301,1786563003.695909,-0.10000000149011612
reward/steer_change,11318,1786563006.525095,-0.10000000149011612
reward/steer_change,11343,1786563010.629751,-0.10000000149011612
reward/steer_change,11364,1786563014.045037,-0.10000000149011612
reward/steer_change,11385,1786563017.447856,-0.10000000149011612
reward/steer_change,11405,1786563020.740197,-0.10000000149011612
reward/steer_change,11426,1786563024.414259,-0.10000000149011612
reward/steer_change,11447,1786563027.519930,-0.10000000149011612
reward/steer_change,11472,1786563030.889569,-0.10000000149011612
reward/steer_change,11497,1786563034.242528,0.0
reward/steer_change,11517,1786563036.909361,-0.10000000149011612
reward/steer_change,11537,1786563039.610839,-0.10000000149011612
reward/steer_change,11559,1786563042.855246,0.0
reward/steer_change,11574,1786563044.554231,-0.10000000149011612
reward/steer_change,11604,1786563047.891781,-0.10000000149011612
reward/steer_change,11639,1786563051.723115,-0.10000000149011612
reward/steer_change,11655,1786563053.473199,-0.10000000149011612
reward/steer_change,11675,1786563055.650026,-0.10000000149011612
reward/steer_change,11689,1786563057.154264,-0.10000000149011612
reward/steer_change,11721,1786563060.552392,-0.10000000149011612
reward/steer_change,11739,1786563062.424000,-0.10000000149011612
reward/steer_change,11755,1786563064.083221,-0.10000000149011612
reward/steer_change,11768,1786563065.393903,-0.10000000149011612
reward/steer_change,11791,1786563067.719030,-0.10000000149011612
reward/steer_change,11811,1786563070.411330,-0.10000000149011612
reward/steer_change,11826,1786563073.001766,-0.10000000149011612
reward/steer_change,11858,1786563078.619636,0.0
reward/steer_change,11874,1786563081.442527,-0.10000000149011612
reward/steer_change,11894,1786563084.875962,-0.10000000149011612
reward/steer_change,11909,1786563087.497458,-0.10000000149011612
reward/steer_change,11929,1786563090.892129,-0.10000000149011612
reward/steer_change,11943,1786563093.258594,-0.10000000149011612
reward/steer_change,11962,1786563096.482284,-0.10000000149011612
reward/steer_change,11978,1786563099.172910,-0.10000000149011612
reward/steer_change,12003,1786563103.502805,-0.10000000149011612
reward/steer_change,12020,1786563106.353390,0.0
reward/steer_change,12039,1786563109.620867,-0.10000000149011612
reward/steer_change,12058,1786563112.840524,-0.10000000149011612
reward/steer_change,12073,1786563115.381582,-0.10000000149011612
reward/steer_change,12085,1786563117.404395,-0.10000000149011612
reward/steer_change,12102,1786563120.264433,-0.10000000149011612
reward/steer_change,12124,1786563123.981784,-0.10000000149011612
reward/steer_change,12142,1786563127.122809,-0.10000000149011612
reward/steer_change,12166,1786563130.468029,-0.10000000149011612
reward/steer_change,12188,1786563132.871597,-0.10000000149011612
reward/steer_change,12219,1786563136.271165,-0.10000000149011612
reward/steer_change,12241,1786563138.666309,-0.10000000149011612
reward/steer_change,12258,1786563140.466909,-0.10000000149011612
reward/steer_change,12273,1786563142.059040,-0.10000000149011612
reward/steer_change,12295,1786563144.361865,-0.10000000149011612
reward/steer_change,12314,1786563146.344784,-0.10000000149011612
reward/steer_change,12331,1786563148.146068,-0.10000000149011612
reward/steer_change,12344,1786563149.508891,-0.10000000149011612
reward/steer_change,12368,1786563152.054658,-0.10000000149011612
reward/steer_change,12386,1786563153.934102,-0.10000000149011612
reward/steer_change,12405,1786563155.919197,-0.10000000149011612
reward/steer_change,12418,1786563157.261538,-0.10000000149011612
reward/steer_change,12443,1786563159.842053,-0.10000000149011612
reward/steer_change,12460,1786563161.577377,0.0
reward/steer_change,12471,1786563162.703171,-0.10000000149011612
reward/steer_change,12494,1786563164.998071,-0.10000000149011612
reward/steer_change,12509,1786563166.513819,-0.10000000149011612
reward/steer_change,12525,1786563168.141955,-0.10000000149011612
reward/steer_change,12541,1786563169.745351,-0.10000000149011612
reward/steer_change,12559,1786563171.554247,-0.10000000149011612
reward/steer_change,12584,1786563174.402885,-0.10000000149011612
reward/steer_change,12600,1786563176.426444,-0.10000000149011612
reward/steer_change,12628,1786563180.051847,-0.10000000149011612
reward/steer_change,12657,1786563183.875834,-0.10000000149011612
reward/steer_change,12685,1786563187.470721,-0.10000000149011612
reward/steer_change,12700,1786563189.393891,0.0
reward/steer_change,12716,1786563191.436268,-0.10000000149011612
reward/steer_change,12733,1786563193.612380,-0.10000000149011612
reward/steer_change,12754,1786563196.276362,-0.10000000149011612
reward/steer_change,12782,1786563199.867400,-0.10000000149011612
reward/steer_change,12812,1786563203.634149,-0.10000000149011612
reward/steer_change,12837,1786563206.765161,-0.10000000149011612
reward/steer_change,12857,1786563209.253941,-0.10000000149011612
reward/steer_change,12876,1786563211.551527,-0.10000000149011612
reward/steer_change,12898,1786563214.159968,-0.10000000149011612
reward/steer_change,12921,1786563216.856974,-0.10000000149011612
reward/steer_change,12941,1786563219.190184,-0.10000000149011612
reward/steer_change,12961,1786563221.542498,-0.10000000149011612
reward/steer_change,12985,1786563224.332128,-0.10000000149011612
reward/steer_change,13009,1786563227.111954,-0.10000000149011612
reward/steer_change,13026,1786563229.094004,-0.10000000149011612
reward/steer_change,13064,1786563233.434046,-0.10000000149011612
reward/steer_change,13078,1786563235.791423,-0.10000000149011612
reward/steer_change,13094,1786563238.076677,-0.10000000149011612
reward/steer_change,13112,1786563240.830789,-0.10000000149011612
reward/steer_change,13126,1786563242.601277,-0.10000000149011612
reward/steer_change,13148,1786563245.394349,-0.10000000149011612
reward/steer_change,13172,1786563248.481189,-0.10000000149011612
reward/steer_change,13192,1786563251.085290,-0.10000000149011612
reward/steer_change,13207,1786563253.058716,-0.10000000149011612
reward/steer_change,13229,1786563255.875618,-0.10000000149011612
reward/steer_change,13252,1786563258.785238,-0.10000000149011612
reward/steer_change,13275,1786563261.680140,-0.10000000149011612
reward/steer_change,13289,1786563263.411874,-0.10000000149011612
reward/steer_change,13319,1786563267.097910,-0.10000000149011612
reward/steer_change,13345,1786563270.285712,-0.10000000149011612
reward/steer_change,13363,1786563272.522223,-0.10000000149011612
reward/steer_change,13376,1786563274.203796,-0.10000000149011612
reward/steer_change,13403,1786563277.968674,-0.10000000149011612
reward/steer_change,13422,1786563281.010556,-0.10000000149011612
reward/steer_change,13437,1786563283.241372,-0.10000000149011612
reward/steer_change,13459,1786563286.468782,-0.10000000149011612
reward/steer_change,13477,1786563289.068096,-0.10000000149011612
reward/steer_change,13493,1786563291.365282,-0.10000000149011612
reward/steer_change,13508,1786563293.526404,-0.10000000149011612
reward/steer_change,13540,1786563297.934606,-0.10000000149011612
reward/steer_change,13559,1786563300.412059,-0.10000000149011612
reward/steer_change,13580,1786563303.092032,-0.10000000149011612
reward/steer_change,13594,1786563304.893301,-0.10000000149011612
reward/steer_change,13612,1786563307.117419,-0.10000000149011612
reward/steer_change,13637,1786563310.218847,-0.10000000149011612
reward/steer_change,13654,1786563312.243765,-0.10000000149011612
reward/steer_change,13667,1786563313.763884,-0.10000000149011612
reward/steer_change,13690,1786563316.359528,-0.10000000149011612
reward/steer_change,13705,1786563318.015297,-0.10000000149011612
reward/steer_change,13726,1786563320.233314,-0.10000000149011612
reward/steer_change,13744,1786563322.124465,-0.10000000149011612
reward/steer_change,13762,1786563324.014736,-0.10000000149011612
reward/steer_change,13783,1786563326.200609,-0.10000000149011612
reward/steer_change,13802,1786563328.180955,-0.10000000149011612
reward/steer_change,13820,1786563330.101256,-0.10000000149011612
reward/steer_change,13846,1786563332.944268,-0.10000000149011612
reward/steer_change,13865,1786563335.055281,-0.10000000149011612
reward/steer_change,13878,1786563336.465223,-0.10000000149011612
reward/steer_change,13898,1786563338.673395,-0.10000000149011612
reward/steer_change,13923,1786563341.438081,-0.10000000149011612
reward/steer_change,13942,1786563343.493524,-0.10000000149011612
reward/steer_change,13962,1786563345.646956,-0.10000000149011612
reward/steer_change,13987,1786563348.368920,-0.10000000149011612
reward/steer_change,14003,1786563350.255369,-0.10000000149011612
reward/steer_change,14030,1786563353.131342,0.0
reward/steer_change,14051,1786563355.292528,-0.10000000149011612
reward/steer_change,14066,1786563356.747426,-0.10000000149011612
reward/steer_change,14094,1786563359.403514,-0.10000000149011612
reward/steer_change,14110,1786563362.953773,-0.10000000149011612
reward/steer_change,14127,1786563365.357212,-0.10000000149011612
reward/steer_change,14150,1786563368.613521,-0.10000000149011612
reward/steer_change,14169,1786563371.285759,-0.10000000149011612
reward/steer_change,14193,1786563374.440706,-0.10000000149011612
reward/steer_change,14210,1786563376.618560,0.0
reward/steer_change,14234,1786563379.505259,-0.10000000149011612
reward/steer_change,14249,1786563381.241022,-0.10000000149011612
reward/steer_change,14268,1786563383.406520,-0.10000000149011612
reward/steer_change,14299,1786563386.941775,-0.10000000149011612
reward/steer_change,14328,1786563390.210914,-0.10000000149011612
reward/steer_change,14345,1786563392.134257,-0.10000000149011612
reward/steer_change,14360,1786563393.825233,-0.10000000149011612
reward/steer_change,14381,1786563396.147112,-0.10000000149011612
reward/steer_change,14399,1786563398.109744,-0.10000000149011612
reward/steer_change,14419,1786563400.248731,-0.10000000149011612
reward/steer_change,14446,1786563403.172956,-0.10000000149011612
reward/steer_change,14458,1786563404.454021,-0.10000000149011612
reward/steer_change,14470,1786563405.904889,-0.10000000149011612
reward/steer_change,14493,1786563408.951704,-0.10000000149011612
reward/steer_change,14510,1786563411.175617,-0.10000000149011612
reward/steer_change,14529,1786563413.669031,-0.10000000149011612
reward/steer_change,14545,1786563415.767562,-0.10000000149011612
reward/steer_change,14569,1786563418.938628,-0.10000000149011612
reward/steer_change,14589,1786563421.601701,-0.10000000149011612
reward/steer_change,14605,1786563423.704007,-0.10000000149011612
reward/steer_change,14624,1786563426.227987,-0.10000000149011612
reward/steer_change,14650,1786563429.725032,-0.10000000149011612
reward/steer_change,14664,1786563431.590634,-0.10000000149011612
reward/steer_change,14681,1786563433.832914,-0.10000000149011612
reward/steer_change,14709,1786563437.400523,-0.10000000149011612
reward/steer_change,14727,1786563439.668173,-0.10000000149011612
reward/steer_change,14750,1786563442.373869,-0.10000000149011612
reward/steer_change,14773,1786563445.019712,-0.10000000149011612
reward/steer_change,14797,1786563447.422398,-0.10000000149011612
reward/steer_change,14817,1786563449.386059,-0.10000000149011612
reward/steer_change,14844,1786563451.921863,-0.10000000149011612
reward/steer_change,14865,1786563453.831603,-0.10000000149011612
reward/steer_change,14885,1786563455.585929,-0.10000000149011612
reward/steer_change,14902,1786563457.069341,-0.10000000149011612
reward/steer_change,14922,1786563458.787532,-0.10000000149011612
reward/steer_change,14940,1786563460.305039,-0.10000000149011612
reward/steer_change,14954,1786563463.788751,-0.10000000149011612
reward/steer_change,14985,1786563468.670198,0.0
reward/steer_change,15002,1786563471.317003,-0.10000000149011612
reward/steer_change,15021,1786563474.282241,-0.10000000149011612
reward/steer_change,15043,1786563477.740385,-0.10000000149011612
reward/steer_change,15062,1786563480.742856,-0.10000000149011612
reward/steer_change,15083,1786563484.054401,-0.10000000149011612
reward/steer_change,15112,1786563488.550619,-0.10000000149011612
reward/steer_change,15131,1786563491.453366,-0.10000000149011612
reward/steer_change,15152,1786563494.604101,-0.10000000149011612
reward/steer_change,15168,1786563497.033391,-0.10000000149011612
reward/steer_change,15192,1786563500.642604,-0.10000000149011612
reward/steer_change,15208,1786563502.981987,-0.10000000149011612
reward/steer_change,15231,1786563506.292993,-0.10000000149011612
reward/steer_change,15251,1786563509.119824,-0.10000000149011612
reward/steer_change,15267,1786563511.370046,-0.10000000149011612
reward/steer_change,15291,1786563514.691692,-0.10000000149011612
reward/steer_change,15306,1786563516.745313,-0.10000000149011612
reward/steer_change,15331,1786563520.206991,-0.10000000149011612
reward/steer_change,15353,1786563523.205282,-0.10000000149011612
reward/steer_change,15371,1786563525.466872,-0.10000000149011612
reward/steer_change,15393,1786563528.154344,-0.10000000149011612
reward/steer_change,15411,1786563530.296431,-0.10000000149011612
reward/steer_change,15434,1786563532.877082,-0.10000000149011612
reward/steer_change,15449,1786563534.577564,-0.10000000149011612
reward/steer_change,15474,1786563537.401192,-0.10000000149011612
reward/steer_change,15497,1786563540.000278,-0.10000000149011612
reward/steer_change,15517,1786563542.257290,-0.10000000149011612
reward/steer_change,15535,1786563544.255376,-0.10000000149011612
reward/steer_change,15553,1786563546.261094,0.0
reward/steer_change,15566,1786563547.699779,-0.10000000149011612
reward/steer_change,15590,1786563550.358643,-0.10000000149011612
reward/steer_change,15614,1786563552.790974,-0.10000000149011612
reward/steer_change,15640,1786563555.370559,-0.10000000149011612
reward/steer_change,15662,1786563557.550624,-0.10000000149011612
reward/steer_change,15687,1786563560.004896,-0.10000000149011612
reward/steer_change,15713,1786563562.528584,-0.10000000149011612
reward/steer_change,15729,1786563564.038301,-0.10000000149011612
reward/steer_change,15753,1786563566.358143,-0.10000000149011612
reward/steer_change,15767,1786563567.868947,-0.10000000149011612
reward/steer_change,15792,1786563570.826734,-0.10000000149011612
reward/steer_change,15815,1786563573.636565,0.0
reward/steer_change,15840,1786563576.662973,-0.10000000149011612
reward/steer_change,15856,1786563578.582955,-0.10000000149011612
reward/steer_change,15884,1786563581.926676,-0.10000000149011612
reward/steer_change,15900,1786563583.836680,-0.10000000149011612
reward/steer_change,15925,1786563586.766944,-0.10000000149011612
reward/steer_change,15940,1786563588.489714,-0.10000000149011612
reward/steer_change,15964,1786563591.222651,-0.10000000149011612
reward/steer_change,15982,1786563593.252741,-0.10000000149011612
reward/steer_change,16008,1786563596.276199,-0.10000000149011612
reward/steer_change,16024,1786563598.051703,-0.10000000149011612
reward/steer_change,16039,1786563599.709210,0.0
reward/steer_change,16062,1786563602.231030,-0.10000000149011612
reward/steer_change,16082,1786563604.411252,-0.10000000149011612
reward/steer_change,16102,1786563606.539798,-0.10000000149011612
reward/steer_change,16113,1786563607.686932,-0.10000000149011612
reward/steer_change,16129,1786563609.378263,-0.10000000149011612
reward/steer_change,16146,1786563611.106450,-0.10000000149011612
reward/steer_change,16166,1786563613.816636,-0.10000000149011612
reward/steer_change,16176,1786563614.922780,-0.10000000149011612
reward/steer_change,16196,1786563617.130341,-0.10000000149011612
reward/steer_change,16211,1786563618.786473,-0.10000000149011612
reward/steer_change,16235,1786563621.434967,-0.10000000149011612
reward/steer_change,16251,1786563623.189038,-0.10000000149011612
reward/steer_change,16275,1786563625.847089,-0.10000000149011612
reward/steer_change,16291,1786563627.638824,-0.10000000149011612
reward/steer_change,16317,1786563630.598738,-0.10000000149011612
reward/steer_change,16349,1786563634.123200,-0.10000000149011612
reward/steer_change,16368,1786563636.134064,-0.10000000149011612
reward/steer_change,16395,1786563638.875698,-0.10000000149011612
reward/steer_change,16408,1786563640.129968,-0.10000000149011612
reward/steer_change,16428,1786563642.470127,-0.10000000149011612
reward/steer_change,16446,1786563644.742362,-0.10000000149011612
reward/steer_change,16466,1786563647.185405,-0.10000000149011612
reward/steer_change,16486,1786563649.585401,-0.10000000149011612
reward/steer_change,16506,1786563651.909205,0.0
reward/steer_change,16529,1786563654.559625,-0.10000000149011612
reward/steer_change,16555,1786563657.563081,-0.10000000149011612
reward/steer_change,16572,1786563659.521122,-0.10000000149011612
reward/steer_change,16585,1786563661.017880,-0.10000000149011612
reward/steer_change,16603,1786563663.097293,-0.10000000149011612
reward/steer_change,16627,1786563665.809043,-0.10000000149011612
reward/steer_change,16645,1786563669.144685,-0.10000000149011612
reward/steer_change,16665,1786563671.615294,-0.10000000149011612
reward/steer_change,16680,1786563673.515554,0.0
reward/steer_change,16697,1786563675.637343,-0.10000000149011612
reward/steer_change,16725,1786563678.976933,-0.10000000149011612
reward/steer_change,16742,1786563680.992296,-0.10000000149011612
reward/steer_change,16769,1786563684.210199,-0.10000000149011612
reward/steer_change,16787,1786563686.315854,-0.10000000149011612
reward/steer_change,16803,1786563688.141055,-0.10000000149011612
reward/steer_change,16823,1786563690.453268,-0.10000000149011612
reward/steer_change,16843,1786563692.730651,-0.10000000149011612
reward/steer_change,16864,1786563695.139981,-0.10000000149011612
reward/steer_change,16885,1786563697.554646,-0.10000000149011612
reward/steer_change,16903,1786563699.603663,-0.10000000149011612
reward/steer_change,16924,1786563701.970950,-0.10000000149011612
reward/steer_change,16942,1786563703.998523,-0.10000000149011612
reward/steer_change,16959,1786563705.908343,-0.10000000149011612
reward/steer_change,16977,1786563707.894631,-0.10000000149011612
reward/steer_change,16997,1786563710.075083,-0.10000000149011612
reward/steer_change,17012,1786563711.664257,-0.10000000149011612
reward/steer_change,17026,1786563713.136212,0.0
reward/steer_change,17045,1786563715.140535,-0.10000000149011612
reward/steer_change,17069,1786563717.722200,-0.10000000149011612
reward/steer_change,17094,1786563720.371855,-0.10000000149011612
reward/steer_change,17116,1786563722.697917,-0.10000000149011612
reward/steer_change,17134,1786563724.707805,-0.10000000149011612
reward/steer_change,17156,1786563727.494190,-0.10000000149011612
reward/steer_change,17173,1786563729.771562,-0.10000000149011612
reward/steer_change,17198,1786563733.990994,-0.10000000149011612
reward/steer_change,17216,1786563736.508713,-0.10000000149011612
reward/steer_change,17243,1786563740.195829,-0.10000000149011612
reward/steer_change,17256,1786563741.952225,-0.10000000149011612
reward/steer_change,17286,1786563746.033350,-0.10000000149011612
reward/steer_change,17322,1786563750.884642,-0.10000000149011612
reward/steer_change,17345,1786563753.982235,-0.10000000149011612
reward/steer_change,17362,1786563756.217453,-0.10000000149011612
reward/steer_change,17388,1786563759.669769,-0.10000000149011612
reward/steer_change,17406,1786563764.030830,-0.10000000149011612
reward/steer_change,17434,1786563768.059459,-0.10000000149011612
reward/steer_change,17458,1786563771.445056,-0.10000000149011612
reward/steer_change,17481,1786563774.644989,-0.10000000149011612
reward/steer_change,17504,1786563777.832636,-0.10000000149011612
reward/steer_change,17521,1786563780.205561,-0.10000000149011612
reward/steer_change,17537,1786563782.426252,-0.10000000149011612
reward/steer_change,17557,1786563785.073494,-0.10000000149011612
reward/steer_change,17577,1786563787.455162,-0.10000000149011612
reward/steer_change,17595,1786563789.857076,-0.10000000149011612
reward/steer_change,17616,1786563792.316147,-0.10000000149011612
reward/steer_change,17630,1786563793.883268,-0.10000000149011612
reward/steer_change,17643,1786563795.352540,-0.10000000149011612
reward/steer_change,17669,1786563798.278064,-0.10000000149011612
reward/steer_change,17687,1786563800.289033,-0.10000000149011612
reward/steer_change,17699,1786563801.632288,-0.10000000149011612
reward/steer_change,17722,1786563804.224611,-0.10000000149011612
reward/steer_change,17735,1786563805.705283,-0.10000000149011612
reward/steer_change,17754,1786563807.830969,-0.10000000149011612
reward/steer_change,17782,1786563810.673806,-0.10000000149011612
reward/steer_change,17805,1786563812.947416,-0.10000000149011612
reward/steer_change,17824,1786563814.779165,-0.10000000149011612
reward/steer_change,17841,1786563816.450366,-0.10000000149011612
reward/steer_change,17866,1786563818.832877,-0.10000000149011612
reward/steer_change,17884,1786563820.508384,-0.10000000149011612
reward/steer_change,17901,1786563822.097702,-0.10000000149011612
reward/steer_change,17925,1786563824.280886,-0.10000000149011612
reward/steer_change,17941,1786563825.690228,-0.10000000149011612
reward/steer_change,17965,1786563827.771463,0.0
reward/steer_change,17980,1786563829.051752,-0.10000000149011612
reward/steer_change,18003,1786563831.161068,-0.10000000149011612
reward/steer_change,18025,1786563833.083435,-0.10000000149011612
reward/steer_change,18042,1786563834.546898,-0.10000000149011612
reward/steer_change,18062,1786563836.269062,-0.10000000149011612
reward/steer_change,18081,1786563837.921961,-0.10000000149011612
reward/steer_change,18107,1786563840.157851,-0.10000000149011612
reward/steer_change,18121,1786563841.380463,-0.10000000149011612
reward/steer_change,18136,1786563842.671854,-0.10000000149011612
reward/steer_change,18153,1786563844.166887,-0.10000000149011612
reward/steer_change,18176,1786563846.239443,-0.10000000149011612
reward/steer_change,18197,1786563848.121840,-0.10000000149011612
reward/steer_change,18215,1786563849.706148,-0.10000000149011612
reward/steer_change,18231,1786563851.120003,0.0
reward/steer_change,18245,1786563852.433309,-0.10000000149011612
reward/steer_change,18265,1786563854.453770,-0.10000000149011612
reward/steer_change,18278,1786563855.833261,-0.10000000149011612
reward/steer_change,18300,1786563858.277878,-0.10000000149011612
reward/steer_change,18318,1786563860.301489,-0.10000000149011612
reward/steer_change,18345,1786563863.322079,-0.10000000149011612
reward/steer_change,18366,1786563865.618591,-0.10000000149011612
reward/steer_change,18390,1786563868.292580,-0.10000000149011612
reward/steer_change,18405,1786563870.016709,-0.10000000149011612
reward/steer_change,18423,1786563871.983223,-0.10000000149011612
reward/steer_change,18441,1786563873.928110,-0.10000000149011612
reward/steer_change,18458,1786563875.707155,-0.10000000149011612
reward/steer_change,18479,1786563877.895938,-0.10000000149011612
reward/steer_change,18504,1786563880.487690,-0.10000000149011612
reward/steer_change,18523,1786563882.484028,-0.10000000149011612
reward/steer_change,18542,1786563884.472967,-0.10000000149011612
reward/steer_change,18556,1786563885.936461,0.0
reward/steer_change,18580,1786563888.423834,-0.10000000149011612
reward/steer_change,18592,1786563891.645747,-0.10000000149011612
reward/steer_change,18607,1786563894.301149,-0.10000000149011612
reward/steer_change,18626,1786563897.660035,0.0
reward/steer_change,18652,1786563902.244354,-0.10000000149011612
reward/steer_change,18670,1786563905.421459,-0.10000000149011612
reward/steer_change,18682,1786563907.547976,-0.10000000149011612
reward/steer_change,18701,1786563910.860388,-0.10000000149011612
reward/steer_change,18722,1786563914.542311,-0.10000000149011612
reward/steer_change,18739,1786563917.684470,-0.10000000149011612
reward/steer_change,18758,1786563920.908255,-0.10000000149011612
reward/steer_change,18778,1786563923.683808,-0.10000000149011612
reward/steer_change,18802,1786563926.393328,-0.10000000149011612
reward/steer_change,18821,1786563928.596684,-0.10000000149011612
reward/steer_change,18839,1786563930.630971,-0.10000000149011612
reward/steer_change,18860,1786563935.085785,-0.10000000149011612
reward/steer_change,18879,1786563938.308669,-0.10000000149011612
reward/steer_change,18894,1786563940.780912,-0.10000000149011612
reward/steer_change,18917,1786563944.392487,-0.10000000149011612
reward/steer_change,18932,1786563946.516057,-0.10000000149011612
reward/steer_change,18953,1786563949.574252,-0.10000000149011612
reward/steer_change,18977,1786563953.005058,-0.10000000149011612
reward/steer_change,18994,1786563955.414354,-0.10000000149011612
reward/steer_change,19014,1786563958.249415,-0.10000000149011612
reward/steer_change,19029,1786563960.356085,-0.10000000149011612
reward/steer_change,19044,1786563962.435950,0.0
reward/steer_change,19070,1786563966.134509,-0.10000000149011612
reward/steer_change,19092,1786563969.249723,-0.10000000149011612
reward/steer_change,19111,1786563971.883560,-0.10000000149011612
reward/steer_change,19135,1786563975.218816,-0.10000000149011612
reward/steer_change,19154,1786563977.793503,-0.10000000149011612
reward/steer_change,19185,1786563981.964867,-0.10000000149011612
reward/steer_change,19206,1786563984.829691,-0.10000000149011612
reward/steer_change,19227,1786563989.619884,-0.10000000149011612
reward/steer_change,19246,1786563992.488153,-0.10000000149011612
reward/steer_change,19275,1786563996.849035,-0.10000000149011612
reward/steer_change,19294,1786563999.670421,-0.10000000149011612
reward/steer_change,19319,1786564003.229381,-0.10000000149011612
reward/steer_change,19343,1786564006.005535,-0.10000000149011612
reward/steer_change,19363,1786564008.298118,-0.10000000149011612
reward/steer_change,19389,1786564011.254288,-0.10000000149011612
reward/steer_change,19408,1786564013.392252,-0.10000000149011612
reward/steer_change,19441,1786564017.113141,-0.10000000149011612
reward/steer_change,19461,1786564019.353815,-0.10000000149011612
reward/steer_change,19480,1786564021.457663,-0.10000000149011612
reward/steer_change,19494,1786564022.993613,-0.10000000149011612
reward/steer_change,19509,1786564024.624870,-0.10000000149011612
reward/steer_change,19534,1786564027.286892,-0.10000000149011612
reward/steer_change,19551,1786564029.612144,-0.10000000149011612
reward/steer_change,19581,1786564033.107340,-0.10000000149011612
reward/steer_change,19596,1786564034.821754,-0.10000000149011612
reward/steer_change,19612,1786564036.611075,-0.10000000149011612
reward/steer_change,19635,1786564039.098865,-0.10000000149011612
reward/steer_change,19665,1786564042.347568,-0.10000000149011612
reward/steer_change,19685,1786564044.469282,-0.10000000149011612
reward/steer_change,19699,1786564045.922482,-0.10000000149011612
reward/steer_change,19714,1786564047.469468,-0.10000000149011612
reward/steer_change,19736,1786564049.776387,-0.10000000149011612
reward/steer_change,19759,1786564052.200427,-0.10000000149011612
reward/steer_change,19772,1786564053.562891,-0.10000000149011612
reward/steer_change,19794,1786564055.924000,-0.10000000149011612
reward/steer_change,19813,1786564057.922907,-0.10000000149011612
reward/steer_change,19831,1786564059.752705,-0.10000000149011612
reward/steer_change,19852,1786564061.808235,-0.10000000149011612
reward/steer_change,19873,1786564063.838882,-0.10000000149011612
reward/steer_change,19887,1786564065.210022,-0.10000000149011612
reward/steer_change,19905,1786564066.964103,-0.10000000149011612
reward/steer_change,19933,1786564069.607526,-0.10000000149011612
reward/steer_change,19947,1786564070.917459,-0.10000000149011612
reward/steer_change,19971,1786564073.143948,-0.10000000149011612
reward/steer_change,20000,1786564075.716551,-0.10000000149011612
traffic/requested_vehicles,132,1786561551.821212,20.0
traffic/requested_vehicles,223,1786561565.885237,20.0
traffic/requested_vehicles,322,1786561576.429449,20.0
traffic/requested_vehicles,418,1786561587.055710,20.0
traffic/requested_vehicles,499,1786561599.215673,20.0
traffic/requested_vehicles,732,1786561622.568824,20.0
traffic/requested_vehicles,766,1786561626.172559,20.0
traffic/requested_vehicles,818,1786561633.822810,20.0
traffic/requested_vehicles,934,1786561645.982251,20.0
traffic/requested_vehicles,981,1786561652.342273,20.0
traffic/requested_vehicles,1064,1786561660.110389,20.0
traffic/requested_vehicles,1114,1786561666.311549,20.0
traffic/requested_vehicles,1152,1786561675.676009,20.0
traffic/requested_vehicles,1251,1786561694.202776,20.0
traffic/requested_vehicles,1466,1786561719.193502,20.0
traffic/requested_vehicles,1564,1786561738.893096,20.0
traffic/requested_vehicles,1608,1786561748.235327,20.0
traffic/requested_vehicles,1637,1786561755.517326,20.0
traffic/requested_vehicles,1660,1786561759.742648,20.0
traffic/requested_vehicles,1681,1786561764.276516,20.0
traffic/requested_vehicles,1701,1786561768.003827,20.0
traffic/requested_vehicles,1720,1786561770.906160,20.0
traffic/requested_vehicles,1740,1786561773.498180,20.0
traffic/requested_vehicles,1759,1786561777.796405,20.0
traffic/requested_vehicles,1778,1786561782.170757,20.0
traffic/requested_vehicles,1790,1786561784.120781,20.0
traffic/requested_vehicles,1809,1786561788.255086,20.0
traffic/requested_vehicles,1829,1786561791.321821,20.0
traffic/requested_vehicles,1852,1786561793.913140,20.0
traffic/requested_vehicles,1913,1786561802.301522,20.0
traffic/requested_vehicles,1933,1786561804.925527,20.0
traffic/requested_vehicles,1946,1786561808.362190,20.0
traffic/requested_vehicles,1958,1786561809.677988,20.0
traffic/requested_vehicles,1970,1786561812.662871,20.0
traffic/requested_vehicles,1986,1786561816.774957,20.0
traffic/requested_vehicles,2001,1786561819.188381,20.0
traffic/requested_vehicles,2011,1786561820.899369,20.0
traffic/requested_vehicles,2023,1786561822.598610,20.0
traffic/requested_vehicles,2037,1786561824.533952,20.0
traffic/requested_vehicles,2051,1786561826.535782,20.0
traffic/requested_vehicles,2067,1786561829.084814,20.0
traffic/requested_vehicles,2081,1786561831.213904,20.0
traffic/requested_vehicles,2098,1786561835.606627,20.0
traffic/requested_vehicles,2114,1786561839.945736,20.0
traffic/requested_vehicles,2130,1786561845.232863,20.0
traffic/requested_vehicles,2144,1786561847.308759,20.0
traffic/requested_vehicles,2169,1786561851.792002,20.0
traffic/requested_vehicles,2183,1786561854.018750,20.0
traffic/requested_vehicles,2195,1786561857.447913,20.0
traffic/requested_vehicles,2212,1786561860.163896,20.0
traffic/requested_vehicles,2880,1786561933.729719,20.0
traffic/requested_vehicles,2987,1786561950.537416,20.0
traffic/requested_vehicles,3253,1786561984.677111,20.0
traffic/requested_vehicles,4196,1786562104.134283,20.0
traffic/requested_vehicles,5022,1786562206.706940,20.0
traffic/requested_vehicles,5764,1786562293.030966,20.0
traffic/requested_vehicles,5937,1786562317.445273,20.0
traffic/requested_vehicles,6721,1786562404.454249,20.0
traffic/requested_vehicles,7562,1786562520.950735,20.0
traffic/requested_vehicles,8170,1786562592.683224,20.0
traffic/requested_vehicles,9370,1786562733.995488,20.0
traffic/requested_vehicles,9696,1786562780.702728,20.0
traffic/requested_vehicles,10083,1786562826.021326,20.0
traffic/requested_vehicles,10196,1786562838.254016,20.0
traffic/requested_vehicles,10894,1786562928.986927,20.0
traffic/requested_vehicles,11547,1786563041.054838,20.0
traffic/requested_vehicles,12152,1786563128.567828,20.0
traffic/requested_vehicles,13097,1786563238.520421,20.0
traffic/requested_vehicles,14102,1786563360.152017,20.0
traffic/requested_vehicles,14949,1786563461.332747,20.0
traffic/requested_vehicles,16149,1786563611.421261,20.0
traffic/requested_vehicles,16427,1786563641.985438,20.0
traffic/requested_vehicles,16637,1786563667.696920,20.0
traffic/requested_vehicles,17388,1786563759.670075,20.0
traffic/requested_vehicles,18588,1786563889.242144,20.0
traffic/requested_vehicles,18764,1786563921.781727,20.0
traffic/requested_vehicles,18853,1786563932.214307,20.0
traffic/requested_vehicles,19217,1786563986.351638,20.0
traffic/requested_vehicles,19544,1786564028.374637,20.0
traffic/requested_vehicles,20000,1786564075.850896,20.0
traffic/requested_walkers,132,1786561551.821402,50.0
traffic/requested_walkers,223,1786561565.885265,50.0
traffic/requested_walkers,322,1786561576.429465,50.0
traffic/requested_walkers,418,1786561587.055809,50.0
traffic/requested_walkers,499,1786561599.215733,50.0
traffic/requested_walkers,732,1786561622.568864,50.0
traffic/requested_walkers,766,1786561626.172736,50.0
traffic/requested_walkers,818,1786561633.823045,50.0
traffic/requested_walkers,934,1786561645.982719,50.0
traffic/requested_walkers,981,1786561652.342528,50.0
traffic/requested_walkers,1064,1786561660.110534,50.0
traffic/requested_walkers,1114,1786561666.311630,50.0
traffic/requested_walkers,1152,1786561675.676301,50.0
traffic/requested_walkers,1251,1786561694.202839,50.0
traffic/requested_walkers,1466,1786561719.193656,50.0
traffic/requested_walkers,1564,1786561738.893194,50.0
traffic/requested_walkers,1608,1786561748.235354,50.0
traffic/requested_walkers,1637,1786561755.517391,50.0
traffic/requested_walkers,1660,1786561759.742706,50.0
traffic/requested_walkers,1681,1786561764.276531,50.0
traffic/requested_walkers,1701,1786561768.003899,50.0
traffic/requested_walkers,1720,1786561770.906354,50.0
traffic/requested_walkers,1740,1786561773.498194,50.0
traffic/requested_walkers,1759,1786561777.796419,50.0
traffic/requested_walkers,1778,1786561782.170772,50.0
traffic/requested_walkers,1790,1786561784.120838,50.0
traffic/requested_walkers,1809,1786561788.255113,50.0
traffic/requested_walkers,1829,1786561791.321835,50.0
traffic/requested_walkers,1852,1786561793.913211,50.0
traffic/requested_walkers,1913,1786561802.301579,50.0
traffic/requested_walkers,1933,1786561804.925553,50.0
traffic/requested_walkers,1946,1786561808.362372,50.0
traffic/requested_walkers,1958,1786561809.678058,50.0
traffic/requested_walkers,1970,1786561812.662924,50.0
traffic/requested_walkers,1986,1786561816.775189,50.0
traffic/requested_walkers,2001,1786561819.188394,50.0
traffic/requested_walkers,2011,1786561820.899383,50.0
traffic/requested_walkers,2023,1786561822.598662,50.0
traffic/requested_walkers,2037,1786561824.534008,50.0
traffic/requested_walkers,2051,1786561826.535835,50.0
traffic/requested_walkers,2067,1786561829.084867,50.0
traffic/requested_walkers,2081,1786561831.213977,50.0
traffic/requested_walkers,2098,1786561835.606684,50.0
traffic/requested_walkers,2114,1786561839.945903,50.0
traffic/requested_walkers,2130,1786561845.232928,50.0
traffic/requested_walkers,2144,1786561847.308814,50.0
traffic/requested_walkers,2169,1786561851.792015,50.0
traffic/requested_walkers,2183,1786561854.018804,50.0
traffic/requested_walkers,2195,1786561857.447927,50.0
traffic/requested_walkers,2212,1786561860.163950,50.0
traffic/requested_walkers,2880,1786561933.729900,50.0
traffic/requested_walkers,2987,1786561950.537430,50.0
traffic/requested_walkers,3253,1786561984.677320,50.0
traffic/requested_walkers,4196,1786562104.134295,50.0
traffic/requested_walkers,5022,1786562206.706997,50.0
traffic/requested_walkers,5764,1786562293.031039,50.0
traffic/requested_walkers,5937,1786562317.445286,50.0
traffic/requested_walkers,6721,1786562404.454415,50.0
traffic/requested_walkers,7562,1786562520.950749,50.0
traffic/requested_walkers,8170,1786562592.683240,50.0
traffic/requested_walkers,9370,1786562733.995554,50.0
traffic/requested_walkers,9696,1786562780.702822,50.0
traffic/requested_walkers,10083,1786562826.021424,50.0
traffic/requested_walkers,10196,1786562838.254030,50.0
traffic/requested_walkers,10894,1786562928.986988,50.0
traffic/requested_walkers,11547,1786563041.054854,50.0
traffic/requested_walkers,12152,1786563128.567893,50.0
traffic/requested_walkers,13097,1786563238.520435,50.0
traffic/requested_walkers,14102,1786563360.152073,50.0
traffic/requested_walkers,14949,1786563461.332761,50.0
traffic/requested_walkers,16149,1786563611.421314,50.0
traffic/requested_walkers,16427,1786563641.985451,50.0
traffic/requested_walkers,16637,1786563667.696979,50.0
traffic/requested_walkers,17388,1786563759.670152,50.0
traffic/requested_walkers,18588,1786563889.242201,50.0
traffic/requested_walkers,18764,1786563921.781781,50.0
traffic/requested_walkers,18853,1786563932.214324,50.0
traffic/requested_walkers,19217,1786563986.351693,50.0
traffic/requested_walkers,19544,1786564028.374700,50.0
traffic/requested_walkers,20000,1786564075.850909,50.0
traffic/spawned_vehicles,132,1786561551.821350,20.0
traffic/spawned_vehicles,223,1786561565.885256,20.0
traffic/spawned_vehicles,322,1786561576.429458,20.0
traffic/spawned_vehicles,418,1786561587.055761,20.0
traffic/spawned_vehicles,499,1786561599.215707,20.0
traffic/spawned_vehicles,732,1786561622.568851,20.0
traffic/spawned_vehicles,766,1786561626.172714,20.0
traffic/spawned_vehicles,818,1786561633.823012,20.0
traffic/spawned_vehicles,934,1786561645.982294,20.0
traffic/spawned_vehicles,981,1786561652.342394,20.0
traffic/spawned_vehicles,1064,1786561660.110482,20.0
traffic/spawned_vehicles,1114,1786561666.311591,20.0
traffic/spawned_vehicles,1152,1786561675.676270,20.0
traffic/spawned_vehicles,1251,1786561694.202808,20.0
traffic/spawned_vehicles,1466,1786561719.193588,20.0
traffic/spawned_vehicles,1564,1786561738.893147,20.0
traffic/spawned_vehicles,1608,1786561748.235345,20.0
traffic/spawned_vehicles,1637,1786561755.517359,20.0
traffic/spawned_vehicles,1660,1786561759.742675,20.0
traffic/spawned_vehicles,1681,1786561764.276523,20.0
traffic/spawned_vehicles,1701,1786561768.003869,20.0
traffic/spawned_vehicles,1720,1786561770.906212,20.0
traffic/spawned_vehicles,1740,1786561773.498187,20.0
traffic/spawned_vehicles,1759,1786561777.796412,20.0
traffic/spawned_vehicles,1778,1786561782.170764,20.0
traffic/spawned_vehicles,1790,1786561784.120813,20.0
traffic/spawned_vehicles,1809,1786561788.255104,20.0
traffic/spawned_vehicles,1829,1786561791.321828,20.0
traffic/spawned_vehicles,1852,1786561793.913176,20.0
traffic/spawned_vehicles,1913,1786561802.301549,20.0
traffic/spawned_vehicles,1933,1786561804.925544,20.0
traffic/spawned_vehicles,1946,1786561808.362218,20.0
traffic/spawned_vehicles,1958,1786561809.678049,20.0
traffic/spawned_vehicles,1970,1786561812.662898,20.0
traffic/spawned_vehicles,1986,1786561816.775126,20.0
traffic/spawned_vehicles,2001,1786561819.188388,20.0
traffic/spawned_vehicles,2011,1786561820.899376,20.0
traffic/spawned_vehicles,2023,1786561822.598636,20.0
traffic/spawned_vehicles,2037,1786561824.533960,20.0
traffic/spawned_vehicles,2051,1786561826.535809,20.0
traffic/spawned_vehicles,2067,1786561829.084841,20.0
traffic/spawned_vehicles,2081,1786561831.213947,20.0
traffic/spawned_vehicles,2098,1786561835.606657,20.0
traffic/spawned_vehicles,2114,1786561839.945743,20.0
traffic/spawned_vehicles,2130,1786561845.232898,20.0
traffic/spawned_vehicles,2144,1786561847.308787,20.0
traffic/spawned_vehicles,2169,1786561851.792009,20.0
traffic/spawned_vehicles,2183,1786561854.018778,20.0
traffic/spawned_vehicles,2195,1786561857.447920,20.0
traffic/spawned_vehicles,2212,1786561860.163923,20.0
traffic/spawned_vehicles,2880,1786561933.729764,20.0
traffic/spawned_vehicles,2987,1786561950.537423,20.0
traffic/spawned_vehicles,3253,1786561984.677300,20.0
traffic/spawned_vehicles,4196,1786562104.134289,20.0
traffic/spawned_vehicles,5022,1786562206.706947,20.0
traffic/spawned_vehicles,5764,1786562293.031004,20.0
traffic/spawned_vehicles,5937,1786562317.445279,20.0
traffic/spawned_vehicles,6721,1786562404.454397,20.0
traffic/spawned_vehicles,7562,1786562520.950742,20.0
traffic/spawned_vehicles,8170,1786562592.683232,20.0
traffic/spawned_vehicles,9370,1786562733.995521,20.0
traffic/spawned_vehicles,9696,1786562780.702775,20.0
traffic/spawned_vehicles,10083,1786562826.021389,20.0
traffic/spawned_vehicles,10196,1786562838.254023,20.0
traffic/spawned_vehicles,10894,1786562928.986955,20.0
traffic/spawned_vehicles,11547,1786563041.054847,20.0
traffic/spawned_vehicles,12152,1786563128.567863,20.0
traffic/spawned_vehicles,13097,1786563238.520428,20.0
traffic/spawned_vehicles,14102,1786563360.152029,20.0
traffic/spawned_vehicles,14949,1786563461.332753,20.0
traffic/spawned_vehicles,16149,1786563611.421288,20.0
traffic/spawned_vehicles,16427,1786563641.985444,20.0
traffic/spawned_vehicles,16637,1786563667.696950,20.0
traffic/spawned_vehicles,17388,1786563759.670114,20.0
traffic/spawned_vehicles,18588,1786563889.242173,20.0
traffic/spawned_vehicles,18764,1786563921.781755,20.0
traffic/spawned_vehicles,18853,1786563932.214314,20.0
traffic/spawned_vehicles,19217,1786563986.351666,20.0
traffic/spawned_vehicles,19544,1786564028.374669,20.0
traffic/spawned_vehicles,20000,1786564075.850903,20.0
traffic/spawned_walkers,132,1786561551.821554,50.0
traffic/spawned_walkers,223,1786561565.885472,50.0
traffic/spawned_walkers,322,1786561576.429494,50.0
traffic/spawned_walkers,418,1786561587.055854,50.0
traffic/spawned_walkers,499,1786561599.215756,50.0
traffic/spawned_walkers,732,1786561622.568875,50.0
traffic/spawned_walkers,766,1786561626.172749,50.0
traffic/spawned_walkers,818,1786561633.823071,50.0
traffic/spawned_walkers,934,1786561645.982756,50.0
traffic/spawned_walkers,981,1786561652.342582,50.0
traffic/spawned_walkers,1064,1786561660.110582,50.0
traffic/spawned_walkers,1114,1786561666.311663,50.0
traffic/spawned_walkers,1152,1786561675.676325,50.0
traffic/spawned_walkers,1251,1786561694.202872,50.0
traffic/spawned_walkers,1466,1786561719.193722,50.0
traffic/spawned_walkers,1564,1786561738.893239,50.0
traffic/spawned_walkers,1608,1786561748.235362,50.0
traffic/spawned_walkers,1637,1786561755.517417,50.0
traffic/spawned_walkers,1660,1786561759.742731,50.0
traffic/spawned_walkers,1681,1786561764.276537,50.0
traffic/spawned_walkers,1701,1786561768.003929,50.0
traffic/spawned_walkers,1720,1786561770.906404,50.0
traffic/spawned_walkers,1740,1786561773.498201,50.0
traffic/spawned_walkers,1759,1786561777.796426,50.0
traffic/spawned_walkers,1778,1786561782.170781,50.0
traffic/spawned_walkers,1790,1786561784.120866,50.0
traffic/spawned_walkers,1809,1786561788.255120,50.0
traffic/spawned_walkers,1829,1786561791.321842,50.0
traffic/spawned_walkers,1852,1786561793.913242,50.0
traffic/spawned_walkers,1913,1786561802.301605,50.0
traffic/spawned_walkers,1933,1786561804.925560,50.0
traffic/spawned_walkers,1946,1786561808.362406,50.0
traffic/spawned_walkers,1958,1786561809.678109,50.0
traffic/spawned_walkers,1970,1786561812.662949,50.0
traffic/spawned_walkers,1986,1786561816.775345,50.0
traffic/spawned_walkers,2001,1786561819.188401,50.0
traffic/spawned_walkers,2011,1786561820.899390,50.0
traffic/spawned_walkers,2023,1786561822.598689,50.0
traffic/spawned_walkers,2037,1786561824.534276,50.0
traffic/spawned_walkers,2051,1786561826.535861,50.0
traffic/spawned_walkers,2067,1786561829.084895,50.0
traffic/spawned_walkers,2081,1786561831.214006,50.0
traffic/spawned_walkers,2098,1786561835.606711,50.0
traffic/spawned_walkers,2114,1786561839.945940,50.0
traffic/spawned_walkers,2130,1786561845.232957,50.0
traffic/spawned_walkers,2144,1786561847.308840,50.0
traffic/spawned_walkers,2169,1786561851.792022,50.0
traffic/spawned_walkers,2183,1786561854.018831,50.0
traffic/spawned_walkers,2195,1786561857.447934,50.0
traffic/spawned_walkers,2212,1786561860.163979,50.0
traffic/spawned_walkers,2880,1786561933.729918,50.0
traffic/spawned_walkers,2987,1786561950.537436,50.0
traffic/spawned_walkers,3253,1786561984.677329,50.0
traffic/spawned_walkers,4196,1786562104.134302,50.0
traffic/spawned_walkers,5022,1786562206.707236,50.0
traffic/spawned_walkers,5764,1786562293.031072,50.0
traffic/spawned_walkers,5937,1786562317.445292,50.0
traffic/spawned_walkers,6721,1786562404.454459,50.0
traffic/spawned_walkers,7562,1786562520.950756,50.0
traffic/spawned_walkers,8170,1786562592.683247,50.0
traffic/spawned_walkers,9370,1786562733.995587,50.0
traffic/spawned_walkers,9696,1786562780.702869,50.0
traffic/spawned_walkers,10083,1786562826.021452,50.0
traffic/spawned_walkers,10196,1786562838.254037,50.0
traffic/spawned_walkers,10894,1786562928.996458,50.0
traffic/spawned_walkers,11547,1786563041.054861,50.0
traffic/spawned_walkers,12152,1786563128.567923,50.0
traffic/spawned_walkers,13097,1786563238.520442,50.0
traffic/spawned_walkers,14102,1786563360.152113,50.0
traffic/spawned_walkers,14949,1786563461.332768,50.0
traffic/spawned_walkers,16149,1786563611.421340,50.0
traffic/spawned_walkers,16427,1786563641.985458,50.0
traffic/spawned_walkers,16637,1786563667.697015,50.0
traffic/spawned_walkers,17388,1786563759.670184,50.0
traffic/spawned_walkers,18588,1786563889.242229,50.0
traffic/spawned_walkers,18764,1786563921.781808,50.0
traffic/spawned_walkers,18853,1786563932.214331,50.0
traffic/spawned_walkers,19217,1786563986.351720,50.0
traffic/spawned_walkers,19544,1786564028.374731,50.0
traffic/spawned_walkers,20000,1786564075.850916,50.0
train/actor_loss,1501,1786561728.421602,-0.010323172435164452
train/actor_loss,1519,1786561731.946342,0.4610995352268219
train/actor_loss,1537,1786561735.369521,0.4638972282409668
train/actor_loss,1555,1786561737.934914,0.3023373484611511
train/actor_loss,1575,1786561742.535191,0.4656221568584442
train/actor_loss,1593,1786561745.852141,0.6085305213928223
train/actor_loss,1611,1786561751.082974,0.616146445274353
train/actor_loss,1629,1786561754.376702,0.5974498987197876
train/actor_loss,1649,1786561757.481101,0.31599563360214233
train/actor_loss,1667,1786561761.105282,0.7948931455612183
train/actor_loss,1685,1786561765.082304,0.7763468623161316
train/actor_loss,1703,1786561768.721534,0.4452884793281555
train/actor_loss,1723,1786561771.599771,0.7120668888092041
train/actor_loss,1741,1786561775.243231,0.8671121597290039
train/actor_loss,1759,1786561777.795845,1.1603889465332031
train/actor_loss,1777,1786561782.054501,1.078163504600525
train/actor_loss,1797,1786561786.982258,0.89629065990448
train/actor_loss,1815,1786561789.491961,0.8680520057678223
train/actor_loss,1833,1786561792.172101,1.0036534070968628
train/actor_loss,1851,1786561793.841245,1.1408534049987793
train/actor_loss,1871,1786561796.835563,1.0479016304016113
train/actor_loss,1889,1786561799.208346,0.8669966459274292
train/actor_loss,1907,1786561801.559137,1.196376085281372
train/actor_loss,1925,1786561804.084564,1.359166145324707
train/actor_loss,1945,1786561808.229723,1.6946544647216797
train/actor_loss,1963,1786561811.750529,1.4440503120422363
train/actor_loss,1981,1786561816.166745,1.368687629699707
train/actor_loss,1999,1786561818.828626,1.6572942733764648
train/actor_loss,2019,1786561822.163951,1.0917658805847168
train/actor_loss,2037,1786561824.533471,1.2795827388763428
train/actor_loss,2055,1786561827.451808,1.345824956893921
train/actor_loss,2075,1786561830.521756,1.716745138168335
train/actor_loss,2093,1786561834.891378,1.7004023790359497
train/actor_loss,2111,1786561839.531065,1.3924504518508911
train/actor_loss,2129,1786561845.025789,2.0078537464141846
train/actor_loss,2149,1786561849.582863,1.9413397312164307
train/actor_loss,2167,1786561851.584469,1.9632282257080078
train/actor_loss,2185,1786561855.993868,1.6878790855407715
train/actor_loss,2203,1786561859.010916,2.12809157371521
train/actor_loss,2223,1786561861.949970,2.023232936859131
train/actor_loss,2241,1786561864.253266,1.5326132774353027
train/actor_loss,2259,1786561866.491467,2.0216758251190186
train/actor_loss,2277,1786561868.697639,2.1263771057128906
train/actor_loss,2297,1786561871.100739,1.5907033681869507
train/actor_loss,2315,1786561873.223242,2.0047340393066406
train/actor_loss,2333,1786561875.309519,1.4223904609680176
train/actor_loss,2351,1786561877.338323,2.4267470836639404
train/actor_loss,2371,1786561879.547688,1.857750415802002
train/actor_loss,2389,1786561881.462882,2.0194592475891113
train/actor_loss,2407,1786561883.327928,1.9670480489730835
train/actor_loss,2425,1786561885.172222,2.0652427673339844
train/actor_loss,2445,1786561887.210117,2.1825919151306152
train/actor_loss,2463,1786561889.070513,1.7008600234985352
train/actor_loss,2481,1786561890.916879,2.2848100662231445
train/actor_loss,2499,1786561892.789458,2.5944550037384033
train/actor_loss,2519,1786561894.885201,1.8015315532684326
train/actor_loss,2537,1786561896.788018,1.8504915237426758
train/actor_loss,2555,1786561898.710116,2.037400007247925
train/actor_loss,2573,1786561900.683660,2.10536527633667
train/actor_loss,2593,1786561902.888694,1.7820295095443726
train/actor_loss,2611,1786561904.860565,1.9781765937805176
train/actor_loss,2629,1786561906.805824,2.234884023666382
train/actor_loss,2649,1786561908.999093,2.973621368408203
train/actor_loss,2667,1786561910.959996,1.5258513689041138
train/actor_loss,2685,1786561912.907616,1.9669840335845947
train/actor_loss,2703,1786561914.863907,2.5948822498321533
train/actor_loss,2723,1786561917.045314,1.9858702421188354
train/actor_loss,2741,1786561919.041354,2.010861873626709
train/actor_loss,2759,1786561921.051012,1.4989291429519653
train/actor_loss,2777,1786561923.050687,2.223926544189453
train/actor_loss,2797,1786561925.203882,2.4529147148132324
train/actor_loss,2815,1786561927.108371,1.747041940689087
train/actor_loss,2833,1786561928.977536,1.8000175952911377
train/actor_loss,2851,1786561930.798056,1.561754822731018
train/actor_loss,2871,1786561932.820952,1.951074242591858
train/actor_loss,2889,1786561936.896800,2.6424155235290527
train/actor_loss,2907,1786561939.422799,1.8032526969909668
train/actor_loss,2925,1786561942.043252,1.4452002048492432
train/actor_loss,2945,1786561944.834325,2.3015823364257812
train/actor_loss,2963,1786561947.264766,1.6711384057998657
train/actor_loss,2981,1786561949.685554,2.640805244445801
train/actor_loss,2999,1786561954.033377,1.683428168296814
train/actor_loss,3019,1786561957.183719,2.6756067276000977
train/actor_loss,3037,1786561959.945545,1.8226134777069092
train/actor_loss,3055,1786561962.716343,1.2636528015136719
train/actor_loss,3073,1786561965.399822,1.9807463884353638
train/actor_loss,3093,1786561968.284878,2.2656750679016113
train/actor_loss,3111,1786561970.779937,2.0466814041137695
train/actor_loss,3129,1786561972.830542,1.7610583305358887
train/actor_loss,3147,1786561974.590309,1.5442769527435303
train/actor_loss,3167,1786561976.621982,1.7378792762756348
train/actor_loss,3185,1786561978.338062,1.7322217226028442
train/actor_loss,3203,1786561980.049878,2.4894936084747314
train/actor_loss,3223,1786561981.895737,2.369174003601074
train/actor_loss,3241,1786561983.520128,2.3608503341674805
train/actor_loss,3259,1786561985.921568,3.291576623916626
train/actor_loss,3277,1786561988.337780,2.8084805011749268
train/actor_loss,3297,1786561990.971149,1.9425616264343262
train/actor_loss,3315,1786561993.335081,1.8640738725662231
train/actor_loss,3333,1786561995.667944,1.487082600593567
train/actor_loss,3351,1786561997.926696,3.1969895362854004
train/actor_loss,3371,1786562000.455180,1.8234421014785767
train/actor_loss,3389,1786562002.688614,2.3670806884765625
train/actor_loss,3407,1786562004.806129,2.416358232498169
train/actor_loss,3425,1786562006.949752,1.724281907081604
train/actor_loss,3445,1786562009.330922,1.4799108505249023
train/actor_loss,3463,1786562011.426977,2.0577404499053955
train/actor_loss,3481,1786562013.465893,1.5738149881362915
train/actor_loss,3499,1786562015.492261,1.937903881072998
train/actor_loss,3519,1786562017.753204,2.358027458190918
train/actor_loss,3537,1786562019.792476,2.0250515937805176
train/actor_loss,3555,1786562021.829164,1.4061886072158813
train/actor_loss,3573,1786562023.826101,2.138117790222168
train/actor_loss,3593,1786562026.042254,1.4021499156951904
train/actor_loss,3611,1786562028.052137,1.8292444944381714
train/actor_loss,3629,1786562029.998659,1.364782691001892
train/actor_loss,3647,1786562031.968931,1.8406115770339966
train/actor_loss,3667,1786562034.191692,0.660393476486206
train/actor_loss,3685,1786562036.168632,2.348315715789795
train/actor_loss,3703,1786562038.139530,1.2683156728744507
train/actor_loss,3721,1786562040.149402,0.5156468152999878
train/actor_loss,3741,1786562042.325377,1.5824910402297974
train/actor_loss,3759,1786562044.387821,1.0341317653656006
train/actor_loss,3777,1786562046.655828,1.6612277030944824
train/actor_loss,3797,1786562049.174012,2.2362923622131348
train/actor_loss,3815,1786562051.444674,0.896269679069519
train/actor_loss,3833,1786562053.770004,0.9026111364364624
train/actor_loss,3851,1786562056.050375,1.8958666324615479
train/actor_loss,3871,1786562058.500767,1.587702751159668
train/actor_loss,3889,1786562060.691618,1.9948099851608276
train/actor_loss,3907,1786562062.797131,0.7829437255859375
train/actor_loss,3925,1786562064.776773,3.0846476554870605
train/actor_loss,3945,1786562066.936728,0.26808106899261475
train/actor_loss,3963,1786562068.835916,0.33893731236457825
train/actor_loss,3981,1786562070.712376,0.6587405204772949
train/actor_loss,3999,1786562072.568855,0.7486531734466553
train/actor_loss,4019,1786562074.689450,0.5089887976646423
train/actor_loss,4037,1786562076.589833,1.2151715755462646
train/actor_loss,4055,1786562080.027935,1.242569923400879
train/actor_loss,4073,1786562083.249846,1.5614347457885742
train/actor_loss,4093,1786562086.819790,1.7206342220306396
train/actor_loss,4111,1786562089.985895,1.657909870147705
train/actor_loss,4129,1786562093.148716,2.4849534034729004
train/actor_loss,4147,1786562096.326679,-0.014417767524719238
train/actor_loss,4167,1786562099.841838,1.3112499713897705
train/actor_loss,4185,1786562102.859006,0.47600483894348145
train/actor_loss,4203,1786562105.358700,1.3697409629821777
train/actor_loss,4221,1786562107.535130,1.0476311445236206
train/actor_loss,4241,1786562109.934651,1.2843223810195923
train/actor_loss,4259,1786562112.066048,0.6437581777572632
train/actor_loss,4277,1786562114.119311,1.5284494161605835
train/actor_loss,4295,1786562116.359463,2.313976287841797
train/actor_loss,4315,1786562119.147881,0.401583731174469
train/actor_loss,4333,1786562121.661895,0.6588403582572937
train/actor_loss,4351,1786562124.097288,0.21117132902145386
train/actor_loss,4371,1786562126.808719,0.9992746710777283
train/actor_loss,4389,1786562129.251772,1.3066599369049072
train/actor_loss,4407,1786562131.633223,0.492366760969162
train/actor_loss,4425,1786562133.998015,1.2191381454467773
train/actor_loss,4445,1786562136.553847,0.9586337208747864
train/actor_loss,4463,1786562138.796980,0.3499608039855957
train/actor_loss,4481,1786562141.057361,0.7141025066375732
train/actor_loss,4499,1786562143.302501,0.061620235443115234
train/actor_loss,4519,1786562145.800958,0.7317438125610352
train/actor_loss,4537,1786562148.101058,1.0325326919555664
train/actor_loss,4555,1786562150.386981,0.8058801889419556
train/actor_loss,4573,1786562152.586026,0.7798445224761963
train/actor_loss,4593,1786562155.121952,0.22099784016609192
train/actor_loss,4611,1786562157.376097,0.29175394773483276
train/actor_loss,4629,1786562159.562077,0.295181542634964
train/actor_loss,4647,1786562161.777719,0.6629952192306519
train/actor_loss,4667,1786562164.209026,-0.17489391565322876
train/actor_loss,4685,1786562166.402236,-0.14656084775924683
train/actor_loss,4703,1786562168.553926,1.0792797803878784
train/actor_loss,4721,1786562170.732454,0.4007803201675415
train/actor_loss,4741,1786562173.200150,-0.28622931241989136
train/actor_loss,4759,1786562175.397616,0.5754052400588989
train/actor_loss,4777,1786562177.669167,0.2880818545818329
train/actor_loss,4795,1786562179.916339,0.23804700374603271
train/actor_loss,4815,1786562182.260136,-0.39810609817504883
train/actor_loss,4833,1786562184.170089,1.1418803930282593
train/actor_loss,4851,1786562185.970860,-0.8498050570487976
train/actor_loss,4871,1786562187.829127,-0.0951235294342041
train/actor_loss,4889,1786562189.511830,0.4203639030456543
train/actor_loss,4907,1786562191.046376,0.5877894163131714
train/actor_loss,4925,1786562192.539474,1.531412124633789
train/actor_loss,4945,1786562195.041475,-0.3296201825141907
train/actor_loss,4963,1786562197.583766,-0.1703358292579651
train/actor_loss,4981,1786562200.288265,0.48013806343078613
train/actor_loss,4999,1786562203.015224,0.28950929641723633
train/actor_loss,5019,1786562206.224964,-0.007961899042129517
train/actor_loss,5037,1786562210.972714,-0.7635394334793091
train/actor_loss,5055,1786562213.944822,-0.5801809430122375
train/actor_loss,5073,1786562216.853005,0.3323425054550171
train/actor_loss,5093,1786562220.114342,0.24013280868530273
train/actor_loss,5111,1786562222.914490,-0.25240281224250793
train/actor_loss,5129,1786562225.694868,-1.342822551727295
train/actor_loss,5147,1786562228.435081,-1.1038967370986938
train/actor_loss,5167,1786562231.468558,-0.37547922134399414
train/actor_loss,5185,1786562234.159405,-0.6967060565948486
train/actor_loss,5203,1786562236.855786,0.2921987771987915
train/actor_loss,5221,1786562239.555049,-1.9621784687042236
train/actor_loss,5241,1786562242.522863,-1.3940894603729248
train/actor_loss,5259,1786562244.756629,-0.03383684158325195
train/actor_loss,5277,1786562246.814664,0.5072758197784424
train/actor_loss,5295,1786562248.908215,-1.3358896970748901
train/actor_loss,5315,1786562251.191787,-1.3655891418457031
train/actor_loss,5333,1786562253.240581,-1.6006184816360474
train/actor_loss,5351,1786562255.165682,0.2642948627471924
train/actor_loss,5369,1786562257.006109,-0.7515226602554321
train/actor_loss,5389,1786562259.022153,-0.42692631483078003
train/actor_loss,5407,1786562260.791215,-1.2804455757141113
train/actor_loss,5425,1786562262.565692,-1.4925849437713623
train/actor_loss,5445,1786562264.509072,-1.866459846496582
train/actor_loss,5463,1786562266.208664,-1.8239842653274536
train/actor_loss,5481,1786562267.927130,0.3063136339187622
train/actor_loss,5499,1786562269.605486,-0.4768102765083313
train/actor_loss,5519,1786562271.417032,-1.8188620805740356
train/actor_loss,5537,1786562273.010779,-0.6296770572662354
train/actor_loss,5555,1786562274.599909,0.3427554965019226
train/actor_loss,5573,1786562276.176196,-2.4698703289031982
train/actor_loss,5593,1786562277.945501,-0.862060546875
train/actor_loss,5611,1786562279.527248,0.1541258990764618
train/actor_loss,5629,1786562281.088130,-1.6336438655853271
train/actor_loss,5647,1786562282.649123,-0.5264498591423035
train/actor_loss,5667,1786562284.395968,-2.0780272483825684
train/actor_loss,5685,1786562285.966264,-0.2563050091266632
train/actor_loss,5703,1786562287.571958,-1.1556025743484497
train/actor_loss,5721,1786562289.185184,-0.2885810136795044
train/actor_loss,5741,1786562290.913918,-0.3793114423751831
train/actor_loss,5759,1786562292.552684,-1.9890851974487305
train/actor_loss,5777,1786562295.581674,-1.1479601860046387
train/actor_loss,5795,1786562298.221112,-1.7719453573226929
train/actor_loss,5815,1786562300.949429,-0.1443895399570465
train/actor_loss,5833,1786562303.370981,-2.2976365089416504
train/actor_loss,5851,1786562305.782217,-0.46016550064086914
train/actor_loss,5869,1786562308.181641,-1.3018758296966553
train/actor_loss,5889,1786562310.890208,-0.6949292421340942
train/actor_loss,5907,1786562313.261610,-0.9225791692733765
train/actor_loss,5925,1786562315.715133,-1.2838765382766724
train/actor_loss,5943,1786562318.532935,-1.9834790229797363
train/actor_loss,5963,1786562320.765635,0.15425831079483032
train/actor_loss,5981,1786562322.788335,-1.8078120946884155
train/actor_loss,5999,1786562324.793747,-1.8060287237167358
train/actor_loss,6019,1786562327.069099,-1.3424676656723022
train/actor_loss,6037,1786562329.017904,-0.35585057735443115
train/actor_loss,6055,1786562330.924953,-1.4219765663146973
train/actor_loss,6073,1786562332.881620,-1.1589069366455078
train/actor_loss,6093,1786562335.048452,-1.5913234949111938
train/actor_loss,6111,1786562337.013296,-0.2864423990249634
train/actor_loss,6129,1786562338.995145,-1.5608031749725342
train/actor_loss,6147,1786562340.976220,0.47368502616882324
train/actor_loss,6167,1786562343.224773,-0.7022984623908997
train/actor_loss,6185,1786562345.233111,-0.5925626754760742
train/actor_loss,6203,1786562347.339275,-1.2847881317138672
train/actor_loss,6221,1786562349.654428,-2.221508026123047
train/actor_loss,6241,1786562352.236465,-3.424697160720825
train/actor_loss,6259,1786562354.571868,-2.653270721435547
train/actor_loss,6277,1786562356.972822,-1.4543689489364624
train/actor_loss,6295,1786562359.322435,-2.165085792541504
train/actor_loss,6315,1786562361.828514,-2.71000075340271
train/actor_loss,6333,1786562364.052316,-1.3384528160095215
train/actor_loss,6351,1786562366.203396,-1.6532530784606934
train/actor_loss,6369,1786562368.268704,-2.9971718788146973
train/actor_loss,6389,1786562370.534276,-0.7650413513183594
train/actor_loss,6407,1786562372.489215,-1.3161784410476685
train/actor_loss,6425,1786562374.439158,-1.749838948249817
train/actor_loss,6443,1786562376.358855,-0.6996514797210693
train/actor_loss,6463,1786562378.495509,-0.11537081003189087
train/actor_loss,6481,1786562380.383413,-2.9353182315826416
train/actor_loss,6499,1786562382.228482,-1.6824805736541748
train/actor_loss,6517,1786562384.085879,-1.2934911251068115
train/actor_loss,6537,1786562386.082965,-2.3482067584991455
train/actor_loss,6555,1786562387.887488,-2.0738630294799805
train/actor_loss,6573,1786562389.681422,-3.1275296211242676
train/actor_loss,6593,1786562391.677606,-1.3925601243972778
train/actor_loss,6611,1786562393.456057,-2.225217580795288
train/actor_loss,6629,1786562395.240929,-2.5529940128326416
train/actor_loss,6647,1786562397.017314,-2.0670835971832275
train/actor_loss,6667,1786562399.009455,-1.674116611480713
train/actor_loss,6685,1786562400.799839,-2.353480339050293
train/actor_loss,6703,1786562402.602213,-1.511739730834961
train/actor_loss,6721,1786562404.453763,-1.2180352210998535
train/actor_loss,6741,1786562406.816008,-3.0467872619628906
train/actor_loss,6759,1786562408.591375,-2.8825488090515137
train/actor_loss,6777,1786562410.368497,-2.275512218475342
train/actor_loss,6795,1786562412.092352,-2.437621593475342
train/actor_loss,6815,1786562413.968021,-3.1936302185058594
train/actor_loss,6833,1786562415.675045,-2.765453815460205
train/actor_loss,6851,1786562417.438723,-2.7423436641693115
train/actor_loss,6869,1786562420.720888,-2.1908295154571533
train/actor_loss,6889,1786562423.849495,-2.311565399169922
train/actor_loss,6907,1786562426.707672,-2.0991716384887695
train/actor_loss,6925,1786562429.542300,-1.8037303686141968
train/actor_loss,6943,1786562432.400621,-1.9566320180892944
train/actor_loss,6963,1786562435.558901,-2.3765134811401367
train/actor_loss,6981,1786562438.386154,-2.5685200691223145
train/actor_loss,6999,1786562441.190158,-2.328434705734253
train/actor_loss,7017,1786562443.979850,-1.9525383710861206
train/actor_loss,7037,1786562447.070895,-2.492781639099121
train/actor_loss,7055,1786562449.779562,-3.3838138580322266
train/actor_loss,7073,1786562452.467787,-1.5923306941986084
train/actor_loss,7091,1786562455.105915,-1.168616533279419
train/actor_loss,7111,1786562457.984437,-2.147951364517212
train/actor_loss,7129,1786562460.532152,-2.3994860649108887
train/actor_loss,7147,1786562463.056570,-2.997220993041992
train/actor_loss,7167,1786562465.889728,-1.3026456832885742
train/actor_loss,7185,1786562468.451263,-2.9543545246124268
train/actor_loss,7203,1786562471.043951,-2.82970929145813
train/actor_loss,7221,1786562473.633728,-2.4384071826934814
train/actor_loss,7241,1786562476.609749,-3.4402241706848145
train/actor_loss,7259,1786562479.315292,-3.49367356300354
train/actor_loss,7277,1786562481.989058,-2.188039779663086
train/actor_loss,7295,1786562484.555848,-2.9319562911987305
train/actor_loss,7315,1786562487.345500,-2.404376983642578
train/actor_loss,7333,1786562489.822043,-3.682170867919922
train/actor_loss,7351,1786562492.308857,-4.071261882781982
train/actor_loss,7369,1786562494.774911,-3.146585702896118
train/actor_loss,7389,1786562497.494528,-3.719268798828125
train/actor_loss,7407,1786562499.918386,-3.839550733566284
train/actor_loss,7425,1786562502.431461,-3.7077155113220215
train/actor_loss,7443,1786562504.926182,-3.898693084716797
train/actor_loss,7463,1786562507.700774,-3.6512551307678223
train/actor_loss,7481,1786562510.176272,-4.320950984954834
train/actor_loss,7499,1786562512.740217,-3.1484146118164062
train/actor_loss,7517,1786562515.137870,-4.332536220550537
train/actor_loss,7537,1786562517.765413,-4.669424533843994
train/actor_loss,7555,1786562520.298365,-2.980942726135254
train/actor_loss,7573,1786562524.242770,-3.7187881469726562
train/actor_loss,7591,1786562526.965585,-4.479321479797363
train/actor_loss,7611,1786562529.960888,-3.0290544033050537
train/actor_loss,7629,1786562532.679952,-3.0888819694519043
train/actor_loss,7647,1786562535.432910,-2.161728858947754
train/actor_loss,7667,1786562538.455068,-3.6856656074523926
train/actor_loss,7685,1786562541.210643,-3.70442533493042
train/actor_loss,7703,1786562543.522696,-5.2889204025268555
train/actor_loss,7721,1786562546.001488,-2.318601608276367
train/actor_loss,7741,1786562548.398019,-4.536965370178223
train/actor_loss,7759,1786562550.807826,-3.1968493461608887
train/actor_loss,7777,1786562552.924015,-4.3726701736450195
train/actor_loss,7795,1786562555.033943,-3.840606689453125
train/actor_loss,7815,1786562557.372278,-2.683070421218872
train/actor_loss,7833,1786562559.460192,-4.984299659729004
train/actor_loss,7851,1786562561.517694,-2.8707733154296875
train/actor_loss,7869,1786562563.567806,-6.330625534057617
train/actor_loss,7889,1786562565.816069,-2.886664628982544
train/actor_loss,7907,1786562567.747995,-2.480025291442871
train/actor_loss,7925,1786562569.636670,-3.9426286220550537
train/actor_loss,7943,1786562571.437853,-4.319206237792969
train/actor_loss,7963,1786562573.491131,-4.3067169189453125
train/actor_loss,7981,1786562575.296966,-3.9956490993499756
train/actor_loss,7999,1786562577.010133,-2.977431297302246
train/actor_loss,8017,1786562578.770999,-4.488245010375977
train/actor_loss,8037,1786562580.611485,-3.5320191383361816
train/actor_loss,8055,1786562582.277474,-3.97121262550354
train/actor_loss,8073,1786562583.945098,-4.010792255401611
train/actor_loss,8091,1786562585.597104,-4.955493927001953
train/actor_loss,8111,1786562587.377021,-2.5349645614624023
train/actor_loss,8129,1786562588.993868,-3.9381167888641357
train/actor_loss,8147,1786562590.613089,-2.30426287651062
train/actor_loss,8165,1786562592.230403,-4.320540428161621
train/actor_loss,8185,1786562594.736097,-3.4500885009765625
train/actor_loss,8203,1786562596.678196,-3.5836844444274902
train/actor_loss,8221,1786562598.607674,-4.297384262084961
train/actor_loss,8241,1786562600.732564,-4.2657036781311035
train/actor_loss,8259,1786562602.619765,-4.329461097717285
train/actor_loss,8277,1786562604.495811,-3.3985085487365723
train/actor_loss,8295,1786562606.335223,-4.809584617614746
train/actor_loss,8315,1786562608.344292,-5.048954963684082
train/actor_loss,8333,1786562610.135008,-5.610507965087891
train/actor_loss,8351,1786562611.896033,-4.662096977233887
train/actor_loss,8369,1786562613.617908,-5.880847930908203
train/actor_loss,8389,1786562615.643077,-6.336027145385742
train/actor_loss,8407,1786562617.654871,-4.166607856750488
train/actor_loss,8425,1786562619.843853,-4.752324104309082
train/actor_loss,8443,1786562622.153816,-4.69525671005249
train/actor_loss,8463,1786562624.754439,-3.349454164505005
train/actor_loss,8481,1786562627.093959,-4.23505973815918
train/actor_loss,8499,1786562629.425952,-3.8227765560150146
train/actor_loss,8517,1786562631.776551,-5.941605567932129
train/actor_loss,8537,1786562634.351389,-5.081330299377441
train/actor_loss,8555,1786562636.673554,-4.911102771759033
train/actor_loss,8573,1786562638.992625,-4.362185955047607
train/actor_loss,8591,1786562641.225128,-3.711393117904663
train/actor_loss,8611,1786562643.756557,-3.95875883102417
train/actor_loss,8629,1786562645.969390,-5.2150421142578125
train/actor_loss,8647,1786562648.181309,-4.746206760406494
train/actor_loss,8665,1786562650.343309,-4.675452709197998
train/actor_loss,8685,1786562652.736053,-5.7271246910095215
train/actor_loss,8703,1786562654.880951,-3.427079439163208
train/actor_loss,8721,1786562656.937534,-2.983473777770996
train/actor_loss,8739,1786562658.974735,-4.182888507843018
train/actor_loss,8759,1786562661.231614,-2.942119598388672
train/actor_loss,8777,1786562663.258095,-4.119167804718018
train/actor_loss,8795,1786562665.242831,-2.678043842315674
train/actor_loss,8815,1786562667.412649,-6.498361110687256
train/actor_loss,8833,1786562669.362352,-5.025850772857666
train/actor_loss,8851,1786562671.316025,-3.9287662506103516
train/actor_loss,8869,1786562673.291766,-4.569537162780762
train/actor_loss,8889,1786562675.501095,-6.600101470947266
train/actor_loss,8907,1786562677.503715,-5.754443168640137
train/actor_loss,8925,1786562679.461783,-3.4822068214416504
train/actor_loss,8943,1786562681.408969,-3.7452516555786133
train/actor_loss,8963,1786562683.564214,-4.146014213562012
train/actor_loss,8981,1786562685.470871,-6.30031681060791
train/actor_loss,8999,1786562687.351686,-6.562976837158203
train/actor_loss,9017,1786562689.212784,-6.389564514160156
train/actor_loss,9037,1786562691.257096,-5.97284460067749
train/actor_loss,9055,1786562693.129790,-6.510018348693848
train/actor_loss,9073,1786562695.003829,-5.9380998611450195
train/actor_loss,9091,1786562696.864476,-5.64117956161499
train/actor_loss,9111,1786562699.169656,-2.924936294555664
train/actor_loss,9129,1786562701.477856,-6.020735263824463
train/actor_loss,9147,1786562703.848221,-5.416661262512207
train/actor_loss,9165,1786562706.250657,-6.081738471984863
train/actor_loss,9185,1786562708.923502,-6.796935081481934
train/actor_loss,9203,1786562711.315653,-6.607944011688232
train/actor_loss,9221,1786562713.751642,-4.403606414794922
train/actor_loss,9239,1786562716.168208,-4.057181358337402
train/actor_loss,9259,1786562718.824008,-3.9116992950439453
train/actor_loss,9277,1786562721.196976,-5.7555999755859375
train/actor_loss,9295,1786562723.585636,-4.188899993896484
train/actor_loss,9313,1786562725.948301,-3.5705628395080566
train/actor_loss,9333,1786562728.591743,-4.828787326812744
train/actor_loss,9351,1786562730.947192,-7.141186714172363
train/actor_loss,9369,1786562733.285272,-5.911443710327148
train/actor_loss,9389,1786562738.197051,-6.0274553298950195
train/actor_loss,9407,1786562740.659278,-6.14880895614624
train/actor_loss,9425,1786562743.020345,-3.8513121604919434
train/actor_loss,9443,1786562745.378957,-4.545311450958252
train/actor_loss,9463,1786562747.991866,-5.304821968078613
train/actor_loss,9481,1786562750.340359,-6.556143760681152
train/actor_loss,9499,1786562752.687597,-5.7079949378967285
train/actor_loss,9517,1786562755.032455,-5.101592540740967
train/actor_loss,9537,1786562757.607390,-4.327622890472412
train/actor_loss,9555,1786562759.916187,-7.139386177062988
train/actor_loss,9573,1786562762.213564,-5.528153419494629
train/actor_loss,9591,1786562764.481193,-7.917787075042725
train/actor_loss,9611,1786562766.925777,-5.3040266036987305
train/actor_loss,9629,1786562769.151486,-7.848954677581787
train/actor_loss,9647,1786562771.911463,-6.523283004760742
train/actor_loss,9665,1786562775.167182,-8.004060745239258
train/actor_loss,9685,1786562778.770572,-8.002382278442383
train/actor_loss,9703,1786562782.035170,-6.022602081298828
train/actor_loss,9721,1786562784.271637,-7.947204113006592
train/actor_loss,9739,1786562786.505703,-6.708906173706055
train/actor_loss,9759,1786562788.981414,-6.057589530944824
train/actor_loss,9777,1786562791.185740,-5.0037055015563965
train/actor_loss,9795,1786562793.352350,-6.292747974395752
train/actor_loss,9813,1786562795.542191,-5.873497486114502
train/actor_loss,9833,1786562797.934963,-7.012149810791016
train/actor_loss,9851,1786562800.014611,-5.178802490234375
train/actor_loss,9869,1786562802.053384,-5.812514781951904
train/actor_loss,9887,1786562804.055966,-6.042677879333496
train/actor_loss,9907,1786562806.271838,-8.95083999633789
train/actor_loss,9925,1786562808.271183,-3.5786967277526855
train/actor_loss,9943,1786562810.296614,-7.206876277923584
train/actor_loss,9963,1786562812.514113,-6.586901664733887
train/actor_loss,9981,1786562814.504288,-5.794159889221191
train/actor_loss,9999,1786562816.544123,-6.045214653015137
train/actor_loss,10017,1786562818.712385,-8.458316802978516
train/actor_loss,10037,1786562820.998416,-8.196352005004883
train/actor_loss,10055,1786562823.006970,-7.284086227416992
train/actor_loss,10073,1786562824.956180,-6.453459739685059
train/actor_loss,10091,1786562827.457347,-5.544177055358887
train/actor_loss,10111,1786562829.677955,-6.023248672485352
train/actor_loss,10129,1786562831.616894,-4.969191551208496
train/actor_loss,10147,1786562833.494715,-4.871817588806152
train/actor_loss,10165,1786562835.275525,-6.808050155639648
train/actor_loss,10185,1786562837.202787,-5.027412414550781
train/actor_loss,10203,1786562839.743225,-6.828707218170166
train/actor_loss,10221,1786562842.189517,-5.928941249847412
train/actor_loss,10239,1786562844.699378,-5.362648010253906
train/actor_loss,10259,1786562847.365185,-6.446420669555664
train/actor_loss,10277,1786562849.755629,-8.292683601379395
train/actor_loss,10295,1786562852.111421,-4.525787830352783
train/actor_loss,10313,1786562854.456589,-5.740624904632568
train/actor_loss,10333,1786562856.964146,-5.855192184448242
train/actor_loss,10351,1786562859.221980,-8.985298156738281
train/actor_loss,10369,1786562861.468436,-7.532970428466797
train/actor_loss,10387,1786562863.683194,-7.426316261291504
train/actor_loss,10407,1786562866.115656,-7.521755218505859
train/actor_loss,10425,1786562868.321926,-8.834319114685059
train/actor_loss,10443,1786562870.504842,-8.278607368469238
train/actor_loss,10461,1786562872.704563,-6.911351203918457
train/actor_loss,10481,1786562875.145322,-5.921501636505127
train/actor_loss,10499,1786562877.353010,-7.731642246246338
train/actor_loss,10517,1786562879.538785,-4.421545028686523
train/actor_loss,10537,1786562881.957471,-7.718366622924805
train/actor_loss,10555,1786562884.092427,-6.313701152801514
train/actor_loss,10573,1786562886.206812,-7.571028709411621
train/actor_loss,10591,1786562888.289525,-8.8801851272583
train/actor_loss,10611,1786562890.595651,-7.55974006652832
train/actor_loss,10629,1786562892.680528,-6.07923698425293
train/actor_loss,10647,1786562894.765787,-7.160480499267578
train/actor_loss,10665,1786562897.007249,-4.976776123046875
train/actor_loss,10685,1786562899.706866,-6.6054582595825195
train/actor_loss,10703,1786562902.215297,-6.4025726318359375
train/actor_loss,10721,1786562904.737978,-8.833255767822266
train/actor_loss,10739,1786562907.297061,-8.042996406555176
train/actor_loss,10759,1786562910.112912,-5.6033735275268555
train/actor_loss,10777,1786562912.633547,-9.230629920959473
train/actor_loss,10795,1786562915.155181,-7.663680076599121
train/actor_loss,10813,1786562917.624355,-9.860888481140137
train/actor_loss,10833,1786562920.412131,-7.51454496383667
train/actor_loss,10851,1786562922.928133,-6.486583232879639
train/actor_loss,10869,1786562925.433546,-7.8182373046875
train/actor_loss,10887,1786562927.994516,-7.849335670471191
train/actor_loss,10907,1786562933.104639,-8.610445976257324
train/actor_loss,10925,1786562936.444380,-7.022452354431152
train/actor_loss,10943,1786562939.773624,-10.226375579833984
train/actor_loss,10961,1786562943.099643,-8.933496475219727
train/actor_loss,10981,1786562946.788314,-7.428947448730469
train/actor_loss,10999,1786562950.091270,-7.7563090324401855
train/actor_loss,11017,1786562953.347424,-6.411466598510742
train/actor_loss,11037,1786562956.964568,-7.425585746765137
train/actor_loss,11055,1786562960.198389,-8.172691345214844
train/actor_loss,11073,1786562963.441097,-7.893923759460449
train/actor_loss,11091,1786562966.676559,-3.8101613521575928
train/actor_loss,11111,1786562970.264944,-7.481473445892334
train/actor_loss,11129,1786562973.488489,-9.70045280456543
train/actor_loss,11147,1786562976.717787,-7.720580101013184
train/actor_loss,11165,1786562979.942369,-8.722909927368164
train/actor_loss,11185,1786562983.483276,-9.096640586853027
train/actor_loss,11203,1786562986.642591,-9.862661361694336
train/actor_loss,11221,1786562989.826468,-7.978131294250488
train/actor_loss,11239,1786562992.974578,-9.559830665588379
train/actor_loss,11259,1786562996.480691,-9.24362564086914
train/actor_loss,11277,1786562999.595050,-7.394410133361816
train/actor_loss,11295,1786563002.681386,-8.023335456848145
train/actor_loss,11313,1786563005.696702,-8.553616523742676
train/actor_loss,11333,1786563008.999660,-5.9221367835998535
train/actor_loss,11351,1786563011.931477,-7.449734687805176
train/actor_loss,11369,1786563014.860450,-8.104104995727539
train/actor_loss,11387,1786563017.773727,-7.873373985290527
train/actor_loss,11407,1786563021.086052,-8.739706993103027
train/actor_loss,11425,1786563024.244211,-9.015661239624023
train/actor_loss,11443,1786563026.967928,-5.7624711990356445
train/actor_loss,11461,1786563029.410396,-9.499493598937988
train/actor_loss,11481,1786563032.098770,-9.242209434509277
train/actor_loss,11499,1786563034.512666,-7.373697280883789
train/actor_loss,11517,1786563036.909320,-9.922263145446777
train/actor_loss,11535,1786563039.334578,-9.593498229980469
train/actor_loss,11555,1786563042.400339,-8.092977523803711
train/actor_loss,11573,1786563044.438075,-8.168611526489258
train/actor_loss,11591,1786563046.443671,-8.78821086883545
train/actor_loss,11611,1786563048.681668,-7.427549362182617
train/actor_loss,11629,1786563050.643020,-6.809433460235596
train/actor_loss,11647,1786563052.600355,-8.138768196105957
train/actor_loss,11665,1786563054.557001,-8.000832557678223
train/actor_loss,11685,1786563056.723830,-7.850090980529785
train/actor_loss,11703,1786563058.652418,-10.960402488708496
train/actor_loss,11721,1786563060.552352,-11.517251968383789
train/actor_loss,11739,1786563062.423950,-6.839520454406738
train/actor_loss,11759,1786563064.491345,-8.193124771118164
train/actor_loss,11777,1786563066.298155,-9.490129470825195
train/actor_loss,11795,1786563068.122976,-7.001059055328369
train/actor_loss,11813,1786563070.741781,-9.403572082519531
train/actor_loss,11833,1786563074.238135,-8.081486701965332
train/actor_loss,11851,1786563077.392285,-8.770301818847656
train/actor_loss,11869,1786563080.587940,-9.327415466308594
train/actor_loss,11887,1786563083.680110,-8.616764068603516
train/actor_loss,11907,1786563087.147961,-10.036787033081055
train/actor_loss,11925,1786563090.223285,-8.986516952514648
train/actor_loss,11943,1786563093.258548,-9.264205932617188
train/actor_loss,11961,1786563096.319740,-9.691547393798828
train/actor_loss,11981,1786563099.688993,-7.650976657867432
train/actor_loss,11999,1786563102.720544,-7.866824150085449
train/actor_loss,12017,1786563105.852913,-9.467447280883789
train/actor_loss,12035,1786563108.937593,-9.606710433959961
train/actor_loss,12055,1786563112.345910,-10.153997421264648
train/actor_loss,12073,1786563115.381541,-6.928659915924072
train/actor_loss,12091,1786563118.414308,-8.324115753173828
train/actor_loss,12109,1786563121.452250,-9.375622749328613
train/actor_loss,12129,1786563124.857991,-10.584328651428223
train/actor_loss,12147,1786563127.909030,-9.1363525390625
train/actor_loss,12165,1786563130.369849,-7.425030708312988
train/actor_loss,12185,1786563132.554007,-10.116731643676758
train/actor_loss,12203,1786563134.514514,-11.074348449707031
train/actor_loss,12221,1786563136.486193,-8.370277404785156
train/actor_loss,12239,1786563138.445977,-11.1798095703125
train/actor_loss,12259,1786563140.578179,-11.419429779052734
train/actor_loss,12277,1786563142.476623,-8.547879219055176
train/actor_loss,12295,1786563144.361821,-8.71552848815918
train/actor_loss,12313,1786563146.247242,-8.625434875488281
train/actor_loss,12333,1786563148.355896,-11.37983512878418
train/actor_loss,12351,1786563150.265560,-6.733607292175293
train/actor_loss,12369,1786563152.167889,-10.130670547485352
train/actor_loss,12387,1786563154.046113,-9.812196731567383
train/actor_loss,12407,1786563156.125046,-7.4444427490234375
train/actor_loss,12425,1786563157.992177,-10.214761734008789
train/actor_loss,12443,1786563159.842013,-7.814908504486084
train/actor_loss,12461,1786563161.687777,-8.66214656829834
train/actor_loss,12481,1786563163.708700,-7.871626853942871
train/actor_loss,12499,1786563165.505969,-7.5746660232543945
train/actor_loss,12517,1786563167.327451,-10.406185150146484
train/actor_loss,12535,1786563169.139683,-10.146931648254395
train/actor_loss,12555,1786563171.141037,-8.248374938964844
train/actor_loss,12573,1786563173.099875,-7.530529499053955
train/actor_loss,12591,1786563175.285926,-9.990084648132324
train/actor_loss,12609,1786563177.596946,-8.59779167175293
train/actor_loss,12629,1786563180.196268,-7.7005615234375
train/actor_loss,12647,1786563182.542606,-7.536359786987305
train/actor_loss,12665,1786563184.908069,-10.354299545288086
train/actor_loss,12683,1786563187.217070,-11.587410926818848
train/actor_loss,12703,1786563189.784380,-10.43635368347168
train/actor_loss,12721,1786563192.074443,-9.827600479125977
train/actor_loss,12739,1786563194.381102,-8.101968765258789
train/actor_loss,12759,1786563196.921371,-9.528950691223145
train/actor_loss,12777,1786563199.241512,-6.480862617492676
train/actor_loss,12795,1786563201.526237,-8.619979858398438
train/actor_loss,12813,1786563203.753800,-8.997013092041016
train/actor_loss,12833,1786563206.254911,-8.517459869384766
train/actor_loss,12851,1786563208.521789,-10.065788269042969
train/actor_loss,12869,1786563210.715058,-10.563182830810547
train/actor_loss,12887,1786563212.877235,-11.384998321533203
train/actor_loss,12907,1786563215.227398,-8.531608581542969
train/actor_loss,12925,1786563217.321276,-8.432406425476074
train/actor_loss,12943,1786563219.423827,-9.090470314025879
train/actor_loss,12961,1786563221.542458,-11.042146682739258
train/actor_loss,12981,1786563223.869497,-8.566688537597656
train/actor_loss,12999,1786563225.931241,-9.549651145935059
train/actor_loss,13017,1786563228.049200,-10.047364234924316
train/actor_loss,13035,1786563230.128753,-10.559237480163574
train/actor_loss,13055,1786563232.407456,-12.077959060668945
train/actor_loss,13073,1786563235.095270,-8.24561882019043
train/actor_loss,13091,1786563237.647337,-9.736637115478516
train/actor_loss,13109,1786563240.458405,-9.910587310791016
train/actor_loss,13129,1786563242.986762,-9.46185302734375
train/actor_loss,13147,1786563245.273670,-9.473352432250977
train/actor_loss,13165,1786563247.586247,-10.01432991027832
train/actor_loss,13183,1786563249.913595,-11.645530700683594
train/actor_loss,13203,1786563252.538629,-9.671361923217773
train/actor_loss,13221,1786563254.859705,-8.796154022216797
train/actor_loss,13239,1786563257.148106,-10.596261024475098
train/actor_loss,13257,1786563259.430313,-8.189764022827148
train/actor_loss,13277,1786563261.925804,-8.829365730285645
train/actor_loss,13295,1786563264.151545,-10.022682189941406
train/actor_loss,13313,1786563266.372370,-9.48469352722168
train/actor_loss,13333,1786563268.800111,-11.492746353149414
train/actor_loss,13351,1786563271.014716,-10.006065368652344
train/actor_loss,13369,1786563273.292953,-11.009354591369629
train/actor_loss,13387,1786563275.672553,-10.135292053222656
train/actor_loss,13407,1786563278.593848,-9.57927131652832
train/actor_loss,13425,1786563281.489410,-11.044319152832031
train/actor_loss,13443,1786563284.120019,-7.8340606689453125
train/actor_loss,13461,1786563286.757609,-12.453643798828125
train/actor_loss,13481,1786563289.644292,-8.897415161132812
train/actor_loss,13499,1786563292.234757,-11.465034484863281
train/actor_loss,13517,1786563294.805060,-8.57675552368164
train/actor_loss,13535,1786563297.288071,-11.431983947753906
train/actor_loss,13555,1786563299.893866,-9.813283920288086
train/actor_loss,13573,1786563302.204648,-12.418346405029297
train/actor_loss,13591,1786563304.510835,-9.550241470336914
train/actor_loss,13609,1786563306.749777,-9.66873550415039
train/actor_loss,13629,1786563309.233896,-9.689669609069824
train/actor_loss,13647,1786563311.428155,-13.038654327392578
train/actor_loss,13665,1786563313.531973,-11.688817977905273
train/actor_loss,13683,1786563315.583366,-7.108658313751221
train/actor_loss,13703,1786563317.799616,-9.094328880310059
train/actor_loss,13721,1786563319.722190,-10.968280792236328
train/actor_loss,13739,1786563321.604633,-11.90475082397461
train/actor_loss,13757,1786563323.502879,-9.571096420288086
train/actor_loss,13777,1786563325.579114,-11.197505950927734
train/actor_loss,13795,1786563327.450600,-12.005023956298828
train/actor_loss,13813,1786563329.361585,-10.074295043945312
train/actor_loss,13833,1786563331.518566,-11.975317001342773
train/actor_loss,13851,1786563333.505926,-11.066936492919922
train/actor_loss,13869,1786563335.482725,-14.627038955688477
train/actor_loss,13887,1786563337.462701,-10.319807052612305
train/actor_loss,13907,1786563339.670896,-10.950868606567383
train/actor_loss,13925,1786563341.644554,-11.04433822631836
train/actor_loss,13943,1786563343.612340,-12.515993118286133
train/actor_loss,13961,1786563345.547742,-10.530508041381836
train/actor_loss,13981,1786563347.708493,-8.627599716186523
train/actor_loss,13999,1786563349.701951,-11.98659896850586
train/actor_loss,14017,1786563351.779385,-11.822958946228027
train/actor_loss,14035,1786563353.657922,-12.535567283630371
train/actor_loss,14055,1786563355.693079,-11.9169921875
train/actor_loss,14073,1786563357.409548,-12.396756172180176
train/actor_loss,14091,1786563359.122800,-12.334842681884766
train/actor_loss,14109,1786563362.820019,-12.234387397766113
train/actor_loss,14129,1786563365.655494,-13.9500093460083
train/actor_loss,14147,1786563368.193881,-11.71170425415039
train/actor_loss,14165,1786563370.732626,-11.722429275512695
train/actor_loss,14183,1786563373.067867,-10.742815017700195
train/actor_loss,14203,1786563375.779335,-13.241479873657227
train/actor_loss,14221,1786563378.007287,-11.671659469604492
train/actor_loss,14239,1786563380.094180,-12.38348388671875
train/actor_loss,14257,1786563382.153562,-12.913942337036133
train/actor_loss,14277,1786563384.438054,-13.752847671508789
train/actor_loss,14295,1786563386.484113,-8.428220748901367
train/actor_loss,14313,1786563388.518883,-12.520511627197266
train/actor_loss,14331,1786563390.560818,-12.372310638427734
train/actor_loss,14351,1786563392.834713,-9.706472396850586
train/actor_loss,14369,1786563394.833270,-13.977636337280273
train/actor_loss,14387,1786563396.804966,-9.989267349243164
train/actor_loss,14407,1786563398.967526,-11.643421173095703
train/actor_loss,14425,1786563400.885122,-14.5862398147583
train/actor_loss,14443,1786563402.852438,-12.760497093200684
train/actor_loss,14461,1786563404.782883,-12.065644264221191
train/actor_loss,14481,1786563407.370458,-9.760889053344727
train/actor_loss,14499,1786563409.737959,-11.128816604614258
train/actor_loss,14517,1786563412.102999,-10.549481391906738
train/actor_loss,14535,1786563414.463123,-9.337181091308594
train/actor_loss,14555,1786563417.086651,-7.907435417175293
train/actor_loss,14573,1786563419.476198,-12.437101364135742
train/actor_loss,14591,1786563421.863513,-13.642056465148926
train/actor_loss,14609,1786563424.234766,-11.471368789672852
train/actor_loss,14629,1786563426.901088,-13.179200172424316
train/actor_loss,14647,1786563429.322717,-11.992767333984375
train/actor_loss,14665,1786563431.729318,-11.724040031433105
train/actor_loss,14683,1786563434.090059,-12.354997634887695
train/actor_loss,14703,1786563436.642999,-11.068675994873047
train/actor_loss,14721,1786563438.914715,-9.702702522277832
train/actor_loss,14739,1786563441.149511,-10.35032844543457
train/actor_loss,14757,1786563443.236277,-11.577766418457031
train/actor_loss,14777,1786563445.425521,-8.076725006103516
train/actor_loss,14795,1786563447.227831,-13.1597261428833
train/actor_loss,14813,1786563449.000360,-13.384489059448242
train/actor_loss,14831,1786563450.727073,-10.442306518554688
train/actor_loss,14851,1786563452.583026,-10.976739883422852
train/actor_loss,14869,1786563454.182760,-9.211562156677246
train/actor_loss,14887,1786563455.767474,-12.052511215209961
train/actor_loss,14905,1786563457.337945,-11.423388481140137
train/actor_loss,14925,1786563459.030448,-12.018611907958984
train/actor_loss,14943,1786563460.656127,-11.629600524902344
train/actor_loss,14961,1786563464.892830,-11.529888153076172
train/actor_loss,14981,1786563468.040422,-12.631743431091309
train/actor_loss,14999,1786563470.854295,-10.52988338470459
train/actor_loss,15017,1786563473.659088,-10.501239776611328
train/actor_loss,15035,1786563476.474959,-12.249966621398926
train/actor_loss,15055,1786563479.640640,-13.397391319274902
train/actor_loss,15073,1786563482.490890,-10.062017440795898
train/actor_loss,15091,1786563485.299601,-11.566766738891602
train/actor_loss,15109,1786563488.097119,-11.543474197387695
train/actor_loss,15129,1786563491.151546,-12.572341918945312
train/actor_loss,15147,1786563493.855671,-12.50536823272705
train/actor_loss,15165,1786563496.584164,-12.538461685180664
train/actor_loss,15183,1786563499.301816,-12.059417724609375
train/actor_loss,15203,1786563502.287759,-11.789892196655273
train/actor_loss,15221,1786563504.856838,-14.592765808105469
train/actor_loss,15239,1786563507.431857,-14.763914108276367
train/actor_loss,15257,1786563509.967541,-12.846699714660645
train/actor_loss,15277,1786563512.759655,-14.419631958007812
train/actor_loss,15295,1786563515.241867,-13.155145645141602
train/actor_loss,15313,1786563517.717444,-15.438443183898926
train/actor_loss,15331,1786563520.206947,-11.044445991516113
train/actor_loss,15351,1786563522.936704,-11.915712356567383
train/actor_loss,15369,1786563525.242405,-11.974895477294922
train/actor_loss,15387,1786563527.453539,-12.374143600463867
train/actor_loss,15405,1786563529.609959,-12.042306900024414
train/actor_loss,15425,1786563531.873701,-12.505956649780273
train/actor_loss,15443,1786563533.908637,-10.951980590820312
train/actor_loss,15461,1786563535.935004,-9.952485084533691
train/actor_loss,15479,1786563537.971250,-12.52157211303711
train/actor_loss,15499,1786563540.221469,-11.07699203491211
train/actor_loss,15517,1786563542.257247,-11.373712539672852
train/actor_loss,15535,1786563544.255335,-14.561798095703125
train/actor_loss,15555,1786563546.497557,-13.583559036254883
train/actor_loss,15573,1786563548.497128,-11.63651180267334
train/actor_loss,15591,1786563550.471599,-14.261723518371582
train/actor_loss,15609,1786563552.298861,-14.708985328674316
train/actor_loss,15629,1786563554.277370,-13.576316833496094
train/actor_loss,15647,1786563556.081780,-12.746881484985352
train/actor_loss,15665,1786563557.849201,-13.071772575378418
train/actor_loss,15683,1786563559.606684,-13.349708557128906
train/actor_loss,15703,1786563561.565256,-15.170087814331055
train/actor_loss,15721,1786563563.290479,-16.309654235839844
train/actor_loss,15739,1786563564.980962,-13.633256912231445
train/actor_loss,15757,1786563566.781601,-12.994016647338867
train/actor_loss,15777,1786563569.028206,-12.262430191040039
train/actor_loss,15795,1786563571.202155,-11.353673934936523
train/actor_loss,15813,1786563573.384063,-15.411011695861816
train/actor_loss,15831,1786563575.580933,-13.592995643615723
train/actor_loss,15851,1786563578.002318,-12.084352493286133
train/actor_loss,15869,1786563580.153251,-14.738519668579102
train/actor_loss,15887,1786563582.297588,-15.99376392364502
train/actor_loss,15905,1786563584.432232,-11.657306671142578
train/actor_loss,15925,1786563586.766904,-14.933393478393555
train/actor_loss,15943,1786563588.837922,-16.184799194335938
train/actor_loss,15961,1786563590.888865,-11.631839752197266
train/actor_loss,15979,1786563592.922597,-15.507539749145508
train/actor_loss,15999,1786563595.171543,-12.792947769165039
train/actor_loss,16017,1786563597.282069,-13.336974143981934
train/actor_loss,16035,1786563599.267839,-14.326047897338867
train/actor_loss,16053,1786563601.248123,-11.667879104614258
train/actor_loss,16073,1786563603.445684,-15.190797805786133
train/actor_loss,16091,1786563605.391367,-12.91823959350586
train/actor_loss,16109,1786563607.268183,-14.577750205993652
train/actor_loss,16129,1786563609.378220,-12.834585189819336
train/actor_loss,16147,1786563611.216370,-12.524487495422363
train/actor_loss,16165,1786563613.721265,-14.759527206420898
train/actor_loss,16183,1786563615.707323,-12.51185417175293
train/actor_loss,16203,1786563617.913105,-11.681922912597656
train/actor_loss,16221,1786563619.891249,-12.884510040283203
train/actor_loss,16239,1786563621.875826,-12.58233642578125
train/actor_loss,16257,1786563623.853033,-15.031177520751953
train/actor_loss,16277,1786563626.067841,-14.508674621582031
train/actor_loss,16295,1786563628.094481,-13.302757263183594
train/actor_loss,16313,1786563630.155035,-17.811939239501953
train/actor_loss,16331,1786563632.150978,-12.10271167755127
train/actor_loss,16351,1786563634.332272,-12.272980690002441
train/actor_loss,16369,1786563636.245791,-13.234580993652344
train/actor_loss,16387,1786563638.082168,-14.280754089355469
train/actor_loss,16405,1786563639.848064,-14.540862083435059
train/actor_loss,16425,1786563641.783255,-14.460760116577148
train/actor_loss,16443,1786563644.377883,-15.252713203430176
train/actor_loss,16461,1786563646.584971,-13.237934112548828
train/actor_loss,16479,1786563648.761222,-15.607728004455566
train/actor_loss,16499,1786563651.111129,-14.23900032043457
train/actor_loss,16517,1786563653.177859,-15.328056335449219
train/actor_loss,16535,1786563655.255430,-16.34040069580078
train/actor_loss,16553,1786563657.333223,-14.370079040527344
train/actor_loss,16573,1786563659.638488,-14.632598876953125
train/actor_loss,16591,1786563661.720637,-15.801593780517578
train/actor_loss,16609,1786563663.765054,-13.978635787963867
train/actor_loss,16627,1786563665.809001,-14.623842239379883
train/actor_loss,16647,1786563669.391893,-15.44626235961914
train/actor_loss,16665,1786563671.615252,-14.177238464355469
train/actor_loss,16683,1786563673.910379,-12.439812660217285
train/actor_loss,16703,1786563676.356965,-14.929943084716797
train/actor_loss,16721,1786563678.502116,-16.28537368774414
train/actor_loss,16739,1786563680.642377,-14.134492874145508
train/actor_loss,16757,1786563682.791403,-16.25539207458496
train/actor_loss,16777,1786563685.137867,-12.509735107421875
train/actor_loss,16795,1786563687.230711,-12.254335403442383
train/actor_loss,16813,1786563689.297200,-18.06714630126953
train/actor_loss,16831,1786563691.366716,-18.068511962890625
train/actor_loss,16851,1786563693.644378,-14.181184768676758
train/actor_loss,16869,1786563695.724071,-16.672813415527344
train/actor_loss,16887,1786563697.784923,-15.812938690185547
train/actor_loss,16905,1786563699.827011,-14.230693817138672
train/actor_loss,16925,1786563702.087151,-16.534805297851562
train/actor_loss,16943,1786563704.127771,-13.366601943969727
train/actor_loss,16961,1786563706.132277,-14.41952896118164
train/actor_loss,16979,1786563708.104647,-14.916590690612793
train/actor_loss,16999,1786563710.292372,-17.003318786621094
train/actor_loss,17017,1786563712.199646,-16.13117027282715
train/actor_loss,17035,1786563714.083574,-14.86647891998291
train/actor_loss,17053,1786563715.997330,-17.893884658813477
train/actor_loss,17073,1786563718.155190,-15.858467102050781
train/actor_loss,17091,1786563720.063144,-15.31765365600586
train/actor_loss,17109,1786563721.968176,-12.687253952026367
train/actor_loss,17127,1786563723.882849,-14.295381546020508
train/actor_loss,17147,1786563726.330781,-13.882959365844727
train/actor_loss,17165,1786563728.705704,-14.878814697265625
train/actor_loss,17183,1786563731.134121,-16.349292755126953
train/actor_loss,17203,1786563734.703828,-14.229537963867188
train/actor_loss,17221,1786563737.204818,-14.590780258178711
train/actor_loss,17239,1786563739.652512,-14.603384017944336
train/actor_loss,17257,1786563742.095297,-15.134899139404297
train/actor_loss,17277,1786563744.834415,-15.760749816894531
train/actor_loss,17295,1786563747.244642,-18.20467758178711
train/actor_loss,17313,1786563749.682935,-14.324976921081543
train/actor_loss,17331,1786563752.105942,-16.92424774169922
train/actor_loss,17351,1786563754.774786,-16.976547241210938
train/actor_loss,17369,1786563757.170584,-16.0699520111084
train/actor_loss,17387,1786563759.545959,-15.030964851379395
train/actor_loss,17405,1786563763.891747,-14.187355041503906
train/actor_loss,17425,1786563766.791211,-12.948028564453125
train/actor_loss,17443,1786563769.336652,-13.761499404907227
train/actor_loss,17461,1786563771.874339,-14.574531555175781
train/actor_loss,17479,1786563774.371641,-15.925376892089844
train/actor_loss,17499,1786563777.145601,-13.866046905517578
train/actor_loss,17517,1786563779.646089,-14.018047332763672
train/actor_loss,17535,1786563782.145160,-17.93386459350586
train/actor_loss,17553,1786563784.561299,-16.179208755493164
train/actor_loss,17573,1786563786.980824,-14.194127082824707
train/actor_loss,17591,1786563789.328547,-15.720673561096191
train/actor_loss,17609,1786563791.533895,-16.458744049072266
train/actor_loss,17627,1786563793.560535,-15.327051162719727
train/actor_loss,17647,1786563795.797292,-14.715524673461914
train/actor_loss,17665,1786563797.819568,-15.923044204711914
train/actor_loss,17683,1786563799.847324,-13.869693756103516
train/actor_loss,17701,1786563801.858832,-15.263766288757324
train/actor_loss,17721,1786563804.121163,-15.018888473510742
train/actor_loss,17739,1786563806.146114,-15.359420776367188
train/actor_loss,17757,1786563808.174176,-13.084195137023926
train/actor_loss,17777,1786563810.191308,-16.42496109008789
train/actor_loss,17795,1786563811.965586,-12.073667526245117
train/actor_loss,17813,1786563813.725935,-15.335832595825195
train/actor_loss,17831,1786563815.467580,-16.66242027282715
train/actor_loss,17851,1786563817.409047,-14.413899421691895
train/actor_loss,17869,1786563819.120987,-17.103717803955078
train/actor_loss,17887,1786563820.791661,-16.04941177368164
train/actor_loss,17905,1786563822.474828,-14.7630615234375
train/actor_loss,17925,1786563824.280845,-15.437223434448242
train/actor_loss,17943,1786563825.866184,-16.4097900390625
train/actor_loss,17961,1786563827.427621,-16.0784854888916
train/actor_loss,17979,1786563828.978287,-14.183860778808594
train/actor_loss,17999,1786563830.703384,-14.598869323730469
train/actor_loss,18017,1786563832.387259,-19.946117401123047
train/actor_loss,18035,1786563833.944227,-13.939220428466797
train/actor_loss,18053,1786563835.500245,-17.896007537841797
train/actor_loss,18073,1786563837.221109,-16.498661041259766
train/actor_loss,18091,1786563838.777224,-13.30034065246582
train/actor_loss,18109,1786563840.338449,-13.217008590698242
train/actor_loss,18127,1786563841.898702,-16.7225284576416
train/actor_loss,18147,1786563843.628152,-14.975796699523926
train/actor_loss,18165,1786563845.246283,-15.594005584716797
train/actor_loss,18183,1786563846.881490,-18.16683006286621
train/actor_loss,18201,1786563848.473484,-17.301515579223633
train/actor_loss,18221,1786563850.231557,-18.10866928100586
train/actor_loss,18239,1786563851.862759,-17.79756736755371
train/actor_loss,18257,1786563853.630420,-18.25335693359375
train/actor_loss,18275,1786563855.523069,-13.524282455444336
train/actor_loss,18295,1786563857.720714,-12.639043807983398
train/actor_loss,18313,1786563859.745359,-15.918941497802734
train/actor_loss,18331,1786563861.757253,-16.82196044921875
train/actor_loss,18351,1786563863.983147,-17.236717224121094
train/actor_loss,18369,1786563865.954842,-16.216915130615234
train/actor_loss,18387,1786563867.961506,-14.85096549987793
train/actor_loss,18405,1786563870.016668,-16.57956886291504
train/actor_loss,18425,1786563872.202505,-17.47907066345215
train/actor_loss,18443,1786563874.144144,-16.05318832397461
train/actor_loss,18461,1786563876.027318,-18.35641098022461
train/actor_loss,18479,1786563877.895896,-15.77033519744873
train/actor_loss,18499,1786563879.975685,-10.548154830932617
train/actor_loss,18517,1786563881.851612,-15.966188430786133
train/actor_loss,18535,1786563883.744401,-12.562851905822754
train/actor_loss,18553,1786563885.633166,-17.458351135253906
train/actor_loss,18573,1786563887.716236,-16.9211368560791
train/actor_loss,18591,1786563891.478656,-15.544625282287598
train/actor_loss,18609,1786563894.652673,-14.608465194702148
train/actor_loss,18627,1786563897.842853,-13.082852363586426
train/actor_loss,18647,1786563901.372277,-17.174182891845703
train/actor_loss,18665,1786563904.542829,-14.251619338989258
train/actor_loss,18683,1786563907.727911,-14.734794616699219
train/actor_loss,18701,1786563910.860347,-16.180145263671875
train/actor_loss,18721,1786563914.355087,-15.817602157592773
train/actor_loss,18739,1786563917.684429,-16.018970489501953
train/actor_loss,18757,1786563920.765093,-13.026786804199219
train/actor_loss,18775,1786563923.361808,-15.47518539428711
train/actor_loss,18795,1786563925.594420,-18.493202209472656
train/actor_loss,18813,1786563927.676225,-16.859416961669922
train/actor_loss,18831,1786563929.726131,-16.952856063842773
train/actor_loss,18849,1786563931.759708,-16.504785537719727
train/actor_loss,18869,1786563936.629025,-17.79477310180664
train/actor_loss,18887,1786563939.637599,-13.628941535949707
train/actor_loss,18905,1786563942.584324,-11.865612030029297
train/actor_loss,18925,1786563945.532248,-17.982765197753906
train/actor_loss,18943,1786563948.113677,-15.811230659484863
train/actor_loss,18961,1786563950.712286,-19.222171783447266
train/actor_loss,18979,1786563953.283171,-16.697799682617188
train/actor_loss,18999,1786563956.125140,-16.831134796142578
train/actor_loss,19017,1786563958.678538,-12.49789810180664
train/actor_loss,19035,1786563961.188335,-16.367645263671875
train/actor_loss,19053,1786563963.722576,-18.00919532775879
train/actor_loss,19073,1786563966.571939,-17.334150314331055
train/actor_loss,19091,1786563969.113240,-16.417644500732422
train/actor_loss,19109,1786563971.609502,-16.884143829345703
train/actor_loss,19127,1786563974.108762,-17.266460418701172
train/actor_loss,19147,1786563976.853603,-17.12807846069336
train/actor_loss,19165,1786563979.274601,-14.719968795776367
train/actor_loss,19183,1786563981.695233,-15.79550552368164
train/actor_loss,19201,1786563984.141624,-14.999616622924805
train/actor_loss,19221,1786563988.725096,-18.8754940032959
train/actor_loss,19239,1786563991.424441,-18.23111915588379
train/actor_loss,19257,1786563994.145436,-13.311725616455078
train/actor_loss,19275,1786563996.848993,-17.279277801513672
train/actor_loss,19295,1786563999.823114,-18.48641014099121
train/actor_loss,19313,1786564002.463284,-16.134414672851562
train/actor_loss,19331,1786564004.618738,-19.60131072998047
train/actor_loss,19349,1786564006.694509,-18.583038330078125
train/actor_loss,19369,1786564008.982831,-18.478708267211914
train/actor_loss,19387,1786564011.033452,-14.236995697021484
train/actor_loss,19405,1786564013.058958,-16.0037784576416
train/actor_loss,19423,1786564015.086524,-15.734344482421875
train/actor_loss,19443,1786564017.330947,-18.284313201904297
train/actor_loss,19461,1786564019.353776,-14.714629173278809
train/actor_loss,19479,1786564021.352842,-17.021465301513672
train/actor_loss,19499,1786564023.544254,-16.39252471923828
train/actor_loss,19517,1786564025.481024,-17.216415405273438
train/actor_loss,19535,1786564027.410118,-17.926530838012695
train/actor_loss,19553,1786564029.851676,-15.5007905960083
train/actor_loss,19573,1786564032.178646,-19.146270751953125
train/actor_loss,19591,1786564034.258862,-15.118196487426758
train/actor_loss,19609,1786564036.288013,-17.91732406616211
train/actor_loss,19627,1786564038.226118,-21.218914031982422
train/actor_loss,19647,1786564040.413576,-18.575538635253906
train/actor_loss,19665,1786564042.347526,-14.91717529296875
train/actor_loss,19683,1786564044.254166,-15.380452156066895
train/actor_loss,19701,1786564046.129063,-15.779563903808594
train/actor_loss,19721,1786564048.212435,-15.166574478149414
train/actor_loss,19739,1786564050.100747,-18.702877044677734
train/actor_loss,19757,1786564051.995597,-18.538341522216797
train/actor_loss,19775,1786564053.890163,-15.104902267456055
train/actor_loss,19795,1786564056.038677,-16.3348331451416
train/actor_loss,19813,1786564057.922866,-16.17647933959961
train/actor_loss,19831,1786564059.752665,-21.20443344116211
train/actor_loss,19849,1786564061.525687,-15.460518836975098
train/actor_loss,19869,1786564063.459136,-16.943363189697266
train/actor_loss,19887,1786564065.209977,-15.43835735321045
train/actor_loss,19905,1786564066.964061,-16.503433227539062
train/actor_loss,19923,1786564068.682386,-18.556884765625
train/actor_loss,19943,1786564070.542711,-17.26626968383789
train/actor_loss,19961,1786564072.223512,-14.04667854309082
train/actor_loss,19979,1786564073.867450,-17.76690673828125
train/actor_loss,19999,1786564075.636972,-17.878175735473633
train/avg_q,1502,1786561728.664745,-0.11147818714380264
train/avg_q,1522,1786561732.533454,-0.3085201382637024
train/avg_q,1546,1786561736.859989,-0.5153768062591553
train/avg_q,1565,1786561740.816389,-0.6821486949920654
train/avg_q,1582,1786561743.780815,-0.5492688417434692
train/avg_q,1599,1786561746.815866,-0.5874512195587158
train/avg_q,1618,1786561752.374374,-0.49540001153945923
train/avg_q,1632,1786561754.797255,-0.611792802810669
train/avg_q,1649,1786561757.481111,-0.44960200786590576
train/avg_q,1667,1786561761.105291,-0.9309869408607483
train/avg_q,1698,1786561767.453276,-0.9652525782585144
train/avg_q,1714,1786561770.155527,-0.8235186338424683
train/avg_q,1729,1786561772.283077,-1.1961462497711182
train/avg_q,1748,1786561776.289685,-1.0462098121643066
train/avg_q,1762,1786561780.120884,-1.0824520587921143
train/avg_q,1781,1786561782.994878,-1.0618391036987305
train/avg_q,1801,1786561787.463699,-0.7703076601028442
train/avg_q,1814,1786561789.354731,-1.2267478704452515
train/avg_q,1829,1786561791.321350,-1.2113571166992188
train/avg_q,1842,1786561793.092728,-1.093775749206543
train/avg_q,1863,1786561795.779205,-1.0674265623092651
train/avg_q,1887,1786561798.943876,-0.9585754871368408
train/avg_q,1907,1786561801.559145,-1.3490216732025146
train/avg_q,1925,1786561804.084571,-1.6604938507080078
train/avg_q,1944,1786561808.090631,-1.0656025409698486
train/avg_q,1966,1786561812.128187,-1.3420299291610718
train/avg_q,1993,1786561818.079636,-1.5657612085342407
train/avg_q,2013,1786561821.501099,-1.963487148284912
train/avg_q,2039,1786561825.137527,-1.8326361179351807
train/avg_q,2052,1786561827.053258,-1.7444803714752197
train/avg_q,2075,1786561830.521764,-2.0677528381347656
train/avg_q,2091,1786561834.603600,-2.2334907054901123
train/avg_q,2111,1786561839.531073,-1.6844980716705322
train/avg_q,2129,1786561845.025797,-2.4038496017456055
train/avg_q,2152,1786561849.949224,-1.7040090560913086
train/avg_q,2169,1786561851.791359,-1.9185147285461426
train/avg_q,2187,1786561856.277189,-1.594740390777588
train/avg_q,2207,1786561859.546231,-1.9387755393981934
train/avg_q,2228,1786561862.582377,-2.4441912174224854
train/avg_q,2249,1786561865.256121,-2.5237269401550293
train/avg_q,2268,1786561867.595852,-2.1001784801483154
train/avg_q,2289,1786561870.146996,-2.3913466930389404
train/avg_q,2308,1786561872.395963,-2.1749916076660156
train/avg_q,2329,1786561874.858959,-2.7294414043426514
train/avg_q,2349,1786561877.114929,-2.608020782470703
train/avg_q,2361,1786561878.444831,-2.2253193855285645
train/avg_q,2375,1786561879.980119,-2.60589599609375
train/avg_q,2393,1786561881.882210,-1.9312710762023926
train/avg_q,2407,1786561883.327936,-2.0502254962921143
train/avg_q,2425,1786561885.172230,-2.356095314025879
train/avg_q,2437,1786561886.383991,-1.7390635013580322
train/avg_q,2453,1786561888.029470,-2.574371337890625
train/avg_q,2477,1786561890.518059,-1.675610065460205
train/avg_q,2495,1786561892.367759,-2.298771381378174
train/avg_q,2511,1786561894.057607,-2.1183180809020996
train/avg_q,2534,1786561896.460959,-3.1557369232177734
train/avg_q,2556,1786561898.811291,-1.957434058189392
train/avg_q,2573,1786561900.683668,-2.3949296474456787
train/avg_q,2588,1786561902.323208,-1.8695793151855469
train/avg_q,2602,1786561903.863169,-3.0451865196228027
train/avg_q,2618,1786561905.614069,-2.1036853790283203
train/avg_q,2643,1786561908.344877,-1.9457874298095703
train/avg_q,2656,1786561909.752684,-2.3173797130584717
train/avg_q,2674,1786561911.712446,-2.45023250579834
train/avg_q,2690,1786561913.445249,-2.0329394340515137
train/avg_q,2711,1786561915.735270,-2.4564952850341797
train/avg_q,2726,1786561917.366613,-2.2195615768432617
train/avg_q,2746,1786561919.595895,-2.7255914211273193
train/avg_q,2761,1786561921.276171,-3.6977548599243164
train/avg_q,2772,1786561922.498326,-2.047576427459717
train/avg_q,2786,1786561924.005655,-2.0227606296539307
train/avg_q,2811,1786561926.689244,-2.2855162620544434
train/avg_q,2830,1786561928.661970,-2.4536592960357666
train/avg_q,2843,1786561929.998527,-2.809020519256592
train/avg_q,2861,1786561931.818275,-2.4978015422821045
train/avg_q,2881,1786561935.762103,-3.0925488471984863
train/avg_q,2899,1786561938.303798,-2.527946710586548
train/avg_q,2911,1786561939.985228,-3.2538938522338867
train/avg_q,2927,1786561942.333863,-1.5920062065124512
train/avg_q,2944,1786561944.690817,-1.4338228702545166
train/avg_q,2962,1786561947.126952,-2.749573230743408
train/avg_q,2977,1786561949.114850,-2.5759501457214355
train/avg_q,2997,1786561953.719207,-2.540297269821167
train/avg_q,3026,1786561958.258817,-2.717521905899048
train/avg_q,3043,1786561960.866462,-3.4574735164642334
train/avg_q,3067,1786561964.522479,-3.0875344276428223
train/avg_q,3082,1786561966.697699,-2.725513458251953
train/avg_q,3102,1786561969.551201,-2.1285924911499023
train/avg_q,3115,1786561971.311903,-2.4598488807678223
train/avg_q,3128,1786561972.724853,-2.2758965492248535
train/avg_q,3143,1786561974.201989,-2.016753673553467
train/avg_q,3159,1786561975.762963,-2.998770236968994
train/avg_q,3180,1786561977.843745,-2.5586113929748535
train/avg_q,3197,1786561979.483044,-2.4852519035339355
train/avg_q,3217,1786561981.347518,-2.5389530658721924
train/avg_q,3230,1786561982.522804,-1.8064026832580566
train/avg_q,3247,1786561984.071339,-2.6865525245666504
train/avg_q,3259,1786561985.921576,-3.846532106399536
train/avg_q,3274,1786561987.929894,-2.64823055267334
train/avg_q,3290,1786561990.060461,-2.7382097244262695
train/avg_q,3309,1786561992.541856,-4.041992664337158
train/avg_q,3327,1786561994.913811,-2.9401426315307617
train/avg_q,3356,1786561998.560183,-2.9885964393615723
train/avg_q,3372,1786562000.572140,-3.5518641471862793
train/avg_q,3392,1786562003.029994,-2.1031594276428223
train/avg_q,3407,1786562004.806137,-3.0576725006103516
train/avg_q,3430,1786562007.520205,-3.2612621784210205
train/avg_q,3449,1786562009.808162,-2.9235756397247314
train/avg_q,3468,1786562011.976951,-2.1043612957000732
train/avg_q,3494,1786562014.929997,-3.1125569343566895
train/avg_q,3513,1786562017.063668,-2.5922608375549316
train/avg_q,3528,1786562018.766151,-2.512845516204834
train/avg_q,3544,1786562020.581103,-2.9857852458953857
train/avg_q,3555,1786562021.829174,-1.8784523010253906
train/avg_q,3571,1786562023.607260,-2.7180776596069336
train/avg_q,3595,1786562026.269625,-1.6841943264007568
train/avg_q,3612,1786562028.145058,-1.9737626314163208
train/avg_q,3634,1786562030.533726,-2.6612417697906494
train/avg_q,3657,1786562033.077047,-2.128692626953125
train/avg_q,3678,1786562035.386247,-2.0805306434631348
train/avg_q,3706,1786562038.466323,-2.9075124263763428
train/avg_q,3722,1786562040.252209,-1.2677943706512451
train/avg_q,3733,1786562041.456078,-1.3192033767700195
train/avg_q,3747,1786562042.990272,-2.6070384979248047
train/avg_q,3761,1786562044.632335,-2.2389426231384277
train/avg_q,3783,1786562047.414052,-1.6376515626907349
train/avg_q,3803,1786562049.932929,-2.520169734954834
train/avg_q,3822,1786562052.348407,-1.3908987045288086
train/avg_q,3840,1786562054.668569,-2.4494524002075195
train/avg_q,3866,1786562057.871639,-2.4158120155334473
train/avg_q,3886,1786562060.323466,-2.2570924758911133
train/avg_q,3906,1786562062.675279,-1.5090006589889526
train/avg_q,3924,1786562064.659692,-1.5919511318206787
train/avg_q,3948,1786562067.248502,-0.4872795045375824
train/avg_q,3961,1786562068.628722,-2.703092575073242
train/avg_q,3975,1786562070.081613,-2.1121394634246826
train/avg_q,3989,1786562071.552118,-1.5367650985717773
train/avg_q,4003,1786562073.068083,-2.1955204010009766
train/avg_q,4029,1786562075.715680,-1.7724508047103882
train/avg_q,4047,1786562078.605810,-1.7849644422531128
train/avg_q,4064,1786562081.632890,-1.376341700553894
train/avg_q,4080,1786562084.494955,-2.8433148860931396
train/avg_q,4103,1786562088.579045,-1.7975924015045166
train/avg_q,4122,1786562091.905281,-0.8682632446289062
train/avg_q,4148,1786562096.492188,-1.4057528972625732
train/avg_q,4165,1786562099.486257,-1.4805598258972168
train/avg_q,4189,1786562103.334262,-0.8118424415588379
train/avg_q,4209,1786562106.083136,-0.9261445999145508
train/avg_q,4232,1786562108.839686,-0.565514087677002
train/avg_q,4256,1786562111.714195,-1.4103323221206665
train/avg_q,4278,1786562114.231562,-1.0630303621292114
train/avg_q,4310,1786562118.435912,-0.9185351133346558
train/avg_q,4328,1786562120.970420,-2.0605216026306152
train/avg_q,4348,1786562123.686441,-2.3057310581207275
train/avg_q,4363,1786562125.713674,-1.3304425477981567
train/avg_q,4381,1786562128.173741,-1.590601921081543
train/avg_q,4397,1786562130.315078,-1.0320110321044922
train/avg_q,4418,1786562133.078509,-1.1881768703460693
train/avg_q,4435,1786562135.280307,-1.0762971639633179
train/avg_q,4453,1786562137.543113,-0.9046494960784912
train/avg_q,4467,1786562139.299335,-1.7015987634658813
train/avg_q,4487,1786562141.809326,-0.31800562143325806
train/avg_q,4506,1786562144.163925,-1.2280497550964355
train/avg_q,4530,1786562147.190804,-1.012664556503296
train/avg_q,4547,1786562149.375660,-1.95682954788208
train/avg_q,4564,1786562151.487904,-0.5675255060195923
train/avg_q,4588,1786562154.473609,0.06835907697677612
train/avg_q,4607,1786562156.879079,-1.7170310020446777
train/avg_q,4633,1786562160.052587,-0.37574756145477295
train/avg_q,4655,1786562162.759942,-0.8433480262756348
train/avg_q,4672,1786562164.813253,-0.27232983708381653
train/avg_q,4690,1786562166.988204,0.21414434909820557
train/avg_q,4705,1786562168.798486,-1.475586175918579
train/avg_q,4722,1786562170.845601,-1.3490033149719238
train/avg_q,4751,1786562174.428915,-0.5246217250823975
train/avg_q,4771,1786562176.906223,-0.022740721702575684
train/avg_q,4794,1786562179.783428,-0.591713547706604
train/avg_q,4809,1786562181.601061,-1.2220724821090698
train/avg_q,4834,1786562184.270243,0.9026399850845337
train/avg_q,4847,1786562185.582276,-1.1161625385284424
train/avg_q,4868,1786562187.549418,-1.593056321144104
train/avg_q,4882,1786562188.847691,-0.8780950307846069
train/avg_q,4910,1786562191.295111,0.8385938405990601
train/avg_q,4925,1786562192.539483,-2.2176899909973145
train/avg_q,4936,1786562193.449076,0.7122797966003418
train/avg_q,4952,1786562195.993851,-0.3090444505214691
train/avg_q,4974,1786562199.222787,-0.22420302033424377
train/avg_q,4988,1786562201.326367,-0.6199689507484436
train/avg_q,5009,1786562204.617731,-1.1593403816223145
train/avg_q,5028,1786562209.491467,-2.2292428016662598
train/avg_q,5043,1786562211.964317,0.26269063353538513
train/avg_q,5061,1786562214.918678,-0.3890864849090576
train/avg_q,5081,1786562218.152605,-2.388885498046875
train/avg_q,5100,1786562221.202557,-0.45377975702285767
train/avg_q,5122,1786562224.612586,-0.3350253701210022
train/avg_q,5147,1786562228.435090,0.3558686375617981
train/avg_q,5168,1786562231.608194,-0.3995710015296936
train/avg_q,5183,1786562233.868016,-0.3760179877281189
train/avg_q,5196,1786562235.800204,0.2136361002922058
train/avg_q,5214,1786562238.498853,-0.18635845184326172
train/avg_q,5226,1786562240.295410,-1.4104784727096558
train/avg_q,5249,1786562243.608368,-1.4150481224060059
train/avg_q,5267,1786562245.670776,-0.30741843581199646
train/avg_q,5283,1786562247.499244,-0.053917065262794495
train/avg_q,5298,1786562249.239237,-0.8930950164794922
train/avg_q,5312,1786562250.839231,0.6716058254241943
train/avg_q,5330,1786562252.897858,0.1054612249135971
train/avg_q,5349,1786562254.967230,-0.6385942101478577
train/avg_q,5364,1786562256.487647,0.2658838927745819
train/avg_q,5389,1786562259.022161,-0.17172610759735107
train/avg_q,5403,1786562260.403467,-0.25910812616348267
train/avg_q,5422,1786562262.265634,-1.1633384227752686
train/avg_q,5434,1786562263.440751,0.8184695839881897
train/avg_q,5449,1786562264.888507,-0.2800424098968506
train/avg_q,5465,1786562266.401190,-0.5270828604698181
train/avg_q,5482,1786562268.013297,-0.2741524577140808
train/avg_q,5502,1786562269.872629,0.7357571125030518
train/avg_q,5520,1786562271.500305,0.4064282476902008
train/avg_q,5537,1786562273.010787,-0.07610094547271729
train/avg_q,5553,1786562274.414961,-1.665084719657898
train/avg_q,5566,1786562275.556251,0.5585702657699585
train/avg_q,5584,1786562277.139900,2.8375093936920166
train/avg_q,5600,1786562278.553804,0.20950543880462646
train/avg_q,5617,1786562280.056391,0.8614509701728821
train/avg_q,5641,1786562282.126446,-0.3971863389015198
train/avg_q,5662,1786562283.944307,0.6955265998840332
train/avg_q,5679,1786562285.436134,-0.8107162714004517
train/avg_q,5701,1786562287.381396,1.4115206003189087
train/avg_q,5715,1786562288.650263,-1.0574204921722412
train/avg_q,5730,1786562289.960778,-1.2366211414337158
train/avg_q,5748,1786562291.531363,-0.48665258288383484
train/avg_q,5763,1786562292.940353,0.4392189383506775
train/avg_q,5780,1786562296.033306,1.1725294589996338
train/avg_q,5798,1786562298.646987,0.2513231635093689
train/avg_q,5812,1786562300.535162,0.16721007227897644
train/avg_q,5832,1786562303.226342,0.6091643571853638
train/avg_q,5862,1786562307.239218,0.20881521701812744
train/avg_q,5874,1786562308.852541,0.5888354778289795
train/avg_q,5892,1786562311.280324,0.6086223125457764
train/avg_q,5919,1786562314.878643,-0.1528903990983963
train/avg_q,5939,1786562318.078872,1.3787297010421753
train/avg_q,5955,1786562319.868554,1.2418484687805176
train/avg_q,5974,1786562321.998385,1.618354082107544
train/avg_q,5990,1786562323.788640,0.04455180466175079
train/avg_q,6023,1786562327.508593,0.7889825105667114
train/avg_q,6038,1786562329.115333,1.595188021659851
train/avg_q,6061,1786562331.582818,0.8415634632110596
train/avg_q,6084,1786562334.063548,1.1575703620910645
train/avg_q,6098,1786562335.587959,-0.16738179326057434
train/avg_q,6113,1786562337.237534,1.767048716545105
train/avg_q,6133,1786562339.433059,0.3714677691459656
train/avg_q,6153,1786562341.650012,0.19618475437164307
train/avg_q,6175,1786562344.118594,1.4151992797851562
train/avg_q,6188,1786562345.568671,1.2134530544281006
train/avg_q,6205,1786562347.587138,0.1402100920677185
train/avg_q,6223,1786562349.906306,1.908037781715393
train/avg_q,6242,1786562352.360306,1.3865283727645874
train/avg_q,6264,1786562355.247873,1.3521602153778076
train/avg_q,6276,1786562356.833107,-0.2877596914768219
train/avg_q,6298,1786562359.691568,1.189084529876709
train/avg_q,6313,1786562361.576596,0.4228677451610565
train/avg_q,6326,1786562363.190588,0.5936220288276672
train/avg_q,6338,1786562364.660178,1.5256751775741577
train/avg_q,6354,1786562366.549891,1.3924630880355835
train/avg_q,6368,1786562368.147685,1.6131718158721924
train/avg_q,6383,1786562369.850203,1.223676085472107
train/avg_q,6401,1786562371.845442,0.5833437442779541
train/avg_q,6416,1786562373.458161,1.1884801387786865
train/avg_q,6440,1786562376.028300,1.2917951345443726
train/avg_q,6456,1786562377.746316,0.8507239818572998
train/avg_q,6478,1786562380.063859,0.8017014861106873
train/avg_q,6490,1786562381.302372,0.9926897287368774
train/avg_q,6508,1786562383.143595,1.8864184617996216
train/avg_q,6530,1786562385.375001,0.35405638813972473
train/avg_q,6549,1786562387.280930,2.1319169998168945
train/avg_q,6565,1786562388.885953,1.768104076385498
train/avg_q,6588,1786562391.164914,1.0588151216506958
train/avg_q,6614,1786562393.742318,1.3829187154769897
train/avg_q,6629,1786562395.240937,1.9145561456680298
train/avg_q,6642,1786562396.510077,2.1161117553710938
train/avg_q,6658,1786562398.094502,1.2492504119873047
train/avg_q,6678,1786562400.091152,0.5244902968406677
train/avg_q,6699,1786562402.198434,0.9803615212440491
train/avg_q,6728,1786562405.495774,2.4427006244659424
train/avg_q,6746,1786562407.310757,2.443300485610962
train/avg_q,6762,1786562408.887549,2.6153416633605957
train/avg_q,6778,1786562410.457306,2.828274726867676
train/avg_q,6792,1786562411.799367,2.644509792327881
train/avg_q,6819,1786562414.342237,1.724102258682251
train/avg_q,6840,1786562416.345796,2.0082602500915527
train/avg_q,6863,1786562419.793206,3.122668981552124
train/avg_q,6879,1786562422.285237,1.3667330741882324
train/avg_q,6892,1786562424.314970,3.9786765575408936
train/avg_q,6913,1786562427.665237,2.504638195037842
train/avg_q,6928,1786562430.010884,2.189021110534668
train/avg_q,6942,1786562432.232850,2.580203056335449
train/avg_q,6957,1786562434.618427,2.373168706893921
train/avg_q,6985,1786562439.011798,1.032393455505371
train/avg_q,6997,1786562440.876947,2.2389345169067383
train/avg_q,7024,1786562445.054284,1.3767333030700684
train/avg_q,7039,1786562447.367365,0.965453028678894
train/avg_q,7057,1786562450.078228,1.2004516124725342
train/avg_q,7071,1786562452.170559,3.58882737159729
train/avg_q,7093,1786562455.395615,0.4506453573703766
train/avg_q,7111,1786562457.984447,1.4518167972564697
train/avg_q,7131,1786562460.809675,1.324510097503662
train/avg_q,7150,1786562463.475783,2.7976582050323486
train/avg_q,7166,1786562465.741746,3.491253614425659
train/avg_q,7178,1786562467.442419,1.7738651037216187
train/avg_q,7190,1786562469.164269,2.6052327156066895
train/avg_q,7207,1786562471.610884,3.269108772277832
train/avg_q,7232,1786562475.258730,1.783125400543213
train/avg_q,7256,1786562478.854357,1.588571310043335
train/avg_q,7273,1786562481.404864,4.218037128448486
train/avg_q,7288,1786562483.559125,0.7585061192512512
train/avg_q,7303,1786562485.676177,3.115509033203125
train/avg_q,7319,1786562487.900369,2.8617420196533203
train/avg_q,7335,1786562490.096344,2.1878397464752197
train/avg_q,7353,1786562492.574105,1.6511030197143555
train/avg_q,7377,1786562495.868824,2.9432859420776367
train/avg_q,7393,1786562498.036991,3.299957752227783
train/avg_q,7412,1786562500.612498,2.1873247623443604
train/avg_q,7430,1786562503.128953,3.8672127723693848
train/avg_q,7444,1786562505.057048,3.698188304901123
train/avg_q,7462,1786562507.564715,2.2058393955230713
train/avg_q,7483,1786562510.464251,3.0293805599212646
train/avg_q,7504,1786562513.406169,2.7052769660949707
train/avg_q,7524,1786562516.064051,3.5023772716522217
train/avg_q,7541,1786562518.284046,2.2746338844299316
train/avg_q,7558,1786562520.568614,2.965054988861084
train/avg_q,7577,1786562524.851141,2.2639365196228027
train/avg_q,7592,1786562527.109757,3.9173145294189453
train/avg_q,7608,1786562529.511363,2.8544251918792725
train/avg_q,7633,1786562533.285311,3.159165620803833
train/avg_q,7646,1786562535.276548,2.7289955615997314
train/avg_q,7662,1786562537.688922,3.2638320922851562
train/avg_q,7686,1786562541.355269,3.985213041305542
train/avg_q,7709,1786562544.367997,1.9588507413864136
train/avg_q,7729,1786562546.962974,1.5335583686828613
train/avg_q,7744,1786562548.751498,3.523202419281006
train/avg_q,7770,1786562552.093675,2.362079620361328
train/avg_q,7794,1786562554.907557,2.8447604179382324
train/avg_q,7807,1786562556.432307,2.34070086479187
train/avg_q,7828,1786562558.870743,3.49168062210083
train/avg_q,7842,1786562560.486119,2.6994409561157227
train/avg_q,7862,1786562562.759950,2.54783296585083
train/avg_q,7882,1786562565.029793,4.5802412033081055
train/avg_q,7909,1786562567.963117,4.522687911987305
train/avg_q,7926,1786562569.730219,2.535008430480957
train/avg_q,7948,1786562571.933415,2.5277016162872314
train/avg_q,7964,1786562573.589302,3.8398141860961914
train/avg_q,7980,1786562575.193189,3.4180307388305664
train/avg_q,8005,1786562577.659588,4.35336971282959
train/avg_q,8024,1786562579.414590,2.4082388877868652
train/avg_q,8043,1786562581.161297,3.268833637237549
train/avg_q,8062,1786562582.909191,2.3510899543762207
train/avg_q,8081,1786562584.687558,2.708972930908203
train/avg_q,8098,1786562586.217025,5.249633312225342
train/avg_q,8116,1786562587.823915,4.894923210144043
train/avg_q,8138,1786562589.800178,2.2681832313537598
train/avg_q,8157,1786562591.518368,1.8768621683120728
train/avg_q,8177,1786562593.857691,5.147695541381836
train/avg_q,8197,1786562596.031310,5.969333648681641
train/avg_q,8215,1786562597.963753,4.6432600021362305
train/avg_q,8231,1786562599.673843,3.8997533321380615
train/avg_q,8254,1786562602.088604,1.1437644958496094
train/avg_q,8276,1786562604.383897,3.3980419635772705
train/avg_q,8295,1786562606.335232,3.7374637126922607
train/avg_q,8314,1786562608.233543,2.6813392639160156
train/avg_q,8329,1786562609.736109,4.874852180480957
train/avg_q,8346,1786562611.404484,3.038600444793701
train/avg_q,8361,1786562612.857090,3.2275407314300537
train/avg_q,8375,1786562614.218267,3.212709903717041
train/avg_q,8390,1786562615.740678,4.052462100982666
train/avg_q,8409,1786562617.893089,2.286807060241699
train/avg_q,8424,1786562619.712560,3.1421313285827637
train/avg_q,8451,1786562623.196883,4.130641460418701
train/avg_q,8469,1786562625.540183,4.586887836456299
train/avg_q,8481,1786562627.093966,3.474579095840454
train/avg_q,8499,1786562629.425960,3.0383687019348145
train/avg_q,8518,1786562631.901876,3.2778208255767822
train/avg_q,8533,1786562633.839455,4.391881942749023
train/avg_q,8553,1786562636.416226,4.6103291511535645
train/avg_q,8574,1786562639.112169,4.317562103271484
train/avg_q,8589,1786562640.972387,3.8571853637695312
train/avg_q,8618,1786562644.627837,2.9822142124176025
train/avg_q,8635,1786562646.688536,3.811948299407959
train/avg_q,8654,1786562649.026257,2.0013175010681152
train/avg_q,8672,1786562651.166110,3.815537214279175
train/avg_q,8688,1786562653.100959,4.39289665222168
train/avg_q,8704,1786562654.989038,2.435645818710327
train/avg_q,8720,1786562656.817056,5.3747172355651855
train/avg_q,8743,1786562659.423981,3.913090705871582
train/avg_q,8761,1786562661.450341,5.479463577270508
train/avg_q,8785,1786562664.140311,2.932333469390869
train/avg_q,8801,1786562665.904142,3.7225005626678467
train/avg_q,8821,1786562668.054949,3.1883111000061035
train/avg_q,8835,1786562669.577990,5.742106914520264
train/avg_q,8856,1786562671.852736,3.098921537399292
train/avg_q,8874,1786562673.832979,3.5179989337921143
train/avg_q,8895,1786562676.171633,4.630509853363037
train/avg_q,8911,1786562677.937396,4.481405735015869
train/avg_q,8933,1786562680.336728,5.190567493438721
train/avg_q,8945,1786562681.625868,3.1394457817077637
train/avg_q,8973,1786562684.639204,4.189882755279541
train/avg_q,8986,1786562685.993646,4.827315330505371
train/avg_q,9012,1786562688.688286,3.929783344268799
train/avg_q,9032,1786562690.742256,4.714297294616699
train/avg_q,9047,1786562692.289508,4.495425701141357
train/avg_q,9062,1786562693.859353,5.729970932006836
train/avg_q,9080,1786562695.720324,5.176802158355713
train/avg_q,9106,1786562698.545396,6.5775346755981445
train/avg_q,9134,1786562702.128315,3.6455113887786865
train/avg_q,9150,1786562704.232861,3.8664233684539795
train/avg_q,9167,1786562706.516982,3.7678112983703613
train/avg_q,9184,1786562708.782489,3.75148868560791
train/avg_q,9212,1786562712.532716,4.085265636444092
train/avg_q,9226,1786562714.418415,2.76223087310791
train/avg_q,9245,1786562716.954293,5.116328239440918
train/avg_q,9268,1786562719.995094,4.3708109855651855
train/avg_q,9285,1786562722.253105,5.092037200927734
train/avg_q,9299,1786562724.113784,5.38327693939209
train/avg_q,9322,1786562727.105070,4.934162616729736
train/avg_q,9346,1786562730.287308,4.143126487731934
train/avg_q,9360,1786562732.105855,5.5392608642578125
train/avg_q,9375,1786562735.054718,4.138537406921387
train/avg_q,9387,1786562737.832997,4.99410343170166
train/avg_q,9409,1786562740.918891,4.512457847595215
train/avg_q,9427,1786562743.282394,2.8410093784332275
train/avg_q,9448,1786562746.020416,4.2411980628967285
train/avg_q,9464,1786562748.115603,5.998327255249023
train/avg_q,9487,1786562751.117826,5.381309986114502
train/avg_q,9503,1786562753.207663,2.3138844966888428
train/avg_q,9517,1786562755.032463,4.400522708892822
train/avg_q,9535,1786562757.353699,2.831810235977173
train/avg_q,9555,1786562759.916195,6.385723114013672
train/avg_q,9579,1786562762.974712,5.090060234069824
train/avg_q,9596,1786562765.090743,3.337905168533325
train/avg_q,9616,1786562767.534138,6.437775611877441
train/avg_q,9630,1786562769.272001,1.4835598468780518
train/avg_q,9653,1786562772.992553,5.636672496795654
train/avg_q,9669,1786562775.888021,5.913921356201172
train/avg_q,9688,1786562779.278861,5.1112799644470215
train/avg_q,9710,1786562782.897140,7.104480743408203
train/avg_q,9726,1786562784.889378,6.459194183349609
train/avg_q,9741,1786562786.752777,5.610680103302002
train/avg_q,9764,1786562789.594473,6.560840606689453
train/avg_q,9777,1786562791.185749,3.9115350246429443
train/avg_q,9796,1786562793.464832,6.462703227996826
train/avg_q,9820,1786562796.388402,4.214542865753174
train/avg_q,9838,1786562798.515418,5.267685890197754
train/avg_q,9858,1786562800.806150,4.219473361968994
train/avg_q,9881,1786562803.393828,7.951164722442627
train/avg_q,9901,1786562805.612357,1.2648955583572388
train/avg_q,9915,1786562807.156861,4.984128952026367
train/avg_q,9929,1786562808.715211,4.576528549194336
train/avg_q,9946,1786562810.607373,2.4128198623657227
train/avg_q,9968,1786562813.054260,7.375838279724121
train/avg_q,9987,1786562815.173263,4.093621253967285
train/avg_q,10003,1786562817.099971,5.463839530944824
train/avg_q,10026,1786562819.730936,3.2849366664886475
train/avg_q,10041,1786562821.448944,4.211094856262207
train/avg_q,10062,1786562823.761932,4.9730682373046875
train/avg_q,10086,1786562826.876592,6.0802717208862305
train/avg_q,10104,1786562828.906456,5.201471328735352
train/avg_q,10124,1786562831.084366,6.56569766998291
train/avg_q,10148,1786562833.595019,6.286628723144531
train/avg_q,10164,1786562835.175422,3.4323647022247314
train/avg_q,10184,1786562837.099931,5.19866943359375
train/avg_q,10204,1786562839.866762,4.2811431884765625
train/avg_q,10226,1786562842.882207,7.712258338928223
train/avg_q,10243,1786562845.240395,3.9079267978668213
train/avg_q,10257,1786562847.099798,6.725386142730713
train/avg_q,10275,1786562849.490598,7.0349884033203125
train/avg_q,10290,1786562851.447841,5.614630699157715
train/avg_q,10310,1786562854.052272,6.720467567443848
train/avg_q,10335,1786562857.212212,6.029172420501709
train/avg_q,10352,1786562859.340663,7.143344879150391
train/avg_q,10372,1786562861.834294,5.318900108337402
train/avg_q,10387,1786562863.683202,6.7871928215026855
train/avg_q,10406,1786562865.985595,7.470770359039307
train/avg_q,10429,1786562868.804603,6.15704870223999
train/avg_q,10445,1786562870.748724,4.778876304626465
train/avg_q,10464,1786562873.062725,6.365398406982422
train/avg_q,10478,1786562874.771956,4.596439361572266
train/avg_q,10494,1786562876.735637,6.156820297241211
train/avg_q,10505,1786562878.082163,8.664552688598633
train/avg_q,10526,1786562880.616280,8.100926399230957
train/avg_q,10545,1786562882.902994,7.017629623413086
train/avg_q,10566,1786562885.383605,6.981518745422363
train/avg_q,10591,1786562888.289534,7.993531227111816
train/avg_q,10610,1786562890.468026,5.668306827545166
train/avg_q,10627,1786562892.443129,7.3087477684021
train/avg_q,10641,1786562894.072413,4.7604217529296875
train/avg_q,10662,1786562896.610870,7.540728569030762
train/avg_q,10678,1786562898.738619,9.260459899902344
train/avg_q,10698,1786562901.509603,4.830829620361328
train/avg_q,10721,1786562904.737991,8.479391098022461
train/avg_q,10738,1786562907.141369,6.2715349197387695
train/avg_q,10754,1786562909.405373,3.7393505573272705
train/avg_q,10772,1786562911.936001,6.774778366088867
train/avg_q,10796,1786562915.286011,6.9278340339660645
train/avg_q,10810,1786562917.207152,5.803562164306641
train/avg_q,10824,1786562919.140236,5.425630569458008
train/avg_q,10838,1786562921.108636,6.143830299377441
train/avg_q,10862,1786562924.451415,4.4075703620910645
train/avg_q,10883,1786562927.420280,5.853876113891602
train/avg_q,10901,1786562931.991867,3.630927085876465
train/avg_q,10914,1786562934.396898,7.724483489990234
train/avg_q,10932,1786562937.720613,4.442130088806152
train/avg_q,10945,1786562940.149624,5.741223335266113
train/avg_q,10968,1786562944.379231,6.666135311126709
train/avg_q,10981,1786562946.788321,6.81260871887207
train/avg_q,10999,1786562950.091278,7.198791027069092
train/avg_q,11018,1786562953.518285,6.297478199005127
train/avg_q,11035,1786562956.600680,6.698262691497803
train/avg_q,11050,1786562959.297516,6.521389007568359
train/avg_q,11070,1786562962.892567,4.166692733764648
train/avg_q,11090,1786562966.502101,8.027750015258789
train/avg_q,11111,1786562970.264952,6.714627265930176
train/avg_q,11125,1786562972.773429,6.447259426116943
train/avg_q,11140,1786562975.453330,6.863861083984375
train/avg_q,11155,1786562978.155829,6.055703639984131
train/avg_q,11174,1786562981.535076,7.034630298614502
train/avg_q,11186,1786562983.652253,8.699567794799805
train/avg_q,11203,1786562986.642600,9.007533073425293
train/avg_q,11222,1786562989.996377,7.7960381507873535
train/avg_q,11240,1786562993.141506,7.022404670715332
train/avg_q,11263,1786562997.174729,4.0471649169921875
train/avg_q,11276,1786562999.414901,6.492866516113281
train/avg_q,11296,1786563002.841189,7.824709892272949
train/avg_q,11311,1786563005.362184,6.082193374633789
train/avg_q,11329,1786563008.342809,5.111247539520264
train/avg_q,11352,1786563012.087804,9.87588882446289
train/avg_q,11365,1786563014.212635,9.504243850708008
train/avg_q,11383,1786563017.123679,9.779626846313477
train/avg_q,11402,1786563020.233643,7.897131443023682
train/avg_q,11427,1786563024.600835,7.219762802124023
train/avg_q,11446,1786563027.370767,5.864529609680176
train/avg_q,11463,1786563029.679766,8.170182228088379
train/avg_q,11484,1786563032.496789,7.2320709228515625
train/avg_q,11502,1786563034.912348,5.935148239135742
train/avg_q,11519,1786563037.169505,9.486546516418457
train/avg_q,11541,1786563040.179648,6.816654205322266
train/avg_q,11560,1786563042.970101,6.491858959197998
train/avg_q,11581,1786563045.336356,8.182652473449707
train/avg_q,11595,1786563046.892549,6.766728401184082
train/avg_q,11609,1786563048.464101,6.857547760009766
train/avg_q,11625,1786563050.206926,7.565047264099121
train/avg_q,11643,1786563052.159820,8.785918235778809
train/avg_q,11661,1786563054.119226,6.89469051361084
train/avg_q,11678,1786563055.963310,7.065552234649658
train/avg_q,11701,1786563058.441351,7.3758440017700195
train/avg_q,11717,1786563060.133837,9.579286575317383
train/avg_q,11733,1786563061.796384,8.306818008422852
train/avg_q,11746,1786563063.141288,8.633045196533203
train/avg_q,11766,1786563065.194563,8.720109939575195
train/avg_q,11785,1786563067.107422,7.1178812980651855
train/avg_q,11804,1786563069.029973,8.826007843017578
train/avg_q,11829,1786563073.536466,10.16739273071289
train/avg_q,11844,1786563076.159246,7.6368913650512695
train/avg_q,11862,1786563079.330712,7.3576507568359375
train/avg_q,11889,1786563084.018825,8.920295715332031
train/avg_q,11907,1786563087.147969,9.100715637207031
train/avg_q,11925,1786563090.223293,8.026515007019043
train/avg_q,11950,1786563094.442520,8.280529022216797
train/avg_q,11971,1786563098.004634,7.469721794128418
train/avg_q,11992,1786563101.534709,11.18115234375
train/avg_q,12013,1786563105.183091,6.407587051391602
train/avg_q,12032,1786563108.422976,7.906497001647949
train/avg_q,12048,1786563111.148435,7.640999794006348
train/avg_q,12065,1786563114.032826,9.637784004211426
train/avg_q,12079,1786563116.398622,9.001904487609863
train/avg_q,12104,1786563120.599278,7.771020889282227
train/avg_q,12118,1786563122.962440,7.087223052978516
train/avg_q,12136,1786563126.077023,7.296074390411377
train/avg_q,12150,1786563128.294573,8.196558952331543
train/avg_q,12164,1786563130.246889,8.853797912597656
train/avg_q,12178,1786563131.780931,8.478453636169434
train/avg_q,12199,1786563134.081760,9.921243667602539
train/avg_q,12212,1786563135.492179,7.02146053314209
train/avg_q,12230,1786563137.470554,6.63696813583374
train/avg_q,12249,1786563139.524021,6.05125093460083
train/avg_q,12275,1786563142.267924,4.699841022491455
train/avg_q,12286,1786563143.410941,7.964807510375977
train/avg_q,12307,1786563145.626067,10.727620124816895
train/avg_q,12332,1786563148.246322,9.759513854980469
train/avg_q,12351,1786563150.265568,5.645543575286865
train/avg_q,12365,1786563151.746263,8.911611557006836
train/avg_q,12385,1786563153.835770,6.687372207641602
train/avg_q,12410,1786563156.429437,8.921290397644043
train/avg_q,12428,1786563158.294957,8.066171646118164
train/avg_q,12450,1786563160.558952,9.83227252960205
train/avg_q,12460,1786563161.577341,7.646191596984863
train/avg_q,12480,1786563163.597374,8.57777214050293
train/avg_q,12495,1786563165.108616,7.59273624420166
train/avg_q,12525,1786563168.141919,10.506704330444336
train/avg_q,12538,1786563169.433007,9.267677307128906
train/avg_q,12558,1786563171.442447,11.482919692993164
train/avg_q,12571,1786563172.874162,8.678072929382324
train/avg_q,12588,1786563174.900806,9.440689086914062
train/avg_q,12607,1786563177.341476,9.031668663024902
train/avg_q,12623,1786563179.413832,8.258935928344727
train/avg_q,12645,1786563182.283893,9.941726684570312
train/avg_q,12666,1786563185.029608,7.241616725921631
train/avg_q,12685,1786563187.470689,7.510834217071533
train/avg_q,12700,1786563189.393845,10.524351119995117
train/avg_q,12718,1786563191.694037,9.38923454284668
train/avg_q,12736,1786563193.986554,6.706357955932617
train/avg_q,12753,1786563196.157032,9.139339447021484
train/avg_q,12777,1786563199.241519,5.531502723693848
train/avg_q,12792,1786563201.141382,10.120073318481445
train/avg_q,12807,1786563203.013579,4.591897487640381
train/avg_q,12823,1786563204.988238,11.131410598754883
train/avg_q,12842,1786563207.387918,8.220855712890625
train/avg_q,12863,1786563209.983054,8.058530807495117
train/avg_q,12884,1786563212.509023,8.634398460388184
train/avg_q,12903,1786563214.765296,8.366059303283691
train/avg_q,12923,1786563217.088601,11.344993591308594
train/avg_q,12938,1786563218.837927,7.163974761962891
train/avg_q,12955,1786563220.837974,8.450407028198242
train/avg_q,12979,1786563223.629603,10.484350204467773
train/avg_q,13002,1786563226.277154,9.481796264648438
train/avg_q,13021,1786563228.516109,9.927956581115723
train/avg_q,13040,1786563230.685627,9.91042709350586
train/avg_q,13058,1786563232.741654,9.244335174560547
train/avg_q,13071,1786563234.822797,9.047290802001953
train/avg_q,13099,1786563239.184553,6.451201438903809
train/avg_q,13131,1786563243.237980,8.16943645477295
train/avg_q,13151,1786563245.793128,3.467606544494629
train/avg_q,13166,1786563247.704153,8.969676971435547
train/avg_q,13183,1786563249.913603,11.111985206604004
train/avg_q,13208,1786563253.192832,10.109973907470703
train/avg_q,13228,1786563255.740479,9.972389221191406
train/avg_q,13240,1786563257.265649,8.143779754638672
train/avg_q,13257,1786563259.430322,7.6232805252075195
train/avg_q,13271,1786563261.184458,6.244978904724121
train/avg_q,13294,1786563264.024381,9.60764217376709
train/avg_q,13315,1786563266.626203,12.570930480957031
train/avg_q,13330,1786563268.426625,10.109256744384766
train/avg_q,13358,1786563271.879405,8.699934005737305
train/avg_q,13373,1786563273.818305,9.320211410522461
train/avg_q,13393,1786563276.506656,11.853240966796875
train/avg_q,13405,1786563278.277425,10.082295417785645
train/avg_q,13425,1786563281.489418,9.934261322021484
train/avg_q,13438,1786563283.379079,9.741878509521484
train/avg_q,13453,1786563285.594591,8.482308387756348
train/avg_q,13469,1786563287.911000,8.767985343933105
train/avg_q,13484,1786563290.068862,11.052228927612305
train/avg_q,13508,1786563293.526371,10.072208404541016
train/avg_q,13524,1786563295.782779,8.858734130859375
train/avg_q,13540,1786563297.934574,11.023147583007812
train/avg_q,13557,1786563300.153374,10.884405136108398
train/avg_q,13572,1786563302.070073,9.437004089355469
train/avg_q,13584,1786563303.614092,9.868465423583984
train/avg_q,13599,1786563305.526265,10.804391860961914
train/avg_q,13613,1786563307.250761,7.146080017089844
train/avg_q,13633,1786563309.736216,11.49234676361084
train/avg_q,13655,1786563312.368581,6.281633377075195
train/avg_q,13672,1786563314.329571,10.037725448608398
train/avg_q,13692,1786563316.579757,9.264820098876953
train/avg_q,13716,1786563319.188854,8.979998588562012
train/avg_q,13736,1786563321.289331,9.811909675598145
train/avg_q,13755,1786563323.297243,9.87193489074707
train/avg_q,13771,1786563324.960815,8.957447052001953
train/avg_q,13790,1786563326.921415,9.554290771484375
train/avg_q,13812,1786563329.246186,7.884885787963867
train/avg_q,13827,1786563330.860682,8.936701774597168
train/avg_q,13840,1786563332.280097,8.639244079589844
train/avg_q,13857,1786563334.167307,8.389690399169922
train/avg_q,13877,1786563336.362285,7.482832431793213
train/avg_q,13897,1786563338.564781,9.974571228027344
train/avg_q,13912,1786563340.221978,8.776313781738281
train/avg_q,13930,1786563342.186544,9.261961936950684
train/avg_q,13949,1786563344.255184,9.007040023803711
train/avg_q,13962,1786563345.646922,11.230851173400879
train/avg_q,13974,1786563346.939536,8.207862854003906
train/avg_q,13995,1786563349.255307,10.890719413757324
train/avg_q,14009,1786563350.905535,12.26164436340332
train/avg_q,14025,1786563352.618448,9.47292709350586
train/avg_q,14040,1786563354.166773,12.531980514526367
train/avg_q,14056,1786563355.786241,10.431846618652344
train/avg_q,14078,1786563357.869449,7.713302135467529
train/avg_q,14092,1786563359.213085,12.632017135620117
train/avg_q,14120,1786563364.358093,11.822629928588867
train/avg_q,14143,1786563367.635586,8.57302188873291
train/avg_q,14160,1786563370.016230,8.566436767578125
train/avg_q,14187,1786563373.609338,8.271514892578125
train/avg_q,14203,1786563375.779343,12.085922241210938
train/avg_q,14220,1786563377.884458,8.887008666992188
train/avg_q,14234,1786563379.505221,8.783716201782227
train/avg_q,14254,1786563381.798708,9.099738121032715
train/avg_q,14278,1786563384.539606,11.01219654083252
train/avg_q,14306,1786563387.723329,9.524104118347168
train/avg_q,14329,1786563390.335961,11.601861953735352
train/avg_q,14350,1786563392.692686,12.061038970947266
train/avg_q,14367,1786563394.606800,8.181276321411133
train/avg_q,14387,1786563396.804975,9.136926651000977
train/avg_q,14409,1786563399.185098,10.222187042236328
train/avg_q,14434,1786563401.851317,10.464298248291016
train/avg_q,14449,1786563403.513546,13.584228515625
train/avg_q,14466,1786563405.395940,9.876754760742188
train/avg_q,14486,1786563408.021287,10.579203605651855
train/avg_q,14508,1786563410.910363,10.002887725830078
train/avg_q,14522,1786563412.744320,11.543134689331055
train/avg_q,14551,1786563416.561468,10.648412704467773
train/avg_q,14573,1786563419.476207,11.70920181274414
train/avg_q,14585,1786563421.071279,12.046303749084473
train/avg_q,14606,1786563423.828980,6.784247398376465
train/avg_q,14620,1786563425.697298,9.926387786865234
train/avg_q,14636,1786563427.831495,8.444694519042969
train/avg_q,14657,1786563430.674833,9.809959411621094
train/avg_q,14673,1786563432.793035,12.16933822631836
train/avg_q,14690,1786563434.987866,9.598072052001953
train/avg_q,14705,1786563436.895910,11.82008171081543
train/avg_q,14724,1786563439.291948,12.97156047821045
train/avg_q,14745,1786563441.805880,9.216134071350098
train/avg_q,14761,1786563443.705216,10.615066528320312
train/avg_q,14779,1786563445.624419,11.005590438842773
train/avg_q,14801,1786563447.813303,7.950852394104004
train/avg_q,14820,1786563449.666313,8.929274559020996
train/avg_q,14851,1786563452.583034,10.253671646118164
train/avg_q,14864,1786563453.733505,8.704922676086426
train/avg_q,14878,1786563454.955821,10.070282936096191
train/avg_q,14902,1786563457.069307,8.785463333129883
train/avg_q,14914,1786563458.096830,11.447809219360352
train/avg_q,14934,1786563459.769689,12.264532089233398
train/avg_q,14948,1786563461.216559,9.897846221923828
train/avg_q,14973,1786563466.784078,8.99710464477539
train/avg_q,14987,1786563468.983979,10.066193580627441
train/avg_q,15001,1786563471.168536,8.263900756835938
train/avg_q,15019,1786563473.973279,9.888785362243652
train/avg_q,15047,1786563478.374609,7.619487762451172
train/avg_q,15066,1786563481.375288,10.311810493469238
train/avg_q,15084,1786563484.197749,9.803340911865234
train/avg_q,15099,1786563486.548891,9.571634292602539
train/avg_q,15118,1786563489.468891,14.584486961364746
train/avg_q,15143,1786563493.252347,10.645071029663086
train/avg_q,15156,1786563495.212837,11.361839294433594
train/avg_q,15173,1786563497.798553,12.789290428161621
train/avg_q,15194,1786563500.946861,10.741791725158691
train/avg_q,15206,1786563502.694369,11.19975471496582
train/avg_q,15225,1786563505.437912,12.005640983581543
train/avg_q,15243,1786563507.994993,10.171236038208008
train/avg_q,15257,1786563509.967548,12.151667594909668
train/avg_q,15278,1786563512.888967,11.33232307434082
train/avg_q,15295,1786563515.241874,12.644579887390137
train/avg_q,15313,1786563517.717452,14.602811813354492
train/avg_q,15331,1786563520.206954,10.408451080322266
train/avg_q,15354,1786563523.334465,9.035704612731934
train/avg_q,15369,1786563525.242413,10.896541595458984
train/avg_q,15383,1786563527.001610,9.805177688598633
train/avg_q,15410,1786563530.173344,10.123632431030273
train/avg_q,15432,1786563532.652337,11.368972778320312
train/avg_q,15451,1786563534.808969,13.617372512817383
train/avg_q,15469,1786563536.839908,12.153953552246094
train/avg_q,15488,1786563538.973994,12.700194358825684
train/avg_q,15502,1786563540.557348,9.69537353515625
train/avg_q,15523,1786563542.918270,11.589445114135742
train/avg_q,15546,1786563545.481827,9.978428840637207
train/avg_q,15558,1786563546.806325,10.575418472290039
train/avg_q,15575,1786563548.716129,11.531346321105957
train/avg_q,15597,1786563551.098299,11.500425338745117
train/avg_q,15614,1786563552.790929,12.954832077026367
train/avg_q,15628,1786563554.170882,13.374664306640625
train/avg_q,15649,1786563556.274912,13.779430389404297
train/avg_q,15668,1786563558.131908,11.857812881469727
train/avg_q,15690,1786563560.292580,14.694700241088867
train/avg_q,15708,1786563562.040022,13.808494567871094
train/avg_q,15731,1786563564.227020,12.538394927978516
train/avg_q,15746,1786563565.663642,12.030031204223633
train/avg_q,15761,1786563567.211254,11.798568725585938
train/avg_q,15783,1786563569.745102,15.019847869873047
train/avg_q,15813,1786563573.384072,14.05019760131836
train/avg_q,15834,1786563575.937569,10.521349906921387
train/avg_q,15848,1786563577.628048,13.174276351928711
train/avg_q,15861,1786563579.190431,13.559915542602539
train/avg_q,15880,1786563581.447489,13.053069114685059
train/avg_q,15898,1786563583.600079,10.740367889404297
train/avg_q,15916,1786563585.704339,14.055244445800781
train/avg_q,15943,1786563588.837932,15.440210342407227
train/avg_q,15956,1786563590.313590,14.602014541625977
train/avg_q,15967,1786563591.565359,10.744415283203125
train/avg_q,15982,1786563593.252707,11.937841415405273
train/avg_q,16000,1786563595.276313,12.370165824890137
train/avg_q,16018,1786563597.385546,12.039960861206055
train/avg_q,16034,1786563599.150436,11.615622520446777
train/avg_q,16050,1786563600.912565,13.21356201171875
train/avg_q,16073,1786563603.445692,14.13115406036377
train/avg_q,16093,1786563605.603765,10.186541557312012
train/avg_q,16106,1786563606.952536,10.114395141601562
train/avg_q,16123,1786563608.739255,13.125118255615234
train/avg_q,16148,1786563611.312554,15.367570877075195
train/avg_q,16161,1786563613.254420,12.885711669921875
train/avg_q,16175,1786563614.822332,14.37913703918457
train/avg_q,16201,1786563617.685292,13.236825942993164
train/avg_q,16221,1786563619.891257,12.201292037963867
train/avg_q,16239,1786563621.875834,11.385414123535156
train/avg_q,16259,1786563624.066584,11.473897933959961
train/avg_q,16279,1786563626.293798,14.017669677734375
train/avg_q,16304,1786563629.111190,15.507396697998047
train/avg_q,16321,1786563631.046827,13.630186080932617
train/avg_q,16347,1786563633.899214,12.208151817321777
train/avg_q,16365,1786563635.824666,16.324790954589844
train/avg_q,16386,1786563637.975640,12.72482681274414
train/avg_q,16401,1786563639.461427,10.392871856689453
train/avg_q,16421,1786563641.394946,10.552082061767578
train/avg_q,16439,1786563643.876888,10.98959732055664
train/avg_q,16453,1786563645.607900,14.956982612609863
train/avg_q,16482,1786563649.108727,16.178340911865234
train/avg_q,16499,1786563651.111138,13.626288414001465
train/avg_q,16513,1786563652.719101,13.489704132080078
train/avg_q,16536,1786563655.372653,15.040648460388184
train/avg_q,16554,1786563657.439427,13.575029373168945
train/avg_q,16572,1786563659.521089,13.554287910461426
train/avg_q,16598,1786563662.514942,14.755847930908203
train/avg_q,16624,1786563665.458968,13.763204574584961
train/avg_q,16637,1786563667.696589,16.781856536865234
train/avg_q,16657,1786563670.632171,10.785560607910156
train/avg_q,16673,1786563672.630799,14.22359848022461
train/avg_q,16695,1786563675.400084,15.060596466064453
train/avg_q,16710,1786563677.189677,15.775005340576172
train/avg_q,16730,1786563679.564493,16.191625595092773
train/avg_q,16750,1786563681.945568,10.513362884521484
train/avg_q,16766,1786563683.850351,11.607762336730957
train/avg_q,16788,1786563686.422489,11.237480163574219
train/avg_q,16802,1786563688.019868,15.349418640136719
train/avg_q,16823,1786563690.453236,14.232721328735352
train/avg_q,16845,1786563692.967071,13.192092895507812
train/avg_q,16859,1786563694.567969,12.45743465423584
train/avg_q,16877,1786563696.646818,15.202468872070312
train/avg_q,16900,1786563699.257465,14.95640754699707
train/avg_q,16915,1786563700.958064,13.519737243652344
train/avg_q,16934,1786563703.101853,13.170310974121094
train/avg_q,16949,1786563704.789715,12.0242919921875
train/avg_q,16973,1786563707.448971,15.96474838256836
train/avg_q,16995,1786563709.854930,16.341596603393555
train/avg_q,17015,1786563711.990395,17.12912940979004
train/avg_q,17032,1786563713.760212,14.87394905090332
train/avg_q,17047,1786563715.363850,14.899835586547852
train/avg_q,17060,1786563716.751235,15.249357223510742
train/avg_q,17076,1786563718.469804,13.073148727416992
train/avg_q,17100,1786563721.005331,14.128896713256836
train/avg_q,17117,1786563722.809826,14.498889923095703
train/avg_q,17141,1786563725.566791,13.132196426391602
train/avg_q,17164,1786563728.560023,14.804765701293945
train/avg_q,17182,1786563730.992217,16.347274780273438
train/avg_q,17207,1786563735.271173,15.89785099029541
train/avg_q,17223,1786563737.478713,14.76675033569336
train/avg_q,17241,1786563739.924199,16.234619140625
train/avg_q,17258,1786563742.226670,14.821816444396973
train/avg_q,17282,1786563745.503661,16.545848846435547
train/avg_q,17297,1786563747.526789,16.179685592651367
train/avg_q,17316,1786563750.083009,15.664995193481445
train/avg_q,17337,1786563752.916379,14.62773609161377
train/avg_q,17354,1786563755.158511,16.574159622192383
train/avg_q,17373,1786563757.695933,14.584364891052246
train/avg_q,17391,1786563761.828525,12.724935531616211
train/avg_q,17412,1786563764.907904,12.449467658996582
train/avg_q,17430,1786563767.488203,12.817876815795898
train/avg_q,17445,1786563769.618303,14.544593811035156
train/avg_q,17468,1786563772.835638,16.25144386291504
train/avg_q,17486,1786563775.333247,15.482627868652344
train/avg_q,17506,1786563778.110398,14.479198455810547
train/avg_q,17521,1786563780.205527,12.175052642822266
train/avg_q,17532,1786563781.724401,12.715367317199707
train/avg_q,17558,1786563785.177249,14.013527870178223
train/avg_q,17568,1786563786.409501,14.429840087890625
train/avg_q,17592,1786563789.448928,14.794607162475586
train/avg_q,17607,1786563791.315099,12.695199966430664
train/avg_q,17619,1786563792.660088,13.890804290771484
train/avg_q,17634,1786563794.328451,14.926112174987793
train/avg_q,17649,1786563796.029308,13.97172737121582
train/avg_q,17668,1786563798.155162,16.103836059570312
train/avg_q,17682,1786563799.723063,13.02515983581543
train/avg_q,17698,1786563801.513638,17.39525604248047
train/avg_q,17713,1786563803.215415,16.32093620300293
train/avg_q,17735,1786563805.705251,13.579252243041992
train/avg_q,17751,1786563807.509580,12.89448356628418
train/avg_q,17774,1786563809.886821,13.801663398742676
train/avg_q,17790,1786563811.472441,17.20796775817871
train/avg_q,17816,1786563814.008770,15.600196838378906
train/avg_q,17845,1786563816.833831,14.186246871948242
train/avg_q,17864,1786563818.641403,15.019010543823242
train/avg_q,17887,1786563820.791669,15.746387481689453
train/avg_q,17900,1786563821.993078,13.966798782348633
train/avg_q,17918,1786563823.653987,13.735137939453125
train/avg_q,17937,1786563825.339576,12.594671249389648
train/avg_q,17955,1786563826.904274,16.323299407958984
train/avg_q,17970,1786563828.190064,15.090204238891602
train/avg_q,17985,1786563829.486001,19.445669174194336
train/avg_q,18004,1786563831.241078,19.634227752685547
train/avg_q,18026,1786563833.159165,16.23472023010254
train/avg_q,18047,1786563834.987175,17.01141929626465
train/avg_q,18066,1786563836.614700,16.336565017700195
train/avg_q,18079,1786563837.745705,15.173051834106445
train/avg_q,18096,1786563839.201465,15.857791900634766
train/avg_q,18118,1786563841.111811,16.526500701904297
train/avg_q,18136,1786563842.671821,14.359559059143066
train/avg_q,18154,1786563844.246588,15.297715187072754
train/avg_q,18173,1786563845.973977,12.722057342529297
train/avg_q,18185,1786563847.060497,11.43501091003418
train/avg_q,18209,1786563849.175489,13.027563095092773
train/avg_q,18224,1786563850.488700,14.14148998260498
train/avg_q,18238,1786563851.758278,18.095172882080078
train/avg_q,18256,1786563853.523767,18.368173599243164
train/avg_q,18279,1786563855.958206,16.711999893188477
train/avg_q,18294,1786563857.592582,13.146499633789062
train/avg_q,18307,1786563859.074013,14.872185707092285
train/avg_q,18333,1786563861.984961,13.119670867919922
train/avg_q,18349,1786563863.764270,14.88267993927002
train/avg_q,18369,1786563865.954850,15.572280883789062
train/avg_q,18388,1786563868.062804,15.040868759155273
train/avg_q,18408,1786563870.340160,13.277030944824219
train/avg_q,18428,1786563872.518364,12.752874374389648
train/avg_q,18445,1786563874.355425,15.825610160827637
train/avg_q,18457,1786563875.612491,16.229934692382812
train/avg_q,18473,1786563877.278163,15.748485565185547
train/avg_q,18487,1786563878.724650,17.17138671875
train/avg_q,18505,1786563880.598268,16.293212890625
train/avg_q,18517,1786563881.851620,15.343887329101562
train/avg_q,18532,1786563883.421930,16.558441162109375
train/avg_q,18549,1786563885.207101,18.065555572509766
train/avg_q,18576,1786563888.017251,15.560133934020996
train/avg_q,18595,1786563892.185774,14.054227828979492
train/avg_q,18618,1786563896.244491,13.405445098876953
train/avg_q,18632,1786563898.719615,15.447393417358398
train/avg_q,18654,1786563902.599837,13.733598709106445
train/avg_q,18670,1786563905.421425,13.54005241394043
train/avg_q,18690,1786563908.947314,16.66732406616211
train/avg_q,18709,1786563912.243507,14.1455717086792
train/avg_q,18735,1786563916.925603,14.469816207885742
train/avg_q,18751,1786563919.871021,14.475200653076172
train/avg_q,18770,1786563922.782187,14.935208320617676
train/avg_q,18796,1786563925.700314,17.91661262512207
train/avg_q,18825,1786563929.050753,15.89185905456543
train/avg_q,18844,1786563931.187581,16.07845687866211
train/avg_q,18859,1786563934.926667,15.172117233276367
train/avg_q,18879,1786563938.308637,17.422168731689453
train/avg_q,18898,1786563941.434491,17.1960391998291
train/avg_q,18923,1786563945.249192,16.277936935424805
train/avg_q,18942,1786563947.961827,16.85281753540039
train/avg_q,18963,1786563950.995545,15.15238094329834
train/avg_q,18984,1786563953.985888,16.455570220947266
train/avg_q,19004,1786563956.830170,13.176887512207031
train/avg_q,19022,1786563959.373577,15.322992324829102
train/avg_q,19038,1786563961.599812,16.229843139648438
train/avg_q,19054,1786563963.859032,13.692105293273926
train/avg_q,19074,1786563966.712922,15.984951972961426
train/avg_q,19090,1786563968.967505,16.885059356689453
train/avg_q,19108,1786563971.462518,14.128206253051758
train/avg_q,19124,1786563973.688731,15.435426712036133
train/avg_q,19138,1786563975.617881,20.16073226928711
train/avg_q,19159,1786563978.479468,15.324319839477539
train/avg_q,19180,1786563981.285595,15.77171802520752
train/avg_q,19193,1786563983.053764,16.9304256439209
train/avg_q,19209,1786563985.250597,14.97690200805664
train/avg_q,19227,1786563989.619850,16.55462646484375
train/avg_q,19240,1786563991.566303,16.808931350708008
train/avg_q,19258,1786563994.289295,16.362869262695312
train/avg_q,19281,1786563997.749901,17.542007446289062
train/avg_q,19304,1786564001.155366,19.74356460571289
train/avg_q,19323,1786564003.690711,18.79190444946289
train/avg_q,19338,1786564005.420859,17.026554107666016
train/avg_q,19362,1786564008.174690,15.476293563842773
train/avg_q,19376,1786564009.781871,17.818195343017578
train/avg_q,19396,1786564012.037416,18.18744659423828
train/avg_q,19419,1786564014.638196,17.459487915039062
train/avg_q,19432,1786564016.094861,17.70368003845215
train/avg_q,19452,1786564018.334652,19.44918441772461
train/avg_q,19470,1786564020.352374,19.185848236083984
train/avg_q,19493,1786564022.893056,15.890010833740234
train/avg_q,19512,1786564024.935872,16.175918579101562
train/avg_q,19534,1786564027.286857,17.256839752197266
train/avg_q,19554,1786564029.958565,15.472736358642578
train/avg_q,19567,1786564031.483585,14.336263656616211
train/avg_q,19586,1786564033.676469,18.45848846435547
train/avg_q,19608,1786564036.173468,15.205068588256836
train/avg_q,19621,1786564037.598989,16.652246475219727
train/avg_q,19638,1786564039.426661,12.795963287353516
train/avg_q,19655,1786564041.274837,14.431392669677734
train/avg_q,19672,1786564043.094380,20.292083740234375
train/avg_q,19693,1786564045.301585,16.01974868774414
train/avg_q,19705,1786564046.543397,15.337228775024414
train/avg_q,19726,1786564048.734379,14.826361656188965
train/avg_q,19738,1786564049.987828,17.488309860229492
train/avg_q,19754,1786564051.678747,12.84192943572998
train/avg_q,19769,1786564053.254452,14.93718147277832
train/avg_q,19789,1786564055.391068,17.721097946166992
train/avg_q,19808,1786564057.405377,16.769895553588867
train/avg_q,19831,1786564059.752672,20.944664001464844
train/avg_q,19848,1786564061.418705,17.042190551757812
train/avg_q,19871,1786564063.648229,13.862027168273926
train/avg_q,19890,1786564065.497647,16.629589080810547
train/avg_q,19904,1786564066.861045,19.027355194091797
train/avg_q,19922,1786564068.581713,16.135509490966797
train/avg_q,19939,1786564070.169361,15.703805923461914
train/avg_q,19956,1786564071.750660,15.038314819335938
train/avg_q,19974,1786564073.406481,19.589826583862305
train/avg_q,20000,1786564075.716519,16.45502471923828
train/critic_1_loss,1502,1786561728.664691,2.077164888381958
train/critic_1_loss,1522,1786561732.533396,0.10422895848751068
train/critic_1_loss,1546,1786561736.859931,0.14517606794834137
train/critic_1_loss,1565,1786561740.816329,3.51412296295166
train/critic_1_loss,1582,1786561743.780765,0.06959469616413116
train/critic_1_loss,1599,1786561746.815805,0.14310377836227417
train/critic_1_loss,1618,1786561752.374326,1.4207195043563843
train/critic_1_loss,1632,1786561754.797204,1.6405054330825806
train/critic_1_loss,1649,1786561757.481048,0.12304157763719559
train/critic_1_loss,1667,1786561761.105231,1.40630042552948
train/critic_1_loss,1698,1786561767.453218,2.0247533321380615
train/critic_1_loss,1714,1786561770.155477,0.1469743251800537
train/critic_1_loss,1729,1786561772.283013,1.5837790966033936
train/critic_1_loss,1748,1786561776.289634,0.647223949432373
train/critic_1_loss,1762,1786561780.120813,0.48006144165992737
train/critic_1_loss,1781,1786561782.994817,0.8698441982269287
train/critic_1_loss,1801,1786561787.463640,0.12904688715934753
train/critic_1_loss,1814,1786561789.354679,2.1592495441436768
train/critic_1_loss,1829,1786561791.321272,0.18045954406261444
train/critic_1_loss,1842,1786561793.092676,0.15060950815677643
train/critic_1_loss,1863,1786561795.779143,1.3779127597808838
train/critic_1_loss,1887,1786561798.943817,1.425696849822998
train/critic_1_loss,1907,1786561801.559085,3.020211935043335
train/critic_1_loss,1925,1786561804.084512,1.224255919456482
train/critic_1_loss,1944,1786561808.090580,1.7844007015228271
train/critic_1_loss,1966,1786561812.128133,0.22371742129325867
train/critic_1_loss,1993,1786561818.079576,0.24538077414035797
train/critic_1_loss,2013,1786561821.501035,1.478713035583496
train/critic_1_loss,2039,1786561825.137468,1.2414454221725464
train/critic_1_loss,2052,1786561827.053211,0.6831446290016174
train/critic_1_loss,2075,1786561830.521701,1.3274399042129517
train/critic_1_loss,2091,1786561834.603542,0.968600332736969
train/critic_1_loss,2111,1786561839.531005,0.6366564631462097
train/critic_1_loss,2129,1786561845.025738,0.33460649847984314
train/critic_1_loss,2152,1786561849.949169,0.538872241973877
train/critic_1_loss,2169,1786561851.791304,1.8320846557617188
train/critic_1_loss,2187,1786561856.277124,0.30045241117477417
train/critic_1_loss,2207,1786561859.546172,0.1447913944721222
train/critic_1_loss,2228,1786561862.582329,0.3175572156906128
train/critic_1_loss,2249,1786561865.256059,0.48956650495529175
train/critic_1_loss,2268,1786561867.595802,1.257439136505127
train/critic_1_loss,2289,1786561870.146933,0.5492659211158752
train/critic_1_loss,2308,1786561872.395915,0.26986023783683777
train/critic_1_loss,2329,1786561874.858899,0.8468037843704224
train/critic_1_loss,2349,1786561877.114869,0.24960437417030334
train/critic_1_loss,2361,1786561878.444772,0.944642961025238
train/critic_1_loss,2375,1786561879.980057,0.38757890462875366
train/critic_1_loss,2393,1786561881.882146,0.22699657082557678
train/critic_1_loss,2407,1786561883.327877,0.15940546989440918
train/critic_1_loss,2425,1786561885.172171,0.3914602994918823
train/critic_1_loss,2437,1786561886.383926,0.2820035219192505
train/critic_1_loss,2453,1786561888.029411,0.2936546802520752
train/critic_1_loss,2477,1786561890.517999,0.1286146491765976
train/critic_1_loss,2495,1786561892.367701,1.8212170600891113
train/critic_1_loss,2511,1786561894.057546,0.25627076625823975
train/critic_1_loss,2534,1786561896.460910,0.25618743896484375
train/critic_1_loss,2556,1786561898.811244,0.1441529393196106
train/critic_1_loss,2573,1786561900.683608,0.07624311000108719
train/critic_1_loss,2588,1786561902.323158,0.2206229865550995
train/critic_1_loss,2602,1786561903.863122,0.21773533523082733
train/critic_1_loss,2618,1786561905.614006,0.20119869709014893
train/critic_1_loss,2643,1786561908.344814,0.2040875405073166
train/critic_1_loss,2656,1786561909.752635,0.40375813841819763
train/critic_1_loss,2674,1786561911.712394,0.28440800309181213
train/critic_1_loss,2690,1786561913.445201,0.23888181149959564
train/critic_1_loss,2711,1786561915.735211,0.16844236850738525
train/critic_1_loss,2726,1786561917.366566,0.10948355495929718
train/critic_1_loss,2746,1786561919.595848,0.14295625686645508
train/critic_1_loss,2761,1786561921.276110,0.10524685680866241
train/critic_1_loss,2772,1786561922.498278,0.2031518667936325
train/critic_1_loss,2786,1786561924.005605,0.17783021926879883
train/critic_1_loss,2811,1786561926.689182,0.39634233713150024
train/critic_1_loss,2830,1786561928.661920,0.2406795471906662
train/critic_1_loss,2843,1786561929.998469,0.15204882621765137
train/critic_1_loss,2861,1786561931.818215,0.6972895860671997
train/critic_1_loss,2881,1786561935.762041,0.24015049636363983
train/critic_1_loss,2899,1786561938.303735,0.14407691359519958
train/critic_1_loss,2911,1786561939.985169,0.24450039863586426
train/critic_1_loss,2927,1786561942.333804,0.22313539683818817
train/critic_1_loss,2944,1786561944.690768,0.2144170105457306
train/critic_1_loss,2962,1786561947.126901,0.3191460371017456
train/critic_1_loss,2977,1786561949.114789,0.14816045761108398
train/critic_1_loss,2997,1786561953.719135,0.27996355295181274
train/critic_1_loss,3026,1786561958.258766,0.18348562717437744
train/critic_1_loss,3043,1786561960.866397,0.45855003595352173
train/critic_1_loss,3067,1786561964.522398,0.4708097279071808
train/critic_1_loss,3082,1786561966.697645,0.19312404096126556
train/critic_1_loss,3102,1786561969.551150,0.20409579575061798
train/critic_1_loss,3115,1786561971.311843,0.915322482585907
train/critic_1_loss,3128,1786561972.724797,0.21349185705184937
train/critic_1_loss,3143,1786561974.201923,0.3316247761249542
train/critic_1_loss,3159,1786561975.762885,0.3123602271080017
train/critic_1_loss,3180,1786561977.843694,0.30456045269966125
train/critic_1_loss,3197,1786561979.482977,0.1778826117515564
train/critic_1_loss,3217,1786561981.347456,0.2491915225982666
train/critic_1_loss,3230,1786561982.522753,0.14261703193187714
train/critic_1_loss,3247,1786561984.071280,0.2405269742012024
train/critic_1_loss,3259,1786561985.921514,0.8519518375396729
train/critic_1_loss,3274,1786561987.929845,0.2496560513973236
train/critic_1_loss,3290,1786561990.060400,0.7827121019363403
train/critic_1_loss,3309,1786561992.541797,0.5099577307701111
train/critic_1_loss,3327,1786561994.913753,0.14632844924926758
train/critic_1_loss,3356,1786561998.560131,0.2963292896747589
train/critic_1_loss,3372,1786562000.572092,0.27200543880462646
train/critic_1_loss,3392,1786562003.029935,0.22996871173381805
train/critic_1_loss,3407,1786562004.806078,0.13744062185287476
train/critic_1_loss,3430,1786562007.520154,0.2679515779018402
train/critic_1_loss,3449,1786562009.808101,0.253973126411438
train/critic_1_loss,3468,1786562011.976902,0.28146734833717346
train/critic_1_loss,3494,1786562014.929942,0.2960214912891388
train/critic_1_loss,3513,1786562017.063602,0.32401275634765625
train/critic_1_loss,3528,1786562018.766100,0.3407772481441498
train/critic_1_loss,3544,1786562020.581043,0.25573474168777466
train/critic_1_loss,3555,1786562021.829101,0.27625584602355957
train/critic_1_loss,3571,1786562023.607200,0.15465909242630005
train/critic_1_loss,3595,1786562026.269562,0.2634183466434479
train/critic_1_loss,3612,1786562028.144996,0.19121414422988892
train/critic_1_loss,3634,1786562030.533676,0.1988190859556198
train/critic_1_loss,3657,1786562033.076978,0.42824381589889526
train/critic_1_loss,3678,1786562035.386167,0.26126396656036377
train/critic_1_loss,3706,1786562038.466268,0.2081092894077301
train/critic_1_loss,3722,1786562040.252156,0.3290286660194397
train/critic_1_loss,3733,1786562041.456015,0.19736450910568237
train/critic_1_loss,3747,1786562042.990210,0.27855637669563293
train/critic_1_loss,3761,1786562044.632273,0.20151706039905548
train/critic_1_loss,3783,1786562047.413990,0.48324131965637207
train/critic_1_loss,3803,1786562049.932843,0.3040086627006531
train/critic_1_loss,3822,1786562052.348358,0.10474595427513123
train/critic_1_loss,3840,1786562054.668516,0.34827959537506104
train/critic_1_loss,3866,1786562057.871590,0.5012727379798889
train/critic_1_loss,3886,1786562060.323417,0.25248727202415466
train/critic_1_loss,3906,1786562062.675228,0.30130159854888916
train/critic_1_loss,3924,1786562064.659643,0.4217599630355835
train/critic_1_loss,3948,1786562067.248452,0.32840442657470703
train/critic_1_loss,3961,1786562068.628641,0.4433172941207886
train/critic_1_loss,3975,1786562070.081546,0.3265360891819
train/critic_1_loss,3989,1786562071.552054,0.7775670289993286
train/critic_1_loss,4003,1786562073.068023,0.3419818580150604
train/critic_1_loss,4029,1786562075.715611,0.28085196018218994
train/critic_1_loss,4047,1786562078.605750,0.34463638067245483
train/critic_1_loss,4064,1786562081.632839,0.229990616440773
train/critic_1_loss,4080,1786562084.494905,0.3999306261539459
train/critic_1_loss,4103,1786562088.578987,0.4282888174057007
train/critic_1_loss,4122,1786562091.905230,0.17582924664020538
train/critic_1_loss,4148,1786562096.492138,0.36092448234558105
train/critic_1_loss,4165,1786562099.486195,0.34498587250709534
train/critic_1_loss,4189,1786562103.334204,0.33815109729766846
train/critic_1_loss,4209,1786562106.083071,0.6616154909133911
train/critic_1_loss,4232,1786562108.839635,0.33791643381118774
train/critic_1_loss,4256,1786562111.714147,0.3121444284915924
train/critic_1_loss,4278,1786562114.231514,0.1950543224811554
train/critic_1_loss,4310,1786562118.435859,0.31327664852142334
train/critic_1_loss,4328,1786562120.970367,0.3187766671180725
train/critic_1_loss,4348,1786562123.686391,0.22783705592155457
train/critic_1_loss,4363,1786562125.713615,0.36118805408477783
train/critic_1_loss,4381,1786562128.173682,0.2659648656845093
train/critic_1_loss,4397,1786562130.315010,0.42707979679107666
train/critic_1_loss,4418,1786562133.078457,0.35514581203460693
train/critic_1_loss,4435,1786562135.280249,0.42439907789230347
train/critic_1_loss,4453,1786562137.543052,0.4281778037548065
train/critic_1_loss,4467,1786562139.299272,2.7628448009490967
train/critic_1_loss,4487,1786562141.809265,0.40336042642593384
train/critic_1_loss,4506,1786562144.163872,0.2966802716255188
train/critic_1_loss,4530,1786562147.190750,0.29873019456863403
train/critic_1_loss,4547,1786562149.375597,0.24365970492362976
train/critic_1_loss,4564,1786562151.487854,0.2658784091472626
train/critic_1_loss,4588,1786562154.473558,0.3265852630138397
train/critic_1_loss,4607,1786562156.879015,0.3690674901008606
train/critic_1_loss,4633,1786562160.052527,0.36178624629974365
train/critic_1_loss,4655,1786562162.759884,0.4184754490852356
train/critic_1_loss,4672,1786562164.813201,0.8675423860549927
train/critic_1_loss,4690,1786562166.988153,0.19852137565612793
train/critic_1_loss,4705,1786562168.798427,0.28798457980155945
train/critic_1_loss,4722,1786562170.845548,0.33323144912719727
train/critic_1_loss,4751,1786562174.428853,0.3081367611885071
train/critic_1_loss,4771,1786562176.906161,0.27558863162994385
train/critic_1_loss,4794,1786562179.783378,0.3401276171207428
train/critic_1_loss,4809,1786562181.601001,0.34929969906806946
train/critic_1_loss,4834,1786562184.270192,0.25690263509750366
train/critic_1_loss,4847,1786562185.582208,2.043597936630249
train/critic_1_loss,4868,1786562187.549366,0.3828964829444885
train/critic_1_loss,4882,1786562188.847628,0.40892043709754944
train/critic_1_loss,4910,1786562191.295058,0.5284302830696106
train/critic_1_loss,4925,1786562192.539421,1.8131370544433594
train/critic_1_loss,4936,1786562193.449024,0.3193110227584839
train/critic_1_loss,4952,1786562195.993799,0.5429645776748657
train/critic_1_loss,4974,1786562199.222736,0.3131062090396881
train/critic_1_loss,4988,1786562201.326314,0.43157872557640076
train/critic_1_loss,5009,1786562204.617672,0.26115959882736206
train/critic_1_loss,5028,1786562209.491414,0.5374342203140259
train/critic_1_loss,5043,1786562211.964254,0.2495460957288742
train/critic_1_loss,5061,1786562214.918616,0.4654349982738495
train/critic_1_loss,5081,1786562218.152541,0.42568355798721313
train/critic_1_loss,5100,1786562221.202510,0.669910192489624
train/critic_1_loss,5122,1786562224.612533,0.2908118963241577
train/critic_1_loss,5147,1786562228.435029,0.2510915994644165
train/critic_1_loss,5168,1786562231.608144,0.49323248863220215
train/critic_1_loss,5183,1786562233.867952,0.535474956035614
train/critic_1_loss,5196,1786562235.800156,0.8049749732017517
train/critic_1_loss,5214,1786562238.498803,0.3154509663581848
train/critic_1_loss,5226,1786562240.295358,0.506426215171814
train/critic_1_loss,5249,1786562243.608309,2.27380633354187
train/critic_1_loss,5267,1786562245.670715,0.6303262114524841
train/critic_1_loss,5283,1786562247.499186,0.6816545724868774
train/critic_1_loss,5298,1786562249.239184,0.3014454245567322
train/critic_1_loss,5312,1786562250.839171,0.28096258640289307
train/critic_1_loss,5330,1786562252.897807,0.4513392150402069
train/critic_1_loss,5349,1786562254.967171,0.4851011633872986
train/critic_1_loss,5364,1786562256.487595,0.37686997652053833
train/critic_1_loss,5389,1786562259.022090,0.5231801867485046
train/critic_1_loss,5403,1786562260.403408,0.49409663677215576
train/critic_1_loss,5422,1786562262.265582,0.529309868812561
train/critic_1_loss,5434,1786562263.440698,0.2677595019340515
train/critic_1_loss,5449,1786562264.888448,0.397535115480423
train/critic_1_loss,5465,1786562266.401128,0.4885873794555664
train/critic_1_loss,5482,1786562268.013240,0.48153647780418396
train/critic_1_loss,5502,1786562269.872575,0.31767675280570984
train/critic_1_loss,5520,1786562271.500252,0.6999481916427612
train/critic_1_loss,5537,1786562273.010727,0.6408497095108032
train/critic_1_loss,5553,1786562274.414897,0.8395955562591553
train/critic_1_loss,5566,1786562275.556200,0.39673909544944763
train/critic_1_loss,5584,1786562277.139849,0.1612558364868164
train/critic_1_loss,5600,1786562278.553751,0.4950219690799713
train/critic_1_loss,5617,1786562280.056333,0.3821588158607483
train/critic_1_loss,5641,1786562282.126385,0.42271488904953003
train/critic_1_loss,5662,1786562283.944253,0.5672329664230347
train/critic_1_loss,5679,1786562285.436072,0.9259250164031982
train/critic_1_loss,5701,1786562287.381328,0.2919335961341858
train/critic_1_loss,5715,1786562288.650206,0.5305455923080444
train/critic_1_loss,5730,1786562289.960723,2.024853229522705
train/critic_1_loss,5748,1786562291.531301,0.49275410175323486
train/critic_1_loss,5763,1786562292.940286,1.3857200145721436
train/critic_1_loss,5780,1786562296.033256,2.1350173950195312
train/critic_1_loss,5798,1786562298.646931,0.544854998588562
train/critic_1_loss,5812,1786562300.535105,0.7111726999282837
train/critic_1_loss,5832,1786562303.226283,0.4251505136489868
train/critic_1_loss,5862,1786562307.239168,0.25197505950927734
train/critic_1_loss,5874,1786562308.852480,2.257694959640503
train/critic_1_loss,5892,1786562311.280265,0.5130885243415833
train/critic_1_loss,5919,1786562314.878586,1.6305845975875854
train/critic_1_loss,5939,1786562318.078811,0.5505703091621399
train/critic_1_loss,5955,1786562319.868492,0.3778780698776245
train/critic_1_loss,5974,1786562321.998335,0.6678070425987244
train/critic_1_loss,5990,1786562323.788592,2.11334490776062
train/critic_1_loss,6023,1786562327.508537,2.2983598709106445
train/critic_1_loss,6038,1786562329.115283,0.4711582660675049
train/critic_1_loss,6061,1786562331.582760,0.6168159246444702
train/critic_1_loss,6084,1786562334.063495,0.2662404775619507
train/critic_1_loss,6098,1786562335.587909,1.4917285442352295
train/critic_1_loss,6113,1786562337.237475,0.46591469645500183
train/critic_1_loss,6133,1786562339.432994,0.41404739022254944
train/critic_1_loss,6153,1786562341.649940,0.5179736614227295
train/critic_1_loss,6175,1786562344.118536,2.0605504512786865
train/critic_1_loss,6188,1786562345.568619,2.3078653812408447
train/critic_1_loss,6205,1786562347.587072,0.4005246162414551
train/critic_1_loss,6223,1786562349.906242,0.36926430463790894
train/critic_1_loss,6242,1786562352.360251,0.30530479550361633
train/critic_1_loss,6264,1786562355.247822,0.4871026575565338
train/critic_1_loss,6276,1786562356.833050,0.3954728841781616
train/critic_1_loss,6298,1786562359.691520,0.4879358410835266
train/critic_1_loss,6313,1786562361.576534,0.4474650025367737
train/critic_1_loss,6326,1786562363.190538,0.9067405462265015
train/critic_1_loss,6338,1786562364.660127,0.7135674953460693
train/critic_1_loss,6354,1786562366.549841,1.3466346263885498
train/critic_1_loss,6368,1786562368.147629,0.2887631356716156
train/critic_1_loss,6383,1786562369.850143,0.29139599204063416
train/critic_1_loss,6401,1786562371.845383,0.5324792861938477
train/critic_1_loss,6416,1786562373.458105,0.6275469064712524
train/critic_1_loss,6440,1786562376.028250,0.3062869906425476
train/critic_1_loss,6456,1786562377.746259,2.0265111923217773
train/critic_1_loss,6478,1786562380.063810,0.3634313642978668
train/critic_1_loss,6490,1786562381.302317,0.50754714012146
train/critic_1_loss,6508,1786562383.143543,0.3878418207168579
train/critic_1_loss,6530,1786562385.374944,3.2786505222320557
train/critic_1_loss,6549,1786562387.280867,0.30912554264068604
train/critic_1_loss,6565,1786562388.885893,0.6893755793571472
train/critic_1_loss,6588,1786562391.164860,0.7224878072738647
train/critic_1_loss,6614,1786562393.742267,0.8204328417778015
train/critic_1_loss,6629,1786562395.240873,0.5932718515396118
train/critic_1_loss,6642,1786562396.510023,0.6204224824905396
train/critic_1_loss,6658,1786562398.094448,0.4879518151283264
train/critic_1_loss,6678,1786562400.091091,1.0688587427139282
train/critic_1_loss,6699,1786562402.198370,0.5981189608573914
train/critic_1_loss,6728,1786562405.495727,0.379912793636322
train/critic_1_loss,6746,1786562407.310696,0.5099551677703857
train/critic_1_loss,6762,1786562408.887502,0.3306729793548584
train/critic_1_loss,6778,1786562410.457255,0.5142995119094849
train/critic_1_loss,6792,1786562411.799310,0.5487371683120728
train/critic_1_loss,6819,1786562414.342168,0.42161259055137634
train/critic_1_loss,6840,1786562416.345742,2.4866724014282227
train/critic_1_loss,6863,1786562419.793150,0.3824940025806427
train/critic_1_loss,6879,1786562422.285175,0.7377662062644958
train/critic_1_loss,6892,1786562424.314913,0.5325803160667419
train/critic_1_loss,6913,1786562427.665180,0.33680880069732666
train/critic_1_loss,6928,1786562430.010831,0.3386984169483185
train/critic_1_loss,6942,1786562432.232800,2.185945749282837
train/critic_1_loss,6957,1786562434.618367,0.6053282022476196
train/critic_1_loss,6985,1786562439.011738,0.5819213390350342
train/critic_1_loss,6997,1786562440.876885,0.7560425996780396
train/critic_1_loss,7024,1786562445.054227,0.7116314172744751
train/critic_1_loss,7039,1786562447.367305,0.5627079606056213
train/critic_1_loss,7057,1786562450.078169,0.8232266902923584
train/critic_1_loss,7071,1786562452.170497,0.6551333665847778
train/critic_1_loss,7093,1786562455.395552,0.6911250352859497
train/critic_1_loss,7111,1786562457.984382,0.40767213702201843
train/critic_1_loss,7131,1786562460.809613,0.7649039626121521
train/critic_1_loss,7150,1786562463.475731,0.47094792127609253
train/critic_1_loss,7166,1786562465.741692,0.5782556533813477
train/critic_1_loss,7178,1786562467.442366,2.5057098865509033
train/critic_1_loss,7190,1786562469.164216,1.0127192735671997
train/critic_1_loss,7207,1786562471.610821,3.4007935523986816
train/critic_1_loss,7232,1786562475.258679,0.7594900727272034
train/critic_1_loss,7256,1786562478.854308,3.946402072906494
train/critic_1_loss,7273,1786562481.404799,0.5521392822265625
train/critic_1_loss,7288,1786562483.559072,0.6215736865997314
train/critic_1_loss,7303,1786562485.676112,0.36593398451805115
train/critic_1_loss,7319,1786562487.900304,2.063121795654297
train/critic_1_loss,7335,1786562490.096284,0.6212003827095032
train/critic_1_loss,7353,1786562492.574037,0.30858683586120605
train/critic_1_loss,7377,1786562495.868762,0.9175354242324829
train/critic_1_loss,7393,1786562498.036923,0.5296486616134644
train/critic_1_loss,7412,1786562500.612446,3.3654627799987793
train/critic_1_loss,7430,1786562503.128902,0.6367847919464111
train/critic_1_loss,7444,1786562505.056995,0.5272067785263062
train/critic_1_loss,7462,1786562507.564649,3.1273367404937744
train/critic_1_loss,7483,1786562510.464188,0.7406260967254639
train/critic_1_loss,7504,1786562513.406106,0.42083293199539185
train/critic_1_loss,7524,1786562516.064002,0.4133960008621216
train/critic_1_loss,7541,1786562518.283981,0.5292596817016602
train/critic_1_loss,7558,1786562520.568559,0.3996447026729584
train/critic_1_loss,7577,1786562524.851071,2.6155717372894287
train/critic_1_loss,7592,1786562527.109703,0.9746703505516052
train/critic_1_loss,7608,1786562529.511311,2.653705596923828
train/critic_1_loss,7633,1786562533.285252,0.537250280380249
train/critic_1_loss,7646,1786562535.276496,0.5520352125167847
train/critic_1_loss,7662,1786562537.688873,1.1893038749694824
train/critic_1_loss,7686,1786562541.355201,0.5327344536781311
train/critic_1_loss,7709,1786562544.367933,0.8473508358001709
train/critic_1_loss,7729,1786562546.962913,1.368512511253357
train/critic_1_loss,7744,1786562548.751448,0.5478663444519043
train/critic_1_loss,7770,1786562552.093618,0.5305465459823608
train/critic_1_loss,7794,1786562554.907506,0.6720284819602966
train/critic_1_loss,7807,1786562556.432246,0.6260392069816589
train/critic_1_loss,7828,1786562558.870687,0.8005581498146057
train/critic_1_loss,7842,1786562560.486061,0.7511754035949707
train/critic_1_loss,7862,1786562562.759900,0.8776276111602783
train/critic_1_loss,7882,1786562565.029742,1.9015783071517944
train/critic_1_loss,7909,1786562567.963053,2.684601306915283
train/critic_1_loss,7926,1786562569.730169,0.9456375241279602
train/critic_1_loss,7948,1786562571.933360,0.541476845741272
train/critic_1_loss,7964,1786562573.589250,0.9702556133270264
train/critic_1_loss,7980,1786562575.193137,0.7053645849227905
train/critic_1_loss,8005,1786562577.659525,0.4540821313858032
train/critic_1_loss,8024,1786562579.414538,1.3159252405166626
train/critic_1_loss,8043,1786562581.161225,2.4876155853271484
train/critic_1_loss,8062,1786562582.909139,1.0992703437805176
train/critic_1_loss,8081,1786562584.687499,0.4677108824253082
train/critic_1_loss,8098,1786562586.216968,0.7789398431777954
train/critic_1_loss,8116,1786562587.823864,0.6292535066604614
train/critic_1_loss,8138,1786562589.800125,0.6187905073165894
train/critic_1_loss,8157,1786562591.518309,0.5436639785766602
train/critic_1_loss,8177,1786562593.857633,1.6384779214859009
train/critic_1_loss,8197,1786562596.031249,0.4980038106441498
train/critic_1_loss,8215,1786562597.963696,0.7025514841079712
train/critic_1_loss,8231,1786562599.673774,0.5186575651168823
train/critic_1_loss,8254,1786562602.088551,1.2579041719436646
train/critic_1_loss,8276,1786562604.383836,0.7937456965446472
train/critic_1_loss,8295,1786562606.335174,0.4655742943286896
train/critic_1_loss,8314,1786562608.233495,5.695281982421875
train/critic_1_loss,8329,1786562609.736050,0.401023805141449
train/critic_1_loss,8346,1786562611.404433,0.596183717250824
train/critic_1_loss,8361,1786562612.857032,0.8913260102272034
train/critic_1_loss,8375,1786562614.218206,0.6098617315292358
train/critic_1_loss,8390,1786562615.740628,0.34834009408950806
train/critic_1_loss,8409,1786562617.893031,1.407373309135437
train/critic_1_loss,8424,1786562619.712512,1.8360991477966309
train/critic_1_loss,8451,1786562623.196826,1.1903482675552368
train/critic_1_loss,8469,1786562625.540127,1.848372220993042
train/critic_1_loss,8481,1786562627.093907,0.6165410280227661
train/critic_1_loss,8499,1786562629.425902,1.2939001321792603
train/critic_1_loss,8518,1786562631.901823,0.8198486566543579
train/critic_1_loss,8533,1786562633.839393,0.6245861053466797
train/critic_1_loss,8553,1786562636.416163,0.6708841323852539
train/critic_1_loss,8574,1786562639.112117,0.9011152982711792
train/critic_1_loss,8589,1786562640.972322,1.442042589187622
train/critic_1_loss,8618,1786562644.627789,2.4884941577911377
train/critic_1_loss,8635,1786562646.688472,0.684598982334137
train/critic_1_loss,8654,1786562649.026207,1.5176317691802979
train/critic_1_loss,8672,1786562651.166056,1.0304875373840332
train/critic_1_loss,8688,1786562653.100906,1.9207913875579834
train/critic_1_loss,8704,1786562654.988981,0.7224199771881104
train/critic_1_loss,8720,1786562656.817006,0.8162233829498291
train/critic_1_loss,8743,1786562659.423923,1.045311450958252
train/critic_1_loss,8761,1786562661.450282,0.8914377093315125
train/critic_1_loss,8785,1786562664.140249,1.6777832508087158
train/critic_1_loss,8801,1786562665.904083,0.7078466415405273
train/critic_1_loss,8821,1786562668.054891,1.5893679857254028
train/critic_1_loss,8835,1786562669.577924,2.238069534301758
train/critic_1_loss,8856,1786562671.852685,0.6968938112258911
train/critic_1_loss,8874,1786562673.832923,1.3831909894943237
train/critic_1_loss,8895,1786562676.171574,3.581761598587036
train/critic_1_loss,8911,1786562677.937333,1.2933635711669922
train/critic_1_loss,8933,1786562680.336671,1.6212928295135498
train/critic_1_loss,8945,1786562681.625808,0.8809691667556763
train/critic_1_loss,8973,1786562684.639147,0.8656069040298462
train/critic_1_loss,8986,1786562685.993597,1.1511863470077515
train/critic_1_loss,9012,1786562688.688236,1.704839825630188
train/critic_1_loss,9032,1786562690.742204,1.6397430896759033
train/critic_1_loss,9047,1786562692.289450,0.8743452429771423
train/critic_1_loss,9062,1786562693.859303,1.396785020828247
train/critic_1_loss,9080,1786562695.720275,0.8387537002563477
train/critic_1_loss,9106,1786562698.545346,1.183910846710205
train/critic_1_loss,9134,1786562702.128258,1.3496911525726318
train/critic_1_loss,9150,1786562704.232810,0.44926008582115173
train/critic_1_loss,9167,1786562706.516921,0.9148960113525391
train/critic_1_loss,9184,1786562708.782440,0.6332533359527588
train/critic_1_loss,9212,1786562712.532665,1.2319657802581787
train/critic_1_loss,9226,1786562714.418366,0.9216138124465942
train/critic_1_loss,9245,1786562716.954220,0.8517547845840454
train/critic_1_loss,9268,1786562719.995038,0.6554880738258362
train/critic_1_loss,9285,1786562722.253042,0.7236899137496948
train/critic_1_loss,9299,1786562724.113724,0.8823098540306091
train/critic_1_loss,9322,1786562727.105019,0.7122930288314819
train/critic_1_loss,9346,1786562730.287257,2.936190366744995
train/critic_1_loss,9360,1786562732.105806,0.45918166637420654
train/critic_1_loss,9375,1786562735.054659,1.0868558883666992
train/critic_1_loss,9387,1786562737.832935,1.217100739479065
train/critic_1_loss,9409,1786562740.918833,1.2641255855560303
train/critic_1_loss,9427,1786562743.282337,1.2429653406143188
train/critic_1_loss,9448,1786562746.020365,1.068724274635315
train/critic_1_loss,9464,1786562748.115551,0.897765040397644
train/critic_1_loss,9487,1786562751.117768,1.338107943534851
train/critic_1_loss,9503,1786562753.207606,1.5966789722442627
train/critic_1_loss,9517,1786562755.032399,1.8850502967834473
train/critic_1_loss,9535,1786562757.353640,1.165421485900879
train/critic_1_loss,9555,1786562759.916138,0.7001013159751892
train/critic_1_loss,9579,1786562762.974655,1.2313233613967896
train/critic_1_loss,9596,1786562765.090694,1.382108449935913
train/critic_1_loss,9616,1786562767.534088,0.654693603515625
train/critic_1_loss,9630,1786562769.271950,1.0107723474502563
train/critic_1_loss,9653,1786562772.992495,0.8089182376861572
train/critic_1_loss,9669,1786562775.887959,0.8914365172386169
train/critic_1_loss,9688,1786562779.278810,1.0204253196716309
train/critic_1_loss,9710,1786562782.897084,0.5398714542388916
train/critic_1_loss,9726,1786562784.889327,0.9361594915390015
train/critic_1_loss,9741,1786562786.752709,1.3177218437194824
train/critic_1_loss,9764,1786562789.594420,1.2705507278442383
train/critic_1_loss,9777,1786562791.185689,2.070618152618408
train/critic_1_loss,9796,1786562793.464782,1.8326551914215088
train/critic_1_loss,9820,1786562796.388349,0.6139792203903198
train/critic_1_loss,9838,1786562798.515354,1.4423282146453857
train/critic_1_loss,9858,1786562800.806100,1.3243656158447266
train/critic_1_loss,9881,1786562803.393768,1.080307126045227
train/critic_1_loss,9901,1786562805.612299,1.3099995851516724
train/critic_1_loss,9915,1786562807.156801,0.6594617366790771
train/critic_1_loss,9929,1786562808.715147,1.2909448146820068
train/critic_1_loss,9946,1786562810.607321,1.8395531177520752
train/critic_1_loss,9968,1786562813.054210,0.9039865732192993
train/critic_1_loss,9987,1786562815.173201,3.2641661167144775
train/critic_1_loss,10003,1786562817.099912,0.7713095545768738
train/critic_1_loss,10026,1786562819.730881,3.179145336151123
train/critic_1_loss,10041,1786562821.448873,0.8958717584609985
train/critic_1_loss,10062,1786562823.761878,2.4532487392425537
train/critic_1_loss,10086,1786562826.876544,0.823037326335907
train/critic_1_loss,10104,1786562828.906408,2.902625560760498
train/critic_1_loss,10124,1786562831.084313,0.9828987121582031
train/critic_1_loss,10148,1786562833.594961,4.367994785308838
train/critic_1_loss,10164,1786562835.175368,0.8983168005943298
train/critic_1_loss,10184,1786562837.099883,0.7185418009757996
train/critic_1_loss,10204,1786562839.866713,3.013916492462158
train/critic_1_loss,10226,1786562842.882144,0.8426950573921204
train/critic_1_loss,10243,1786562845.240331,1.5829209089279175
train/critic_1_loss,10257,1786562847.099733,2.8880534172058105
train/critic_1_loss,10275,1786562849.490541,0.8464202880859375
train/critic_1_loss,10290,1786562851.447792,1.0241713523864746
train/critic_1_loss,10310,1786562854.052222,1.2270562648773193
train/critic_1_loss,10335,1786562857.212149,1.1016321182250977
train/critic_1_loss,10352,1786562859.340616,0.4300667941570282
train/critic_1_loss,10372,1786562861.834245,1.5531340837478638
train/critic_1_loss,10387,1786562863.683143,1.001495599746704
train/critic_1_loss,10406,1786562865.985545,1.4829115867614746
train/critic_1_loss,10429,1786562868.804546,1.247767448425293
train/critic_1_loss,10445,1786562870.748664,2.6237306594848633
train/critic_1_loss,10464,1786562873.062676,1.2921816110610962
train/critic_1_loss,10478,1786562874.771905,1.706615924835205
train/critic_1_loss,10494,1786562876.735588,1.7911819219589233
train/critic_1_loss,10505,1786562878.082104,0.6639567613601685
train/critic_1_loss,10526,1786562880.616229,3.397907018661499
train/critic_1_loss,10545,1786562882.902929,2.4419023990631104
train/critic_1_loss,10566,1786562885.383554,0.9843538999557495
train/critic_1_loss,10591,1786562888.289467,0.7501646280288696
train/critic_1_loss,10610,1786562890.467972,0.9157401323318481
train/critic_1_loss,10627,1786562892.443066,1.4097011089324951
train/critic_1_loss,10641,1786562894.072348,1.3040704727172852
train/critic_1_loss,10662,1786562896.610819,1.0909991264343262
train/critic_1_loss,10678,1786562898.738566,1.114292025566101
train/critic_1_loss,10698,1786562901.509553,1.2396219968795776
train/critic_1_loss,10721,1786562904.737928,1.0427597761154175
train/critic_1_loss,10738,1786562907.141321,0.6821458339691162
train/critic_1_loss,10754,1786562909.405323,1.165877103805542
train/critic_1_loss,10772,1786562911.935939,3.0908071994781494
train/critic_1_loss,10796,1786562915.285958,0.7608106136322021
train/critic_1_loss,10810,1786562917.207104,1.2136638164520264
train/critic_1_loss,10824,1786562919.140187,0.8193039298057556
train/critic_1_loss,10838,1786562921.108585,0.7131434679031372
train/critic_1_loss,10862,1786562924.451360,0.7618025541305542
train/critic_1_loss,10883,1786562927.420215,0.6706199645996094
train/critic_1_loss,10901,1786562931.991810,2.1474037170410156
train/critic_1_loss,10914,1786562934.396849,0.6645035743713379
train/critic_1_loss,10932,1786562937.720564,0.8752649426460266
train/critic_1_loss,10945,1786562940.149567,0.7574090957641602
train/critic_1_loss,10968,1786562944.379165,0.6221920847892761
train/critic_1_loss,10981,1786562946.788260,1.2387874126434326
train/critic_1_loss,10999,1786562950.091219,1.032642126083374
train/critic_1_loss,11018,1786562953.518238,0.7135419845581055
train/critic_1_loss,11035,1786562956.600620,1.281217098236084
train/critic_1_loss,11050,1786562959.297464,1.2659742832183838
train/critic_1_loss,11070,1786562962.892517,1.3797307014465332
train/critic_1_loss,11090,1786562966.502043,1.2306129932403564
train/critic_1_loss,11111,1786562970.264890,1.8741145133972168
train/critic_1_loss,11125,1786562972.773372,0.9210126399993896
train/critic_1_loss,11140,1786562975.453277,3.0177950859069824
train/critic_1_loss,11155,1786562978.155770,2.6567811965942383
train/critic_1_loss,11174,1786562981.535023,0.8341002464294434
train/critic_1_loss,11186,1786562983.652199,0.9570038318634033
train/critic_1_loss,11203,1786562986.642540,1.0105133056640625
train/critic_1_loss,11222,1786562989.996328,1.6830456256866455
train/critic_1_loss,11240,1786562993.141459,4.06497859954834
train/critic_1_loss,11263,1786562997.174673,1.5251562595367432
train/critic_1_loss,11276,1786562999.414850,0.6802709102630615
train/critic_1_loss,11296,1786563002.841138,1.3903017044067383
train/critic_1_loss,11311,1786563005.362117,1.1619738340377808
train/critic_1_loss,11329,1786563008.342751,0.9652036428451538
train/critic_1_loss,11352,1786563012.087756,1.863891363143921
train/critic_1_loss,11365,1786563014.212579,1.2225984334945679
train/critic_1_loss,11383,1786563017.123621,0.7361646890640259
train/critic_1_loss,11402,1786563020.233592,2.8837532997131348
train/critic_1_loss,11427,1786563024.600775,1.277977466583252
train/critic_1_loss,11446,1786563027.370718,1.9126521348953247
train/critic_1_loss,11463,1786563029.679710,1.3031420707702637
train/critic_1_loss,11484,1786563032.496739,0.9611935615539551
train/critic_1_loss,11502,1786563034.912297,2.195127487182617
train/critic_1_loss,11519,1786563037.169446,0.7873789072036743
train/critic_1_loss,11541,1786563040.179587,1.3990581035614014
train/critic_1_loss,11560,1786563042.970009,1.4536759853363037
train/critic_1_loss,11581,1786563045.336296,1.1991796493530273
train/critic_1_loss,11595,1786563046.892491,1.2636243104934692
train/critic_1_loss,11609,1786563048.464039,3.3591299057006836
train/critic_1_loss,11625,1786563050.206864,0.8443445563316345
train/critic_1_loss,11643,1786563052.159757,1.033105731010437
train/critic_1_loss,11661,1786563054.119165,0.9518638849258423
train/critic_1_loss,11678,1786563055.963259,1.0840551853179932
train/critic_1_loss,11701,1786563058.441286,0.5858243703842163
train/critic_1_loss,11717,1786563060.133777,0.931006133556366
train/critic_1_loss,11733,1786563061.796324,0.8529317378997803
train/critic_1_loss,11746,1786563063.141238,0.553040087223053
train/critic_1_loss,11766,1786563065.194514,0.8823381662368774
train/critic_1_loss,11785,1786563067.107363,1.448835015296936
train/critic_1_loss,11804,1786563069.029921,2.073150396347046
train/critic_1_loss,11829,1786563073.536409,2.4605600833892822
train/critic_1_loss,11844,1786563076.159192,4.478302001953125
train/critic_1_loss,11862,1786563079.330643,1.5411770343780518
train/critic_1_loss,11889,1786563084.018764,3.5488386154174805
train/critic_1_loss,11907,1786563087.147907,0.8954764604568481
train/critic_1_loss,11925,1786563090.223233,0.9856195449829102
train/critic_1_loss,11950,1786563094.442471,1.1983094215393066
train/critic_1_loss,11971,1786563098.004565,0.8020720481872559
train/critic_1_loss,11992,1786563101.534657,0.6575949192047119
train/critic_1_loss,12013,1786563105.183032,4.3098320960998535
train/critic_1_loss,12032,1786563108.422922,2.0448832511901855
train/critic_1_loss,12048,1786563111.148382,1.2184020280838013
train/critic_1_loss,12065,1786563114.032768,1.1389440298080444
train/critic_1_loss,12079,1786563116.398563,1.3971389532089233
train/critic_1_loss,12104,1786563120.599216,1.177990436553955
train/critic_1_loss,12118,1786563122.962390,1.046377182006836
train/critic_1_loss,12136,1786563126.076960,1.3773821592330933
train/critic_1_loss,12150,1786563128.294521,1.545965552330017
train/critic_1_loss,12164,1786563130.246837,1.4513643980026245
train/critic_1_loss,12178,1786563131.780884,0.9664213061332703
train/critic_1_loss,12199,1786563134.081699,0.6391950249671936
train/critic_1_loss,12212,1786563135.492127,4.290766716003418
train/critic_1_loss,12230,1786563137.470505,0.8611660599708557
train/critic_1_loss,12249,1786563139.523945,1.5424070358276367
train/critic_1_loss,12275,1786563142.267863,0.6745476722717285
train/critic_1_loss,12286,1786563143.410885,1.583013892173767
train/critic_1_loss,12307,1786563145.626009,1.2139267921447754
train/critic_1_loss,12332,1786563148.246273,1.5984629392623901
train/critic_1_loss,12351,1786563150.265510,2.784714698791504
train/critic_1_loss,12365,1786563151.746207,4.628226280212402
train/critic_1_loss,12385,1786563153.835710,1.7302651405334473
train/critic_1_loss,12410,1786563156.429383,1.0528993606567383
train/critic_1_loss,12428,1786563158.294902,1.049486517906189
train/critic_1_loss,12450,1786563160.558894,1.4317023754119873
train/critic_1_loss,12460,1786563161.577281,0.8783626556396484
train/critic_1_loss,12480,1786563163.597325,0.754315972328186
train/critic_1_loss,12495,1786563165.108558,2.105963706970215
train/critic_1_loss,12525,1786563168.141858,0.8394563794136047
train/critic_1_loss,12538,1786563169.432942,1.0115084648132324
train/critic_1_loss,12558,1786563171.442393,1.2127084732055664
train/critic_1_loss,12571,1786563172.874099,0.7853282690048218
train/critic_1_loss,12588,1786563174.900752,0.6383485794067383
train/critic_1_loss,12607,1786563177.341418,0.8542261123657227
train/critic_1_loss,12623,1786563179.413773,2.137124538421631
train/critic_1_loss,12645,1786563182.283838,1.248829960823059
train/critic_1_loss,12666,1786563185.029558,2.5611133575439453
train/critic_1_loss,12685,1786563187.470629,0.6745823621749878
train/critic_1_loss,12700,1786563189.393783,2.4264895915985107
train/critic_1_loss,12718,1786563191.693975,2.1156890392303467
train/critic_1_loss,12736,1786563193.986498,1.3821839094161987
train/critic_1_loss,12753,1786563196.156964,1.129372239112854
train/critic_1_loss,12777,1786563199.241462,0.8950155973434448
train/critic_1_loss,12792,1786563201.141330,1.3494151830673218
train/critic_1_loss,12807,1786563203.013518,2.3053643703460693
train/critic_1_loss,12823,1786563204.988170,1.3567836284637451
train/critic_1_loss,12842,1786563207.387863,1.4824442863464355
train/critic_1_loss,12863,1786563209.982995,1.5400829315185547
train/critic_1_loss,12884,1786563212.508961,2.481541633605957
train/critic_1_loss,12903,1786563214.765237,2.1300601959228516
train/critic_1_loss,12923,1786563217.088542,1.640709400177002
train/critic_1_loss,12938,1786563218.837877,1.7789188623428345
train/critic_1_loss,12955,1786563220.837913,2.357663154602051
train/critic_1_loss,12979,1786563223.629544,1.7632591724395752
train/critic_1_loss,13002,1786563226.277101,1.1447560787200928
train/critic_1_loss,13021,1786563228.516050,1.0077604055404663
train/critic_1_loss,13040,1786563230.685573,0.7502978444099426
train/critic_1_loss,13058,1786563232.741596,1.3528587818145752
train/critic_1_loss,13071,1786563234.822738,1.1537829637527466
train/critic_1_loss,13099,1786563239.184493,0.6830739378929138
train/critic_1_loss,13131,1786563243.237923,1.2889283895492554
train/critic_1_loss,13151,1786563245.793067,1.9291739463806152
train/critic_1_loss,13166,1786563247.704105,1.5688509941101074
train/critic_1_loss,13183,1786563249.913538,1.7197306156158447
train/critic_1_loss,13208,1786563253.192781,1.9533700942993164
train/critic_1_loss,13228,1786563255.740431,2.2120168209075928
train/critic_1_loss,13240,1786563257.265600,2.2913060188293457
train/critic_1_loss,13257,1786563259.430259,1.3045313358306885
train/critic_1_loss,13271,1786563261.184401,1.8812620639801025
train/critic_1_loss,13294,1786563264.024329,1.065107822418213
train/critic_1_loss,13315,1786563266.626128,1.266930341720581
train/critic_1_loss,13330,1786563268.426573,1.2138252258300781
train/critic_1_loss,13358,1786563271.879355,2.005209445953369
train/critic_1_loss,13373,1786563273.818248,4.863588333129883
train/critic_1_loss,13393,1786563276.506597,0.8306417465209961
train/critic_1_loss,13405,1786563278.277368,1.8969136476516724
train/critic_1_loss,13425,1786563281.489357,1.132292628288269
train/critic_1_loss,13438,1786563283.379012,1.6119608879089355
train/critic_1_loss,13453,1786563285.594527,1.76082444190979
train/critic_1_loss,13469,1786563287.910940,0.9169365167617798
train/critic_1_loss,13484,1786563290.068814,1.198122262954712
train/critic_1_loss,13508,1786563293.526321,0.8986049890518188
train/critic_1_loss,13524,1786563295.782730,1.625655174255371
train/critic_1_loss,13540,1786563297.934526,1.2703639268875122
train/critic_1_loss,13557,1786563300.153309,1.434999704360962
train/critic_1_loss,13572,1786563302.070023,1.3472137451171875
train/critic_1_loss,13584,1786563303.614037,3.7457332611083984
train/critic_1_loss,13599,1786563305.526193,1.2471511363983154
train/critic_1_loss,13613,1786563307.250698,1.431554913520813
train/critic_1_loss,13633,1786563309.736152,1.0048240423202515
train/critic_1_loss,13655,1786563312.368515,1.9695279598236084
train/critic_1_loss,13672,1786563314.329518,1.8226115703582764
train/critic_1_loss,13692,1786563316.579697,0.8547934293746948
train/critic_1_loss,13716,1786563319.188802,1.2676987648010254
train/critic_1_loss,13736,1786563321.289265,1.7521547079086304
train/critic_1_loss,13755,1786563323.297181,1.1011399030685425
train/critic_1_loss,13771,1786563324.960757,1.2293764352798462
train/critic_1_loss,13790,1786563326.921365,1.439831256866455
train/critic_1_loss,13812,1786563329.246130,1.4755661487579346
train/critic_1_loss,13827,1786563330.860620,2.6461386680603027
train/critic_1_loss,13840,1786563332.280048,2.0886778831481934
train/critic_1_loss,13857,1786563334.167249,0.9592198133468628
train/critic_1_loss,13877,1786563336.362223,0.6299973726272583
train/critic_1_loss,13897,1786563338.564722,2.7424309253692627
train/critic_1_loss,13912,1786563340.221926,1.3586963415145874
train/critic_1_loss,13930,1786563342.186497,0.9160333275794983
train/critic_1_loss,13949,1786563344.255123,1.0762410163879395
train/critic_1_loss,13962,1786563345.646874,0.8502258062362671
train/critic_1_loss,13974,1786563346.939485,2.697296619415283
train/critic_1_loss,13995,1786563349.255247,1.2536698579788208
train/critic_1_loss,14009,1786563350.905480,0.5861806273460388
train/critic_1_loss,14025,1786563352.618387,1.887003779411316
train/critic_1_loss,14040,1786563354.166719,1.1234173774719238
train/critic_1_loss,14056,1786563355.786193,1.564561128616333
train/critic_1_loss,14078,1786563357.869400,1.9718575477600098
train/critic_1_loss,14092,1786563359.213032,0.742047905921936
train/critic_1_loss,14120,1786563364.358038,1.5583351850509644
train/critic_1_loss,14143,1786563367.635528,1.1325770616531372
train/critic_1_loss,14160,1786563370.016180,1.5449165105819702
train/critic_1_loss,14187,1786563373.609280,2.564927577972412
train/critic_1_loss,14203,1786563375.779281,0.9608547687530518
train/critic_1_loss,14220,1786563377.884407,1.2656903266906738
train/critic_1_loss,14234,1786563379.505157,0.9523085355758667
train/critic_1_loss,14254,1786563381.798659,1.59258234500885
train/critic_1_loss,14278,1786563384.539553,1.54232656955719
train/critic_1_loss,14306,1786563387.723275,3.9529335498809814
train/critic_1_loss,14329,1786563390.335904,1.8950644731521606
train/critic_1_loss,14350,1786563392.692635,1.0821020603179932
train/critic_1_loss,14367,1786563394.606740,1.558035135269165
train/critic_1_loss,14387,1786563396.804914,2.4631142616271973
train/critic_1_loss,14409,1786563399.185035,0.853689432144165
train/critic_1_loss,14434,1786563401.851260,2.443310260772705
train/critic_1_loss,14449,1786563403.513484,1.4001290798187256
train/critic_1_loss,14466,1786563405.395888,1.2009563446044922
train/critic_1_loss,14486,1786563408.021239,1.8780498504638672
train/critic_1_loss,14508,1786563410.910311,1.3232643604278564
train/critic_1_loss,14522,1786563412.744268,2.0242114067077637
train/critic_1_loss,14551,1786563416.561409,1.297318935394287
train/critic_1_loss,14573,1786563419.476141,1.5623505115509033
train/critic_1_loss,14585,1786563421.071220,1.1579933166503906
train/critic_1_loss,14606,1786563423.828928,1.5883995294570923
train/critic_1_loss,14620,1786563425.697243,0.9882112741470337
train/critic_1_loss,14636,1786563427.831428,1.610243320465088
train/critic_1_loss,14657,1786563430.674772,1.202204704284668
train/critic_1_loss,14673,1786563432.792969,2.1625757217407227
train/critic_1_loss,14690,1786563434.987817,1.20204496383667
train/critic_1_loss,14705,1786563436.895844,2.0833230018615723
train/critic_1_loss,14724,1786563439.291896,2.2495293617248535
train/critic_1_loss,14745,1786563441.805820,2.005530834197998
train/critic_1_loss,14761,1786563443.705137,2.1307225227355957
train/critic_1_loss,14779,1786563445.624357,1.0125842094421387
train/critic_1_loss,14801,1786563447.813242,1.725428581237793
train/critic_1_loss,14820,1786563449.666252,0.7658432722091675
train/critic_1_loss,14851,1786563452.582968,1.223984718322754
train/critic_1_loss,14864,1786563453.733454,1.220866084098816
train/critic_1_loss,14878,1786563454.955769,2.070692539215088
train/critic_1_loss,14902,1786563457.069253,1.2117509841918945
train/critic_1_loss,14914,1786563458.096775,4.139068603515625
train/critic_1_loss,14934,1786563459.769636,1.6471459865570068
train/critic_1_loss,14948,1786563461.216509,2.571577548980713
train/critic_1_loss,14973,1786563466.784019,1.960484266281128
train/critic_1_loss,14987,1786563468.983917,0.9164338111877441
train/critic_1_loss,15001,1786563471.168477,4.068542957305908
train/critic_1_loss,15019,1786563473.973206,2.22329044342041
train/critic_1_loss,15047,1786563478.374548,2.537046432495117
train/critic_1_loss,15066,1786563481.375234,3.9672999382019043
train/critic_1_loss,15084,1786563484.197696,2.2780098915100098
train/critic_1_loss,15099,1786563486.548830,1.4212310314178467
train/critic_1_loss,15118,1786563489.468839,2.3253965377807617
train/critic_1_loss,15143,1786563493.252279,1.4701173305511475
train/critic_1_loss,15156,1786563495.212789,1.9040520191192627
train/critic_1_loss,15173,1786563497.798490,0.8182796239852905
train/critic_1_loss,15194,1786563500.946802,1.5730470418930054
train/critic_1_loss,15206,1786563502.694321,1.491508960723877
train/critic_1_loss,15225,1786563505.437853,1.2858562469482422
train/critic_1_loss,15243,1786563507.994929,0.8709440231323242
train/critic_1_loss,15257,1786563509.967489,1.6763265132904053
train/critic_1_loss,15278,1786563512.888911,0.6906058192253113
train/critic_1_loss,15295,1786563515.241815,1.3736724853515625
train/critic_1_loss,15313,1786563517.717390,1.4033596515655518
train/critic_1_loss,15331,1786563520.206896,1.4205700159072876
train/critic_1_loss,15354,1786563523.334407,0.9771164655685425
train/critic_1_loss,15369,1786563525.242353,2.1987416744232178
train/critic_1_loss,15383,1786563527.001544,3.805008888244629
train/critic_1_loss,15410,1786563530.173292,2.1030006408691406
train/critic_1_loss,15432,1786563532.652285,1.4172751903533936
train/critic_1_loss,15451,1786563534.808911,2.258826971054077
train/critic_1_loss,15469,1786563536.839849,1.7383887767791748
train/critic_1_loss,15488,1786563538.973942,3.633544921875
train/critic_1_loss,15502,1786563540.557298,1.1796338558197021
train/critic_1_loss,15523,1786563542.918210,1.2220417261123657
train/critic_1_loss,15546,1786563545.481772,2.7163467407226562
train/critic_1_loss,15558,1786563546.806274,2.285400390625
train/critic_1_loss,15575,1786563548.716070,1.6429299116134644
train/critic_1_loss,15597,1786563551.098240,1.1347469091415405
train/critic_1_loss,15614,1786563552.790879,1.6079766750335693
train/critic_1_loss,15628,1786563554.170827,3.34965181350708
train/critic_1_loss,15649,1786563556.274853,2.921355962753296
train/critic_1_loss,15668,1786563558.131850,1.4212350845336914
train/critic_1_loss,15690,1786563560.292528,1.370985746383667
train/critic_1_loss,15708,1786563562.039963,0.7548112273216248
train/critic_1_loss,15731,1786563564.226956,2.6840333938598633
train/critic_1_loss,15746,1786563565.663590,2.7365634441375732
train/critic_1_loss,15761,1786563567.211193,1.5082570314407349
train/critic_1_loss,15783,1786563569.745037,1.0223073959350586
train/critic_1_loss,15813,1786563573.384009,2.596733570098877
train/critic_1_loss,15834,1786563575.937515,1.4806551933288574
train/critic_1_loss,15848,1786563577.628000,1.4404494762420654
train/critic_1_loss,15861,1786563579.190370,0.9625489711761475
train/critic_1_loss,15880,1786563581.447441,0.7590537071228027
train/critic_1_loss,15898,1786563583.600026,1.0598379373550415
train/critic_1_loss,15916,1786563585.704288,0.8396142721176147
train/critic_1_loss,15943,1786563588.837870,3.104170799255371
train/critic_1_loss,15956,1786563590.313537,1.006577730178833
train/critic_1_loss,15967,1786563591.565301,1.3905717134475708
train/critic_1_loss,15982,1786563593.252656,2.606071710586548
train/critic_1_loss,16000,1786563595.276261,1.3873975276947021
train/critic_1_loss,16018,1786563597.385493,3.6121151447296143
train/critic_1_loss,16034,1786563599.150378,2.677999973297119
train/critic_1_loss,16050,1786563600.912510,1.3421690464019775
train/critic_1_loss,16073,1786563603.445635,1.9771580696105957
train/critic_1_loss,16093,1786563605.603706,2.8819398880004883
train/critic_1_loss,16106,1786563606.952468,2.03798246383667
train/critic_1_loss,16123,1786563608.739193,0.9820961356163025
train/critic_1_loss,16148,1786563611.312501,1.0980639457702637
train/critic_1_loss,16161,1786563613.254358,1.7941434383392334
train/critic_1_loss,16175,1786563614.822267,2.1182165145874023
train/critic_1_loss,16201,1786563617.685233,1.4815099239349365
train/critic_1_loss,16221,1786563619.891196,2.677931785583496
train/critic_1_loss,16239,1786563621.875776,0.65207439661026
train/critic_1_loss,16259,1786563624.066525,1.5126445293426514
train/critic_1_loss,16279,1786563626.293743,1.4873192310333252
train/critic_1_loss,16304,1786563629.111132,1.0215833187103271
train/critic_1_loss,16321,1786563631.046765,1.1257696151733398
train/critic_1_loss,16347,1786563633.899151,2.280733108520508
train/critic_1_loss,16365,1786563635.824607,0.8672205209732056
train/critic_1_loss,16386,1786563637.975590,0.9623699188232422
train/critic_1_loss,16401,1786563639.461368,1.9511462450027466
train/critic_1_loss,16421,1786563641.394891,2.3615970611572266
train/critic_1_loss,16439,1786563643.876830,2.7963786125183105
train/critic_1_loss,16453,1786563645.607838,1.2414424419403076
train/critic_1_loss,16482,1786563649.108681,1.022518277168274
train/critic_1_loss,16499,1786563651.111076,1.3661627769470215
train/critic_1_loss,16513,1786563652.719040,1.2243828773498535
train/critic_1_loss,16536,1786563655.372602,1.0173425674438477
train/critic_1_loss,16554,1786563657.439370,1.0749740600585938
train/critic_1_loss,16572,1786563659.521034,2.1473889350891113
train/critic_1_loss,16598,1786563662.514889,2.666318655014038
train/critic_1_loss,16624,1786563665.458916,1.310662031173706
train/critic_1_loss,16637,1786563667.696521,1.5467442274093628
train/critic_1_loss,16657,1786563670.632114,1.806337594985962
train/critic_1_loss,16673,1786563672.630738,1.9197232723236084
train/critic_1_loss,16695,1786563675.400025,1.5806699991226196
train/critic_1_loss,16710,1786563677.189625,2.335482597351074
train/critic_1_loss,16730,1786563679.564441,0.8235000371932983
train/critic_1_loss,16750,1786563681.945519,7.487129211425781
train/critic_1_loss,16766,1786563683.850299,1.7006282806396484
train/critic_1_loss,16788,1786563686.422439,0.9379810094833374
train/critic_1_loss,16802,1786563688.019819,2.3337507247924805
train/critic_1_loss,16823,1786563690.453175,1.1006559133529663
train/critic_1_loss,16845,1786563692.967013,2.505251884460449
train/critic_1_loss,16859,1786563694.567909,1.0088435411453247
train/critic_1_loss,16877,1786563696.646756,0.8377552032470703
train/critic_1_loss,16900,1786563699.257417,4.0930376052856445
train/critic_1_loss,16915,1786563700.958000,2.5516724586486816
train/critic_1_loss,16934,1786563703.101804,1.5798743963241577
train/critic_1_loss,16949,1786563704.789653,1.5599899291992188
train/critic_1_loss,16973,1786563707.448914,1.0313637256622314
train/critic_1_loss,16995,1786563709.854872,1.2323582172393799
train/critic_1_loss,17015,1786563711.990337,0.9022066593170166
train/critic_1_loss,17032,1786563713.760153,2.5565929412841797
train/critic_1_loss,17047,1786563715.363792,1.5337364673614502
train/critic_1_loss,17060,1786563716.751184,0.8166090846061707
train/critic_1_loss,17076,1786563718.469755,1.548284649848938
train/critic_1_loss,17100,1786563721.005277,1.1178386211395264
train/critic_1_loss,17117,1786563722.809768,5.88594388961792
train/critic_1_loss,17141,1786563725.566727,1.0319539308547974
train/critic_1_loss,17164,1786563728.559958,0.8426844477653503
train/critic_1_loss,17182,1786563730.992160,0.7508971095085144
train/critic_1_loss,17207,1786563735.271113,0.886258602142334
train/critic_1_loss,17223,1786563737.478653,1.0322599411010742
train/critic_1_loss,17241,1786563739.924123,1.5314197540283203
train/critic_1_loss,17258,1786563742.226613,1.8210500478744507
train/critic_1_loss,17282,1786563745.503610,1.1341826915740967
train/critic_1_loss,17297,1786563747.526730,1.236166000366211
train/critic_1_loss,17316,1786563750.082953,1.5768383741378784
train/critic_1_loss,17337,1786563752.916321,1.6176395416259766
train/critic_1_loss,17354,1786563755.158464,1.2951154708862305
train/critic_1_loss,17373,1786563757.695876,0.8993673324584961
train/critic_1_loss,17391,1786563761.828465,3.0747361183166504
train/critic_1_loss,17412,1786563764.907854,1.605629324913025
train/critic_1_loss,17430,1786563767.488148,2.0439624786376953
train/critic_1_loss,17445,1786563769.618244,1.2916243076324463
train/critic_1_loss,17468,1786563772.835586,0.944480299949646
train/critic_1_loss,17486,1786563775.333198,1.737210750579834
train/critic_1_loss,17506,1786563778.110345,1.1551237106323242
train/critic_1_loss,17521,1786563780.205468,1.2215089797973633
train/critic_1_loss,17532,1786563781.724347,1.2483147382736206
train/critic_1_loss,17558,1786563785.177197,1.8035744428634644
train/critic_1_loss,17568,1786563786.409451,1.270430088043213
train/critic_1_loss,17592,1786563789.448873,2.1647655963897705
train/critic_1_loss,17607,1786563791.315041,1.9377403259277344
train/critic_1_loss,17619,1786563792.660028,0.916455864906311
train/critic_1_loss,17634,1786563794.328397,2.294947385787964
train/critic_1_loss,17649,1786563796.029249,2.348386764526367
train/critic_1_loss,17668,1786563798.155110,1.216449499130249
train/critic_1_loss,17682,1786563799.723010,2.234487533569336
train/critic_1_loss,17698,1786563801.513587,0.8557025194168091
train/critic_1_loss,17713,1786563803.215357,1.5522518157958984
train/critic_1_loss,17735,1786563805.705192,2.964077949523926
train/critic_1_loss,17751,1786563807.509522,2.3356475830078125
train/critic_1_loss,17774,1786563809.886769,2.6045801639556885
train/critic_1_loss,17790,1786563811.472391,0.6642111539840698
train/critic_1_loss,17816,1786563814.008715,1.3441404104232788
train/critic_1_loss,17845,1786563816.833771,1.1999623775482178
train/critic_1_loss,17864,1786563818.641354,2.103195905685425
train/critic_1_loss,17887,1786563820.791611,2.040436029434204
train/critic_1_loss,17900,1786563821.993029,1.0394463539123535
train/critic_1_loss,17918,1786563823.653934,3.1701860427856445
train/critic_1_loss,17937,1786563825.339515,2.388855218887329
train/critic_1_loss,17955,1786563826.904213,1.4826208353042603
train/critic_1_loss,17970,1786563828.190011,1.0081653594970703
train/critic_1_loss,17985,1786563829.485937,1.6668509244918823
train/critic_1_loss,18004,1786563831.241026,1.8927748203277588
train/critic_1_loss,18026,1786563833.159114,0.8953145146369934
train/critic_1_loss,18047,1786563834.987118,1.9973344802856445
train/critic_1_loss,18066,1786563836.614650,1.6727499961853027
train/critic_1_loss,18079,1786563837.745650,1.304378867149353
train/critic_1_loss,18096,1786563839.201416,1.5724880695343018
train/critic_1_loss,18118,1786563841.111756,1.3943359851837158
train/critic_1_loss,18136,1786563842.671769,1.7493159770965576
train/critic_1_loss,18154,1786563844.246541,1.2563365697860718
train/critic_1_loss,18173,1786563845.973920,3.0515012741088867
train/critic_1_loss,18185,1786563847.060437,8.261738777160645
train/critic_1_loss,18209,1786563849.175429,3.9793004989624023
train/critic_1_loss,18224,1786563850.488648,2.088744640350342
train/critic_1_loss,18238,1786563851.758220,2.32090425491333
train/critic_1_loss,18256,1786563853.523715,0.8144016861915588
train/critic_1_loss,18279,1786563855.958135,5.814552307128906
train/critic_1_loss,18294,1786563857.592531,1.2653948068618774
train/critic_1_loss,18307,1786563859.073940,1.0179824829101562
train/critic_1_loss,18333,1786563861.984904,7.898108005523682
train/critic_1_loss,18349,1786563863.764214,1.4792513847351074
train/critic_1_loss,18369,1786563865.954792,0.7364927530288696
train/critic_1_loss,18388,1786563868.062752,1.4491901397705078
train/critic_1_loss,18408,1786563870.340109,1.1678948402404785
train/critic_1_loss,18428,1786563872.518311,1.8554918766021729
train/critic_1_loss,18445,1786563874.355366,5.132743835449219
train/critic_1_loss,18457,1786563875.612433,2.8316826820373535
train/critic_1_loss,18473,1786563877.278103,1.3494690656661987
train/critic_1_loss,18487,1786563878.724589,5.25624418258667
train/critic_1_loss,18505,1786563880.598210,2.582033395767212
train/critic_1_loss,18517,1786563881.851557,1.8798260688781738
train/critic_1_loss,18532,1786563883.421876,1.2165091037750244
train/critic_1_loss,18549,1786563885.207044,2.9913182258605957
train/critic_1_loss,18576,1786563888.017203,1.2232191562652588
train/critic_1_loss,18595,1786563892.185716,1.7367457151412964
train/critic_1_loss,18618,1786563896.244443,1.3111555576324463
train/critic_1_loss,18632,1786563898.719565,1.2431957721710205
train/critic_1_loss,18654,1786563902.599790,1.305778980255127
train/critic_1_loss,18670,1786563905.421377,1.0989540815353394
train/critic_1_loss,18690,1786563908.947262,1.619270920753479
train/critic_1_loss,18709,1786563912.243451,1.5074042081832886
train/critic_1_loss,18735,1786563916.925542,2.191629648208618
train/critic_1_loss,18751,1786563919.870956,1.7819889783859253
train/critic_1_loss,18770,1786563922.782132,2.6906633377075195
train/critic_1_loss,18796,1786563925.700260,1.3462378978729248
train/critic_1_loss,18825,1786563929.050693,1.9197927713394165
train/critic_1_loss,18844,1786563931.187530,1.5354671478271484
train/critic_1_loss,18859,1786563934.926610,1.3489378690719604
train/critic_1_loss,18879,1786563938.308578,1.7986559867858887
train/critic_1_loss,18898,1786563941.434436,0.9610644578933716
train/critic_1_loss,18923,1786563945.249132,1.193641185760498
train/critic_1_loss,18942,1786563947.961767,2.5377285480499268
train/critic_1_loss,18963,1786563950.995474,1.4898014068603516
train/critic_1_loss,18984,1786563953.985840,2.831307888031006
train/critic_1_loss,19004,1786563956.830119,1.601738691329956
train/critic_1_loss,19022,1786563959.373530,1.0645363330841064
train/critic_1_loss,19038,1786563961.599761,1.9920165538787842
train/critic_1_loss,19054,1786563963.858972,3.240560531616211
train/critic_1_loss,19074,1786563966.712871,4.312673568725586
train/critic_1_loss,19090,1786563968.967455,1.7351446151733398
train/critic_1_loss,19108,1786563971.462463,1.9743613004684448
train/critic_1_loss,19124,1786563973.688680,2.076923370361328
train/critic_1_loss,19138,1786563975.617831,1.4043684005737305
train/critic_1_loss,19159,1786563978.479411,4.134163856506348
train/critic_1_loss,19180,1786563981.285543,1.8745793104171753
train/critic_1_loss,19193,1786563983.053698,2.838277816772461
train/critic_1_loss,19209,1786563985.250536,4.091626167297363
train/critic_1_loss,19227,1786563989.619789,7.19706916809082
train/critic_1_loss,19240,1786563991.566251,1.1097614765167236
train/critic_1_loss,19258,1786563994.289244,0.7376576662063599
train/critic_1_loss,19281,1786563997.749841,1.900181770324707
train/critic_1_loss,19304,1786564001.155315,5.6564836502075195
train/critic_1_loss,19323,1786564003.690650,2.599782943725586
train/critic_1_loss,19338,1786564005.420812,1.2141815423965454
train/critic_1_loss,19362,1786564008.174640,1.2377138137817383
train/critic_1_loss,19376,1786564009.781819,3.6433677673339844
train/critic_1_loss,19396,1786564012.037364,1.351738691329956
train/critic_1_loss,19419,1786564014.638138,3.1739373207092285
train/critic_1_loss,19432,1786564016.094791,4.3722429275512695
train/critic_1_loss,19452,1786564018.334602,1.4555754661560059
train/critic_1_loss,19470,1786564020.352283,7.3030686378479
train/critic_1_loss,19493,1786564022.892992,2.5945546627044678
train/critic_1_loss,19512,1786564024.935819,2.8644895553588867
train/critic_1_loss,19534,1786564027.286806,1.473812460899353
train/critic_1_loss,19554,1786564029.958515,1.236752986907959
train/critic_1_loss,19567,1786564031.483528,3.288050413131714
train/critic_1_loss,19586,1786564033.676411,2.266688823699951
train/critic_1_loss,19608,1786564036.173417,1.7520922422409058
train/critic_1_loss,19621,1786564037.598929,0.81793612241745
train/critic_1_loss,19638,1786564039.426609,2.017383098602295
train/critic_1_loss,19655,1786564041.274779,4.040243625640869
train/critic_1_loss,19672,1786564043.094327,1.822980284690857
train/critic_1_loss,19693,1786564045.301527,1.2303704023361206
train/critic_1_loss,19705,1786564046.543337,1.467647910118103
train/critic_1_loss,19726,1786564048.734328,1.5551691055297852
train/critic_1_loss,19738,1786564049.987773,5.499661922454834
train/critic_1_loss,19754,1786564051.678697,1.5101702213287354
train/critic_1_loss,19769,1786564053.254394,2.572336196899414
train/critic_1_loss,19789,1786564055.391008,1.3342167139053345
train/critic_1_loss,19808,1786564057.405325,1.2493765354156494
train/critic_1_loss,19831,1786564059.752614,1.0531268119812012
train/critic_1_loss,19848,1786564061.418653,0.901127815246582
train/critic_1_loss,19871,1786564063.648167,2.911327838897705
train/critic_1_loss,19890,1786564065.497594,3.173544406890869
train/critic_1_loss,19904,1786564066.860987,1.8639349937438965
train/critic_1_loss,19922,1786564068.581660,3.771632432937622
train/critic_1_loss,19939,1786564070.169295,2.023624897003174
train/critic_1_loss,19956,1786564071.750608,1.449478268623352
train/critic_1_loss,19974,1786564073.406431,3.5744271278381348
train/critic_1_loss,20000,1786564075.716465,1.595710277557373
train/critic_2_loss,1502,1786561728.664734,2.011828660964966
train/critic_2_loss,1522,1786561732.533443,0.09207640588283539
train/critic_2_loss,1546,1786561736.859975,0.07313721626996994
train/critic_2_loss,1565,1786561740.816371,3.427560806274414
train/critic_2_loss,1582,1786561743.780805,0.08478587865829468
train/critic_2_loss,1599,1786561746.815847,0.1571716070175171
train/critic_2_loss,1618,1786561752.374364,1.485103726387024
train/critic_2_loss,1632,1786561754.797244,1.5450375080108643
train/critic_2_loss,1649,1786561757.481091,0.09596320986747742
train/critic_2_loss,1667,1786561761.105272,1.2959760427474976
train/critic_2_loss,1698,1786561767.453265,2.222813129425049
train/critic_2_loss,1714,1786561770.155517,0.12204775959253311
train/critic_2_loss,1729,1786561772.283058,1.540115475654602
train/critic_2_loss,1748,1786561776.289675,0.6908237934112549
train/critic_2_loss,1762,1786561780.120874,0.9115389585494995
train/critic_2_loss,1781,1786561782.994860,0.9987897872924805
train/critic_2_loss,1801,1786561787.463681,0.2178761214017868
train/critic_2_loss,1814,1786561789.354721,2.762814521789551
train/critic_2_loss,1829,1786561791.321319,0.2728853225708008
train/critic_2_loss,1842,1786561793.092718,0.1693759560585022
train/critic_2_loss,1863,1786561795.779185,0.9560236930847168
train/critic_2_loss,1887,1786561798.943858,1.9251562356948853
train/critic_2_loss,1907,1786561801.559127,3.779599189758301
train/critic_2_loss,1925,1786561804.084555,1.1088887453079224
train/critic_2_loss,1944,1786561808.090621,2.3102304935455322
train/critic_2_loss,1966,1786561812.128176,0.28311848640441895
train/critic_2_loss,1993,1786561818.079618,0.15891587734222412
train/critic_2_loss,2013,1786561821.501081,2.2625300884246826
train/critic_2_loss,2039,1786561825.137508,1.9295073747634888
train/critic_2_loss,2052,1786561827.053248,0.30043458938598633
train/critic_2_loss,2075,1786561830.521746,1.9241403341293335
train/critic_2_loss,2091,1786561834.603582,1.0142135620117188
train/critic_2_loss,2111,1786561839.531048,0.5023419857025146
train/critic_2_loss,2129,1786561845.025776,0.7106534242630005
train/critic_2_loss,2152,1786561849.949214,0.7108375430107117
train/critic_2_loss,2169,1786561851.791342,2.3719139099121094
train/critic_2_loss,2187,1786561856.277170,0.22981354594230652
train/critic_2_loss,2207,1786561859.546212,0.46223318576812744
train/critic_2_loss,2228,1786561862.582368,0.38827306032180786
train/critic_2_loss,2249,1786561865.256101,0.6534091234207153
train/critic_2_loss,2268,1786561867.595841,1.1544781923294067
train/critic_2_loss,2289,1786561870.146973,0.23690468072891235
train/critic_2_loss,2308,1786561872.395953,0.30691492557525635
train/critic_2_loss,2329,1786561874.858941,0.8717682957649231
train/critic_2_loss,2349,1786561877.114911,0.6728323101997375
train/critic_2_loss,2361,1786561878.444813,0.8491279482841492
train/critic_2_loss,2375,1786561879.980101,0.4743843078613281
train/critic_2_loss,2393,1786561881.882190,0.1892109513282776
train/critic_2_loss,2407,1786561883.327917,0.20429620146751404
train/critic_2_loss,2425,1786561885.172212,0.2466120719909668
train/critic_2_loss,2437,1786561886.383969,0.22812163829803467
train/critic_2_loss,2453,1786561888.029452,0.6231827139854431
train/critic_2_loss,2477,1786561890.518041,0.2656901478767395
train/critic_2_loss,2495,1786561892.367740,1.9015159606933594
train/critic_2_loss,2511,1786561894.057589,0.16577284038066864
train/critic_2_loss,2534,1786561896.460949,0.16268306970596313
train/critic_2_loss,2556,1786561898.811281,0.11274385452270508
train/critic_2_loss,2573,1786561900.683650,0.18668173253536224
train/critic_2_loss,2588,1786561902.323197,0.37970367074012756
train/critic_2_loss,2602,1786561903.863159,0.24042826890945435
train/critic_2_loss,2618,1786561905.614059,0.15922212600708008
train/critic_2_loss,2643,1786561908.344860,0.25941991806030273
train/critic_2_loss,2656,1786561909.752674,0.13128164410591125
train/critic_2_loss,2674,1786561911.712435,0.3484382927417755
train/critic_2_loss,2690,1786561913.445239,0.326839804649353
train/critic_2_loss,2711,1786561915.735251,0.7279280424118042
train/critic_2_loss,2726,1786561917.366604,0.33857953548431396
train/critic_2_loss,2746,1786561919.595885,0.23830580711364746
train/critic_2_loss,2761,1786561921.276153,0.23254531621932983
train/critic_2_loss,2772,1786561922.498316,0.27958324551582336
train/critic_2_loss,2786,1786561924.005645,0.45830339193344116
train/critic_2_loss,2811,1786561926.689225,0.24624256789684296
train/critic_2_loss,2830,1786561928.661960,0.16317042708396912
train/critic_2_loss,2843,1786561929.998508,0.25298118591308594
train/critic_2_loss,2861,1786561931.818257,0.5143707990646362
train/critic_2_loss,2881,1786561935.762085,0.1779690384864807
train/critic_2_loss,2899,1786561938.303779,0.14720691740512848
train/critic_2_loss,2911,1786561939.985209,0.7064619064331055
train/critic_2_loss,2927,1786561942.333845,0.15829229354858398
train/critic_2_loss,2944,1786561944.690807,0.33705776929855347
train/critic_2_loss,2962,1786561947.126941,0.5580871105194092
train/critic_2_loss,2977,1786561949.114831,0.22634479403495789
train/critic_2_loss,2997,1786561953.719188,0.35957878828048706
train/critic_2_loss,3026,1786561958.258806,0.386874794960022
train/critic_2_loss,3043,1786561960.866442,0.42935997247695923
train/critic_2_loss,3067,1786561964.522452,0.3716886043548584
train/critic_2_loss,3082,1786561966.697688,0.2645702362060547
train/critic_2_loss,3102,1786561969.551190,0.21587638556957245
train/critic_2_loss,3115,1786561971.311885,0.7213282585144043
train/critic_2_loss,3128,1786561972.724841,0.15775752067565918
train/critic_2_loss,3143,1786561974.201965,0.20670241117477417
train/critic_2_loss,3159,1786561975.762943,0.42662814259529114
train/critic_2_loss,3180,1786561977.843734,0.2224682867527008
train/critic_2_loss,3197,1786561979.483026,0.09173889458179474
train/critic_2_loss,3217,1786561981.347500,0.527694582939148
train/critic_2_loss,3230,1786561982.522794,0.1292353868484497
train/critic_2_loss,3247,1786561984.071321,0.2206200510263443
train/critic_2_loss,3259,1786561985.921558,0.23002658784389496
train/critic_2_loss,3274,1786561987.929884,0.10181033611297607
train/critic_2_loss,3290,1786561990.060450,0.40870922803878784
train/critic_2_loss,3309,1786561992.541838,0.23346543312072754
train/critic_2_loss,3327,1786561994.913794,0.19739139080047607
train/critic_2_loss,3356,1786561998.560173,0.21826300024986267
train/critic_2_loss,3372,1786562000.572130,0.23855197429656982
train/critic_2_loss,3392,1786562003.029979,0.22031228244304657
train/critic_2_loss,3407,1786562004.806119,0.24019920825958252
train/critic_2_loss,3430,1786562007.520195,0.4375610053539276
train/critic_2_loss,3449,1786562009.808144,0.41654133796691895
train/critic_2_loss,3468,1786562011.976941,0.2037225365638733
train/critic_2_loss,3494,1786562014.929982,0.5319384336471558
train/critic_2_loss,3513,1786562017.063648,0.2902691066265106
train/critic_2_loss,3528,1786562018.766141,0.20713454484939575
train/critic_2_loss,3544,1786562020.581091,0.46285316348075867
train/critic_2_loss,3555,1786562021.829149,0.15112730860710144
train/critic_2_loss,3571,1786562023.607243,0.6978968977928162
train/critic_2_loss,3595,1786562026.269607,0.29535603523254395
train/critic_2_loss,3612,1786562028.145047,0.19484801590442657
train/critic_2_loss,3634,1786562030.533715,0.19973793625831604
train/critic_2_loss,3657,1786562033.077029,0.22142387926578522
train/critic_2_loss,3678,1786562035.386229,0.31114426255226135
train/critic_2_loss,3706,1786562038.466313,0.4149630665779114
train/critic_2_loss,3722,1786562040.252198,0.24826860427856445
train/critic_2_loss,3733,1786562041.456058,0.22941076755523682
train/critic_2_loss,3747,1786562042.990253,0.2664164900779724
train/critic_2_loss,3761,1786562044.632317,0.39639365673065186
train/critic_2_loss,3783,1786562047.414033,0.37974363565444946
train/critic_2_loss,3803,1786562049.932899,0.39440208673477173
train/critic_2_loss,3822,1786562052.348396,0.27846843004226685
train/critic_2_loss,3840,1786562054.668558,0.11782243847846985
train/critic_2_loss,3866,1786562057.871629,0.6631841659545898
train/critic_2_loss,3886,1786562060.323456,0.2326875776052475
train/critic_2_loss,3906,1786562062.675269,0.2649349272251129
train/critic_2_loss,3924,1786562064.659682,0.3204193115234375
train/critic_2_loss,3948,1786562067.248492,0.36406710743904114
train/critic_2_loss,3961,1786562068.628694,0.35531818866729736
train/critic_2_loss,3975,1786562070.081588,0.36714109778404236
train/critic_2_loss,3989,1786562071.552098,1.0266015529632568
train/critic_2_loss,4003,1786562073.068064,0.2516295909881592
train/critic_2_loss,4029,1786562075.715659,0.34829777479171753
train/critic_2_loss,4047,1786562078.605791,0.22585655748844147
train/critic_2_loss,4064,1786562081.632879,0.3603897988796234
train/critic_2_loss,4080,1786562084.494943,0.17762932181358337
train/critic_2_loss,4103,1786562088.579028,0.6255042552947998
train/critic_2_loss,4122,1786562091.905271,0.20285166800022125
train/critic_2_loss,4148,1786562096.492177,0.3601621985435486
train/critic_2_loss,4165,1786562099.486239,0.37925317883491516
train/critic_2_loss,4189,1786562103.334244,0.4432905316352844
train/critic_2_loss,4209,1786562106.083116,0.41378217935562134
train/critic_2_loss,4232,1786562108.839674,0.2610331177711487
train/critic_2_loss,4256,1786562111.714185,0.2352210432291031
train/critic_2_loss,4278,1786562114.231553,0.36369869112968445
train/critic_2_loss,4310,1786562118.435902,0.3707321882247925
train/critic_2_loss,4328,1786562120.970410,0.46465420722961426
train/critic_2_loss,4348,1786562123.686431,0.3917808532714844
train/critic_2_loss,4363,1786562125.713655,0.6242304444313049
train/critic_2_loss,4381,1786562128.173723,0.4167177975177765
train/critic_2_loss,4397,1786562130.315058,0.4951397776603699
train/critic_2_loss,4418,1786562133.078498,0.5356371402740479
train/critic_2_loss,4435,1786562135.280289,0.4805423617362976
train/critic_2_loss,4453,1786562137.543093,0.5717921257019043
train/critic_2_loss,4467,1786562139.299317,2.4605422019958496
train/critic_2_loss,4487,1786562141.809306,0.299562007188797
train/critic_2_loss,4506,1786562144.163915,0.2898143231868744
train/critic_2_loss,4530,1786562147.190793,0.22350236773490906
train/critic_2_loss,4547,1786562149.375642,0.24563059210777283
train/critic_2_loss,4564,1786562151.487894,0.34181010723114014
train/critic_2_loss,4588,1786562154.473599,0.37564730644226074
train/critic_2_loss,4607,1786562156.879061,0.36597704887390137
train/critic_2_loss,4633,1786562160.052568,0.18152937293052673
train/critic_2_loss,4655,1786562162.759925,0.6140008568763733
train/critic_2_loss,4672,1786562164.813242,0.9497438669204712
train/critic_2_loss,4690,1786562166.988194,0.24078235030174255
train/critic_2_loss,4705,1786562168.798467,0.2038879096508026
train/critic_2_loss,4722,1786562170.845591,0.20975032448768616
train/critic_2_loss,4751,1786562174.428896,0.3347510099411011
train/critic_2_loss,4771,1786562176.906204,0.20357216894626617
train/critic_2_loss,4794,1786562179.783417,0.29203951358795166
train/critic_2_loss,4809,1786562181.601042,0.42458289861679077
train/critic_2_loss,4834,1786562184.270233,0.4164099097251892
train/critic_2_loss,4847,1786562185.582255,2.200655460357666
train/critic_2_loss,4868,1786562187.549407,0.2595432698726654
train/critic_2_loss,4882,1786562188.847681,0.3791317939758301
train/critic_2_loss,4910,1786562191.295100,0.26875340938568115
train/critic_2_loss,4925,1786562192.539463,1.4882705211639404
train/critic_2_loss,4936,1786562193.449066,0.2420569807291031
train/critic_2_loss,4952,1786562195.993841,0.7396350502967834
train/critic_2_loss,4974,1786562199.222776,0.28708934783935547
train/critic_2_loss,4988,1786562201.326355,0.3345147669315338
train/critic_2_loss,5009,1786562204.617712,0.3260539770126343
train/critic_2_loss,5028,1786562209.491457,0.8866121768951416
train/critic_2_loss,5043,1786562211.964296,0.27959516644477844
train/critic_2_loss,5061,1786562214.918659,0.2223713994026184
train/critic_2_loss,5081,1786562218.152586,0.35429656505584717
train/critic_2_loss,5100,1786562221.202548,1.14369535446167
train/critic_2_loss,5122,1786562224.612575,0.36563098430633545
train/critic_2_loss,5147,1786562228.435068,0.371515154838562
train/critic_2_loss,5168,1786562231.608184,0.630293071269989
train/critic_2_loss,5183,1786562233.867997,0.2883374094963074
train/critic_2_loss,5196,1786562235.800194,1.0928921699523926
train/critic_2_loss,5214,1786562238.498843,0.5481575727462769
train/critic_2_loss,5226,1786562240.295399,0.5474095344543457
train/critic_2_loss,5249,1786562243.608349,2.33126163482666
train/critic_2_loss,5267,1786562245.670757,0.3979343771934509
train/critic_2_loss,5283,1786562247.499226,0.7444559335708618
train/critic_2_loss,5298,1786562249.239226,0.839261531829834
train/critic_2_loss,5312,1786562250.839221,0.41147565841674805
train/critic_2_loss,5330,1786562252.897847,0.3167986273765564
train/critic_2_loss,5349,1786562254.967211,0.40255674719810486
train/critic_2_loss,5364,1786562256.487637,0.5212466716766357
train/critic_2_loss,5389,1786562259.022142,0.5271468162536621
train/critic_2_loss,5403,1786562260.403449,0.6458078622817993
train/critic_2_loss,5422,1786562262.265624,0.6368634700775146
train/critic_2_loss,5434,1786562263.440740,0.2589476704597473
train/critic_2_loss,5449,1786562264.888489,0.5405704975128174
train/critic_2_loss,5465,1786562266.401171,0.571527361869812
train/critic_2_loss,5482,1786562268.013286,0.31743794679641724
train/critic_2_loss,5502,1786562269.872619,0.38754504919052124
train/critic_2_loss,5520,1786562271.500294,0.49280643463134766
train/critic_2_loss,5537,1786562273.010769,0.6573269367218018
train/critic_2_loss,5553,1786562274.414943,0.7460942268371582
train/critic_2_loss,5566,1786562275.556241,0.7432389259338379
train/critic_2_loss,5584,1786562277.139889,0.20514534413814545
train/critic_2_loss,5600,1786562278.553794,0.32659587264060974
train/critic_2_loss,5617,1786562280.056373,0.3533250093460083
train/critic_2_loss,5641,1786562282.126426,0.6956159472465515
train/critic_2_loss,5662,1786562283.944296,0.7080509662628174
train/critic_2_loss,5679,1786562285.436114,0.6641334891319275
train/critic_2_loss,5701,1786562287.381376,0.4223642945289612
train/critic_2_loss,5715,1786562288.650245,0.43219316005706787
train/critic_2_loss,5730,1786562289.960767,2.126188039779663
train/critic_2_loss,5748,1786562291.531352,0.32554811239242554
train/critic_2_loss,5763,1786562292.940331,0.9645547866821289
train/critic_2_loss,5780,1786562296.033295,2.2726404666900635
train/critic_2_loss,5798,1786562298.646973,0.2839775085449219
train/critic_2_loss,5812,1786562300.535152,0.5321078300476074
train/critic_2_loss,5832,1786562303.226331,0.43134042620658875
train/critic_2_loss,5862,1786562307.239208,0.2758191227912903
train/critic_2_loss,5874,1786562308.852529,1.7823073863983154
train/critic_2_loss,5892,1786562311.280312,0.4581350088119507
train/critic_2_loss,5919,1786562314.878626,2.05682373046875
train/critic_2_loss,5939,1786562318.078854,0.2589731812477112
train/critic_2_loss,5955,1786562319.868536,0.46373605728149414
train/critic_2_loss,5974,1786562321.998375,0.46852874755859375
train/critic_2_loss,5990,1786562323.788631,2.173335552215576
train/critic_2_loss,6023,1786562327.508576,2.0293357372283936
train/critic_2_loss,6038,1786562329.115323,0.316741406917572
train/critic_2_loss,6061,1786562331.582800,0.7655285000801086
train/critic_2_loss,6084,1786562334.063538,0.5704455375671387
train/critic_2_loss,6098,1786562335.587949,0.6602621078491211
train/critic_2_loss,6113,1786562337.237517,0.6040610074996948
train/critic_2_loss,6133,1786562339.433038,0.3970884680747986
train/critic_2_loss,6153,1786562341.649990,0.9885702133178711
train/critic_2_loss,6175,1786562344.118576,1.9856112003326416
train/critic_2_loss,6188,1786562345.568659,2.128297805786133
train/critic_2_loss,6205,1786562347.587118,0.3669108748435974
train/critic_2_loss,6223,1786562349.906285,0.4003349542617798
train/critic_2_loss,6242,1786562352.360296,0.3219315707683563
train/critic_2_loss,6264,1786562355.247863,0.5149757862091064
train/critic_2_loss,6276,1786562356.833093,0.5550583600997925
train/critic_2_loss,6298,1786562359.691558,0.5208883285522461
train/critic_2_loss,6313,1786562361.576578,0.32531800866127014
train/critic_2_loss,6326,1786562363.190578,0.5360537767410278
train/critic_2_loss,6338,1786562364.660168,0.771132230758667
train/critic_2_loss,6354,1786562366.549881,0.7941935658454895
train/critic_2_loss,6368,1786562368.147674,0.2530839443206787
train/critic_2_loss,6383,1786562369.850186,0.49310123920440674
train/critic_2_loss,6401,1786562371.845424,0.7888208627700806
train/critic_2_loss,6416,1786562373.458149,0.47799479961395264
train/critic_2_loss,6440,1786562376.028289,0.2510136365890503
train/critic_2_loss,6456,1786562377.746305,2.301931858062744
train/critic_2_loss,6478,1786562380.063848,0.46714192628860474
train/critic_2_loss,6490,1786562381.302361,0.3625361919403076
train/critic_2_loss,6508,1786562383.143585,0.4741227924823761
train/critic_2_loss,6530,1786562385.374989,4.13159704208374
train/critic_2_loss,6549,1786562387.280912,0.524786114692688
train/critic_2_loss,6565,1786562388.885935,0.7941651940345764
train/critic_2_loss,6588,1786562391.164903,1.0225087404251099
train/critic_2_loss,6614,1786562393.742307,0.3807790279388428
train/critic_2_loss,6629,1786562395.240919,0.3085959553718567
train/critic_2_loss,6642,1786562396.510066,0.47552692890167236
train/critic_2_loss,6658,1786562398.094490,0.33835846185684204
train/critic_2_loss,6678,1786562400.091141,0.5048472881317139
train/critic_2_loss,6699,1786562402.198414,0.7033035159111023
train/critic_2_loss,6728,1786562405.495764,0.671236515045166
train/critic_2_loss,6746,1786562407.310746,0.753212571144104
train/critic_2_loss,6762,1786562408.887540,0.47936010360717773
train/critic_2_loss,6778,1786562410.457295,0.3660178482532501
train/critic_2_loss,6792,1786562411.799356,0.5303547382354736
train/critic_2_loss,6819,1786562414.342208,0.3834880292415619
train/critic_2_loss,6840,1786562416.345786,2.1688480377197266
train/critic_2_loss,6863,1786562419.793189,0.7488850355148315
train/critic_2_loss,6879,1786562422.285219,0.5406352281570435
train/critic_2_loss,6892,1786562424.314960,0.5818521976470947
train/critic_2_loss,6913,1786562427.665219,0.7358940243721008
train/critic_2_loss,6928,1786562430.010874,0.42091143131256104
train/critic_2_loss,6942,1786562432.232840,1.9671111106872559
train/critic_2_loss,6957,1786562434.618408,0.29509562253952026
train/critic_2_loss,6985,1786562439.011779,0.5975101590156555
train/critic_2_loss,6997,1786562440.876928,0.5100502967834473
train/critic_2_loss,7024,1786562445.054274,1.1758909225463867
train/critic_2_loss,7039,1786562447.367346,0.9475317597389221
train/critic_2_loss,7057,1786562450.078209,0.4867342710494995
train/critic_2_loss,7071,1786562452.170540,0.29972779750823975
train/critic_2_loss,7093,1786562455.395595,0.6323107481002808
train/critic_2_loss,7111,1786562457.984426,0.4386846721172333
train/critic_2_loss,7131,1786562460.809656,0.7555164098739624
train/critic_2_loss,7150,1786562463.475772,0.7294825315475464
train/critic_2_loss,7166,1786562465.741735,0.40576842427253723
train/critic_2_loss,7178,1786562467.442408,1.6644213199615479
train/critic_2_loss,7190,1786562469.164259,0.6769303679466248
train/critic_2_loss,7207,1786562471.610866,2.7412760257720947
train/critic_2_loss,7232,1786562475.258720,0.7182525992393494
train/critic_2_loss,7256,1786562478.854347,3.480724811553955
train/critic_2_loss,7273,1786562481.404845,0.5927498936653137
train/critic_2_loss,7288,1786562483.559114,0.7446163892745972
train/critic_2_loss,7303,1786562485.676157,0.6362219452857971
train/critic_2_loss,7319,1786562487.900350,1.5906767845153809
train/critic_2_loss,7335,1786562490.096325,1.1236002445220947
train/critic_2_loss,7353,1786562492.574080,1.0066003799438477
train/critic_2_loss,7377,1786562495.868804,0.5981109142303467
train/critic_2_loss,7393,1786562498.036966,0.5240126848220825
train/critic_2_loss,7412,1786562500.612487,3.506624221801758
train/critic_2_loss,7430,1786562503.128942,0.5286871194839478
train/critic_2_loss,7444,1786562505.057037,0.5764628052711487
train/critic_2_loss,7462,1786562507.564704,2.523198127746582
train/critic_2_loss,7483,1786562510.464233,0.9400902390480042
train/critic_2_loss,7504,1786562513.406159,0.2530871331691742
train/critic_2_loss,7524,1786562516.064041,0.2759343087673187
train/critic_2_loss,7541,1786562518.284029,0.3285417854785919
train/critic_2_loss,7558,1786562520.568603,0.5154765248298645
train/critic_2_loss,7577,1786562524.851119,2.1451001167297363
train/critic_2_loss,7592,1786562527.109747,0.5621142387390137
train/critic_2_loss,7608,1786562529.511352,1.8334789276123047
train/critic_2_loss,7633,1786562533.285293,0.5055441856384277
train/critic_2_loss,7646,1786562535.276538,0.4488489031791687
train/critic_2_loss,7662,1786562537.688912,1.1779022216796875
train/critic_2_loss,7686,1786562541.355258,0.7693884372711182
train/critic_2_loss,7709,1786562544.367973,1.0929405689239502
train/critic_2_loss,7729,1786562546.962955,0.9735188484191895
train/critic_2_loss,7744,1786562548.751488,1.0774118900299072
train/critic_2_loss,7770,1786562552.093663,0.4374932050704956
train/critic_2_loss,7794,1786562554.907546,0.559721827507019
train/critic_2_loss,7807,1786562556.432288,1.0599029064178467
train/critic_2_loss,7828,1786562558.870730,0.55060875415802
train/critic_2_loss,7842,1786562560.486100,0.48082494735717773
train/critic_2_loss,7862,1786562562.759940,1.0620017051696777
train/critic_2_loss,7882,1786562565.029783,1.4211339950561523
train/critic_2_loss,7909,1786562567.963094,2.2199368476867676
train/critic_2_loss,7926,1786562569.730208,1.1793773174285889
train/critic_2_loss,7948,1786562571.933405,0.518406867980957
train/critic_2_loss,7964,1786562573.589292,1.4283058643341064
train/critic_2_loss,7980,1786562575.193178,0.7650083303451538
train/critic_2_loss,8005,1786562577.659568,0.5813599824905396
train/critic_2_loss,8024,1786562579.414579,1.0236672163009644
train/critic_2_loss,8043,1786562581.161267,2.195732593536377
train/critic_2_loss,8062,1786562582.909180,2.1302051544189453
train/critic_2_loss,8081,1786562584.687540,0.5957711935043335
train/critic_2_loss,8098,1786562586.217014,0.4401566684246063
train/critic_2_loss,8116,1786562587.823905,0.41182005405426025
train/critic_2_loss,8138,1786562589.800167,0.9984351992607117
train/critic_2_loss,8157,1786562591.518350,1.006725788116455
train/critic_2_loss,8177,1786562593.857674,1.6663153171539307
train/critic_2_loss,8197,1786562596.031291,0.4474859833717346
train/critic_2_loss,8215,1786562597.963736,0.7354493141174316
train/critic_2_loss,8231,1786562599.673823,0.6703417897224426
train/critic_2_loss,8254,1786562602.088593,1.0225812196731567
train/critic_2_loss,8276,1786562604.383887,1.0382699966430664
train/critic_2_loss,8295,1786562606.335214,0.46634870767593384
train/critic_2_loss,8314,1786562608.233533,4.7941718101501465
train/critic_2_loss,8329,1786562609.736092,0.538989782333374
train/critic_2_loss,8346,1786562611.404474,0.9695611000061035
train/critic_2_loss,8361,1786562612.857073,1.0905561447143555
train/critic_2_loss,8375,1786562614.218248,0.5860671401023865
train/critic_2_loss,8390,1786562615.740668,0.6950595378875732
train/critic_2_loss,8409,1786562617.893072,0.9217036962509155
train/critic_2_loss,8424,1786562619.712549,0.9472388029098511
train/critic_2_loss,8451,1786562623.196867,0.8797438144683838
train/critic_2_loss,8469,1786562625.540166,0.4898875653743744
train/critic_2_loss,8481,1786562627.093948,0.774382472038269
train/critic_2_loss,8499,1786562629.425942,1.502639651298523
train/critic_2_loss,8518,1786562631.901866,0.8901252746582031
train/critic_2_loss,8533,1786562633.839437,0.5595741868019104
train/critic_2_loss,8553,1786562636.416208,0.8418385982513428
train/critic_2_loss,8574,1786562639.112159,0.7463127374649048
train/critic_2_loss,8589,1786562640.972367,0.6771646738052368
train/critic_2_loss,8618,1786562644.627827,0.7910093665122986
train/critic_2_loss,8635,1786562646.688517,0.7646666765213013
train/critic_2_loss,8654,1786562649.026246,1.1007637977600098
train/critic_2_loss,8672,1786562651.166099,1.1037347316741943
train/critic_2_loss,8688,1786562653.100948,0.9928916692733765
train/critic_2_loss,8704,1786562654.989027,0.8649923205375671
train/critic_2_loss,8720,1786562656.817046,0.8885505795478821
train/critic_2_loss,8743,1786562659.423963,0.5787203907966614
train/critic_2_loss,8761,1786562661.450323,0.7839534282684326
train/critic_2_loss,8785,1786562664.140292,0.7444832921028137
train/critic_2_loss,8801,1786562665.904123,1.0467561483383179
train/critic_2_loss,8821,1786562668.054932,1.6311485767364502
train/critic_2_loss,8835,1786562669.577965,2.082944869995117
train/critic_2_loss,8856,1786562671.852725,0.9999085068702698
train/critic_2_loss,8874,1786562673.832969,1.0785562992095947
train/critic_2_loss,8895,1786562676.171615,3.4758172035217285
train/critic_2_loss,8911,1786562677.937376,0.9166111946105957
train/critic_2_loss,8933,1786562680.336710,1.773085594177246
train/critic_2_loss,8945,1786562681.625850,0.7752453088760376
train/critic_2_loss,8973,1786562684.639186,1.2931418418884277
train/critic_2_loss,8986,1786562685.993636,0.5493260025978088
train/critic_2_loss,9012,1786562688.688276,1.7041176557540894
train/critic_2_loss,9032,1786562690.742246,1.8470438718795776
train/critic_2_loss,9047,1786562692.289490,0.8961355686187744
train/critic_2_loss,9062,1786562693.859343,2.0783326625823975
train/critic_2_loss,9080,1786562695.720314,0.8819284439086914
train/critic_2_loss,9106,1786562698.545386,0.7105206847190857
train/critic_2_loss,9134,1786562702.128304,1.3030741214752197
train/critic_2_loss,9150,1786562704.232850,1.0353319644927979
train/critic_2_loss,9167,1786562706.516963,1.3579115867614746
train/critic_2_loss,9184,1786562708.782479,0.7937788963317871
train/critic_2_loss,9212,1786562712.532705,0.6697564125061035
train/critic_2_loss,9226,1786562714.418405,1.1384718418121338
train/critic_2_loss,9245,1786562716.954262,0.7372183799743652
train/critic_2_loss,9268,1786562719.995082,0.71810382604599
train/critic_2_loss,9285,1786562722.253083,0.7582950592041016
train/critic_2_loss,9299,1786562724.113765,0.8827016949653625
train/critic_2_loss,9322,1786562727.105059,1.2713361978530884
train/critic_2_loss,9346,1786562730.287297,3.1509289741516113
train/critic_2_loss,9360,1786562732.105845,0.7179878354072571
train/critic_2_loss,9375,1786562735.054701,0.9003641605377197
train/critic_2_loss,9387,1786562737.832976,0.895672082901001
train/critic_2_loss,9409,1786562740.918874,1.0241014957427979
train/critic_2_loss,9427,1786562743.282377,1.9965734481811523
train/critic_2_loss,9448,1786562746.020405,0.9019516706466675
train/critic_2_loss,9464,1786562748.115593,0.6615195870399475
train/critic_2_loss,9487,1786562751.117807,0.427356481552124
train/critic_2_loss,9503,1786562753.207645,0.9588867425918579
train/critic_2_loss,9517,1786562755.032444,2.0753655433654785
train/critic_2_loss,9535,1786562757.353681,1.158172369003296
train/critic_2_loss,9555,1786562759.916177,0.5753671526908875
train/critic_2_loss,9579,1786562762.974694,1.1477587223052979
train/critic_2_loss,9596,1786562765.090733,1.1849544048309326
train/critic_2_loss,9616,1786562767.534127,0.7545192241668701
train/critic_2_loss,9630,1786562769.271991,1.0728672742843628
train/critic_2_loss,9653,1786562772.992535,0.8803695440292358
train/critic_2_loss,9669,1786562775.888002,0.7037808299064636
train/critic_2_loss,9688,1786562779.278850,1.0787694454193115
train/critic_2_loss,9710,1786562782.897128,0.612798810005188
train/critic_2_loss,9726,1786562784.889368,0.9858826994895935
train/critic_2_loss,9741,1786562786.752758,0.7021686434745789
train/critic_2_loss,9764,1786562789.594462,1.3931701183319092
train/critic_2_loss,9777,1786562791.185730,2.222890853881836
train/critic_2_loss,9796,1786562793.464822,2.023301601409912
train/critic_2_loss,9820,1786562796.388392,0.6293007135391235
train/critic_2_loss,9838,1786562798.515408,1.723258137702942
train/critic_2_loss,9858,1786562800.806140,1.5625766515731812
train/critic_2_loss,9881,1786562803.393810,0.915941596031189
train/critic_2_loss,9901,1786562805.612339,1.3868763446807861
train/critic_2_loss,9915,1786562807.156842,1.066197395324707
train/critic_2_loss,9929,1786562808.715191,0.6285461187362671
train/critic_2_loss,9946,1786562810.607362,0.9492592811584473
train/critic_2_loss,9968,1786562813.054250,0.8324406743049622
train/critic_2_loss,9987,1786562815.173244,2.3717525005340576
train/critic_2_loss,10003,1786562817.099954,1.168233036994934
train/critic_2_loss,10026,1786562819.730926,2.19212007522583
train/critic_2_loss,10041,1786562821.448924,1.0844273567199707
train/critic_2_loss,10062,1786562823.761921,2.463270425796509
train/critic_2_loss,10086,1786562826.876583,0.9703904390335083
train/critic_2_loss,10104,1786562828.906446,2.4120898246765137
train/critic_2_loss,10124,1786562831.084355,0.3747568726539612
train/critic_2_loss,10148,1786562833.595008,3.445847988128662
train/critic_2_loss,10164,1786562835.175411,1.1769229173660278
train/critic_2_loss,10184,1786562837.099920,1.6906144618988037
train/critic_2_loss,10204,1786562839.866752,1.9781497716903687
train/critic_2_loss,10226,1786562842.882197,0.7985689640045166
train/critic_2_loss,10243,1786562845.240376,1.2958775758743286
train/critic_2_loss,10257,1786562847.099779,2.159027099609375
train/critic_2_loss,10275,1786562849.490581,1.222636342048645
train/critic_2_loss,10290,1786562851.447830,1.2246304750442505
train/critic_2_loss,10310,1786562854.052262,1.7107211351394653
train/critic_2_loss,10335,1786562857.212193,1.8219428062438965
train/critic_2_loss,10352,1786562859.340654,0.6079435348510742
train/critic_2_loss,10372,1786562861.834284,1.2222208976745605
train/critic_2_loss,10387,1786562863.683184,1.3524423837661743
train/critic_2_loss,10406,1786562865.985584,0.9624005556106567
train/critic_2_loss,10429,1786562868.804586,1.6422075033187866
train/critic_2_loss,10445,1786562870.748706,3.46113920211792
train/critic_2_loss,10464,1786562873.062714,1.533482313156128
train/critic_2_loss,10478,1786562874.771946,1.488211989402771
train/critic_2_loss,10494,1786562876.735627,1.268273115158081
train/critic_2_loss,10505,1786562878.082144,1.1083664894104004
train/critic_2_loss,10526,1786562880.616270,2.4694557189941406
train/critic_2_loss,10545,1786562882.902972,2.6985368728637695
train/critic_2_loss,10566,1786562885.383594,1.594778060913086
train/critic_2_loss,10591,1786562888.289514,0.7673499584197998
train/critic_2_loss,10610,1786562890.468015,1.6819738149642944
train/critic_2_loss,10627,1786562892.443104,1.306546688079834
train/critic_2_loss,10641,1786562894.072392,1.584273099899292
train/critic_2_loss,10662,1786562896.610858,1.1550095081329346
train/critic_2_loss,10678,1786562898.738607,0.5793081521987915
train/critic_2_loss,10698,1786562901.509592,1.3168549537658691
train/critic_2_loss,10721,1786562904.737967,0.8288166522979736
train/critic_2_loss,10738,1786562907.141359,0.898905336856842
train/critic_2_loss,10754,1786562909.405362,0.9416258931159973
train/critic_2_loss,10772,1786562911.935982,2.1649069786071777
train/critic_2_loss,10796,1786562915.286001,0.9405552744865417
train/critic_2_loss,10810,1786562917.207141,0.6094658374786377
train/critic_2_loss,10824,1786562919.140226,1.7934819459915161
train/critic_2_loss,10838,1786562921.108625,1.1251071691513062
train/critic_2_loss,10862,1786562924.451404,0.7193222045898438
train/critic_2_loss,10883,1786562927.420259,0.5346068143844604
train/critic_2_loss,10901,1786562931.991849,1.438247561454773
train/critic_2_loss,10914,1786562934.396888,0.6937950849533081
train/critic_2_loss,10932,1786562937.720602,0.7902964353561401
train/critic_2_loss,10945,1786562940.149605,1.6875874996185303
train/critic_2_loss,10968,1786562944.379221,1.6865606307983398
train/critic_2_loss,10981,1786562946.788302,0.8170406818389893
train/critic_2_loss,10999,1786562950.091260,1.7971546649932861
train/critic_2_loss,11018,1786562953.518275,0.6771417856216431
train/critic_2_loss,11035,1786562956.600662,0.6639268398284912
train/critic_2_loss,11050,1786562959.297505,1.2837027311325073
train/critic_2_loss,11070,1786562962.892556,1.195224642753601
train/critic_2_loss,11090,1786562966.502088,1.7324618101119995
train/critic_2_loss,11111,1786562970.264931,2.4820895195007324
train/critic_2_loss,11125,1786562972.773411,1.2173832654953003
train/critic_2_loss,11140,1786562975.453315,1.7374851703643799
train/critic_2_loss,11155,1786562978.155810,2.980247974395752
train/critic_2_loss,11174,1786562981.535064,0.8523471355438232
train/critic_2_loss,11186,1786562983.652242,1.3705476522445679
train/critic_2_loss,11203,1786562986.642581,1.427138328552246
train/critic_2_loss,11222,1786562989.996367,0.6965138912200928
train/critic_2_loss,11240,1786562993.141496,2.280303478240967
train/critic_2_loss,11263,1786562997.174711,1.2143477201461792
train/critic_2_loss,11276,1786562999.414891,1.5166505575180054
train/critic_2_loss,11296,1786563002.841178,0.930455207824707
train/critic_2_loss,11311,1786563005.362164,0.8182847499847412
train/critic_2_loss,11329,1786563008.342793,0.8940451145172119
train/critic_2_loss,11352,1786563012.087794,1.5175803899765015
train/critic_2_loss,11365,1786563014.212617,2.062091827392578
train/critic_2_loss,11383,1786563017.123661,1.7884142398834229
train/critic_2_loss,11402,1786563020.233632,0.8160892128944397
train/critic_2_loss,11427,1786563024.600818,1.7168399095535278
train/critic_2_loss,11446,1786563027.370756,1.062959909439087
train/critic_2_loss,11463,1786563029.679749,2.0316526889801025
train/critic_2_loss,11484,1786563032.496779,1.0589518547058105
train/critic_2_loss,11502,1786563034.912338,2.1472043991088867
train/critic_2_loss,11519,1786563037.169487,0.6309324502944946
train/critic_2_loss,11541,1786563040.179630,1.6566593647003174
train/critic_2_loss,11560,1786563042.970073,0.7665784358978271
train/critic_2_loss,11581,1786563045.336338,0.9761916399002075
train/critic_2_loss,11595,1786563046.892532,1.0063414573669434
train/critic_2_loss,11609,1786563048.464082,1.4911143779754639
train/critic_2_loss,11625,1786563050.206908,1.011752963066101
train/critic_2_loss,11643,1786563052.159802,0.7734209895133972
train/critic_2_loss,11661,1786563054.119207,0.7908318042755127
train/critic_2_loss,11678,1786563055.963298,1.6141366958618164
train/critic_2_loss,11701,1786563058.441329,0.5663282871246338
train/critic_2_loss,11717,1786563060.133819,1.4905428886413574
train/critic_2_loss,11733,1786563061.796366,0.904493510723114
train/critic_2_loss,11746,1786563063.141278,0.9066739082336426
train/critic_2_loss,11766,1786563065.194552,1.0808864831924438
train/critic_2_loss,11785,1786563067.107404,1.7823691368103027
train/critic_2_loss,11804,1786563069.029963,2.460515022277832
train/critic_2_loss,11829,1786563073.536449,2.4824085235595703
train/critic_2_loss,11844,1786563076.159235,4.818621635437012
train/critic_2_loss,11862,1786563079.330702,1.3586888313293457
train/critic_2_loss,11889,1786563084.018807,2.012852430343628
train/critic_2_loss,11907,1786563087.147951,1.0561745166778564
train/critic_2_loss,11925,1786563090.223275,0.743340015411377
train/critic_2_loss,11950,1786563094.442509,1.7825815677642822
train/critic_2_loss,11971,1786563098.004607,0.8870444297790527
train/critic_2_loss,11992,1786563101.534698,0.614091157913208
train/critic_2_loss,12013,1786563105.183073,4.7646002769470215
train/critic_2_loss,12032,1786563108.422965,0.773281455039978
train/critic_2_loss,12048,1786563111.148425,1.3217475414276123
train/critic_2_loss,12065,1786563114.032809,0.8283075094223022
train/critic_2_loss,12079,1786563116.398603,1.0590006113052368
train/critic_2_loss,12104,1786563120.599264,0.5767783522605896
train/critic_2_loss,12118,1786563122.962430,0.9908154010772705
train/critic_2_loss,12136,1786563126.077011,1.0871323347091675
train/critic_2_loss,12150,1786563128.294562,0.8269751667976379
train/critic_2_loss,12164,1786563130.246879,0.48410603404045105
train/critic_2_loss,12178,1786563131.780922,0.982397198677063
train/critic_2_loss,12199,1786563134.081742,0.450984388589859
train/critic_2_loss,12212,1786563135.492169,3.5745673179626465
train/critic_2_loss,12230,1786563137.470544,1.2123067378997803
train/critic_2_loss,12249,1786563139.524002,0.7491955757141113
train/critic_2_loss,12275,1786563142.267905,0.5888663530349731
train/critic_2_loss,12286,1786563143.410929,1.255406141281128
train/critic_2_loss,12307,1786563145.626049,0.8805151581764221
train/critic_2_loss,12332,1786563148.246312,3.3908748626708984
train/critic_2_loss,12351,1786563150.265550,3.3194422721862793
train/critic_2_loss,12365,1786563151.746245,1.0933843851089478
train/critic_2_loss,12385,1786563153.835752,1.7353260517120361
train/critic_2_loss,12410,1786563156.429427,2.7474513053894043
train/critic_2_loss,12428,1786563158.294947,0.4821489751338959
train/critic_2_loss,12450,1786563160.558940,1.1763261556625366
train/critic_2_loss,12460,1786563161.577330,1.4573060274124146
train/critic_2_loss,12480,1786563163.597365,0.7835535407066345
train/critic_2_loss,12495,1786563165.108598,1.962087869644165
train/critic_2_loss,12525,1786563168.141900,1.0547852516174316
train/critic_2_loss,12538,1786563169.432995,1.4429728984832764
train/critic_2_loss,12558,1786563171.442436,0.7785332202911377
train/critic_2_loss,12571,1786563172.874144,1.2183380126953125
train/critic_2_loss,12588,1786563174.900796,0.5489263534545898
train/critic_2_loss,12607,1786563177.341459,0.7159066200256348
train/critic_2_loss,12623,1786563179.413814,1.6779338121414185
train/critic_2_loss,12645,1786563182.283875,1.0006089210510254
train/critic_2_loss,12666,1786563185.029598,1.0241014957427979
train/critic_2_loss,12685,1786563187.470669,1.1748594045639038
train/critic_2_loss,12700,1786563189.393830,3.5324065685272217
train/critic_2_loss,12718,1786563191.694026,1.9737664461135864
train/critic_2_loss,12736,1786563193.986543,1.609647274017334
train/critic_2_loss,12753,1786563196.157013,2.1459522247314453
train/critic_2_loss,12777,1786563199.241502,1.019252061843872
train/critic_2_loss,12792,1786563201.141371,1.3975296020507812
train/critic_2_loss,12807,1786563203.013561,2.4043049812316895
train/critic_2_loss,12823,1786563204.988219,0.8611441850662231
train/critic_2_loss,12842,1786563207.387907,1.330521583557129
train/critic_2_loss,12863,1786563209.983036,2.779263496398926
train/critic_2_loss,12884,1786563212.509008,3.2001357078552246
train/critic_2_loss,12903,1786563214.765277,0.7622911930084229
train/critic_2_loss,12923,1786563217.088583,2.979313611984253
train/critic_2_loss,12938,1786563218.837916,1.2344660758972168
train/critic_2_loss,12955,1786563220.837955,1.4274195432662964
train/critic_2_loss,12979,1786563223.629585,1.1954900026321411
train/critic_2_loss,13002,1786563226.277143,1.3465330600738525
train/critic_2_loss,13021,1786563228.516091,1.5764520168304443
train/critic_2_loss,13040,1786563230.685617,0.7319139242172241
train/critic_2_loss,13058,1786563232.741643,2.0891523361206055
train/critic_2_loss,13071,1786563234.822778,0.5643749833106995
train/critic_2_loss,13099,1786563239.184535,1.6823382377624512
train/critic_2_loss,13131,1786563243.237962,1.0673025846481323
train/critic_2_loss,13151,1786563245.793109,1.368955135345459
train/critic_2_loss,13166,1786563247.704144,0.71902996301651
train/critic_2_loss,13183,1786563249.913584,1.4408777952194214
train/critic_2_loss,13208,1786563253.192821,3.1158878803253174
train/critic_2_loss,13228,1786563255.740468,1.7653275728225708
train/critic_2_loss,13240,1786563257.265639,2.7263011932373047
train/critic_2_loss,13257,1786563259.430303,0.5612446069717407
train/critic_2_loss,13271,1786563261.184441,1.586564302444458
train/critic_2_loss,13294,1786563264.024371,0.9068052768707275
train/critic_2_loss,13315,1786563266.626174,0.9936128854751587
train/critic_2_loss,13330,1786563268.426615,1.4912899732589722
train/critic_2_loss,13358,1786563271.879395,1.8039737939834595
train/critic_2_loss,13373,1786563273.818288,5.679760932922363
train/critic_2_loss,13393,1786563276.506639,1.1235668659210205
train/critic_2_loss,13405,1786563278.277408,2.6044039726257324
train/critic_2_loss,13425,1786563281.489400,1.2004237174987793
train/critic_2_loss,13438,1786563283.379067,0.7558051943778992
train/critic_2_loss,13453,1786563285.594572,1.6697885990142822
train/critic_2_loss,13469,1786563287.910979,0.9925163388252258
train/critic_2_loss,13484,1786563290.068852,1.3661983013153076
train/critic_2_loss,13508,1786563293.526361,0.9028010368347168
train/critic_2_loss,13524,1786563295.782769,0.8272871971130371
train/critic_2_loss,13540,1786563297.934563,2.8559837341308594
train/critic_2_loss,13557,1786563300.153355,1.196730375289917
train/critic_2_loss,13572,1786563302.070061,0.8902813196182251
train/critic_2_loss,13584,1786563303.614078,1.4974703788757324
train/critic_2_loss,13599,1786563305.526235,1.638924479484558
train/critic_2_loss,13613,1786563307.250742,1.0429043769836426
train/critic_2_loss,13633,1786563309.736196,1.0462923049926758
train/critic_2_loss,13655,1786563312.368562,1.5493080615997314
train/critic_2_loss,13672,1786563314.329560,1.7795252799987793
train/critic_2_loss,13692,1786563316.579746,1.081923007965088
train/critic_2_loss,13716,1786563319.188843,2.090683698654175
train/critic_2_loss,13736,1786563321.289308,3.0797781944274902
train/critic_2_loss,13755,1786563323.297224,1.4540998935699463
train/critic_2_loss,13771,1786563324.960798,1.3533788919448853
train/critic_2_loss,13790,1786563326.921404,1.7872710227966309
train/critic_2_loss,13812,1786563329.246175,1.27250075340271
train/critic_2_loss,13827,1786563330.860664,1.082155704498291
train/critic_2_loss,13840,1786563332.280087,4.693480491638184
train/critic_2_loss,13857,1786563334.167288,1.4877561330795288
train/critic_2_loss,13877,1786563336.362267,1.3068952560424805
train/critic_2_loss,13897,1786563338.564762,3.051241397857666
train/critic_2_loss,13912,1786563340.221968,3.3245317935943604
train/critic_2_loss,13930,1786563342.186534,0.789405882358551
train/critic_2_loss,13949,1786563344.255165,1.3717372417449951
train/critic_2_loss,13962,1786563345.646912,0.6964870691299438
train/critic_2_loss,13974,1786563346.939526,2.5811822414398193
train/critic_2_loss,13995,1786563349.255289,0.871208906173706
train/critic_2_loss,14009,1786563350.905519,0.9272280335426331
train/critic_2_loss,14025,1786563352.618429,1.1158480644226074
train/critic_2_loss,14040,1786563354.166762,0.9990400075912476
train/critic_2_loss,14056,1786563355.786231,1.921885371208191
train/critic_2_loss,14078,1786563357.869439,1.8998844623565674
train/critic_2_loss,14092,1786563359.213072,0.6822534799575806
train/critic_2_loss,14120,1786563364.358082,1.3085323572158813
train/critic_2_loss,14143,1786563367.635568,1.1788849830627441
train/critic_2_loss,14160,1786563370.016219,2.0706787109375
train/critic_2_loss,14187,1786563373.609320,2.037348747253418
train/critic_2_loss,14203,1786563375.779324,1.059842586517334
train/critic_2_loss,14220,1786563377.884447,1.3853061199188232
train/critic_2_loss,14234,1786563379.505210,0.8201611638069153
train/critic_2_loss,14254,1786563381.798698,1.7531439065933228
train/critic_2_loss,14278,1786563384.539596,0.8910163640975952
train/critic_2_loss,14306,1786563387.723318,2.1272945404052734
train/critic_2_loss,14329,1786563390.335943,1.711337924003601
train/critic_2_loss,14350,1786563392.692676,1.6935275793075562
train/critic_2_loss,14367,1786563394.606782,1.470353126525879
train/critic_2_loss,14387,1786563396.804955,2.2712457180023193
train/critic_2_loss,14409,1786563399.185077,0.8764640092849731
train/critic_2_loss,14434,1786563401.851303,2.58015775680542
train/critic_2_loss,14449,1786563403.513528,0.7953286170959473
train/critic_2_loss,14466,1786563405.395929,1.553605079650879
train/critic_2_loss,14486,1786563408.021277,1.1382246017456055
train/critic_2_loss,14508,1786563410.910353,2.503544330596924
train/critic_2_loss,14522,1786563412.744309,1.0846247673034668
train/critic_2_loss,14551,1786563416.561450,1.3122718334197998
train/critic_2_loss,14573,1786563419.476187,1.9904122352600098
train/critic_2_loss,14585,1786563421.071260,1.4083186388015747
train/critic_2_loss,14606,1786563423.828970,1.2030972242355347
train/critic_2_loss,14620,1786563425.697287,0.7550760507583618
train/critic_2_loss,14636,1786563427.831480,2.5683348178863525
train/critic_2_loss,14657,1786563430.674814,0.8811321258544922
train/critic_2_loss,14673,1786563432.793015,1.2531185150146484
train/critic_2_loss,14690,1786563434.987857,0.6155104041099548
train/critic_2_loss,14705,1786563436.895892,2.4850990772247314
train/critic_2_loss,14724,1786563439.291938,1.3428828716278076
train/critic_2_loss,14745,1786563441.805861,2.4241104125976562
train/critic_2_loss,14761,1786563443.705184,1.8613250255584717
train/critic_2_loss,14779,1786563445.624399,1.3037790060043335
train/critic_2_loss,14801,1786563447.813284,2.2927989959716797
train/critic_2_loss,14820,1786563449.666302,0.9864274263381958
train/critic_2_loss,14851,1786563452.583016,1.6439218521118164
train/critic_2_loss,14864,1786563453.733495,2.3617465496063232
train/critic_2_loss,14878,1786563454.955810,0.9135697484016418
train/critic_2_loss,14902,1786563457.069296,0.9990137219429016
train/critic_2_loss,14914,1786563458.096820,4.381437301635742
train/critic_2_loss,14934,1786563459.769679,0.6912757158279419
train/critic_2_loss,14948,1786563461.216549,2.4556398391723633
train/critic_2_loss,14973,1786563466.784060,2.0429770946502686
train/critic_2_loss,14987,1786563468.983960,1.7100497484207153
train/critic_2_loss,15001,1786563471.168519,2.493553638458252
train/critic_2_loss,15019,1786563473.973248,1.7757066488265991
train/critic_2_loss,15047,1786563478.374591,3.1804556846618652
train/critic_2_loss,15066,1786563481.375277,5.736310958862305
train/critic_2_loss,15084,1786563484.197738,0.7555956840515137
train/critic_2_loss,15099,1786563486.548872,3.4333701133728027
train/critic_2_loss,15118,1786563489.468881,1.637981653213501
train/critic_2_loss,15143,1786563493.252326,1.345149278640747
train/critic_2_loss,15156,1786563495.212828,2.2225425243377686
train/critic_2_loss,15173,1786563497.798535,1.0224566459655762
train/critic_2_loss,15194,1786563500.946850,1.604667067527771
train/critic_2_loss,15206,1786563502.694358,1.228036642074585
train/critic_2_loss,15225,1786563505.437894,1.554685115814209
train/critic_2_loss,15243,1786563507.994970,1.039447546005249
train/critic_2_loss,15257,1786563509.967530,1.4549182653427124
train/critic_2_loss,15278,1786563512.888956,1.344213843345642
train/critic_2_loss,15295,1786563515.241856,1.4119417667388916
train/critic_2_loss,15313,1786563517.717434,0.958141565322876
train/critic_2_loss,15331,1786563520.206937,1.1206846237182617
train/critic_2_loss,15354,1786563523.334454,1.5924651622772217
train/critic_2_loss,15369,1786563525.242394,1.7446093559265137
train/critic_2_loss,15383,1786563527.001591,2.3865106105804443
train/critic_2_loss,15410,1786563530.173334,1.2268359661102295
train/critic_2_loss,15432,1786563532.652327,1.0869306325912476
train/critic_2_loss,15451,1786563534.808950,5.763552665710449
train/critic_2_loss,15469,1786563536.839890,1.9411909580230713
train/critic_2_loss,15488,1786563538.973980,1.5626012086868286
train/critic_2_loss,15502,1786563540.557338,1.3928613662719727
train/critic_2_loss,15523,1786563542.918251,1.8328735828399658
train/critic_2_loss,15546,1786563545.481816,1.6776888370513916
train/critic_2_loss,15558,1786563546.806315,1.6257760524749756
train/critic_2_loss,15575,1786563548.716111,1.8218395709991455
train/critic_2_loss,15597,1786563551.098281,0.8661755323410034
train/critic_2_loss,15614,1786563552.790919,0.9149186611175537
train/critic_2_loss,15628,1786563554.170872,3.547994613647461
train/critic_2_loss,15649,1786563556.274894,2.203080177307129
train/critic_2_loss,15668,1786563558.131896,2.262958526611328
train/critic_2_loss,15690,1786563560.292570,2.8194580078125
train/critic_2_loss,15708,1786563562.040011,0.6759379506111145
train/critic_2_loss,15731,1786563564.227001,1.4723756313323975
train/critic_2_loss,15746,1786563565.663632,3.1387624740600586
train/critic_2_loss,15761,1786563567.211235,2.321938991546631
train/critic_2_loss,15783,1786563569.745083,1.7989574670791626
train/critic_2_loss,15813,1786563573.384053,2.1458070278167725
train/critic_2_loss,15834,1786563575.937558,1.4726519584655762
train/critic_2_loss,15848,1786563577.628038,1.409111499786377
train/critic_2_loss,15861,1786563579.190414,1.0713822841644287
train/critic_2_loss,15880,1786563581.447479,1.572085976600647
train/critic_2_loss,15898,1786563583.600069,1.0816235542297363
train/critic_2_loss,15916,1786563585.704329,0.8962663412094116
train/critic_2_loss,15943,1786563588.837912,6.286739826202393
train/critic_2_loss,15956,1786563590.313579,1.4001606702804565
train/critic_2_loss,15967,1786563591.565341,1.9236624240875244
train/critic_2_loss,15982,1786563593.252696,1.1914358139038086
train/critic_2_loss,16000,1786563595.276303,1.4438092708587646
train/critic_2_loss,16018,1786563597.385536,3.372483491897583
train/critic_2_loss,16034,1786563599.150426,1.1237528324127197
train/critic_2_loss,16050,1786563600.912556,0.8657820224761963
train/critic_2_loss,16073,1786563603.445674,1.1254246234893799
train/critic_2_loss,16093,1786563605.603747,2.0050995349884033
train/critic_2_loss,16106,1786563606.952525,2.5061585903167725
train/critic_2_loss,16123,1786563608.739236,1.5323768854141235
train/critic_2_loss,16148,1786563611.312543,0.9624828100204468
train/critic_2_loss,16161,1786563613.254402,1.2924871444702148
train/critic_2_loss,16175,1786563614.822313,1.24365234375
train/critic_2_loss,16201,1786563617.685273,1.2606494426727295
train/critic_2_loss,16221,1786563619.891239,1.1698663234710693
train/critic_2_loss,16239,1786563621.875816,1.4682306051254272
train/critic_2_loss,16259,1786563624.066565,1.9321353435516357
train/critic_2_loss,16279,1786563626.293781,2.748297929763794
train/critic_2_loss,16304,1786563629.111180,2.93110990524292
train/critic_2_loss,16321,1786563631.046809,1.6166229248046875
train/critic_2_loss,16347,1786563633.899196,0.6654959917068481
train/critic_2_loss,16365,1786563635.824648,1.1649214029312134
train/critic_2_loss,16386,1786563637.975630,1.2773995399475098
train/critic_2_loss,16401,1786563639.461409,0.9108792543411255
train/critic_2_loss,16421,1786563641.394928,1.450176477432251
train/critic_2_loss,16439,1786563643.876870,5.651871681213379
train/critic_2_loss,16453,1786563645.607882,1.3278894424438477
train/critic_2_loss,16482,1786563649.108718,1.3407440185546875
train/critic_2_loss,16499,1786563651.111119,1.320852279663086
train/critic_2_loss,16513,1786563652.719083,1.0976364612579346
train/critic_2_loss,16536,1786563655.372642,1.2815122604370117
train/critic_2_loss,16554,1786563657.439417,1.1035864353179932
train/critic_2_loss,16572,1786563659.521078,1.8290780782699585
train/critic_2_loss,16598,1786563662.514932,4.063635349273682
train/critic_2_loss,16624,1786563665.458958,0.9167065620422363
train/critic_2_loss,16637,1786563667.696569,1.4750521183013916
train/critic_2_loss,16657,1786563670.632153,1.0525083541870117
train/critic_2_loss,16673,1786563672.630780,1.1957571506500244
train/critic_2_loss,16695,1786563675.400066,1.4763340950012207
train/critic_2_loss,16710,1786563677.189667,2.5503673553466797
train/critic_2_loss,16730,1786563679.564483,2.486060857772827
train/critic_2_loss,16750,1786563681.945558,9.63101863861084
train/critic_2_loss,16766,1786563683.850341,0.8874016404151917
train/critic_2_loss,16788,1786563686.422478,1.3707821369171143
train/critic_2_loss,16802,1786563688.019858,2.648951530456543
train/critic_2_loss,16823,1786563690.453217,1.2036800384521484
train/critic_2_loss,16845,1786563692.967052,2.6380724906921387
train/critic_2_loss,16859,1786563694.567951,1.777372121810913
train/critic_2_loss,16877,1786563696.646801,0.8616504669189453
train/critic_2_loss,16900,1786563699.257455,2.208423614501953
train/critic_2_loss,16915,1786563700.958046,3.4248011112213135
train/critic_2_loss,16934,1786563703.101843,1.7602756023406982
train/critic_2_loss,16949,1786563704.789696,1.2016973495483398
train/critic_2_loss,16973,1786563707.448954,3.5957083702087402
train/critic_2_loss,16995,1786563709.854913,0.8366712927818298
train/critic_2_loss,17015,1786563711.990377,1.21254563331604
train/critic_2_loss,17032,1786563713.760202,3.55289888381958
train/critic_2_loss,17047,1786563715.363831,1.5424761772155762
train/critic_2_loss,17060,1786563716.751225,1.1985878944396973
train/critic_2_loss,17076,1786563718.469794,2.495694637298584
train/critic_2_loss,17100,1786563721.005316,1.3729526996612549
train/critic_2_loss,17117,1786563722.809808,4.52797794342041
train/critic_2_loss,17141,1786563725.566772,1.7001508474349976
train/critic_2_loss,17164,1786563728.560012,1.5825772285461426
train/critic_2_loss,17182,1786563730.992205,2.2637453079223633
train/critic_2_loss,17207,1786563735.271153,0.7449752688407898
train/critic_2_loss,17223,1786563737.478695,1.6642687320709229
train/critic_2_loss,17241,1786563739.924166,1.6725248098373413
train/critic_2_loss,17258,1786563742.226660,2.0468223094940186
train/critic_2_loss,17282,1786563745.503651,2.677732467651367
train/critic_2_loss,17297,1786563747.526771,2.5983591079711914
train/critic_2_loss,17316,1786563750.082998,2.5461859703063965
train/critic_2_loss,17337,1786563752.916361,1.1420685052871704
train/critic_2_loss,17354,1786563755.158502,1.0171213150024414
train/critic_2_loss,17373,1786563757.695916,0.7795459032058716
train/critic_2_loss,17391,1786563761.828507,2.392963171005249
train/critic_2_loss,17412,1786563764.907894,1.3208757638931274
train/critic_2_loss,17430,1786563767.488193,2.2999818325042725
train/critic_2_loss,17445,1786563769.618283,0.5582334399223328
train/critic_2_loss,17468,1786563772.835628,2.36069393157959
train/critic_2_loss,17486,1786563775.333237,1.4514434337615967
train/critic_2_loss,17506,1786563778.110388,0.7571932077407837
train/critic_2_loss,17521,1786563780.205509,0.6586799621582031
train/critic_2_loss,17532,1786563781.724390,1.0078682899475098
train/critic_2_loss,17558,1786563785.177239,1.3695127964019775
train/critic_2_loss,17568,1786563786.409490,0.9801042079925537
train/critic_2_loss,17592,1786563789.448917,1.9263908863067627
train/critic_2_loss,17607,1786563791.315082,1.161940336227417
train/critic_2_loss,17619,1786563792.660070,1.8506864309310913
train/critic_2_loss,17634,1786563794.328440,1.6730270385742188
train/critic_2_loss,17649,1786563796.029290,3.597465753555298
train/critic_2_loss,17668,1786563798.155152,1.1998499631881714
train/critic_2_loss,17682,1786563799.723053,1.3509392738342285
train/critic_2_loss,17698,1786563801.513628,0.9594913125038147
train/critic_2_loss,17713,1786563803.215397,0.9695742130279541
train/critic_2_loss,17735,1786563805.705232,3.1052801609039307
train/critic_2_loss,17751,1786563807.509562,1.084765076637268
train/critic_2_loss,17774,1786563809.886810,1.5270802974700928
train/critic_2_loss,17790,1786563811.472432,1.7614719867706299
train/critic_2_loss,17816,1786563814.008759,2.7563138008117676
train/critic_2_loss,17845,1786563816.833813,4.118628025054932
train/critic_2_loss,17864,1786563818.641394,5.228672027587891
train/critic_2_loss,17887,1786563820.791652,1.4623322486877441
train/critic_2_loss,17900,1786563821.993068,2.06699538230896
train/critic_2_loss,17918,1786563823.653973,3.121169090270996
train/critic_2_loss,17937,1786563825.339558,1.9753469228744507
train/critic_2_loss,17955,1786563826.904255,0.9465423822402954
train/critic_2_loss,17970,1786563828.190054,0.8310709595680237
train/critic_2_loss,17985,1786563829.485979,1.1866984367370605
train/critic_2_loss,18004,1786563831.241068,1.1476144790649414
train/critic_2_loss,18026,1786563833.159155,0.7456204891204834
train/critic_2_loss,18047,1786563834.987158,1.810101866722107
train/critic_2_loss,18066,1786563836.614690,1.529695749282837
train/critic_2_loss,18079,1786563837.745688,1.3335031270980835
train/critic_2_loss,18096,1786563839.201455,2.4572997093200684
train/critic_2_loss,18118,1786563841.111800,0.9957817792892456
train/critic_2_loss,18136,1786563842.671810,1.5362446308135986
train/critic_2_loss,18154,1786563844.246578,1.359034538269043
train/critic_2_loss,18173,1786563845.973960,4.279474258422852
train/critic_2_loss,18185,1786563847.060479,7.068305969238281
train/critic_2_loss,18209,1786563849.175471,2.29695987701416
train/critic_2_loss,18224,1786563850.488690,1.4761873483657837
train/critic_2_loss,18238,1786563851.758268,2.3559374809265137
train/critic_2_loss,18256,1786563853.523757,1.2585935592651367
train/critic_2_loss,18279,1786563855.958177,6.625424861907959
train/critic_2_loss,18294,1786563857.592572,1.8443678617477417
train/critic_2_loss,18307,1786563859.073994,0.9410485029220581
train/critic_2_loss,18333,1786563861.984942,2.2193665504455566
train/critic_2_loss,18349,1786563863.764253,1.410354733467102
train/critic_2_loss,18369,1786563865.954832,1.9285364151000977
train/critic_2_loss,18388,1786563868.062794,3.5689468383789062
train/critic_2_loss,18408,1786563870.340150,0.7521690130233765
train/critic_2_loss,18428,1786563872.518354,2.532397747039795
train/critic_2_loss,18445,1786563874.355408,11.386723518371582
train/critic_2_loss,18457,1786563875.612473,3.5527920722961426
train/critic_2_loss,18473,1786563877.278144,1.5752979516983032
train/critic_2_loss,18487,1786563878.724631,9.813879013061523
train/critic_2_loss,18505,1786563880.598250,2.548511028289795
train/critic_2_loss,18517,1786563881.851601,2.2690463066101074
train/critic_2_loss,18532,1786563883.421920,0.7992411851882935
train/critic_2_loss,18549,1786563885.207085,4.338111877441406
train/critic_2_loss,18576,1786563888.017242,3.1936426162719727
train/critic_2_loss,18595,1786563892.185757,2.403179168701172
train/critic_2_loss,18618,1786563896.244481,1.9504412412643433
train/critic_2_loss,18632,1786563898.719604,1.2458394765853882
train/critic_2_loss,18654,1786563902.599827,4.042570114135742
train/critic_2_loss,18670,1786563905.421414,1.3300344944000244
train/critic_2_loss,18690,1786563908.947303,1.0128705501556396
train/critic_2_loss,18709,1786563912.243489,2.0181121826171875
train/critic_2_loss,18735,1786563916.925584,2.3509016036987305
train/critic_2_loss,18751,1786563919.871002,0.7835082411766052
train/critic_2_loss,18770,1786563922.782176,1.3833203315734863
train/critic_2_loss,18796,1786563925.700303,2.3412184715270996
train/critic_2_loss,18825,1786563929.050734,2.929164171218872
train/critic_2_loss,18844,1786563931.187571,1.6596834659576416
train/critic_2_loss,18859,1786563934.926649,0.7463499307632446
train/critic_2_loss,18879,1786563938.308619,2.2054104804992676
train/critic_2_loss,18898,1786563941.434480,0.6192026138305664
train/critic_2_loss,18923,1786563945.249173,2.3966140747070312
train/critic_2_loss,18942,1786563947.961817,2.5031447410583496
train/critic_2_loss,18963,1786563950.995527,1.224446177482605
train/critic_2_loss,18984,1786563953.985878,3.1095082759857178
train/critic_2_loss,19004,1786563956.830159,1.7184652090072632
train/critic_2_loss,19022,1786563959.373568,1.203705072402954
train/critic_2_loss,19038,1786563961.599802,2.2310667037963867
train/critic_2_loss,19054,1786563963.859021,9.31682300567627
train/critic_2_loss,19074,1786563966.712912,2.239691734313965
train/critic_2_loss,19090,1786563968.967495,1.0018792152404785
train/critic_2_loss,19108,1786563971.462508,1.3352441787719727
train/critic_2_loss,19124,1786563973.688721,1.664147138595581
train/critic_2_loss,19138,1786563975.617871,1.2125458717346191
train/critic_2_loss,19159,1786563978.479449,4.275561332702637
train/critic_2_loss,19180,1786563981.285585,3.344686985015869
train/critic_2_loss,19193,1786563983.053746,3.6934316158294678
train/critic_2_loss,19209,1786563985.250579,2.5932207107543945
train/critic_2_loss,19227,1786563989.619832,9.143179893493652
train/critic_2_loss,19240,1786563991.566293,1.8714491128921509
train/critic_2_loss,19258,1786563994.289285,1.502234697341919
train/critic_2_loss,19281,1786563997.749883,2.101498603820801
train/critic_2_loss,19304,1786564001.155356,4.25996208190918
train/critic_2_loss,19323,1786564003.690694,4.268990516662598
train/critic_2_loss,19338,1786564005.420849,0.9298154711723328
train/critic_2_loss,19362,1786564008.174679,1.2113161087036133
train/critic_2_loss,19376,1786564009.781861,2.408216953277588
train/critic_2_loss,19396,1786564012.037405,1.3084912300109863
train/critic_2_loss,19419,1786564014.638178,0.856579065322876
train/critic_2_loss,19432,1786564016.094851,3.2374958992004395
train/critic_2_loss,19452,1786564018.334642,0.7888783812522888
train/critic_2_loss,19470,1786564020.352348,3.258681297302246
train/critic_2_loss,19493,1786564022.893038,1.28475022315979
train/critic_2_loss,19512,1786564024.935861,2.6057283878326416
train/critic_2_loss,19534,1786564027.286847,2.8952763080596924
train/critic_2_loss,19554,1786564029.958556,1.4680495262145996
train/critic_2_loss,19567,1786564031.483567,1.74851655960083
train/critic_2_loss,19586,1786564033.676459,2.8587112426757812
train/critic_2_loss,19608,1786564036.173458,1.7973711490631104
train/critic_2_loss,19621,1786564037.598966,1.386456847190857
train/critic_2_loss,19638,1786564039.426651,2.58486008644104
train/critic_2_loss,19655,1786564041.274820,2.584346294403076
train/critic_2_loss,19672,1786564043.094369,1.6234898567199707
train/critic_2_loss,19693,1786564045.301568,1.478583574295044
train/critic_2_loss,19705,1786564046.543379,3.3704566955566406
train/critic_2_loss,19726,1786564048.734369,6.150685787200928
train/critic_2_loss,19738,1786564049.987818,2.8408215045928955
train/critic_2_loss,19754,1786564051.678737,2.7852697372436523
train/critic_2_loss,19769,1786564053.254434,3.520521640777588
train/critic_2_loss,19789,1786564055.391050,1.7699129581451416
train/critic_2_loss,19808,1786564057.405367,2.2667458057403564
train/critic_2_loss,19831,1786564059.752654,0.9705773591995239
train/critic_2_loss,19848,1786564061.418695,1.2258951663970947
train/critic_2_loss,19871,1786564063.648212,2.6234593391418457
train/critic_2_loss,19890,1786564065.497637,6.654275894165039
train/critic_2_loss,19904,1786564066.861033,1.0957772731781006
train/critic_2_loss,19922,1786564068.581703,4.193080902099609
train/critic_2_loss,19939,1786564070.169341,1.7058136463165283
train/critic_2_loss,19956,1786564071.750650,0.7841836214065552
train/critic_2_loss,19974,1786564073.406472,1.3673341274261475
train/critic_2_loss,20000,1786564075.716508,1.8430044651031494
