tag,step,wall_time,value
action/longitudinal_max,70,1786557539.716344,0.9890158772468567
action/longitudinal_max,162,1786557555.566489,0.986461341381073
action/longitudinal_max,484,1786557591.934694,0.9871108531951904
action/longitudinal_max,517,1786557596.986136,0.932601809501648
action/longitudinal_max,632,1786557614.430394,0.9919055104255676
action/longitudinal_max,762,1786557628.139582,0.9891282916069031
action/longitudinal_max,935,1786557645.918528,0.9910380840301514
action/longitudinal_max,1063,1786557664.226387,0.9892827868461609
action/longitudinal_max,1289,1786557689.471266,0.990959644317627
action/longitudinal_max,1361,1786557699.570108,0.9539197683334351
action/longitudinal_max,1591,1786557720.245117,0.9748074412345886
action/longitudinal_max,1706,1786557734.289205,0.9690519571304321
action/longitudinal_max,1797,1786557753.892580,0.9265592694282532
action/longitudinal_max,1952,1786557782.384313,0.9670922160148621
action/longitudinal_max,2043,1786557793.200821,0.9882680177688599
action/longitudinal_max,2127,1786557808.364678,0.9844485521316528
action/longitudinal_max,2225,1786557825.469136,0.9663714170455933
action/longitudinal_max,2305,1786557844.000039,0.9486122131347656
action/longitudinal_max,3505,1786557979.963454,0.9970172643661499
action/longitudinal_max,4146,1786558060.958661,0.9914529919624329
action/longitudinal_max,5346,1786558227.294912,0.9959250688552856
action/longitudinal_max,6060,1786558339.281803,0.9960929751396179
action/longitudinal_max,6704,1786558406.885516,0.9949348568916321
action/longitudinal_max,6775,1786558418.371441,0.9829047918319702
action/longitudinal_max,6922,1786558445.335078,0.9756413698196411
action/longitudinal_max,7341,1786558500.603753,0.9979270100593567
action/longitudinal_max,8003,1786558593.050363,0.9927147626876831
action/longitudinal_max,8647,1786558665.467727,0.9949767589569092
action/longitudinal_max,8719,1786558673.937195,0.97353595495224
action/longitudinal_max,9418,1786558758.553836,0.9938430190086365
action/longitudinal_max,10090,1786558837.470002,0.994414746761322
action/longitudinal_max,10749,1786558921.011697,0.9949615597724915
action/longitudinal_max,10824,1786558927.700441,0.9704505801200867
action/longitudinal_max,11262,1786558980.966079,0.9993705153465271
action/longitudinal_max,11612,1786559036.980531,0.990928590297699
action/longitudinal_max,11755,1786559054.139624,0.9930900931358337
action/longitudinal_max,11833,1786559064.759472,0.9882878065109253
action/longitudinal_max,12141,1786559097.515378,0.9902470111846924
action/longitudinal_max,12269,1786559111.622180,0.9919198751449585
action/longitudinal_max,12479,1786559136.395469,0.9967548251152039
action/longitudinal_max,12738,1786559170.258997,0.9953572154045105
action/longitudinal_max,13059,1786559211.742760,0.9977056384086609
action/longitudinal_max,13568,1786559289.311601,0.9878666996955872
action/longitudinal_max,14005,1786559353.587359,0.9935257434844971
action/longitudinal_max,14452,1786559436.027828,0.992085874080658
action/longitudinal_max,14914,1786559487.826565,0.9943301677703857
action/longitudinal_max,15054,1786559504.083345,0.9818788766860962
action/longitudinal_max,15496,1786559561.050459,0.9896770715713501
action/longitudinal_max,15777,1786559607.933454,0.9934726357460022
action/longitudinal_max,16407,1786559685.644300,0.9940623044967651
action/longitudinal_max,16977,1786559751.269876,0.9974403977394104
action/longitudinal_max,17122,1786559771.331285,0.9917030930519104
action/longitudinal_max,17191,1786559782.910706,0.9878382086753845
action/longitudinal_max,18198,1786559898.551522,0.9914912581443787
action/longitudinal_max,18349,1786559916.916322,0.9919582009315491
action/longitudinal_max,18710,1786559973.678307,0.9912086129188538
action/longitudinal_max,18940,1786560004.815410,0.9756124019622803
action/longitudinal_max,19226,1786560037.055055,0.9871097207069397
action/longitudinal_max,19353,1786560049.940952,0.9858241677284241
action/longitudinal_max,19763,1786560108.389039,0.9939597249031067
action/longitudinal_max,19998,1786560134.775280,0.9909987449645996
action/longitudinal_max,20000,1786560135.649565,0.9919412136077881
action/longitudinal_mean,70,1786557539.716266,-0.05130569636821747
action/longitudinal_mean,162,1786557555.566380,-0.10277578234672546
action/longitudinal_mean,484,1786557591.934508,0.021942568942904472
action/longitudinal_mean,517,1786557596.986084,0.0897657498717308
action/longitudinal_mean,632,1786557614.430356,-0.1251741349697113
action/longitudinal_mean,762,1786557628.139544,0.006989792454987764
action/longitudinal_mean,935,1786557645.918494,-0.06927715986967087
action/longitudinal_mean,1063,1786557664.226311,0.08160990476608276
action/longitudinal_mean,1289,1786557689.471234,-0.00311807612888515
action/longitudinal_mean,1361,1786557699.570078,-0.10422408580780029
action/longitudinal_mean,1591,1786557720.245079,-0.058261431753635406
action/longitudinal_mean,1706,1786557734.289169,-0.036172229796648026
action/longitudinal_mean,1797,1786557753.892545,-0.028983278200030327
action/longitudinal_mean,1952,1786557782.384275,0.009539620950818062
action/longitudinal_mean,2043,1786557793.200786,0.03685210645198822
action/longitudinal_mean,2127,1786557808.364498,0.10919295996427536
action/longitudinal_mean,2225,1786557825.469099,0.012580479495227337
action/longitudinal_mean,2305,1786557844.000005,-0.07799775153398514
action/longitudinal_mean,3505,1786557979.963416,0.114711694419384
action/longitudinal_mean,4146,1786558060.958623,0.1655183732509613
action/longitudinal_mean,5346,1786558227.294870,0.2222975641489029
action/longitudinal_mean,6060,1786558339.281765,0.2498319447040558
action/longitudinal_mean,6704,1786558406.885478,0.3244627118110657
action/longitudinal_mean,6775,1786558418.371388,0.4327995777130127
action/longitudinal_mean,6922,1786558445.335038,0.18612180650234222
action/longitudinal_mean,7341,1786558500.603716,0.3135112226009369
action/longitudinal_mean,8003,1786558593.050324,0.33875179290771484
action/longitudinal_mean,8647,1786558665.467695,0.3868159353733063
action/longitudinal_mean,8719,1786558673.937156,0.4584837555885315
action/longitudinal_mean,9418,1786558758.553787,0.473664253950119
action/longitudinal_mean,10090,1786558837.469958,0.465635746717453
action/longitudinal_mean,10749,1786558921.011654,0.46493831276893616
action/longitudinal_mean,10824,1786558927.700225,0.4459194540977478
action/longitudinal_mean,11262,1786558980.966042,0.48639968037605286
action/longitudinal_mean,11612,1786559036.980489,0.45168787240982056
action/longitudinal_mean,11755,1786559054.139586,0.5712767839431763
action/longitudinal_mean,11833,1786559064.759434,0.5182794332504272
action/longitudinal_mean,12141,1786559097.515340,0.46770337224006653
action/longitudinal_mean,12269,1786559111.622146,0.48187488317489624
action/longitudinal_mean,12479,1786559136.395432,0.5321194529533386
action/longitudinal_mean,12738,1786559170.258853,0.65451979637146
action/longitudinal_mean,13059,1786559211.742569,0.5696854591369629
action/longitudinal_mean,13568,1786559289.311553,0.5025627017021179
action/longitudinal_mean,14005,1786559353.587312,0.6172458529472351
action/longitudinal_mean,14452,1786559436.027786,0.542001485824585
action/longitudinal_mean,14914,1786559487.826526,0.594329297542572
action/longitudinal_mean,15054,1786559504.083309,0.4532632529735565
action/longitudinal_mean,15496,1786559561.050422,0.5209305286407471
action/longitudinal_mean,15777,1786559607.933417,0.6030822992324829
action/longitudinal_mean,16407,1786559685.644261,0.6612690091133118
action/longitudinal_mean,16977,1786559751.269839,0.63627690076828
action/longitudinal_mean,17122,1786559771.331248,0.18902313709259033
action/longitudinal_mean,17191,1786559782.910674,0.4007731080055237
action/longitudinal_mean,18198,1786559898.551483,-0.0781104564666748
action/longitudinal_mean,18349,1786559916.916280,0.5893700122833252
action/longitudinal_mean,18710,1786559973.678260,0.5369808673858643
action/longitudinal_mean,18940,1786560004.815373,0.27824845910072327
action/longitudinal_mean,19226,1786560037.055017,0.5914466977119446
action/longitudinal_mean,19353,1786560049.940917,0.7180100679397583
action/longitudinal_mean,19763,1786560108.389001,0.7283393740653992
action/longitudinal_mean,19998,1786560134.775251,0.6564997434616089
action/longitudinal_mean,20000,1786560135.649247,0.9656477570533752
action/longitudinal_min,70,1786557539.716321,-0.9903435707092285
action/longitudinal_min,162,1786557555.566443,-0.9913997054100037
action/longitudinal_min,484,1786557591.934663,-0.9879192113876343
action/longitudinal_min,517,1786557596.986106,-0.9339003562927246
action/longitudinal_min,632,1786557614.430385,-0.9934964179992676
action/longitudinal_min,762,1786557628.139575,-0.9866905212402344
action/longitudinal_min,935,1786557645.918520,-0.9909365773200989
action/longitudinal_min,1063,1786557664.226365,-0.9736345410346985
action/longitudinal_min,1289,1786557689.471259,-0.9980763792991638
action/longitudinal_min,1361,1786557699.570100,-0.9980683922767639
action/longitudinal_min,1591,1786557720.245108,-0.9935573935508728
action/longitudinal_min,1706,1786557734.289196,-0.9832937121391296
action/longitudinal_min,1797,1786557753.892571,-0.9424901008605957
action/longitudinal_min,1952,1786557782.384303,-0.9876630902290344
action/longitudinal_min,2043,1786557793.200812,-0.9491689205169678
action/longitudinal_min,2127,1786557808.364521,-0.9636451005935669
action/longitudinal_min,2225,1786557825.469126,-0.933391809463501
action/longitudinal_min,2305,1786557844.000030,-0.9823195338249207
action/longitudinal_min,3505,1786557979.963445,-0.9936051964759827
action/longitudinal_min,4146,1786558060.958652,-0.9962145090103149
action/longitudinal_min,5346,1786558227.294904,-0.9893984198570251
action/longitudinal_min,6060,1786558339.281794,-0.9800997972488403
action/longitudinal_min,6704,1786558406.885507,-0.9570152759552002
action/longitudinal_min,6775,1786558418.371430,-0.9143433570861816
action/longitudinal_min,6922,1786558445.335068,-0.9839351773262024
action/longitudinal_min,7341,1786558500.603745,-0.9426466226577759
action/longitudinal_min,8003,1786558593.050354,-0.969636857509613
action/longitudinal_min,8647,1786558665.467721,-0.9916712641716003
action/longitudinal_min,8719,1786558673.937183,-0.684596836566925
action/longitudinal_min,9418,1786558758.553825,-0.9720569252967834
action/longitudinal_min,10090,1786558837.469992,-0.972668468952179
action/longitudinal_min,10749,1786558921.011688,-0.9553952813148499
action/longitudinal_min,10824,1786558927.700392,-0.4444179832935333
action/longitudinal_min,11262,1786558980.966070,-0.9010400176048279
action/longitudinal_min,11612,1786559036.980521,-0.9377994537353516
action/longitudinal_min,11755,1786559054.139615,-0.8410450220108032
action/longitudinal_min,11833,1786559064.759463,-0.6648346185684204
action/longitudinal_min,12141,1786559097.515369,-0.8571354150772095
action/longitudinal_min,12269,1786559111.622171,-0.9462395310401917
action/longitudinal_min,12479,1786559136.395461,-0.7768939137458801
action/longitudinal_min,12738,1786559170.258961,-0.8185797929763794
action/longitudinal_min,13059,1786559211.742730,-0.8637093901634216
action/longitudinal_min,13568,1786559289.311591,-0.9029593467712402
action/longitudinal_min,14005,1786559353.587349,-0.8982440233230591
action/longitudinal_min,14452,1786559436.027818,-0.7989896535873413
action/longitudinal_min,14914,1786559487.826555,-0.7759337425231934
action/longitudinal_min,15054,1786559504.083337,-0.8558256030082703
action/longitudinal_min,15496,1786559561.050451,-0.8521258234977722
action/longitudinal_min,15777,1786559607.933445,-0.7461726665496826
action/longitudinal_min,16407,1786559685.644291,-0.8697616457939148
action/longitudinal_min,16977,1786559751.269867,-0.8241209387779236
action/longitudinal_min,17122,1786559771.331276,-0.9867491126060486
action/longitudinal_min,17191,1786559782.910699,-0.8848196268081665
action/longitudinal_min,18198,1786559898.551512,-0.9914488196372986
action/longitudinal_min,18349,1786559916.916312,-0.4712744951248169
action/longitudinal_min,18710,1786559973.678298,-0.8425965309143066
action/longitudinal_min,18940,1786560004.815400,-0.8808915615081787
action/longitudinal_min,19226,1786560037.055046,-0.6621183753013611
action/longitudinal_min,19353,1786560049.940943,-0.4116675853729248
action/longitudinal_min,19763,1786560108.389030,-0.7157212495803833
action/longitudinal_min,19998,1786560134.775273,-0.7453110218048096
action/longitudinal_min,20000,1786560135.649521,0.9393543004989624
action/longitudinal_std,70,1786557539.716298,0.6228821873664856
action/longitudinal_std,162,1786557555.566392,0.6447455883026123
action/longitudinal_std,484,1786557591.934535,0.6277427077293396
action/longitudinal_std,517,1786557596.986098,0.5963709950447083
action/longitudinal_std,632,1786557614.430374,0.6236683130264282
action/longitudinal_std,762,1786557628.139566,0.6485922336578369
action/longitudinal_std,935,1786557645.918509,0.6255137324333191
action/longitudinal_std,1063,1786557664.226342,0.6393278241157532
action/longitudinal_std,1289,1786557689.471251,0.6429784893989563
action/longitudinal_std,1361,1786557699.570091,0.6382894515991211
action/longitudinal_std,1591,1786557720.245098,0.6271588802337646
action/longitudinal_std,1706,1786557734.289185,0.5843910574913025
action/longitudinal_std,1797,1786557753.892561,0.5505597591400146
action/longitudinal_std,1952,1786557782.384293,0.5640854239463806
action/longitudinal_std,2043,1786557793.200802,0.588762640953064
action/longitudinal_std,2127,1786557808.364512,0.5859615802764893
action/longitudinal_std,2225,1786557825.469115,0.5664812326431274
action/longitudinal_std,2305,1786557844.000021,0.5642405152320862
action/longitudinal_std,3505,1786557979.963435,0.5844587087631226
action/longitudinal_std,4146,1786558060.958642,0.5566295981407166
action/longitudinal_std,5346,1786558227.294893,0.567542314529419
action/longitudinal_std,6060,1786558339.281783,0.546873927116394
action/longitudinal_std,6704,1786558406.885497,0.5201321840286255
action/longitudinal_std,6775,1786558418.371417,0.49833983182907104
action/longitudinal_std,6922,1786558445.335055,0.5571441650390625
action/longitudinal_std,7341,1786558500.603736,0.5376253724098206
action/longitudinal_std,8003,1786558593.050344,0.5138094425201416
action/longitudinal_std,8647,1786558665.467712,0.5000506043434143
action/longitudinal_std,8719,1786558673.937172,0.42786288261413574
action/longitudinal_std,9418,1786558758.553812,0.4657566249370575
action/longitudinal_std,10090,1786558837.469979,0.4735680818557739
action/longitudinal_std,10749,1786558921.011678,0.47982650995254517
action/longitudinal_std,10824,1786558927.700340,0.3697457015514374
action/longitudinal_std,11262,1786558980.966061,0.44582054018974304
action/longitudinal_std,11612,1786559036.980507,0.4667009115219116
action/longitudinal_std,11755,1786559054.139605,0.39581069350242615
action/longitudinal_std,11833,1786559064.759453,0.4080645740032196
action/longitudinal_std,12141,1786559097.515358,0.453660249710083
action/longitudinal_std,12269,1786559111.622161,0.49839088320732117
action/longitudinal_std,12479,1786559136.395450,0.4038003981113434
action/longitudinal_std,12738,1786559170.258924,0.34659165143966675
action/longitudinal_std,13059,1786559211.742694,0.405972421169281
action/longitudinal_std,13568,1786559289.311579,0.4388517737388611
action/longitudinal_std,14005,1786559353.587338,0.3797696828842163
action/longitudinal_std,14452,1786559436.027808,0.43141353130340576
action/longitudinal_std,14914,1786559487.826545,0.3806588053703308
action/longitudinal_std,15054,1786559504.083327,0.4696981906890869
action/longitudinal_std,15496,1786559561.050441,0.4423465132713318
action/longitudinal_std,15777,1786559607.933435,0.3502640724182129
action/longitudinal_std,16407,1786559685.644280,0.3720082938671112
action/longitudinal_std,16977,1786559751.269858,0.38305431604385376
action/longitudinal_std,17122,1786559771.331265,0.6142480969429016
action/longitudinal_std,17191,1786559782.910690,0.551834225654602
action/longitudinal_std,18198,1786559898.551502,0.5969306230545044
action/longitudinal_std,18349,1786559916.916301,0.3560352921485901
action/longitudinal_std,18710,1786559973.678287,0.4015147387981415
action/longitudinal_std,18940,1786560004.815390,0.4907720685005188
action/longitudinal_std,19226,1786560037.055036,0.35667020082473755
action/longitudinal_std,19353,1786560049.940933,0.2919067442417145
action/longitudinal_std,19763,1786560108.389020,0.2714058756828308
action/longitudinal_std,19998,1786560134.775265,0.35025426745414734
action/longitudinal_std,20000,1786560135.649372,0.026293456554412842
action/steer_max,70,1786557539.716430,0.9931226968765259
action/steer_max,162,1786557555.566668,0.9825723767280579
action/steer_max,484,1786557591.934890,0.9886144995689392
action/steer_max,517,1786557596.986261,0.9435542225837708
action/steer_max,632,1786557614.430431,0.989497184753418
action/steer_max,762,1786557628.139610,0.9789522290229797
action/steer_max,935,1786557645.918675,0.9850980043411255
action/steer_max,1063,1786557664.226471,0.9801985621452332
action/steer_max,1289,1786557689.471295,0.9773779511451721
action/steer_max,1361,1786557699.570225,0.9734923839569092
action/steer_max,1591,1786557720.245154,0.9835078120231628
action/steer_max,1706,1786557734.289542,0.986480712890625
action/steer_max,1797,1786557753.892639,0.983794093132019
action/steer_max,1952,1786557782.384347,0.9704667925834656
action/steer_max,2043,1786557793.200977,0.9459108114242554
action/steer_max,2127,1786557808.364788,0.9891517162322998
action/steer_max,2225,1786557825.469167,0.9952936768531799
action/steer_max,2305,1786557844.000144,0.9442397356033325
action/steer_max,3505,1786557979.963490,0.990921676158905
action/steer_max,4146,1786558060.958697,0.9735435247421265
action/steer_max,5346,1786558227.294946,0.9590583443641663
action/steer_max,6060,1786558339.281838,0.9713374376296997
action/steer_max,6704,1786558406.885551,0.940635085105896
action/steer_max,6775,1786558418.371470,0.8652620315551758
action/steer_max,6922,1786558445.335115,0.946744441986084
action/steer_max,7341,1786558500.603782,0.885482132434845
action/steer_max,8003,1786558593.050399,0.9271929264068604
action/steer_max,8647,1786558665.467755,0.9300017356872559
action/steer_max,8719,1786558673.937313,0.8240636587142944
action/steer_max,9418,1786558758.553873,0.9386301636695862
action/steer_max,10090,1786558837.470031,0.8259798288345337
action/steer_max,10749,1786558921.011733,0.9251698851585388
action/steer_max,10824,1786558927.700707,0.8786049485206604
action/steer_max,11262,1786558980.966115,0.9496533274650574
action/steer_max,11612,1786559036.980564,0.804998517036438
action/steer_max,11755,1786559054.139659,0.7734625339508057
action/steer_max,11833,1786559064.759563,0.8033252954483032
action/steer_max,12141,1786559097.515414,0.8922289609909058
action/steer_max,12269,1786559111.622215,0.8925286531448364
action/steer_max,12479,1786559136.395504,0.7795348763465881
action/steer_max,12738,1786559170.259109,0.9225496649742126
action/steer_max,13059,1786559211.742872,0.8890328407287598
action/steer_max,13568,1786559289.311635,0.9019477963447571
action/steer_max,14005,1786559353.587394,0.8759068250656128
action/steer_max,14452,1786559436.027866,0.8258355855941772
action/steer_max,14914,1786559487.826594,0.7187572121620178
action/steer_max,15054,1786559504.083380,0.9084196090698242
action/steer_max,15496,1786559561.050495,0.7337924242019653
action/steer_max,15777,1786559607.933488,0.7000935077667236
action/steer_max,16407,1786559685.644336,0.8221856951713562
action/steer_max,16977,1786559751.269912,0.9404405355453491
action/steer_max,17122,1786559771.331320,0.9689189791679382
action/steer_max,17191,1786559782.910756,0.6417644023895264
action/steer_max,18198,1786559898.551557,0.9915201663970947
action/steer_max,18349,1786559916.916357,0.7658500671386719
action/steer_max,18710,1786559973.678342,0.7975277304649353
action/steer_max,18940,1786560004.815475,0.7518545389175415
action/steer_max,19226,1786560037.055083,0.7692940831184387
action/steer_max,19353,1786560049.940991,0.6327574253082275
action/steer_max,19763,1786560108.389074,0.8951033353805542
action/steer_max,19998,1786560134.775556,0.4182206690311432
action/steer_max,20000,1786560135.649785,-0.0702272579073906
action/steer_mean,70,1786557539.716366,0.003193208249285817
action/steer_mean,162,1786557555.566534,0.08265633136034012
action/steer_mean,484,1786557591.934813,-0.03047587163746357
action/steer_mean,517,1786557596.986166,0.2532459497451782
action/steer_mean,632,1786557614.430403,-0.006083748769015074
action/steer_mean,762,1786557628.139589,-0.03158482164144516
action/steer_mean,935,1786557645.918535,-0.02642509713768959
action/steer_mean,1063,1786557664.226408,-0.06389252841472626
action/steer_mean,1289,1786557689.471273,0.032112665474414825
action/steer_mean,1361,1786557699.570115,0.058844320476055145
action/steer_mean,1591,1786557720.245127,0.0036088984925299883
action/steer_mean,1706,1786557734.289213,-0.10474666953086853
action/steer_mean,1797,1786557753.892589,-0.08021322637796402
action/steer_mean,1952,1786557782.384322,-0.0845646783709526
action/steer_mean,2043,1786557793.200830,-0.13810718059539795
action/steer_mean,2127,1786557808.364695,-0.10519967973232269
action/steer_mean,2225,1786557825.469146,-0.1469683051109314
action/steer_mean,2305,1786557844.000049,-0.1806502491235733
action/steer_mean,3505,1786557979.963463,-0.004048008006066084
action/steer_mean,4146,1786558060.958670,-0.011262966319918633
action/steer_mean,5346,1786558227.294920,-0.03680754825472832
action/steer_mean,6060,1786558339.281812,0.0169999822974205
action/steer_mean,6704,1786558406.885525,0.004032880067825317
action/steer_mean,6775,1786558418.371448,0.07463499158620834
action/steer_mean,6922,1786558445.335087,0.07918718457221985
action/steer_mean,7341,1786558500.603760,0.0275562796741724
action/steer_mean,8003,1786558593.050372,0.004020416643470526
action/steer_mean,8647,1786558665.467734,0.009320479817688465
action/steer_mean,8719,1786558673.937227,0.03378364071249962
action/steer_mean,9418,1786558758.553845,-0.025992419570684433
action/steer_mean,10090,1786558837.470009,-0.017187736928462982
action/steer_mean,10749,1786558921.011706,-0.03004387766122818
action/steer_mean,10824,1786558927.700562,0.118490070104599
action/steer_mean,11262,1786558980.966088,-0.02202766388654709
action/steer_mean,11612,1786559036.980539,-0.059809546917676926
action/steer_mean,11755,1786559054.139633,0.02002980001270771
action/steer_mean,11833,1786559064.759479,-0.09586361795663834
action/steer_mean,12141,1786559097.515387,-0.036437634378671646
action/steer_mean,12269,1786559111.622189,-0.10687169432640076
action/steer_mean,12479,1786559136.395478,-0.020455898717045784
action/steer_mean,12738,1786559170.259024,-0.00438327481970191
action/steer_mean,13059,1786559211.742789,0.005388365127146244
action/steer_mean,13568,1786559289.311609,-0.005300183780491352
action/steer_mean,14005,1786559353.587368,-0.002358771627768874
action/steer_mean,14452,1786559436.027838,0.0060777985490858555
action/steer_mean,14914,1786559487.826572,-0.01802007108926773
action/steer_mean,15054,1786559504.083354,0.014119693078100681
action/steer_mean,15496,1786559561.050468,-0.046052560210227966
action/steer_mean,15777,1786559607.933463,0.022060494869947433
action/steer_mean,16407,1786559685.644309,-0.03898558393120766
action/steer_mean,16977,1786559751.269886,0.007356228772550821
action/steer_mean,17122,1786559771.331294,0.06252358853816986
action/steer_mean,17191,1786559782.910713,0.0948338732123375
action/steer_mean,18198,1786559898.551531,0.004359268117696047
action/steer_mean,18349,1786559916.916331,0.041428595781326294
action/steer_mean,18710,1786559973.678316,0.0025530860293656588
action/steer_mean,18940,1786560004.815418,0.012721013277769089
action/steer_mean,19226,1786560037.055063,-0.02461365982890129
action/steer_mean,19353,1786560049.940960,0.04228122904896736
action/steer_mean,19763,1786560108.389048,0.007719237823039293
action/steer_mean,19998,1786560134.775287,-0.03414420410990715
action/steer_mean,20000,1786560135.649696,-0.15628501772880554
action/steer_min,70,1786557539.716408,-0.9856394529342651
action/steer_min,162,1786557555.566625,-0.9496499300003052
action/steer_min,484,1786557591.934868,-0.9920760989189148
action/steer_min,517,1786557596.986232,-0.696097195148468
action/steer_min,632,1786557614.430422,-0.9828946590423584
action/steer_min,762,1786557628.139603,-0.9803317785263062
action/steer_min,935,1786557645.918631,-0.9904557466506958
action/steer_min,1063,1786557664.226451,-0.9802308678627014
action/steer_min,1289,1786557689.471287,-0.9861533641815186
action/steer_min,1361,1786557699.570178,-0.9804421663284302
action/steer_min,1591,1786557720.245145,-0.9678184390068054
action/steer_min,1706,1786557734.289395,-0.9884105324745178
action/steer_min,1797,1786557753.892606,-0.9710321426391602
action/steer_min,1952,1786557782.384340,-0.9802722334861755
action/steer_min,2043,1786557793.200931,-0.9714921116828918
action/steer_min,2127,1786557808.364759,-0.9882488250732422
action/steer_min,2225,1786557825.469160,-0.9663055539131165
action/steer_min,2305,1786557844.000113,-0.9881382584571838
action/steer_min,3505,1786557979.963481,-0.9855849146842957
action/steer_min,4146,1786558060.958688,-0.9897580742835999
action/steer_min,5346,1786558227.294938,-0.9941199421882629
action/steer_min,6060,1786558339.281829,-0.9630975127220154
action/steer_min,6704,1786558406.885542,-0.9443892240524292
action/steer_min,6775,1786558418.371463,-0.8177658319473267
action/steer_min,6922,1786558445.335106,-0.8913487792015076
action/steer_min,7341,1786558500.603775,-0.9591699838638306
action/steer_min,8003,1786558593.050390,-0.9533394575119019
action/steer_min,8647,1786558665.467748,-0.9017877578735352
action/steer_min,8719,1786558673.937285,-0.7633028030395508
action/steer_min,9418,1786558758.553864,-0.9567943811416626
action/steer_min,10090,1786558837.470024,-0.9273971319198608
action/steer_min,10749,1786558921.011724,-0.9863537549972534
action/steer_min,10824,1786558927.700662,-0.5619794130325317
action/steer_min,11262,1786558980.966106,-0.9806886315345764
action/steer_min,11612,1786559036.980556,-0.8832370638847351
action/steer_min,11755,1786559054.139651,-0.9080866575241089
action/steer_min,11833,1786559064.759522,-0.9887253642082214
action/steer_min,12141,1786559097.515405,-0.9066137075424194
action/steer_min,12269,1786559111.622206,-0.9974656105041504
action/steer_min,12479,1786559136.395497,-0.7767093181610107
action/steer_min,12738,1786559170.259079,-0.8699691295623779
action/steer_min,13059,1786559211.742844,-0.7804116606712341
action/steer_min,13568,1786559289.311626,-0.920414388179779
action/steer_min,14005,1786559353.587385,-0.831587553024292
action/steer_min,14452,1786559436.027856,-0.8862812519073486
action/steer_min,14914,1786559487.826587,-0.8963648676872253
action/steer_min,15054,1786559504.083371,-0.8495166301727295
action/steer_min,15496,1786559561.050486,-0.924799382686615
action/steer_min,15777,1786559607.933479,-0.6712825298309326
action/steer_min,16407,1786559685.644327,-0.856702983379364
action/steer_min,16977,1786559751.269904,-0.8543109893798828
action/steer_min,17122,1786559771.331313,-0.7574888467788696
action/steer_min,17191,1786559782.910727,-0.36389440298080444
action/steer_min,18198,1786559898.551549,-0.9858649969100952
action/steer_min,18349,1786559916.916348,-0.7483626008033752
action/steer_min,18710,1786559973.678333,-0.9090484380722046
action/steer_min,18940,1786560004.815434,-0.847161054611206
action/steer_min,19226,1786560037.055076,-0.9068584442138672
action/steer_min,19353,1786560049.940977,-0.5176143050193787
action/steer_min,19763,1786560108.389065,-0.8843693137168884
action/steer_min,19998,1786560134.775548,-0.5431807637214661
action/steer_min,20000,1786560135.649758,-0.2423427850008011
action/steer_std,70,1786557539.716387,0.6714845299720764
action/steer_std,162,1786557555.566581,0.5818628072738647
action/steer_std,484,1786557591.934844,0.6198089718818665
action/steer_std,517,1786557596.986201,0.5673607587814331
action/steer_std,632,1786557614.430413,0.649202287197113
action/steer_std,762,1786557628.139596,0.6362742185592651
action/steer_std,935,1786557645.918586,0.5935577154159546
action/steer_std,1063,1786557664.226429,0.5982293486595154
action/steer_std,1289,1786557689.471280,0.6164516806602478
action/steer_std,1361,1786557699.570122,0.6341214179992676
action/steer_std,1591,1786557720.245136,0.5935474634170532
action/steer_std,1706,1786557734.289348,0.5721756815910339
action/steer_std,1797,1786557753.892597,0.5998092889785767
action/steer_std,1952,1786557782.384331,0.5564615726470947
action/steer_std,2043,1786557793.200883,0.5891884565353394
action/steer_std,2127,1786557808.364730,0.5922412276268005
action/steer_std,2225,1786557825.469153,0.5929707884788513
action/steer_std,2305,1786557844.000080,0.6092804670333862
action/steer_std,3505,1786557979.963472,0.5918620824813843
action/steer_std,4146,1786558060.958679,0.6022554039955139
action/steer_std,5346,1786558227.294929,0.5265861749649048
action/steer_std,6060,1786558339.281820,0.4626597464084625
action/steer_std,6704,1786558406.885533,0.46157246828079224
action/steer_std,6775,1786558418.371456,0.46636202931404114
action/steer_std,6922,1786558445.335096,0.4362507462501526
action/steer_std,7341,1786558500.603767,0.4212797284126282
action/steer_std,8003,1786558593.050381,0.46502867341041565
action/steer_std,8647,1786558665.467741,0.34731853008270264
action/steer_std,8719,1786558673.937256,0.39378294348716736
action/steer_std,9418,1786558758.553854,0.46111682057380676
action/steer_std,10090,1786558837.470016,0.41255080699920654
action/steer_std,10749,1786558921.011715,0.3837633728981018
action/steer_std,10824,1786558927.700615,0.3219163417816162
action/steer_std,11262,1786558980.966097,0.37736544013023376
action/steer_std,11612,1786559036.980547,0.35954079031944275
action/steer_std,11755,1786559054.139642,0.35993480682373047
action/steer_std,11833,1786559064.759486,0.46196600794792175
action/steer_std,12141,1786559097.515396,0.42329519987106323
action/steer_std,12269,1786559111.622197,0.41682538390159607
action/steer_std,12479,1786559136.395487,0.2967430055141449
action/steer_std,12738,1786559170.259052,0.4227617383003235
action/steer_std,13059,1786559211.742816,0.3489677309989929
action/steer_std,13568,1786559289.311618,0.3234539031982422
action/steer_std,14005,1786559353.587376,0.3490886986255646
action/steer_std,14452,1786559436.027847,0.294656902551651
action/steer_std,14914,1786559487.826580,0.34551262855529785
action/steer_std,15054,1786559504.083363,0.39889922738075256
action/steer_std,15496,1786559561.050477,0.32639744877815247
action/steer_std,15777,1786559607.933471,0.32036489248275757
action/steer_std,16407,1786559685.644318,0.319266676902771
action/steer_std,16977,1786559751.269895,0.37493202090263367
action/steer_std,17122,1786559771.331303,0.35106372833251953
action/steer_std,17191,1786559782.910720,0.24798502027988434
action/steer_std,18198,1786559898.551539,0.5118527412414551
action/steer_std,18349,1786559916.916339,0.2836923897266388
action/steer_std,18710,1786559973.678324,0.27504485845565796
action/steer_std,18940,1786560004.815427,0.332600474357605
action/steer_std,19226,1786560037.055069,0.3485916554927826
action/steer_std,19353,1786560049.940969,0.24359117448329926
action/steer_std,19763,1786560108.389056,0.2573712170124054
action/steer_std,19998,1786560134.775530,0.18687692284584045
action/steer_std,20000,1786560135.649729,0.08605775982141495
episode/cost,70,1786557539.714888,20.0
episode/cost,162,1786557555.565217,20.0
episode/cost,484,1786557591.933405,20.0
episode/cost,517,1786557596.985580,20.0
episode/cost,632,1786557614.429149,20.0
episode/cost,762,1786557628.138218,20.0
episode/cost,935,1786557645.917533,20.0
episode/cost,1063,1786557664.225281,20.0
episode/cost,1289,1786557689.470427,20.0
episode/cost,1361,1786557699.568835,20.0
episode/cost,1591,1786557720.244037,30.0
episode/cost,1706,1786557734.288685,20.0
episode/cost,1797,1786557753.891978,20.0
episode/cost,1952,1786557782.383637,20.0
episode/cost,2043,1786557793.199934,20.0
episode/cost,2127,1786557808.363924,20.0
episode/cost,2225,1786557825.468491,20.0
episode/cost,2305,1786557843.999519,20.0
episode/cost,3505,1786557979.962236,0.0
episode/cost,4146,1786558060.957644,50.0
episode/cost,5346,1786558227.293338,30.0
episode/cost,6060,1786558339.280502,30.0
episode/cost,6704,1786558406.884615,20.0
episode/cost,6775,1786558418.370777,20.0
episode/cost,6922,1786558445.333997,20.0
episode/cost,7341,1786558500.602806,30.0
episode/cost,8003,1786558593.049235,20.0
episode/cost,8647,1786558665.466763,20.0
episode/cost,8719,1786558673.936599,20.0
episode/cost,9418,1786558758.552851,30.0
episode/cost,10090,1786558837.468918,40.0
episode/cost,10749,1786558921.010655,60.0
episode/cost,10824,1786558927.699332,30.0
episode/cost,11262,1786558980.964776,30.0
episode/cost,11612,1786559036.979741,40.0
episode/cost,11755,1786559054.138821,30.0
episode/cost,11833,1786559064.758673,30.0
episode/cost,12141,1786559097.514509,40.0
episode/cost,12269,1786559111.621456,30.0
episode/cost,12479,1786559136.394684,20.0
episode/cost,12738,1786559170.257890,30.0
episode/cost,13059,1786559211.741839,30.0
episode/cost,13568,1786559289.310465,40.0
episode/cost,14005,1786559353.586199,20.0
episode/cost,14452,1786559436.026882,30.0
episode/cost,14914,1786559487.825641,50.0
episode/cost,15054,1786559504.082649,30.0
episode/cost,15496,1786559561.049556,30.0
episode/cost,15777,1786559607.932687,40.0
episode/cost,16407,1786559685.643209,30.0
episode/cost,16977,1786559751.268815,20.0
episode/cost,17122,1786559771.330360,20.0
episode/cost,17191,1786559782.910083,20.0
episode/cost,18198,1786559898.550282,40.0
episode/cost,18349,1786559916.915304,30.0
episode/cost,18710,1786559973.677238,30.0
episode/cost,18940,1786560004.814499,30.0
episode/cost,19226,1786560037.054166,30.0
episode/cost,19353,1786560049.940166,20.0
episode/cost,19763,1786560108.388205,30.0
episode/cost,19998,1786560134.774562,20.0
episode/cost,20000,1786560135.648811,0.0
episode/index,70,1786557539.714930,0.0
episode/index,162,1786557555.565230,1.0
episode/index,484,1786557591.933449,2.0
episode/index,517,1786557596.985594,3.0
episode/index,632,1786557614.429163,4.0
episode/index,762,1786557628.138261,5.0
episode/index,935,1786557645.917548,6.0
episode/index,1063,1786557664.225325,7.0
episode/index,1289,1786557689.470442,8.0
episode/index,1361,1786557699.568850,9.0
episode/index,1591,1786557720.244228,10.0
episode/index,1706,1786557734.288700,11.0
episode/index,1797,1786557753.891996,12.0
episode/index,1952,1786557782.383653,13.0
episode/index,2043,1786557793.200023,14.0
episode/index,2127,1786557808.363938,15.0
episode/index,2225,1786557825.468505,16.0
episode/index,2305,1786557843.999534,17.0
episode/index,3505,1786557979.962391,18.0
episode/index,4146,1786558060.957681,19.0
episode/index,5346,1786558227.293402,20.0
episode/index,6060,1786558339.280693,21.0
episode/index,6704,1786558406.884632,22.0
episode/index,6775,1786558418.370804,23.0
episode/index,6922,1786558445.334012,24.0
episode/index,7341,1786558500.602860,25.0
episode/index,8003,1786558593.049290,26.0
episode/index,8647,1786558665.466778,27.0
episode/index,8719,1786558673.936673,28.0
episode/index,9418,1786558758.552866,29.0
episode/index,10090,1786558837.468968,30.0
episode/index,10749,1786558921.010715,31.0
episode/index,10824,1786558927.699610,32.0
episode/index,11262,1786558980.964868,33.0
episode/index,11612,1786559036.979755,34.0
episode/index,11755,1786559054.138875,35.0
episode/index,11833,1786559064.758727,36.0
episode/index,12141,1786559097.514523,37.0
episode/index,12269,1786559111.621469,38.0
episode/index,12479,1786559136.394698,39.0
episode/index,12738,1786559170.257904,40.0
episode/index,13059,1786559211.741890,41.0
episode/index,13568,1786559289.310524,42.0
episode/index,14005,1786559353.586282,43.0
episode/index,14452,1786559436.026935,44.0
episode/index,14914,1786559487.825691,45.0
episode/index,15054,1786559504.082663,46.0
episode/index,15496,1786559561.049571,47.0
episode/index,15777,1786559607.932700,48.0
episode/index,16407,1786559685.643268,49.0
episode/index,16977,1786559751.268831,50.0
episode/index,17122,1786559771.330538,51.0
episode/index,17191,1786559782.910143,52.0
episode/index,18198,1786559898.550296,53.0
episode/index,18349,1786559916.915319,54.0
episode/index,18710,1786559973.677308,55.0
episode/index,18940,1786560004.814513,56.0
episode/index,19226,1786560037.054219,57.0
episode/index,19353,1786560049.940181,58.0
episode/index,19763,1786560108.388218,59.0
episode/index,19998,1786560134.774575,60.0
episode/index,20000,1786560135.648829,61.0
episode/length,70,1786557539.714909,70.0
episode/length,162,1786557555.565224,92.0
episode/length,484,1786557591.933428,322.0
episode/length,517,1786557596.985587,33.0
episode/length,632,1786557614.429156,115.0
episode/length,762,1786557628.138239,130.0
episode/length,935,1786557645.917541,173.0
episode/length,1063,1786557664.225302,128.0
episode/length,1289,1786557689.470435,226.0
episode/length,1361,1786557699.568843,72.0
episode/length,1591,1786557720.244183,230.0
episode/length,1706,1786557734.288693,115.0
episode/length,1797,1786557753.891989,91.0
episode/length,1952,1786557782.383646,155.0
episode/length,2043,1786557793.199977,91.0
episode/length,2127,1786557808.363931,84.0
episode/length,2225,1786557825.468498,98.0
episode/length,2305,1786557843.999527,80.0
episode/length,3505,1786557979.962243,1200.0
episode/length,4146,1786558060.957651,641.0
episode/length,5346,1786558227.293371,1200.0
episode/length,6060,1786558339.280554,714.0
episode/length,6704,1786558406.884624,644.0
episode/length,6775,1786558418.370795,71.0
episode/length,6922,1786558445.334004,147.0
episode/length,7341,1786558500.602832,419.0
episode/length,8003,1786558593.049264,662.0
episode/length,8647,1786558665.466770,644.0
episode/length,8719,1786558673.936645,72.0
episode/length,9418,1786558758.552859,699.0
episode/length,10090,1786558837.468943,672.0
episode/length,10749,1786558921.010687,659.0
episode/length,10824,1786558927.699341,75.0
episode/length,11262,1786558980.964823,438.0
episode/length,11612,1786559036.979748,350.0
episode/length,11755,1786559054.138849,143.0
episode/length,11833,1786559064.758699,78.0
episode/length,12141,1786559097.514516,308.0
episode/length,12269,1786559111.621463,128.0
episode/length,12479,1786559136.394691,210.0
episode/length,12738,1786559170.257897,259.0
episode/length,13059,1786559211.741847,321.0
episode/length,13568,1786559289.310494,509.0
episode/length,14005,1786559353.586246,437.0
episode/length,14452,1786559436.026908,447.0
episode/length,14914,1786559487.825658,462.0
episode/length,15054,1786559504.082656,140.0
episode/length,15496,1786559561.049563,442.0
episode/length,15777,1786559607.932693,281.0
episode/length,16407,1786559685.643240,630.0
episode/length,16977,1786559751.268824,570.0
episode/length,17122,1786559771.330405,145.0
episode/length,17191,1786559782.910113,69.0
episode/length,18198,1786559898.550289,1007.0
episode/length,18349,1786559916.915312,151.0
episode/length,18710,1786559973.677273,361.0
episode/length,18940,1786560004.814506,230.0
episode/length,19226,1786560037.054174,286.0
episode/length,19353,1786560049.940173,127.0
episode/length,19763,1786560108.388211,410.0
episode/length,19998,1786560134.774569,235.0
episode/length,20000,1786560135.648822,2.0
episode/reward,70,1786557539.714866,-32.51970672607422
episode/reward,162,1786557555.565207,-35.44008255004883
episode/reward,484,1786557591.933384,-46.6962776184082
episode/reward,517,1786557596.985569,-18.991321563720703
episode/reward,632,1786557614.429142,-28.07927703857422
episode/reward,762,1786557628.138196,-51.954891204833984
episode/reward,935,1786557645.917526,-41.82252502441406
episode/reward,1063,1786557664.225259,-46.15925598144531
episode/reward,1289,1786557689.470421,-79.18524932861328
episode/reward,1361,1786557699.568829,-9.287270545959473
episode/reward,1591,1786557720.243979,-33.198875427246094
episode/reward,1706,1786557734.288667,-34.282981872558594
episode/reward,1797,1786557753.891970,-46.73124694824219
episode/reward,1952,1786557782.383626,-48.64402389526367
episode/reward,2043,1786557793.199888,-51.24628829956055
episode/reward,2127,1786557808.363916,-20.855297088623047
episode/reward,2225,1786557825.468483,-43.77524185180664
episode/reward,2305,1786557843.999512,-44.414146423339844
episode/reward,3505,1786557979.962229,16.39004898071289
episode/reward,4146,1786558060.957636,35.54613494873047
episode/reward,5346,1786558227.293302,190.8426971435547
episode/reward,6060,1786558339.280349,103.30463409423828
episode/reward,6704,1786558406.884597,239.1357421875
episode/reward,6775,1786558418.370646,3.483757257461548
episode/reward,6922,1786558445.333989,19.737674713134766
episode/reward,7341,1786558500.602778,120.33964538574219
episode/reward,8003,1786558593.049207,232.64488220214844
episode/reward,8647,1786558665.466757,265.26397705078125
episode/reward,8719,1786558673.936471,4.6728363037109375
episode/reward,9418,1786558758.552842,169.5381622314453
episode/reward,10090,1786558837.468891,161.06643676757812
episode/reward,10749,1786558921.010511,134.26480102539062
episode/reward,10824,1786558927.699314,-7.525967121124268
episode/reward,11262,1786558980.964727,145.16934204101562
episode/reward,11612,1786559036.979732,55.626529693603516
episode/reward,11755,1786559054.138793,35.095367431640625
episode/reward,11833,1786559064.758645,-11.535428047180176
episode/reward,12141,1786559097.514501,73.6760482788086
episode/reward,12269,1786559111.621449,-7.475212097167969
episode/reward,12479,1786559136.394677,81.74008178710938
episode/reward,12738,1786559170.257883,80.15109252929688
episode/reward,13059,1786559211.741832,133.8504638671875
episode/reward,13568,1786559289.310432,198.14215087890625
episode/reward,14005,1786559353.586157,235.5548095703125
episode/reward,14452,1786559436.026854,196.58204650878906
episode/reward,14914,1786559487.825497,156.8812713623047
episode/reward,15054,1786559504.082640,27.004491806030273
episode/reward,15496,1786559561.049546,149.9847412109375
episode/reward,15777,1786559607.932679,75.80412292480469
episode/reward,16407,1786559685.643168,255.17027282714844
episode/reward,16977,1786559751.268793,300.99920654296875
episode/reward,17122,1786559771.330222,22.236404418945312
episode/reward,17191,1786559782.910055,11.19334602355957
episode/reward,18198,1786559898.550275,85.84169006347656
episode/reward,18349,1786559916.915297,-10.237203598022461
episode/reward,18710,1786559973.677202,147.56924438476562
episode/reward,18940,1786560004.814492,-6.566877365112305
episode/reward,19226,1786560037.054158,83.76229858398438
episode/reward,19353,1786560049.940157,48.74015808105469
episode/reward,19763,1786560108.388197,178.88504028320312
episode/reward,19998,1786560134.774554,71.04354095458984
episode/reward,20000,1786560135.648752,0.15564927458763123
episode/route_completion,70,1786557539.715859,0.024036165326833725
episode/route_completion,162,1786557555.566129,0.021184582263231277
episode/route_completion,484,1786557591.934084,0.13068674504756927
episode/route_completion,517,1786557596.985887,0.012797636911273003
episode/route_completion,632,1786557614.429994,0.10227274149656296
episode/route_completion,762,1786557628.139057,0.038543082773685455
episode/route_completion,935,1786557645.918098,0.04559393227100372
episode/route_completion,1063,1786557664.225814,0.0606447272002697
episode/route_completion,1289,1786557689.470782,0.05502653121948242
episode/route_completion,1361,1786557699.569704,0.011808627285063267
episode/route_completion,1591,1786557720.244568,0.07427331805229187
episode/route_completion,1706,1786557734.288919,0.029504723846912384
episode/route_completion,1797,1786557753.892207,0.0292486771941185
episode/route_completion,1952,1786557782.383823,0.0748172476887703
episode/route_completion,2043,1786557793.200368,0.027947792783379555
episode/route_completion,2127,1786557808.364281,0.0232881810516119
episode/route_completion,2225,1786557825.468728,0.041632767766714096
episode/route_completion,2305,1786557843.999704,0.011512712575495243
episode/route_completion,3505,1786557979.962480,0.6112884879112244
episode/route_completion,4146,1786558060.957892,0.3627285063266754
episode/route_completion,5346,1786558227.293623,0.3730480968952179
episode/route_completion,6060,1786558339.280974,0.41585972905158997
episode/route_completion,6704,1786558406.884809,0.3453260660171509
episode/route_completion,6775,1786558418.370968,0.038828618824481964
episode/route_completion,6922,1786558445.334403,0.05233769863843918
episode/route_completion,7341,1786558500.603080,0.349629282951355
episode/route_completion,8003,1786558593.049513,0.24846579134464264
episode/route_completion,8647,1786558665.467007,0.18401578068733215
episode/route_completion,8719,1786558673.936888,0.03247159719467163
episode/route_completion,9418,1786558758.553077,0.30267560482025146
episode/route_completion,10090,1786558837.469189,0.3388065993785858
episode/route_completion,10749,1786558921.010924,0.54143887758255
episode/route_completion,10824,1786558927.699996,0.041569747030735016
episode/route_completion,11262,1786558980.965238,0.21365436911582947
episode/route_completion,11612,1786559036.979921,0.5923404693603516
episode/route_completion,11755,1786559054.139102,0.07163847982883453
episode/route_completion,11833,1786559064.758975,0.18753303587436676
episode/route_completion,12141,1786559097.514779,0.35666877031326294
episode/route_completion,12269,1786559111.621752,0.10742545872926712
episode/route_completion,12479,1786559136.394901,0.0933314859867096
episode/route_completion,12738,1786559170.258395,0.2235579490661621
episode/route_completion,13059,1786559211.742234,0.1686125248670578
episode/route_completion,13568,1786559289.310776,0.23026037216186523
episode/route_completion,14005,1786559353.586518,0.15937454998493195
episode/route_completion,14452,1786559436.027152,0.43226727843284607
episode/route_completion,14914,1786559487.825912,0.3867560625076294
episode/route_completion,15054,1786559504.082835,0.08380632102489471
episode/route_completion,15496,1786559561.049768,0.3637784719467163
episode/route_completion,15777,1786559607.932859,0.19518518447875977
episode/route_completion,16407,1786559685.643493,0.37247225642204285
episode/route_completion,16977,1786559751.269111,0.22427885234355927
episode/route_completion,17122,1786559771.330779,0.05625881999731064
episode/route_completion,17191,1786559782.910355,0.04230872914195061
episode/route_completion,18198,1786559898.550604,0.506286084651947
episode/route_completion,18349,1786559916.915732,0.11490277945995331
episode/route_completion,18710,1786559973.677545,0.352367103099823
episode/route_completion,18940,1786560004.814787,0.19324833154678345
episode/route_completion,19226,1786560037.054456,0.2214672565460205
episode/route_completion,19353,1786560049.940407,0.07244031876325607
episode/route_completion,19763,1786560108.388374,0.17750559747219086
episode/route_completion,19998,1786560134.774924,0.11672734469175339
episode/route_completion,20000,1786560135.648992,0.0
episode/truncated_by_budget,70,1786557539.715084,0.0
episode/truncated_by_budget,162,1786557555.565443,0.0
episode/truncated_by_budget,484,1786557591.933597,0.0
episode/truncated_by_budget,517,1786557596.985652,0.0
episode/truncated_by_budget,632,1786557614.429292,0.0
episode/truncated_by_budget,762,1786557628.138513,0.0
episode/truncated_by_budget,935,1786557645.917701,0.0
episode/truncated_by_budget,1063,1786557664.225459,0.0
episode/truncated_by_budget,1289,1786557689.470508,0.0
episode/truncated_by_budget,1361,1786557699.568933,0.0
episode/truncated_by_budget,1591,1786557720.244363,0.0
episode/truncated_by_budget,1706,1786557734.288707,0.0
episode/truncated_by_budget,1797,1786557753.892143,0.0
episode/truncated_by_budget,1952,1786557782.383661,0.0
episode/truncated_by_budget,2043,1786557793.200066,0.0
episode/truncated_by_budget,2127,1786557808.363973,0.0
episode/truncated_by_budget,2225,1786557825.468512,0.0
episode/truncated_by_budget,2305,1786557843.999541,0.0
episode/truncated_by_budget,3505,1786557979.962409,0.0
episode/truncated_by_budget,4146,1786558060.957708,0.0
episode/truncated_by_budget,5346,1786558227.293430,0.0
episode/truncated_by_budget,6060,1786558339.280736,0.0
episode/truncated_by_budget,6704,1786558406.884639,0.0
episode/truncated_by_budget,6775,1786558418.370811,0.0
episode/truncated_by_budget,6922,1786558445.334018,0.0
episode/truncated_by_budget,7341,1786558500.602887,0.0
episode/truncated_by_budget,8003,1786558593.049318,0.0
episode/truncated_by_budget,8647,1786558665.466806,0.0
episode/truncated_by_budget,8719,1786558673.936701,0.0
episode/truncated_by_budget,9418,1786558758.552872,0.0
episode/truncated_by_budget,10090,1786558837.468997,0.0
episode/truncated_by_budget,10749,1786558921.010741,0.0
episode/truncated_by_budget,10824,1786558927.699626,0.0
episode/truncated_by_budget,11262,1786558980.964913,0.0
episode/truncated_by_budget,11612,1786559036.979762,0.0
episode/truncated_by_budget,11755,1786559054.138905,0.0
episode/truncated_by_budget,11833,1786559064.758754,0.0
episode/truncated_by_budget,12141,1786559097.514529,0.0
episode/truncated_by_budget,12269,1786559111.621476,0.0
episode/truncated_by_budget,12479,1786559136.394705,0.0
episode/truncated_by_budget,12738,1786559170.257911,0.0
episode/truncated_by_budget,13059,1786559211.742025,0.0
episode/truncated_by_budget,13568,1786559289.310555,0.0
episode/truncated_by_budget,14005,1786559353.586318,0.0
episode/truncated_by_budget,14452,1786559436.026960,0.0
episode/truncated_by_budget,14914,1786559487.825718,0.0
episode/truncated_by_budget,15054,1786559504.082669,0.0
episode/truncated_by_budget,15496,1786559561.049577,0.0
episode/truncated_by_budget,15777,1786559607.932707,0.0
episode/truncated_by_budget,16407,1786559685.643296,0.0
episode/truncated_by_budget,16977,1786559751.268875,0.0
episode/truncated_by_budget,17122,1786559771.330583,0.0
episode/truncated_by_budget,17191,1786559782.910186,0.0
episode/truncated_by_budget,18198,1786559898.550303,0.0
episode/truncated_by_budget,18349,1786559916.915326,0.0
episode/truncated_by_budget,18710,1786559973.677338,0.0
episode/truncated_by_budget,18940,1786560004.814520,0.0
episode/truncated_by_budget,19226,1786560037.054368,0.0
episode/truncated_by_budget,19353,1786560049.940188,0.0
episode/truncated_by_budget,19763,1786560108.388225,0.0
episode/truncated_by_budget,19998,1786560134.774582,0.0
episode/truncated_by_budget,20000,1786560135.648837,1.0
events/collisions,70,1786557539.715409,0.0
events/collisions,162,1786557555.566042,0.0
events/collisions,484,1786557591.934037,0.0
events/collisions,517,1786557596.985835,0.0
events/collisions,632,1786557614.429726,0.0
events/collisions,762,1786557628.138638,0.0
events/collisions,935,1786557645.918006,1.0
events/collisions,1063,1786557664.225718,0.0
events/collisions,1289,1786557689.470710,0.0
events/collisions,1361,1786557699.569604,0.0
events/collisions,1591,1786557720.244515,1.0
events/collisions,1706,1786557734.288741,1.0
events/collisions,1797,1786557753.892193,1.0
events/collisions,1952,1786557782.383766,1.0
events/collisions,2043,1786557793.200284,0.0
events/collisions,2127,1786557808.364267,1.0
events/collisions,2225,1786557825.468713,0.0
events/collisions,2305,1786557843.999647,0.0
events/collisions,3505,1786557979.962446,0.0
events/collisions,4146,1786558060.957840,1.0
events/collisions,5346,1786558227.293569,0.0
events/collisions,6060,1786558339.280914,0.0
events/collisions,6704,1786558406.884756,0.0
events/collisions,6775,1786558418.370914,0.0
events/collisions,6922,1786558445.334201,1.0
events/collisions,7341,1786558500.603029,0.0
events/collisions,8003,1786558593.049459,0.0
events/collisions,8647,1786558665.466952,0.0
events/collisions,8719,1786558673.936835,0.0
events/collisions,9418,1786558758.553024,1.0
events/collisions,10090,1786558837.469134,0.0
events/collisions,10749,1786558921.010872,0.0
events/collisions,10824,1786558927.699842,1.0
events/collisions,11262,1786558980.965143,1.0
events/collisions,11612,1786559036.979865,0.0
events/collisions,11755,1786559054.139049,0.0
events/collisions,11833,1786559064.758913,1.0
events/collisions,12141,1786559097.514729,0.0
events/collisions,12269,1786559111.621738,0.0
events/collisions,12479,1786559136.394847,0.0
events/collisions,12738,1786559170.258210,0.0
events/collisions,13059,1786559211.742072,0.0
events/collisions,13568,1786559289.310720,0.0
events/collisions,14005,1786559353.586463,1.0
events/collisions,14452,1786559436.027097,0.0
events/collisions,14914,1786559487.825850,1.0
events/collisions,15054,1786559504.082781,1.0
events/collisions,15496,1786559561.049714,0.0
events/collisions,15777,1786559607.932804,1.0
events/collisions,16407,1786559685.643437,1.0
events/collisions,16977,1786559751.269070,0.0
events/collisions,17122,1786559771.330723,1.0
events/collisions,17191,1786559782.910302,1.0
events/collisions,18198,1786559898.550588,1.0
events/collisions,18349,1786559916.915540,0.0
events/collisions,18710,1786559973.677487,0.0
events/collisions,18940,1786560004.814692,0.0
events/collisions,19226,1786560037.054418,1.0
events/collisions,19353,1786560049.940331,0.0
events/collisions,19763,1786560108.388318,0.0
events/collisions,19998,1786560134.774772,0.0
events/collisions,20000,1786560135.648871,0.0
events/red_lights,70,1786557539.715430,0.0
events/red_lights,162,1786557555.566086,0.0
events/red_lights,484,1786557591.934061,0.0
events/red_lights,517,1786557596.985861,0.0
events/red_lights,632,1786557614.429771,0.0
events/red_lights,762,1786557628.138807,0.0
events/red_lights,935,1786557645.918054,0.0
events/red_lights,1063,1786557664.225767,0.0
events/red_lights,1289,1786557689.470747,0.0
events/red_lights,1361,1786557699.569656,0.0
events/red_lights,1591,1786557720.244542,1.0
events/red_lights,1706,1786557734.288785,0.0
events/red_lights,1797,1786557753.892200,0.0
events/red_lights,1952,1786557782.383796,0.0
events/red_lights,2043,1786557793.200326,0.0
events/red_lights,2127,1786557808.364274,0.0
events/red_lights,2225,1786557825.468721,0.0
events/red_lights,2305,1786557843.999675,0.0
events/red_lights,3505,1786557979.962453,0.0
events/red_lights,4146,1786558060.957866,3.0
events/red_lights,5346,1786558227.293596,3.0
events/red_lights,6060,1786558339.280947,1.0
events/red_lights,6704,1786558406.884783,0.0
events/red_lights,6775,1786558418.370941,0.0
events/red_lights,6922,1786558445.334352,0.0
events/red_lights,7341,1786558500.603055,1.0
events/red_lights,8003,1786558593.049487,0.0
events/red_lights,8647,1786558665.466979,0.0
events/red_lights,8719,1786558673.936862,0.0
events/red_lights,9418,1786558758.553050,1.0
events/red_lights,10090,1786558837.469162,2.0
events/red_lights,10749,1786558921.010898,4.0
events/red_lights,10824,1786558927.699975,1.0
events/red_lights,11262,1786558980.965193,1.0
events/red_lights,11612,1786559036.979893,2.0
events/red_lights,11755,1786559054.139076,1.0
events/red_lights,11833,1786559064.758944,1.0
events/red_lights,12141,1786559097.514738,2.0
events/red_lights,12269,1786559111.621745,1.0
events/red_lights,12479,1786559136.394874,0.0
events/red_lights,12738,1786559170.258344,1.0
events/red_lights,13059,1786559211.742079,1.0
events/red_lights,13568,1786559289.310749,2.0
events/red_lights,14005,1786559353.586491,0.0
events/red_lights,14452,1786559436.027124,1.0
events/red_lights,14914,1786559487.825876,3.0
events/red_lights,15054,1786559504.082808,1.0
events/red_lights,15496,1786559561.049741,1.0
events/red_lights,15777,1786559607.932832,2.0
events/red_lights,16407,1786559685.643465,1.0
events/red_lights,16977,1786559751.269078,0.0
events/red_lights,17122,1786559771.330752,0.0
events/red_lights,17191,1786559782.910329,0.0
events/red_lights,18198,1786559898.550597,2.0
events/red_lights,18349,1786559916.915552,1.0
events/red_lights,18710,1786559973.677516,1.0
events/red_lights,18940,1786560004.814742,1.0
events/red_lights,19226,1786560037.054425,1.0
events/red_lights,19353,1786560049.940370,0.0
events/red_lights,19763,1786560108.388346,1.0
events/red_lights,19998,1786560134.774805,0.0
events/red_lights,20000,1786560135.648878,0.0
reward/collision,3,1786557530.575067,0.0
reward/collision,24,1786557533.408130,0.0
reward/collision,53,1786557537.373058,0.0
reward/collision,79,1786557542.920247,0.0
reward/collision,97,1786557545.694257,0.0
reward/collision,119,1786557549.062959,0.0
reward/collision,137,1786557551.759049,0.0
reward/collision,153,1786557554.180292,0.0
reward/collision,177,1786557557.677839,0.0
reward/collision,206,1786557561.085999,0.0
reward/collision,221,1786557562.898223,0.0
reward/collision,241,1786557565.342737,0.0
reward/collision,261,1786557567.656290,0.0
reward/collision,282,1786557570.022503,0.0
reward/collision,302,1786557572.377242,0.0
reward/collision,322,1786557574.712290,0.0
reward/collision,334,1786557576.064804,0.0
reward/collision,356,1786557578.535036,0.0
reward/collision,381,1786557581.372041,0.0
reward/collision,405,1786557584.012303,0.0
reward/collision,422,1786557585.035245,0.0
reward/collision,443,1786557587.255963,0.0
reward/collision,466,1786557589.842531,0.0
reward/collision,494,1786557593.365179,0.0
reward/collision,517,1786557596.985544,0.0
reward/collision,545,1786557602.535143,0.0
reward/collision,556,1786557604.042868,0.0
reward/collision,580,1786557607.271015,0.0
reward/collision,599,1786557609.813477,0.0
reward/collision,621,1786557612.911211,0.0
reward/collision,646,1786557616.089185,0.0
reward/collision,668,1786557618.309285,0.0
reward/collision,686,1786557620.187567,0.0
reward/collision,708,1786557622.504136,0.0
reward/collision,729,1786557624.658774,0.0
reward/collision,751,1786557626.980543,0.0
reward/collision,771,1786557629.302618,0.0
reward/collision,794,1786557631.665843,0.0
reward/collision,812,1786557633.567973,0.0
reward/collision,835,1786557635.972012,0.0
reward/collision,851,1786557637.617028,0.0
reward/collision,868,1786557639.320186,0.0
reward/collision,883,1786557640.812730,0.0
reward/collision,901,1786557642.642313,0.0
reward/collision,915,1786557644.008870,0.0
reward/collision,933,1786557645.725448,0.0
reward/collision,946,1786557647.855923,0.0
reward/collision,971,1786557651.397905,0.0
reward/collision,989,1786557653.936521,0.0
reward/collision,1004,1786557656.071881,0.0
reward/collision,1027,1786557659.305881,0.0
reward/collision,1053,1786557662.902638,0.0
reward/collision,1070,1786557665.286881,0.0
reward/collision,1088,1786557667.344692,0.0
reward/collision,1102,1786557668.963441,0.0
reward/collision,1119,1786557670.842307,0.0
reward/collision,1146,1786557673.880973,0.0
reward/collision,1166,1786557676.122814,0.0
reward/collision,1186,1786557678.241724,0.0
reward/collision,1208,1786557680.437874,0.0
reward/collision,1228,1786557682.607250,0.0
reward/collision,1251,1786557685.211630,0.0
reward/collision,1266,1786557686.808799,0.0
reward/collision,1279,1786557688.293315,0.0
reward/collision,1300,1786557691.335211,0.0
reward/collision,1323,1786557694.536869,0.0
reward/collision,1337,1786557696.454849,0.0
reward/collision,1357,1786557699.070993,0.0
reward/collision,1381,1786557701.799873,0.0
reward/collision,1398,1786557703.412277,0.0
reward/collision,1412,1786557704.716245,0.0
reward/collision,1433,1786557706.583529,0.0
reward/collision,1451,1786557708.171560,0.0
reward/collision,1468,1786557709.736435,0.0
reward/collision,1485,1786557711.286589,0.0
reward/collision,1515,1786557713.950536,0.0
reward/collision,1532,1786557715.366963,0.0
reward/collision,1552,1786557717.070679,0.0
reward/collision,1574,1786557718.859835,0.0
reward/collision,1595,1786557720.964648,0.0
reward/collision,1611,1786557722.841751,0.0
reward/collision,1624,1786557724.366311,0.0
reward/collision,1637,1786557725.881174,0.0
reward/collision,1655,1786557728.016948,0.0
reward/collision,1675,1786557730.439265,0.0
reward/collision,1692,1786557732.532608,0.0
reward/collision,1707,1786557736.259588,0.0
reward/collision,1729,1786557740.678818,0.0
reward/collision,1747,1786557744.229741,0.0
reward/collision,1759,1786557746.557228,0.0
reward/collision,1773,1786557749.274729,0.0
reward/collision,1790,1786557752.562662,0.0
reward/collision,1808,1786557757.536667,0.0
reward/collision,1828,1786557760.911990,0.0
reward/collision,1858,1786557766.119945,0.0
reward/collision,1880,1786557769.969674,0.0
reward/collision,1899,1786557773.304615,0.0
reward/collision,1919,1786557776.766256,0.0
reward/collision,1941,1786557780.542819,0.0
reward/collision,1968,1786557784.730849,0.0
reward/collision,1995,1786557787.841639,0.0
reward/collision,2014,1786557790.081465,0.0
reward/collision,2028,1786557791.644596,0.0
reward/collision,2048,1786557795.827610,0.0
reward/collision,2061,1786557798.040469,0.0
reward/collision,2083,1786557801.778692,0.0
reward/collision,2104,1786557805.320948,0.0
reward/collision,2126,1786557808.265033,0.0
reward/collision,2147,1786557813.077792,0.0
reward/collision,2172,1786557816.984315,0.0
reward/collision,2197,1786557820.975200,0.0
reward/collision,2219,1786557824.512310,0.0
reward/collision,2233,1786557829.724192,0.0
reward/collision,2248,1786557832.569164,0.0
reward/collision,2270,1786557836.909680,0.0
reward/collision,2289,1786557840.736274,0.0
reward/collision,2314,1786557845.460512,0.0
reward/collision,2333,1786557847.725930,0.0
reward/collision,2351,1786557849.916280,0.0
reward/collision,2384,1786557854.080702,0.0
reward/collision,2405,1786557856.772347,0.0
reward/collision,2423,1786557859.085872,0.0
reward/collision,2449,1786557862.191708,0.0
reward/collision,2462,1786557863.652894,0.0
reward/collision,2477,1786557865.290495,0.0
reward/collision,2491,1786557866.849739,0.0
reward/collision,2513,1786557869.294205,0.0
reward/collision,2534,1786557871.715441,0.0
reward/collision,2557,1786557874.359209,0.0
reward/collision,2579,1786557876.850934,0.0
reward/collision,2602,1786557879.442765,0.0
reward/collision,2618,1786557881.204287,0.0
reward/collision,2647,1786557884.375656,0.0
reward/collision,2673,1786557887.315732,0.0
reward/collision,2696,1786557889.792172,0.0
reward/collision,2717,1786557892.064934,0.0
reward/collision,2745,1786557895.160731,0.0
reward/collision,2766,1786557897.467717,0.0
reward/collision,2801,1786557901.404988,0.0
reward/collision,2823,1786557903.822883,0.0
reward/collision,2849,1786557906.594596,0.0
reward/collision,2864,1786557908.182240,0.0
reward/collision,2886,1786557910.514236,0.0
reward/collision,2904,1786557912.431040,0.0
reward/collision,2921,1786557914.204669,0.0
reward/collision,2938,1786557915.966245,0.0
reward/collision,2957,1786557917.968760,0.0
reward/collision,2976,1786557919.920263,0.0
reward/collision,2998,1786557922.147138,0.0
reward/collision,3023,1786557924.670880,0.0
reward/collision,3046,1786557927.031559,0.0
reward/collision,3064,1786557928.856207,0.0
reward/collision,3087,1786557931.169563,0.0
reward/collision,3108,1786557933.290676,0.0
reward/collision,3135,1786557936.020980,0.0
reward/collision,3159,1786557938.431156,0.0
reward/collision,3177,1786557940.230712,0.0
reward/collision,3196,1786557942.121783,0.0
reward/collision,3212,1786557943.703576,0.0
reward/collision,3230,1786557945.514222,0.0
reward/collision,3260,1786557948.573355,0.0
reward/collision,3283,1786557950.905654,0.0
reward/collision,3302,1786557952.816496,0.0
reward/collision,3331,1786557955.929221,0.0
reward/collision,3344,1786557957.556031,0.0
reward/collision,3363,1786557960.025678,0.0
reward/collision,3378,1786557962.073831,0.0
reward/collision,3406,1786557965.966117,0.0
reward/collision,3421,1786557968.153637,0.0
reward/collision,3434,1786557969.981310,0.0
reward/collision,3450,1786557972.260355,0.0
reward/collision,3472,1786557975.360915,0.0
reward/collision,3488,1786557977.581341,0.0
reward/collision,3509,1786557980.930981,0.0
reward/collision,3532,1786557984.062789,0.0
reward/collision,3546,1786557985.923980,0.0
reward/collision,3564,1786557988.267947,0.0
reward/collision,3586,1786557991.138903,0.0
reward/collision,3607,1786557993.797934,0.0
reward/collision,3629,1786557996.611003,0.0
reward/collision,3659,1786558000.396233,0.0
reward/collision,3675,1786558002.418108,0.0
reward/collision,3690,1786558004.270146,0.0
reward/collision,3707,1786558006.354476,0.0
reward/collision,3722,1786558008.187654,0.0
reward/collision,3743,1786558010.783415,0.0
reward/collision,3767,1786558013.770486,0.0
reward/collision,3788,1786558016.417499,0.0
reward/collision,3800,1786558017.900856,0.0
reward/collision,3818,1786558020.072927,0.0
reward/collision,3836,1786558022.219391,0.0
reward/collision,3856,1786558024.600255,0.0
reward/collision,3881,1786558027.539645,0.0
reward/collision,3898,1786558029.525924,0.0
reward/collision,3915,1786558031.520156,0.0
reward/collision,3931,1786558033.394857,0.0
reward/collision,3946,1786558035.105405,0.0
reward/collision,3962,1786558036.930201,0.0
reward/collision,3978,1786558038.737640,0.0
reward/collision,4002,1786558041.481482,0.0
reward/collision,4021,1786558043.623536,0.0
reward/collision,4039,1786558045.620669,0.0
reward/collision,4055,1786558047.374147,0.0
reward/collision,4071,1786558049.067171,0.0
reward/collision,4087,1786558050.732464,0.0
reward/collision,4105,1786558053.621649,0.0
reward/collision,4122,1786558056.524513,0.0
reward/collision,4148,1786558061.575995,0.0
reward/collision,4172,1786558064.537748,0.0
reward/collision,4188,1786558066.542687,0.0
reward/collision,4208,1786558068.985450,0.0
reward/collision,4221,1786558070.569835,0.0
reward/collision,4240,1786558072.842088,0.0
reward/collision,4257,1786558074.860720,0.0
reward/collision,4270,1786558076.411304,0.0
reward/collision,4292,1786558079.007761,0.0
reward/collision,4308,1786558080.876678,0.0
reward/collision,4323,1786558082.608814,0.0
reward/collision,4363,1786558087.177139,0.0
reward/collision,4375,1786558088.514628,0.0
reward/collision,4396,1786558090.828193,0.0
reward/collision,4426,1786558094.057955,0.0
reward/collision,4451,1786558097.380064,0.0
reward/collision,4468,1786558099.748865,0.0
reward/collision,4486,1786558102.360282,0.0
reward/collision,4520,1786558107.573694,0.0
reward/collision,4538,1786558110.314155,0.0
reward/collision,4560,1786558113.674961,0.0
reward/collision,4585,1786558117.609219,0.0
reward/collision,4602,1786558120.234944,0.0
reward/collision,4617,1786558122.554438,0.0
reward/collision,4636,1786558125.464259,0.0
reward/collision,4661,1786558129.314942,0.0
reward/collision,4680,1786558132.258566,0.0
reward/collision,4699,1786558135.150330,0.0
reward/collision,4716,1786558137.661376,0.0
reward/collision,4736,1786558140.656788,0.0
reward/collision,4762,1786558144.573266,0.0
reward/collision,4775,1786558146.501858,0.0
reward/collision,4795,1786558149.396611,0.0
reward/collision,4814,1786558152.211541,0.0
reward/collision,4827,1786558154.110398,0.0
reward/collision,4843,1786558156.472166,0.0
reward/collision,4860,1786558158.954527,0.0
reward/collision,4877,1786558161.408471,0.0
reward/collision,4894,1786558163.888898,0.0
reward/collision,4911,1786558166.306756,0.0
reward/collision,4929,1786558168.880165,0.0
reward/collision,4951,1786558171.931464,0.0
reward/collision,4974,1786558175.165879,0.0
reward/collision,4989,1786558177.307624,0.0
reward/collision,5007,1786558179.862350,0.0
reward/collision,5026,1786558182.599960,0.0
reward/collision,5046,1786558185.496950,0.0
reward/collision,5064,1786558188.041189,0.0
reward/collision,5087,1786558191.285522,0.0
reward/collision,5109,1786558194.454671,0.0
reward/collision,5131,1786558197.683924,0.0
reward/collision,5153,1786558200.831539,0.0
reward/collision,5171,1786558203.318169,0.0
reward/collision,5192,1786558206.312474,0.0
reward/collision,5223,1786558211.020943,0.0
reward/collision,5244,1786558214.064106,0.0
reward/collision,5259,1786558216.087970,0.0
reward/collision,5274,1786558218.045789,0.0
reward/collision,5291,1786558220.270904,0.0
reward/collision,5317,1786558223.616315,0.0
reward/collision,5341,1786558226.664979,0.0
reward/collision,5367,1786558230.476545,0.0
reward/collision,5381,1786558232.363317,0.0
reward/collision,5395,1786558234.286901,0.0
reward/collision,5418,1786558237.410545,0.0
reward/collision,5433,1786558239.403829,0.0
reward/collision,5451,1786558241.804450,0.0
reward/collision,5471,1786558244.549345,0.0
reward/collision,5494,1786558247.784819,0.0
reward/collision,5509,1786558249.895696,0.0
reward/collision,5537,1786558255.028702,0.0
reward/collision,5552,1786558257.545794,0.0
reward/collision,5571,1786558260.710413,0.0
reward/collision,5592,1786558264.260197,0.0
reward/collision,5610,1786558267.248940,0.0
reward/collision,5632,1786558270.906523,0.0
reward/collision,5653,1786558274.364291,0.0
reward/collision,5668,1786558276.886569,0.0
reward/collision,5680,1786558278.870499,0.0
reward/collision,5700,1786558282.190233,0.0
reward/collision,5716,1786558284.804693,0.0
reward/collision,5746,1786558289.723638,0.0
reward/collision,5773,1786558294.060361,0.0
reward/collision,5789,1786558296.651230,0.0
reward/collision,5805,1786558299.216274,0.0
reward/collision,5821,1786558301.762669,0.0
reward/collision,5837,1786558304.342292,0.0
reward/collision,5861,1786558308.258279,0.0
reward/collision,5884,1786558312.027457,0.0
reward/collision,5905,1786558315.392759,0.0
reward/collision,5926,1786558318.707321,0.0
reward/collision,5941,1786558321.095317,0.0
reward/collision,5961,1786558324.211866,0.0
reward/collision,5981,1786558327.407520,0.0
reward/collision,6004,1786558331.100615,0.0
reward/collision,6025,1786558334.264473,0.0
reward/collision,6042,1786558336.758657,0.0
reward/collision,6059,1786558339.146311,0.0
reward/collision,6079,1786558341.834320,0.0
reward/collision,6094,1786558343.573478,0.0
reward/collision,6112,1786558345.613600,0.0
reward/collision,6135,1786558348.154278,0.0
reward/collision,6148,1786558349.566007,0.0
reward/collision,6164,1786558351.223869,0.0
reward/collision,6190,1786558353.803140,0.0
reward/collision,6214,1786558356.101696,0.0
reward/collision,6236,1786558358.213769,0.0
reward/collision,6259,1786558360.421155,0.0
reward/collision,6285,1786558362.951995,0.0
reward/collision,6305,1786558364.898237,0.0
reward/collision,6325,1786558366.895444,0.0
reward/collision,6341,1786558368.526536,0.0
reward/collision,6362,1786558370.707690,0.0
reward/collision,6394,1786558374.148899,0.0
reward/collision,6414,1786558376.274336,0.0
reward/collision,6439,1786558378.870357,0.0
reward/collision,6457,1786558380.765513,0.0
reward/collision,6472,1786558382.339332,0.0
reward/collision,6500,1786558385.249480,0.0
reward/collision,6520,1786558387.365698,0.0
reward/collision,6541,1786558389.587380,0.0
reward/collision,6560,1786558391.617646,0.0
reward/collision,6581,1786558393.922665,0.0
reward/collision,6597,1786558395.682504,0.0
reward/collision,6616,1786558397.745697,0.0
reward/collision,6636,1786558400.005011,0.0
reward/collision,6661,1786558402.621732,0.0
reward/collision,6686,1786558405.069931,0.0
reward/collision,6704,1786558406.884397,0.0
reward/collision,6719,1786558410.803126,0.0
reward/collision,6744,1786558414.344981,0.0
reward/collision,6761,1786558416.651437,0.0
reward/collision,6789,1786558422.806250,0.0
reward/collision,6813,1786558426.904539,0.0
reward/collision,6826,1786558429.183897,0.0
reward/collision,6845,1786558432.530396,0.0
reward/collision,6861,1786558435.239055,0.0
reward/collision,6876,1786558437.715182,0.0
reward/collision,6896,1786558440.955020,0.0
reward/collision,6913,1786558443.689339,0.0
reward/collision,6943,1786558448.540262,0.0
reward/collision,6963,1786558451.201422,0.0
reward/collision,6978,1786558453.191039,0.0
reward/collision,6994,1786558455.317663,0.0
reward/collision,7014,1786558458.002893,0.0
reward/collision,7031,1786558460.266215,0.0
reward/collision,7053,1786558463.186910,0.0
reward/collision,7073,1786558465.801611,0.0
reward/collision,7089,1786558467.865815,0.0
reward/collision,7119,1786558471.674777,0.0
reward/collision,7136,1786558473.861377,0.0
reward/collision,7157,1786558476.550337,0.0
reward/collision,7177,1786558479.113655,0.0
reward/collision,7194,1786558481.303917,0.0
reward/collision,7210,1786558483.380827,0.0
reward/collision,7227,1786558485.575877,0.0
reward/collision,7250,1786558488.562947,0.0
reward/collision,7269,1786558491.030756,0.0
reward/collision,7292,1786558494.073216,0.0
reward/collision,7310,1786558496.455020,0.0
reward/collision,7329,1786558498.984573,0.0
reward/collision,7347,1786558503.345289,0.0
reward/collision,7371,1786558507.149886,0.0
reward/collision,7392,1786558510.490131,0.0
reward/collision,7410,1786558513.298485,0.0
reward/collision,7430,1786558516.429903,0.0
reward/collision,7444,1786558518.591461,0.0
reward/collision,7465,1786558521.837690,0.0
reward/collision,7484,1786558524.754403,0.0
reward/collision,7510,1786558528.714802,0.0
reward/collision,7531,1786558531.874477,0.0
reward/collision,7547,1786558534.323908,0.0
reward/collision,7563,1786558536.738436,0.0
reward/collision,7583,1786558539.698283,0.0
reward/collision,7611,1786558543.815023,0.0
reward/collision,7637,1786558547.554203,0.0
reward/collision,7653,1786558549.840421,0.0
reward/collision,7671,1786558552.505776,0.0
reward/collision,7693,1786558555.557385,0.0
reward/collision,7718,1786558558.949370,0.0
reward/collision,7737,1786558561.704490,0.0
reward/collision,7763,1786558565.123377,0.0
reward/collision,7783,1786558567.738721,0.0
reward/collision,7793,1786558568.927228,0.0
reward/collision,7817,1786558571.754509,0.0
reward/collision,7840,1786558574.443759,0.0
reward/collision,7856,1786558576.307270,0.0
reward/collision,7870,1786558577.980822,0.0
reward/collision,7887,1786558579.936530,0.0
reward/collision,7916,1786558583.214432,0.0
reward/collision,7932,1786558585.019541,0.0
reward/collision,7951,1786558587.138626,0.0
reward/collision,7969,1786558589.102761,0.0
reward/collision,7990,1786558591.393982,0.0
reward/collision,8006,1786558593.757705,0.0
reward/collision,8022,1786558595.849215,0.0
reward/collision,8050,1786558599.420967,0.0
reward/collision,8076,1786558602.614379,0.0
reward/collision,8093,1786558604.690961,0.0
reward/collision,8115,1786558607.305251,0.0
reward/collision,8128,1786558608.827985,0.0
reward/collision,8151,1786558611.385814,0.0
reward/collision,8179,1786558614.344420,0.0
reward/collision,8198,1786558616.337450,0.0
reward/collision,8216,1786558618.226470,0.0
reward/collision,8233,1786558620.003383,0.0
reward/collision,8245,1786558621.260006,0.0
reward/collision,8269,1786558623.792299,0.0
reward/collision,8288,1786558625.836965,0.0
reward/collision,8311,1786558628.392242,0.0
reward/collision,8327,1786558630.168299,0.0
reward/collision,8349,1786558632.664896,0.0
reward/collision,8366,1786558634.595489,0.0
reward/collision,8394,1786558637.741968,0.0
reward/collision,8412,1786558639.771249,0.0
reward/collision,8427,1786558641.446914,0.0
reward/collision,8446,1786558643.553860,0.0
reward/collision,8468,1786558645.967000,0.0
reward/collision,8490,1786558648.422369,0.0
reward/collision,8507,1786558650.332342,0.0
reward/collision,8529,1786558652.827591,0.0
reward/collision,8549,1786558655.104691,0.0
reward/collision,8574,1786558657.856287,0.0
reward/collision,8595,1786558660.138731,0.0
reward/collision,8620,1786558662.747597,0.0
reward/collision,8646,1786558665.366820,0.0
reward/collision,8660,1786558667.266668,0.0
reward/collision,8683,1786558669.845348,0.0
reward/collision,8705,1786558672.335358,0.0
reward/collision,8727,1786558675.385618,0.0
reward/collision,8747,1786558678.064655,0.0
reward/collision,8763,1786558680.193248,0.0
reward/collision,8782,1786558682.732401,0.0
reward/collision,8802,1786558685.397248,0.0
reward/collision,8825,1786558688.433609,0.0
reward/collision,8846,1786558691.194733,0.0
reward/collision,8864,1786558693.535469,0.0
reward/collision,8887,1786558696.465790,0.0
reward/collision,8904,1786558698.563705,0.0
reward/collision,8930,1786558701.759575,0.0
reward/collision,8947,1786558703.850969,0.0
reward/collision,8967,1786558706.328493,0.0
reward/collision,8982,1786558708.174770,0.0
reward/collision,8996,1786558709.897137,0.0
reward/collision,9008,1786558711.371972,0.0
reward/collision,9032,1786558714.259609,0.0
reward/collision,9053,1786558716.792402,0.0
reward/collision,9085,1786558720.605325,0.0
reward/collision,9103,1786558722.723965,0.0
reward/collision,9122,1786558724.912958,0.0
reward/collision,9133,1786558726.156913,0.0
reward/collision,9158,1786558728.974304,0.0
reward/collision,9178,1786558731.188195,0.0
reward/collision,9203,1786558733.974643,0.0
reward/collision,9223,1786558736.208570,0.0
reward/collision,9241,1786558738.238569,0.0
reward/collision,9264,1786558740.830425,0.0
reward/collision,9286,1786558743.308860,0.0
reward/collision,9304,1786558745.372750,0.0
reward/collision,9315,1786558746.651865,0.0
reward/collision,9332,1786558748.599988,0.0
reward/collision,9356,1786558751.355270,0.0
reward/collision,9380,1786558754.169883,0.0
reward/collision,9396,1786558756.037795,0.0
reward/collision,9411,1786558757.748197,0.0
reward/collision,9430,1786558760.321380,0.0
reward/collision,9444,1786558762.000302,0.0
reward/collision,9463,1786558764.291873,0.0
reward/collision,9480,1786558766.334184,0.0
reward/collision,9500,1786558768.734533,0.0
reward/collision,9519,1786558771.011332,0.0
reward/collision,9536,1786558773.017155,0.0
reward/collision,9554,1786558775.156947,0.0
reward/collision,9576,1786558777.748610,0.0
reward/collision,9594,1786558779.862607,0.0
reward/collision,9614,1786558782.227704,0.0
reward/collision,9628,1786558783.829680,0.0
reward/collision,9643,1786558785.553438,0.0
reward/collision,9662,1786558787.681949,0.0
reward/collision,9683,1786558790.033662,0.0
reward/collision,9702,1786558792.165734,0.0
reward/collision,9720,1786558794.141345,0.0
reward/collision,9741,1786558796.421928,0.0
reward/collision,9764,1786558798.926908,0.0
reward/collision,9780,1786558800.677651,0.0
reward/collision,9798,1786558802.662985,0.0
reward/collision,9814,1786558804.469734,0.0
reward/collision,9831,1786558806.378235,0.0
reward/collision,9857,1786558809.281934,0.0
reward/collision,9871,1786558810.909871,0.0
reward/collision,9893,1786558813.491941,0.0
reward/collision,9908,1786558815.271780,0.0
reward/collision,9934,1786558818.462479,0.0
reward/collision,9954,1786558820.883235,0.0
reward/collision,9974,1786558823.300317,0.0
reward/collision,9998,1786558826.249728,0.0
reward/collision,10011,1786558827.952026,0.0
reward/collision,10029,1786558830.109207,0.0
reward/collision,10057,1786558833.503224,0.0
reward/collision,10073,1786558835.412338,0.0
reward/collision,10096,1786558840.072811,0.0
reward/collision,10110,1786558842.411144,0.0
reward/collision,10127,1786558845.187680,0.0
reward/collision,10148,1786558848.674112,0.0
reward/collision,10168,1786558852.023468,0.0
reward/collision,10190,1786558855.644514,0.0
reward/collision,10213,1786558859.605785,0.0
reward/collision,10228,1786558862.146997,0.0
reward/collision,10242,1786558864.169341,0.0
reward/collision,10263,1786558867.162978,0.0
reward/collision,10286,1786558870.310701,0.0
reward/collision,10306,1786558872.922657,0.0
reward/collision,10333,1786558876.499511,0.0
reward/collision,10350,1786558878.710518,0.0
reward/collision,10374,1786558881.747996,0.0
reward/collision,10396,1786558884.475955,0.0
reward/collision,10418,1786558887.144551,0.0
reward/collision,10439,1786558889.565711,0.0
reward/collision,10462,1786558892.112254,0.0
reward/collision,10487,1786558894.832862,0.0
reward/collision,10505,1786558896.731679,0.0
reward/collision,10527,1786558899.028665,0.0
reward/collision,10544,1786558900.768330,0.0
reward/collision,10566,1786558902.992558,0.0
reward/collision,10580,1786558904.392771,0.0
reward/collision,10606,1786558906.981352,0.0
reward/collision,10621,1786558908.462754,0.0
reward/collision,10638,1786558910.120484,0.0
reward/collision,10652,1786558911.476529,0.0
reward/collision,10666,1786558912.834404,0.0
reward/collision,10681,1786558914.290244,0.0
reward/collision,10702,1786558916.355645,0.0
reward/collision,10716,1786558917.741845,0.0
reward/collision,10741,1786558920.220657,0.0
reward/collision,10766,1786558922.836396,0.0
reward/collision,10783,1786558924.304463,0.0
reward/collision,10803,1786558925.987281,0.0
reward/collision,10828,1786558929.820200,0.0
reward/collision,10851,1786558932.710503,0.0
reward/collision,10866,1786558934.614118,0.0
reward/collision,10886,1786558937.197590,0.0
reward/collision,10913,1786558940.746714,0.0
reward/collision,10932,1786558943.226496,0.0
reward/collision,10953,1786558945.853976,0.0
reward/collision,10969,1786558947.826484,0.0
reward/collision,10989,1786558950.325416,0.0
reward/collision,11017,1786558953.664285,0.0
reward/collision,11036,1786558955.938023,0.0
reward/collision,11053,1786558957.900904,0.0
reward/collision,11072,1786558960.078662,0.0
reward/collision,11089,1786558962.030630,0.0
reward/collision,11108,1786558964.203832,0.0
reward/collision,11127,1786558966.369008,0.0
reward/collision,11149,1786558968.848394,0.0
reward/collision,11168,1786558970.986636,0.0
reward/collision,11187,1786558973.132072,0.0
reward/collision,11203,1786558974.875580,0.0
reward/collision,11223,1786558977.011582,0.0
reward/collision,11242,1786558978.979624,0.0
reward/collision,11266,1786558983.378441,0.0
reward/collision,11285,1786558986.587729,0.0
reward/collision,11301,1786558989.292752,0.0
reward/collision,11318,1786558992.179929,0.0
reward/collision,11343,1786558996.391798,0.0
reward/collision,11364,1786558999.916588,0.0
reward/collision,11385,1786559003.434499,0.0
reward/collision,11405,1786559006.758416,0.0
reward/collision,11426,1786559010.193925,0.0
reward/collision,11447,1786559013.718232,0.0
reward/collision,11472,1786559018.193392,0.0
reward/collision,11497,1786559021.870458,0.0
reward/collision,11517,1786559024.586921,0.0
reward/collision,11537,1786559027.259316,0.0
reward/collision,11559,1786559030.209999,0.0
reward/collision,11574,1786559032.165928,0.0
reward/collision,11604,1786559035.975998,0.0
reward/collision,11639,1786559040.443900,0.0
reward/collision,11655,1786559042.274416,0.0
reward/collision,11675,1786559044.577575,0.0
reward/collision,11689,1786559046.219539,0.0
reward/collision,11721,1786559050.032671,0.0
reward/collision,11739,1786559052.175209,0.0
reward/collision,11755,1786559054.138702,0.0
reward/collision,11768,1786559056.317384,0.0
reward/collision,11791,1786559059.335922,0.0
reward/collision,11811,1786559061.875609,0.0
reward/collision,11826,1786559063.815032,0.0
reward/collision,11858,1786559067.795472,0.0
reward/collision,11874,1786559069.543954,0.0
reward/collision,11894,1786559071.742695,0.0
reward/collision,11909,1786559073.365324,0.0
reward/collision,11929,1786559075.564403,0.0
reward/collision,11943,1786559077.109967,0.0
reward/collision,11962,1786559079.181909,0.0
reward/collision,11978,1786559080.842902,0.0
reward/collision,12003,1786559083.508996,0.0
reward/collision,12020,1786559085.219506,0.0
reward/collision,12039,1786559087.126821,0.0
reward/collision,12058,1786559089.048435,0.0
reward/collision,12073,1786559090.573734,0.0
reward/collision,12085,1786559091.774515,0.0
reward/collision,12102,1786559093.459323,0.0
reward/collision,12124,1786559095.634347,0.0
reward/collision,12142,1786559097.924732,0.0
reward/collision,12166,1786559100.548403,0.0
reward/collision,12188,1786559102.811706,0.0
reward/collision,12219,1786559105.843617,0.0
reward/collision,12241,1786559107.934906,0.0
reward/collision,12258,1786559110.485688,0.0
reward/collision,12273,1786559112.424646,0.0
reward/collision,12295,1786559115.139837,0.0
reward/collision,12314,1786559117.469459,0.0
reward/collision,12331,1786559119.518716,0.0
reward/collision,12344,1786559121.056547,0.0
reward/collision,12368,1786559123.887689,0.0
reward/collision,12386,1786559125.985136,0.0
reward/collision,12405,1786559128.173270,0.0
reward/collision,12418,1786559129.650503,0.0
reward/collision,12443,1786559132.464552,0.0
reward/collision,12460,1786559134.314837,0.0
reward/collision,12471,1786559135.528350,0.0
reward/collision,12494,1786559138.672238,0.0
reward/collision,12509,1786559140.620822,0.0
reward/collision,12525,1786559142.699096,0.0
reward/collision,12541,1786559144.733873,0.0
reward/collision,12559,1786559147.045126,0.0
reward/collision,12584,1786559150.241920,0.0
reward/collision,12600,1786559152.293559,0.0
reward/collision,12628,1786559155.873901,0.0
reward/collision,12657,1786559159.592824,0.0
reward/collision,12685,1786559163.229954,0.0
reward/collision,12700,1786559165.209117,0.0
reward/collision,12716,1786559167.326957,0.0
reward/collision,12733,1786559169.580976,0.0
reward/collision,12754,1786559172.734026,0.0
reward/collision,12782,1786559176.443719,0.0
reward/collision,12812,1786559180.393839,0.0
reward/collision,12837,1786559183.651225,0.0
reward/collision,12857,1786559186.275407,0.0
reward/collision,12876,1786559188.735150,0.0
reward/collision,12898,1786559191.526964,0.0
reward/collision,12921,1786559194.412459,0.0
reward/collision,12941,1786559196.896836,0.0
reward/collision,12961,1786559199.402693,0.0
reward/collision,12985,1786559202.446164,0.0
reward/collision,13009,1786559205.552367,0.0
reward/collision,13026,1786559207.720640,0.0
reward/collision,13064,1786559214.268176,0.0
reward/collision,13078,1786559216.593068,0.0
reward/collision,13094,1786559219.228524,0.0
reward/collision,13112,1786559222.177196,0.0
reward/collision,13126,1786559224.466787,0.0
reward/collision,13148,1786559228.030195,0.0
reward/collision,13172,1786559231.847726,0.0
reward/collision,13192,1786559235.115958,0.0
reward/collision,13207,1786559237.571676,0.0
reward/collision,13229,1786559241.157493,0.0
reward/collision,13252,1786559244.776952,0.0
reward/collision,13275,1786559248.365389,0.0
reward/collision,13289,1786559250.541542,0.0
reward/collision,13319,1786559255.188454,0.0
reward/collision,13345,1786559259.151833,0.0
reward/collision,13363,1786559261.899371,0.0
reward/collision,13376,1786559263.855256,0.0
reward/collision,13403,1786559267.897936,0.0
reward/collision,13422,1786559270.635978,0.0
reward/collision,13437,1786559272.701437,0.0
reward/collision,13459,1786559275.692282,0.0
reward/collision,13477,1786559278.090789,0.0
reward/collision,13493,1786559280.200194,0.0
reward/collision,13508,1786559282.139584,0.0
reward/collision,13540,1786559286.175246,0.0
reward/collision,13559,1786559288.288414,0.0
reward/collision,13580,1786559292.721004,0.0
reward/collision,13594,1786559294.808379,0.0
reward/collision,13612,1786559297.509275,0.0
reward/collision,13637,1786559301.204773,0.0
reward/collision,13654,1786559303.731778,0.0
reward/collision,13667,1786559305.664860,0.0
reward/collision,13690,1786559309.002834,0.0
reward/collision,13705,1786559311.187298,0.0
reward/collision,13726,1786559314.194823,0.0
reward/collision,13744,1786559316.769335,0.0
reward/collision,13762,1786559319.284315,0.0
reward/collision,13783,1786559322.261416,0.0
reward/collision,13802,1786559324.951579,0.0
reward/collision,13820,1786559327.511737,0.0
reward/collision,13846,1786559331.265841,0.0
reward/collision,13865,1786559334.011776,0.0
reward/collision,13878,1786559335.875789,0.0
reward/collision,13898,1786559338.740242,0.0
reward/collision,13923,1786559342.245569,0.0
reward/collision,13942,1786559344.875339,0.0
reward/collision,13962,1786559347.619830,0.0
reward/collision,13987,1786559351.033770,0.0
reward/collision,14003,1786559353.332322,0.0
reward/collision,14030,1786559360.473556,0.0
reward/collision,14051,1786559364.738590,0.0
reward/collision,14066,1786559367.757763,0.0
reward/collision,14094,1786559373.226501,0.0
reward/collision,14110,1786559376.300230,0.0
reward/collision,14127,1786559379.532737,0.0
reward/collision,14150,1786559383.818260,0.0
reward/collision,14169,1786559387.323765,0.0
reward/collision,14193,1786559391.715185,0.0
reward/collision,14210,1786559394.828418,0.0
reward/collision,14234,1786559399.204106,0.0
reward/collision,14249,1786559401.935790,0.0
reward/collision,14268,1786559405.386402,0.0
reward/collision,14299,1786559411.006671,0.0
reward/collision,14328,1786559416.290332,0.0
reward/collision,14345,1786559419.349660,0.0
reward/collision,14360,1786559422.008551,0.0
reward/collision,14381,1786559424.951712,0.0
reward/collision,14399,1786559427.495972,0.0
reward/collision,14419,1786559430.247691,0.0
reward/collision,14446,1786559434.962341,0.0
reward/collision,14458,1786559437.070363,0.0
reward/collision,14470,1786559438.531754,0.0
reward/collision,14493,1786559441.317793,0.0
reward/collision,14510,1786559443.396781,0.0
reward/collision,14529,1786559445.742912,0.0
reward/collision,14545,1786559447.681637,0.0
reward/collision,14569,1786559450.559454,0.0
reward/collision,14589,1786559452.949270,0.0
reward/collision,14605,1786559454.876192,0.0
reward/collision,14624,1786559457.138403,0.0
reward/collision,14650,1786559460.147151,0.0
reward/collision,14664,1786559461.753847,0.0
reward/collision,14681,1786559463.691917,0.0
reward/collision,14709,1786559466.830811,0.0
reward/collision,14727,1786559468.863516,0.0
reward/collision,14750,1786559471.396688,0.0
reward/collision,14773,1786559473.812303,0.0
reward/collision,14797,1786559476.376908,0.0
reward/collision,14817,1786559478.484210,0.0
reward/collision,14844,1786559481.220529,0.0
reward/collision,14865,1786559483.254481,0.0
reward/collision,14885,1786559485.174706,0.0
reward/collision,14902,1786559486.711321,0.0
reward/collision,14922,1786559490.163775,0.0
reward/collision,14940,1786559492.207572,0.0
reward/collision,14954,1786559493.769629,0.0
reward/collision,14985,1786559497.188296,0.0
reward/collision,15002,1786559498.872740,0.0
reward/collision,15021,1786559500.835446,0.0
reward/collision,15043,1786559503.017547,0.0
reward/collision,15062,1786559505.647190,0.0
reward/collision,15083,1786559508.448952,0.0
reward/collision,15112,1786559512.329904,0.0
reward/collision,15131,1786559514.903379,0.0
reward/collision,15152,1786559517.717427,0.0
reward/collision,15168,1786559519.845298,0.0
reward/collision,15192,1786559523.012018,0.0
reward/collision,15208,1786559525.134688,0.0
reward/collision,15231,1786559528.112472,0.0
reward/collision,15251,1786559530.678919,0.0
reward/collision,15267,1786559532.702283,0.0
reward/collision,15291,1786559535.671570,0.0
reward/collision,15306,1786559537.514670,0.0
reward/collision,15331,1786559540.600494,0.0
reward/collision,15353,1786559543.286121,0.0
reward/collision,15371,1786559545.483290,0.0
reward/collision,15393,1786559548.168208,0.0
reward/collision,15411,1786559550.414662,0.0
reward/collision,15434,1786559553.290530,0.0
reward/collision,15449,1786559555.145722,0.0
reward/collision,15474,1786559558.295681,0.0
reward/collision,15497,1786559562.919442,0.0
reward/collision,15517,1786559566.220654,0.0
reward/collision,15535,1786559569.163716,0.0
reward/collision,15553,1786559572.106388,0.0
reward/collision,15566,1786559574.242925,0.0
reward/collision,15590,1786559578.167181,0.0
reward/collision,15614,1786559582.050146,0.0
reward/collision,15640,1786559586.266649,0.0
reward/collision,15662,1786559589.801732,0.0
reward/collision,15687,1786559593.765451,0.0
reward/collision,15713,1786559597.854156,0.0
reward/collision,15729,1786559600.393136,0.0
reward/collision,15753,1786559604.208958,0.0
reward/collision,15767,1786559606.421734,0.0
reward/collision,15792,1786559610.352299,0.0
reward/collision,15815,1786559613.438452,0.0
reward/collision,15840,1786559616.745425,0.0
reward/collision,15856,1786559618.861817,0.0
reward/collision,15884,1786559622.512989,0.0
reward/collision,15900,1786559624.583729,0.0
reward/collision,15925,1786559627.750277,0.0
reward/collision,15940,1786559629.633575,0.0
reward/collision,15964,1786559632.773967,0.0
reward/collision,15982,1786559635.076133,0.0
reward/collision,16008,1786559638.542003,0.0
reward/collision,16024,1786559640.592487,0.0
reward/collision,16039,1786559642.485045,0.0
reward/collision,16062,1786559645.359954,0.0
reward/collision,16082,1786559647.844763,0.0
reward/collision,16102,1786559650.283835,0.0
reward/collision,16113,1786559651.595072,0.0
reward/collision,16129,1786559653.484634,0.0
reward/collision,16146,1786559655.464188,0.0
reward/collision,16166,1786559657.766676,0.0
reward/collision,16176,1786559658.939389,0.0
reward/collision,16196,1786559661.259619,0.0
reward/collision,16211,1786559662.989721,0.0
reward/collision,16235,1786559665.760371,0.0
reward/collision,16251,1786559667.600920,0.0
reward/collision,16275,1786559670.317974,0.0
reward/collision,16291,1786559672.186432,0.0
reward/collision,16317,1786559675.159719,0.0
reward/collision,16349,1786559678.893623,0.0
reward/collision,16368,1786559681.135835,0.0
reward/collision,16395,1786559684.269343,0.0
reward/collision,16408,1786559686.081051,0.0
reward/collision,16428,1786559688.812876,0.0
reward/collision,16446,1786559691.203492,0.0
reward/collision,16466,1786559693.758300,0.0
reward/collision,16486,1786559696.309389,0.0
reward/collision,16506,1786559698.784360,0.0
reward/collision,16529,1786559701.536710,0.0
reward/collision,16555,1786559704.555301,0.0
reward/collision,16572,1786559706.451140,0.0
reward/collision,16585,1786559707.844989,0.0
reward/collision,16603,1786559709.735232,0.0
reward/collision,16627,1786559712.265561,0.0
reward/collision,16645,1786559714.145946,0.0
reward/collision,16665,1786559716.243516,0.0
reward/collision,16680,1786559717.829498,0.0
reward/collision,16697,1786559719.666055,0.0
reward/collision,16725,1786559722.771927,0.0
reward/collision,16742,1786559724.699543,0.0
reward/collision,16769,1786559727.788759,0.0
reward/collision,16787,1786559729.825718,0.0
reward/collision,16803,1786559731.626763,0.0
reward/collision,16823,1786559733.877754,0.0
reward/collision,16843,1786559736.095383,0.0
reward/collision,16864,1786559738.427790,0.0
reward/collision,16885,1786559740.790662,0.0
reward/collision,16903,1786559742.853447,0.0
reward/collision,16924,1786559745.300622,0.0
reward/collision,16942,1786559747.341925,0.0
reward/collision,16959,1786559749.238425,0.0
reward/collision,16977,1786559751.268393,0.0
reward/collision,16997,1786559755.620741,0.0
reward/collision,17012,1786559757.561290,0.0
reward/collision,17026,1786559759.355581,0.0
reward/collision,17045,1786559761.814670,0.0
reward/collision,17069,1786559764.922990,0.0
reward/collision,17094,1786559767.973923,0.0
reward/collision,17116,1786559770.588577,0.0
reward/collision,17134,1786559774.668285,0.0
reward/collision,17156,1786559777.916568,0.0
reward/collision,17173,1786559780.375471,0.0
reward/collision,17198,1786559784.191510,0.0
reward/collision,17216,1786559786.537405,0.0
reward/collision,17243,1786559790.014123,0.0
reward/collision,17256,1786559791.687290,0.0
reward/collision,17286,1786559795.525397,0.0
reward/collision,17322,1786559800.139489,0.0
reward/collision,17345,1786559803.101339,0.0
reward/collision,17362,1786559805.271379,0.0
reward/collision,17388,1786559808.517750,0.0
reward/collision,17406,1786559810.714155,0.0
reward/collision,17434,1786559814.185754,0.0
reward/collision,17458,1786559817.191290,0.0
reward/collision,17481,1786559820.043571,0.0
reward/collision,17504,1786559822.833340,0.0
reward/collision,17521,1786559824.888547,0.0
reward/collision,17537,1786559826.795763,0.0
reward/collision,17557,1786559829.092117,0.0
reward/collision,17577,1786559831.382918,0.0
reward/collision,17595,1786559833.439285,0.0
reward/collision,17616,1786559835.846655,0.0
reward/collision,17630,1786559837.423842,0.0
reward/collision,17643,1786559838.880588,0.0
reward/collision,17669,1786559841.783759,0.0
reward/collision,17687,1786559843.785810,0.0
reward/collision,17699,1786559845.088796,0.0
reward/collision,17722,1786559847.597441,0.0
reward/collision,17735,1786559849.031796,0.0
reward/collision,17754,1786559851.106331,0.0
reward/collision,17782,1786559854.100755,0.0
reward/collision,17805,1786559856.582784,0.0
reward/collision,17824,1786559858.635158,0.0
reward/collision,17841,1786559860.453269,0.0
reward/collision,17866,1786559863.160620,0.0
reward/collision,17884,1786559865.105306,0.0
reward/collision,17901,1786559866.908153,0.0
reward/collision,17925,1786559869.411734,0.0
reward/collision,17941,1786559871.064932,0.0
reward/collision,17965,1786559873.543320,0.0
reward/collision,17980,1786559875.134248,0.0
reward/collision,18003,1786559877.662484,0.0
reward/collision,18025,1786559879.949461,0.0
reward/collision,18042,1786559881.715443,0.0
reward/collision,18062,1786559883.808988,0.0
reward/collision,18081,1786559885.848373,0.0
reward/collision,18107,1786559888.591760,0.0
reward/collision,18121,1786559890.083725,0.0
reward/collision,18136,1786559891.682702,0.0
reward/collision,18153,1786559893.535948,0.0
reward/collision,18176,1786559896.105407,0.0
reward/collision,18197,1786559898.439103,0.0
reward/collision,18215,1786559901.079823,0.0
reward/collision,18231,1786559903.054748,0.0
reward/collision,18245,1786559904.762276,0.0
reward/collision,18265,1786559907.210369,0.0
reward/collision,18278,1786559908.761797,0.0
reward/collision,18300,1786559911.280859,0.0
reward/collision,18318,1786559913.382114,0.0
reward/collision,18345,1786559916.472760,0.0
reward/collision,18366,1786559921.690551,0.0
reward/collision,18390,1786559925.729734,0.0
reward/collision,18405,1786559928.233052,0.0
reward/collision,18423,1786559931.180832,0.0
reward/collision,18441,1786559934.051089,0.0
reward/collision,18458,1786559936.730731,0.0
reward/collision,18479,1786559940.010688,0.0
reward/collision,18504,1786559943.886814,0.0
reward/collision,18523,1786559946.790122,0.0
reward/collision,18542,1786559949.688115,0.0
reward/collision,18556,1786559951.825189,0.0
reward/collision,18580,1786559955.491298,0.0
reward/collision,18592,1786559957.316727,0.0
reward/collision,18607,1786559959.271084,0.0
reward/collision,18626,1786559962.117824,0.0
reward/collision,18652,1786559965.737477,0.0
reward/collision,18670,1786559968.184699,0.0
reward/collision,18682,1786559969.632417,0.0
reward/collision,18701,1786559972.385204,0.0
reward/collision,18722,1786559975.637546,0.0
reward/collision,18739,1786559977.926092,0.0
reward/collision,18758,1786559980.508776,0.0
reward/collision,18778,1786559983.209029,0.0
reward/collision,18802,1786559986.369401,0.0
reward/collision,18821,1786559988.857744,0.0
reward/collision,18839,1786559991.217822,0.0
reward/collision,18860,1786559993.996696,0.0
reward/collision,18879,1786559996.586716,0.0
reward/collision,18894,1786559998.559732,0.0
reward/collision,18917,1786560001.592804,0.0
reward/collision,18932,1786560003.675221,0.0
reward/collision,18953,1786560006.629181,0.0
reward/collision,18977,1786560009.328802,0.0
reward/collision,18994,1786560011.242999,0.0
reward/collision,19014,1786560013.487905,0.0
reward/collision,19029,1786560015.142925,0.0
reward/collision,19044,1786560016.788338,0.0
reward/collision,19070,1786560019.620801,0.0
reward/collision,19092,1786560022.074988,0.0
reward/collision,19111,1786560024.157181,0.0
reward/collision,19135,1786560026.778708,0.0
reward/collision,19154,1786560028.878735,0.0
reward/collision,19185,1786560032.337876,0.0
reward/collision,19206,1786560034.734573,0.0
reward/collision,19227,1786560037.437814,0.0
reward/collision,19246,1786560039.375361,0.0
reward/collision,19275,1786560042.278480,0.0
reward/collision,19294,1786560044.167201,0.0
reward/collision,19319,1786560046.604615,0.0
reward/collision,19343,1786560048.893863,0.0
reward/collision,19363,1786560053.207771,0.0
reward/collision,19389,1786560057.444208,0.0
reward/collision,19408,1786560060.537573,0.0
reward/collision,19441,1786560065.963288,0.0
reward/collision,19461,1786560069.274288,0.0
reward/collision,19480,1786560072.417508,0.0
reward/collision,19494,1786560074.521676,0.0
reward/collision,19509,1786560076.756236,0.0
reward/collision,19534,1786560080.727605,0.0
reward/collision,19551,1786560083.080272,0.0
reward/collision,19581,1786560087.027129,0.0
reward/collision,19596,1786560088.830650,0.0
reward/collision,19612,1786560090.742931,0.0
reward/collision,19635,1786560093.472559,0.0
reward/collision,19665,1786560096.981370,0.0
reward/collision,19685,1786560099.299184,0.0
reward/collision,19699,1786560100.924874,0.0
reward/collision,19714,1786560102.642513,0.0
reward/collision,19736,1786560105.112310,0.0
reward/collision,19759,1786560107.779165,0.0
reward/collision,19772,1786560109.756188,0.0
reward/collision,19794,1786560112.309934,0.0
reward/collision,19813,1786560114.534669,0.0
reward/collision,19831,1786560116.611780,0.0
reward/collision,19852,1786560118.985331,0.0
reward/collision,19873,1786560121.352574,0.0
reward/collision,19887,1786560122.934932,0.0
reward/collision,19905,1786560124.942705,0.0
reward/collision,19933,1786560128.004396,0.0
reward/collision,19947,1786560129.498891,0.0
reward/collision,19971,1786560131.986696,0.0
reward/collision,20000,1786560135.510438,0.0
reward/heading,3,1786557530.575049,-0.00010679275874281302
reward/heading,24,1786557533.408083,-0.09391891211271286
reward/heading,53,1786557537.373044,-0.05801963061094284
reward/heading,79,1786557542.920232,-0.0001131843455368653
reward/heading,97,1786557545.694203,-0.22284293174743652
reward/heading,119,1786557549.062940,-0.1707586944103241
reward/heading,137,1786557551.759003,-0.23054692149162292
reward/heading,153,1786557554.180269,-0.09651561826467514
reward/heading,177,1786557557.677824,-0.02161910943686962
reward/heading,206,1786557561.085952,-0.2612231969833374
reward/heading,221,1786557562.898170,-0.14831939339637756
reward/heading,241,1786557565.342723,-0.25568538904190063
reward/heading,261,1786557567.656240,-0.017214307561516762
reward/heading,282,1786557570.022484,-0.1274411976337433
reward/heading,302,1786557572.377189,-0.1302226185798645
reward/heading,322,1786557574.712272,-0.07481703162193298
reward/heading,334,1786557576.064756,-0.14918847382068634
reward/heading,356,1786557578.534990,-0.08108347654342651
reward/heading,381,1786557581.371993,-0.008155962452292442
reward/heading,405,1786557584.012279,-0.05849398300051689
reward/heading,422,1786557585.035195,-0.08715810626745224
reward/heading,443,1786557587.255849,-0.1892593801021576
reward/heading,466,1786557589.842508,-0.18177086114883423
reward/heading,494,1786557593.365159,-0.0034120420459657907
reward/heading,517,1786557596.985526,-0.45946240425109863
reward/heading,545,1786557602.535123,-0.1093568503856659
reward/heading,556,1786557604.042849,-0.042869701981544495
reward/heading,580,1786557607.270962,-0.13838210701942444
reward/heading,599,1786557609.813462,-0.015340873040258884
reward/heading,621,1786557612.911165,-0.3340964913368225
reward/heading,646,1786557616.089166,-0.1069369688630104
reward/heading,668,1786557618.309238,-0.2789831757545471
reward/heading,686,1786557620.187520,-0.10073965787887573
reward/heading,708,1786557622.504087,-0.04830175265669823
reward/heading,729,1786557624.658759,-0.13186295330524445
reward/heading,751,1786557626.980526,-0.3736394941806793
reward/heading,771,1786557629.302571,-0.0003075950953643769
reward/heading,794,1786557631.665795,-0.12692199647426605
reward/heading,812,1786557633.567957,-0.018664764240384102
reward/heading,835,1786557635.971959,-0.1437838077545166
reward/heading,851,1786557637.617013,-0.11849815398454666
reward/heading,868,1786557639.320165,-0.3566928803920746
reward/heading,883,1786557640.812715,-0.0313001312315464
reward/heading,901,1786557642.642265,-0.017541443929076195
reward/heading,915,1786557644.008852,-0.2334902584552765
reward/heading,933,1786557645.725401,-0.21806548535823822
reward/heading,946,1786557647.855875,-0.008438405580818653
reward/heading,971,1786557651.397857,-0.06865356117486954
reward/heading,989,1786557653.936475,-0.0592600554227829
reward/heading,1004,1786557656.071834,-0.0830245316028595
reward/heading,1027,1786557659.305834,-0.24816590547561646
reward/heading,1053,1786557662.902591,-0.3671271800994873
reward/heading,1070,1786557665.286859,-0.00010679275874281302
reward/heading,1088,1786557667.344677,-0.1739051342010498
reward/heading,1102,1786557668.963395,-0.11238591372966766
reward/heading,1119,1786557670.842259,-0.022061364725232124
reward/heading,1146,1786557673.880924,-0.07617933303117752
reward/heading,1166,1786557676.122766,-0.010779264383018017
reward/heading,1186,1786557678.241701,-0.2804143726825714
reward/heading,1208,1786557680.437826,-0.27754515409469604
reward/heading,1228,1786557682.607235,-0.19714127480983734
reward/heading,1251,1786557685.211616,-0.08494608104228973
reward/heading,1266,1786557686.808753,-0.008537827990949154
reward/heading,1279,1786557688.293300,-0.3621804118156433
reward/heading,1300,1786557691.335194,-0.0027314440812915564
reward/heading,1323,1786557694.536854,-0.11980998516082764
reward/heading,1337,1786557696.454834,-0.24632437527179718
reward/heading,1357,1786557699.070974,-0.3860049545764923
reward/heading,1381,1786557701.799824,-0.008985638618469238
reward/heading,1398,1786557703.412230,-0.046495065093040466
reward/heading,1412,1786557704.716197,-0.14628277719020844
reward/heading,1433,1786557706.583509,-0.12678231298923492
reward/heading,1451,1786557708.171513,-0.028780782595276833
reward/heading,1468,1786557709.736418,-0.09419786930084229
reward/heading,1485,1786557711.286570,-0.08816514909267426
reward/heading,1515,1786557713.950385,-0.06778104603290558
reward/heading,1532,1786557715.366893,-0.23314137756824493
reward/heading,1552,1786557717.070566,-0.2433326244354248
reward/heading,1574,1786557718.859688,-0.6441910862922668
reward/heading,1595,1786557720.964562,-0.0005155879771336913
reward/heading,1611,1786557722.841599,-0.02169584110379219
reward/heading,1624,1786557724.366225,-0.05995521321892738
reward/heading,1637,1786557725.881063,-0.01855597458779812
reward/heading,1655,1786557728.016857,-0.18672727048397064
reward/heading,1675,1786557730.439064,-0.3538793921470642
reward/heading,1692,1786557732.532341,-0.34236666560173035
reward/heading,1707,1786557736.259464,-0.000523577444255352
reward/heading,1729,1786557740.678738,-0.017396166920661926
reward/heading,1747,1786557744.229548,-0.24365873634815216
reward/heading,1759,1786557746.557055,-0.3901633620262146
reward/heading,1773,1786557749.274657,-0.4296738803386688
reward/heading,1790,1786557752.562583,-0.6798133850097656
reward/heading,1808,1786557757.536522,-0.03401762247085571
reward/heading,1828,1786557760.911784,-0.07194077223539352
reward/heading,1858,1786557766.119715,-0.0011606055777519941
reward/heading,1880,1786557769.969525,-0.32066696882247925
reward/heading,1899,1786557773.304362,-0.17995698750019073
reward/heading,1919,1786557776.766002,-0.1535075306892395
reward/heading,1941,1786557780.542738,-0.47892212867736816
reward/heading,1968,1786557784.730752,-0.058389272540807724
reward/heading,1995,1786557787.841568,-0.23902297019958496
reward/heading,2014,1786557790.081377,-0.11255823820829391
reward/heading,2028,1786557791.644440,-0.5968189239501953
reward/heading,2048,1786557795.827444,-0.0004511394945438951
reward/heading,2061,1786557798.040340,-0.08814077824354172
reward/heading,2083,1786557801.778516,-0.006029130425304174
reward/heading,2104,1786557805.320729,-0.21438980102539062
reward/heading,2126,1786557808.264883,-0.8056448698043823
reward/heading,2147,1786557813.077628,-0.1819991022348404
reward/heading,2172,1786557816.984161,-0.0741802230477333
reward/heading,2197,1786557820.975011,-0.3345508277416229
reward/heading,2219,1786557824.512167,-0.6800081133842468
reward/heading,2233,1786557829.724104,-0.0003195793251506984
reward/heading,2248,1786557832.568994,-0.12991298735141754
reward/heading,2270,1786557836.909534,-0.45301514863967896
reward/heading,2289,1786557840.736081,-0.44960924983024597
reward/heading,2314,1786557845.460349,-0.00010679032129701227
reward/heading,2333,1786557847.725668,-0.11589645594358444
reward/heading,2351,1786557849.915943,-0.017438873648643494
reward/heading,2384,1786557854.080613,-0.3107636570930481
reward/heading,2405,1786557856.771999,-0.3345625698566437
reward/heading,2423,1786557859.085794,-0.27074819803237915
reward/heading,2449,1786557862.191635,-0.10306458920240402
reward/heading,2462,1786557863.652812,-0.08660557866096497
reward/heading,2477,1786557865.290359,-0.2341231256723404
reward/heading,2491,1786557866.849555,-0.0760769173502922
reward/heading,2513,1786557869.293859,-0.10318969935178757
reward/heading,2534,1786557871.715286,-0.03875831142067909
reward/heading,2557,1786557874.359054,-0.08941520005464554
reward/heading,2579,1786557876.850847,-0.1078125536441803
reward/heading,2602,1786557879.442592,-0.05833248794078827
reward/heading,2618,1786557881.204118,-0.032951027154922485
reward/heading,2647,1786557884.375331,-0.095050148665905
reward/heading,2673,1786557887.315477,-0.09842277318239212
reward/heading,2696,1786557889.791854,-0.02182384394109249
reward/heading,2717,1786557892.064775,-0.09317422658205032
reward/heading,2745,1786557895.160569,-0.16547846794128418
reward/heading,2766,1786557897.467638,-0.15428750216960907
reward/heading,2801,1786557901.404913,-0.11946869641542435
reward/heading,2823,1786557903.822793,-0.026978088542819023
reward/heading,2849,1786557906.594439,-0.11779304593801498
reward/heading,2864,1786557908.182138,-0.0489070899784565
reward/heading,2886,1786557910.513937,-0.06021807715296745
reward/heading,2904,1786557912.430937,-0.20182716846466064
reward/heading,2921,1786557914.204576,-0.045163221657276154
reward/heading,2938,1786557915.966153,-0.16618776321411133
reward/heading,2957,1786557917.968604,-0.09296337515115738
reward/heading,2976,1786557919.920088,-0.04766526073217392
reward/heading,2998,1786557922.146938,-0.028392493724822998
reward/heading,3023,1786557924.670778,-0.13736861944198608
reward/heading,3046,1786557927.031268,-0.10755418986082077
reward/heading,3064,1786557928.856043,-0.1655387580394745
reward/heading,3087,1786557931.169199,-0.11299535632133484
reward/heading,3108,1786557933.290515,-0.023647254332900047
reward/heading,3135,1786557936.020902,-0.03779700770974159
reward/heading,3159,1786557938.431006,-0.12111283838748932
reward/heading,3177,1786557940.230552,-0.12988679111003876
reward/heading,3196,1786557942.121600,-0.002349973190575838
reward/heading,3212,1786557943.703440,-0.018745988607406616
reward/heading,3230,1786557945.514130,-0.11868762224912643
reward/heading,3260,1786557948.573192,-0.06539981067180634
reward/heading,3283,1786557950.905473,-0.14061611890792847
reward/heading,3302,1786557952.816334,-0.3278246223926544
reward/heading,3331,1786557955.929155,-0.09525534510612488
reward/heading,3344,1786557957.555946,-0.15120549499988556
reward/heading,3363,1786557960.025528,-0.3082810044288635
reward/heading,3378,1786557962.073759,-0.17840196192264557
reward/heading,3406,1786557965.965969,-0.19416162371635437
reward/heading,3421,1786557968.153559,-0.09851925075054169
reward/heading,3434,1786557969.981161,-0.06554172933101654
reward/heading,3450,1786557972.260011,-0.03554854169487953
reward/heading,3472,1786557975.360769,-0.023545272648334503
reward/heading,3488,1786557977.581095,-0.04328515753149986
reward/heading,3509,1786557980.930720,-0.0006086654611863196
reward/heading,3532,1786557984.062701,-0.018296049907803535
reward/heading,3546,1786557985.923803,-0.050574492663145065
reward/heading,3564,1786557988.267877,-0.018786070868372917
reward/heading,3586,1786557991.138810,-0.010598315857350826
reward/heading,3607,1786557993.797842,-0.12311846762895584
reward/heading,3629,1786557996.610791,-0.022712502628564835
reward/heading,3659,1786558000.395871,-0.036042556166648865
reward/heading,3675,1786558002.417919,-0.010177137330174446
reward/heading,3690,1786558004.269978,-0.02001512050628662
reward/heading,3707,1786558006.354383,-0.012010989710688591
reward/heading,3722,1786558008.187459,-0.10331960022449493
reward/heading,3743,1786558010.783253,-0.0013129384024068713
reward/heading,3767,1786558013.770308,-0.03987244889140129
reward/heading,3788,1786558016.417339,-0.07874874025583267
reward/heading,3800,1786558017.900768,-0.07880999147891998
reward/heading,3818,1786558020.072855,-0.03452002629637718
reward/heading,3836,1786558022.219242,-0.04394162446260452
reward/heading,3856,1786558024.599974,-0.059834837913513184
reward/heading,3881,1786558027.539476,-0.011595803312957287
reward/heading,3898,1786558029.525840,-0.06587208807468414
reward/heading,3915,1786558031.519960,-0.0769100934267044
reward/heading,3931,1786558033.394771,-0.027849074453115463
reward/heading,3946,1786558035.105105,-0.025916684418916702
reward/heading,3962,1786558036.929899,-0.02956521511077881
reward/heading,3978,1786558038.737370,-0.03042222186923027
reward/heading,4002,1786558041.481312,-0.0333491675555706
reward/heading,4021,1786558043.623352,-0.03726494684815407
reward/heading,4039,1786558045.620364,-0.018674485385417938
reward/heading,4055,1786558047.373853,-0.23099540174007416
reward/heading,4071,1786558049.067009,-0.017660219222307205
reward/heading,4087,1786558050.732300,-0.1974298506975174
reward/heading,4105,1786558053.621336,-0.28213101625442505
reward/heading,4122,1786558056.524402,-0.13542120158672333
reward/heading,4148,1786558061.575896,-0.001199088292196393
reward/heading,4172,1786558064.537676,-0.04002678021788597
reward/heading,4188,1786558066.542534,-0.0068335384130477905
reward/heading,4208,1786558068.985198,-0.02845907211303711
reward/heading,4221,1786558070.569741,-0.016433967277407646
reward/heading,4240,1786558072.841885,-0.003823766717687249
reward/heading,4257,1786558074.860378,-0.01236132811754942
reward/heading,4270,1786558076.411012,-0.034360505640506744
reward/heading,4292,1786558079.007683,-0.04766885191202164
reward/heading,4308,1786558080.876420,-0.06948653608560562
reward/heading,4323,1786558082.608660,-0.02271529845893383
reward/heading,4363,1786558087.176945,-0.01598256267607212
reward/heading,4375,1786558088.514277,-0.038087863475084305
reward/heading,4396,1786558090.827977,-0.09276136010885239
reward/heading,4426,1786558094.057862,-0.27748313546180725
reward/heading,4451,1786558097.379933,-0.009163138456642628
reward/heading,4468,1786558099.748775,-0.36041730642318726
reward/heading,4486,1786558102.359967,-0.039931438863277435
reward/heading,4520,1786558107.573368,-0.07939522713422775
reward/heading,4538,1786558110.313990,-0.08147009462118149
reward/heading,4560,1786558113.674817,-0.05458388477563858
reward/heading,4585,1786558117.609047,-0.0059662796556949615
reward/heading,4602,1786558120.234785,-0.046011701226234436
reward/heading,4617,1786558122.554327,-0.039919719099998474
reward/heading,4636,1786558125.464113,-0.048417866230010986
reward/heading,4661,1786558129.314861,-0.10217723250389099
reward/heading,4680,1786558132.258330,-0.05499134585261345
reward/heading,4699,1786558135.150252,-0.03460032120347023
reward/heading,4716,1786558137.661176,-0.028073180466890335
reward/heading,4736,1786558140.656544,-0.06546742469072342
reward/heading,4762,1786558144.573083,-0.0999646782875061
reward/heading,4775,1786558146.501786,-0.00751996785402298
reward/heading,4795,1786558149.396362,-0.10739649832248688
reward/heading,4814,1786558152.211242,-0.03893381729722023
reward/heading,4827,1786558154.110227,-0.016643958166241646
reward/heading,4843,1786558156.472007,-0.07098869234323502
reward/heading,4860,1786558158.954111,-0.043002061545848846
reward/heading,4877,1786558161.408318,-0.04164091870188713
reward/heading,4894,1786558163.888809,-0.05372448265552521
reward/heading,4911,1786558166.306675,-0.058832958340644836
reward/heading,4929,1786558168.879956,-0.030248183757066727
reward/heading,4951,1786558171.931275,-0.023315975442528725
reward/heading,4974,1786558175.165793,-0.10411415249109268
reward/heading,4989,1786558177.307476,-0.030950725078582764
reward/heading,5007,1786558179.862188,-0.02329014241695404
reward/heading,5026,1786558182.599887,-0.0455552339553833
reward/heading,5046,1786558185.496872,-0.0015883093001320958
reward/heading,5064,1786558188.041007,-0.01410596538335085
reward/heading,5087,1786558191.285366,-0.12490145862102509
reward/heading,5109,1786558194.454586,-0.02785986103117466
reward/heading,5131,1786558197.683840,-0.025308286771178246
reward/heading,5153,1786558200.831333,-0.09452836960554123
reward/heading,5171,1786558203.318075,-0.043828707188367844
reward/heading,5192,1786558206.312222,-0.05188290402293205
reward/heading,5223,1786558211.020870,-0.5125163197517395
reward/heading,5244,1786558214.063927,-0.4321644604206085
reward/heading,5259,1786558216.087825,-0.3417285680770874
reward/heading,5274,1786558218.045717,-0.1574675291776657
reward/heading,5291,1786558220.270676,-0.14097070693969727
reward/heading,5317,1786558223.616162,-0.024176442995667458
reward/heading,5341,1786558226.664902,-0.055988967418670654
reward/heading,5367,1786558230.476262,-0.06764469295740128
reward/heading,5381,1786558232.363140,-0.0334789976477623
reward/heading,5395,1786558234.286817,-0.04320739209651947
reward/heading,5418,1786558237.410378,-0.005074253771454096
reward/heading,5433,1786558239.403628,-0.07894288748502731
reward/heading,5451,1786558241.804253,-0.004488624632358551
reward/heading,5471,1786558244.549206,-0.13943246006965637
reward/heading,5494,1786558247.784635,-0.7517344951629639
reward/heading,5509,1786558249.895624,-0.6944214105606079
reward/heading,5537,1786558255.028461,-0.24016493558883667
reward/heading,5552,1786558257.545706,-0.1996673047542572
reward/heading,5571,1786558260.710310,-0.10083100944757462
reward/heading,5592,1786558264.260020,-0.0675678625702858
reward/heading,5610,1786558267.248786,-0.0660272166132927
reward/heading,5632,1786558270.906265,-0.06130729988217354
reward/heading,5653,1786558274.364002,-0.03904007747769356
reward/heading,5668,1786558276.886302,-0.00634870957583189
reward/heading,5680,1786558278.870250,-0.03410524129867554
reward/heading,5700,1786558282.189966,-0.09781551361083984
reward/heading,5716,1786558284.804526,-0.029030852019786835
reward/heading,5746,1786558289.723495,-0.008281099610030651
reward/heading,5773,1786558294.060257,-0.01938275247812271
reward/heading,5789,1786558296.651055,-0.008861135691404343
reward/heading,5805,1786558299.216200,-0.06352811306715012
reward/heading,5821,1786558301.762577,-0.006462426856160164
reward/heading,5837,1786558304.342031,-0.013886254280805588
reward/heading,5861,1786558308.258191,-0.08488666266202927
reward/heading,5884,1786558312.027287,-0.01583382487297058
reward/heading,5905,1786558315.392604,-0.03437475115060806
reward/heading,5926,1786558318.707137,-0.0398467481136322
reward/heading,5941,1786558321.095230,-0.025721609592437744
reward/heading,5961,1786558324.211779,-0.03232651576399803
reward/heading,5981,1786558327.407355,-0.008104532025754452
reward/heading,6004,1786558331.100407,-0.030437534675002098
reward/heading,6025,1786558334.264324,-0.004766792058944702
reward/heading,6042,1786558336.758409,-0.13874483108520508
reward/heading,6059,1786558339.146123,-0.06847573071718216
reward/heading,6079,1786558341.834059,-0.035417113453149796
reward/heading,6094,1786558343.573306,-0.013230984099209309
reward/heading,6112,1786558345.613278,-0.035829104483127594
reward/heading,6135,1786558348.154051,-0.10763804614543915
reward/heading,6148,1786558349.565908,-0.0036306874826550484
reward/heading,6164,1786558351.223781,-0.09363940358161926
reward/heading,6190,1786558353.802928,-0.02779354900121689
reward/heading,6214,1786558356.101366,-0.02446126751601696
reward/heading,6236,1786558358.213621,-0.06750354170799255
reward/heading,6259,1786558360.420990,-0.12890271842479706
reward/heading,6285,1786558362.951826,-0.05003746971487999
reward/heading,6305,1786558364.897935,-0.04537440463900566
reward/heading,6325,1786558366.895297,-0.04641716554760933
reward/heading,6341,1786558368.526381,-0.053318481892347336
reward/heading,6362,1786558370.707437,-0.03602284938097
reward/heading,6394,1786558374.148829,-0.01814238540828228
reward/heading,6414,1786558376.274170,-0.05029406398534775
reward/heading,6439,1786558378.870184,-0.005288771819323301
reward/heading,6457,1786558380.765332,-0.07091838121414185
reward/heading,6472,1786558382.339165,-0.014917430467903614
reward/heading,6500,1786558385.249327,-0.05122537165880203
reward/heading,6520,1786558387.365495,-0.024327311664819717
reward/heading,6541,1786558389.587038,-0.012980380095541477
reward/heading,6560,1786558391.617317,-0.031172700226306915
reward/heading,6581,1786558393.922514,-0.0932423323392868
reward/heading,6597,1786558395.682347,-0.01606099121272564
reward/heading,6616,1786558397.745624,-0.04252469167113304
reward/heading,6636,1786558400.004856,-0.030774157494306564
reward/heading,6661,1786558402.621562,-0.0003938815207220614
reward/heading,6686,1786558405.069824,-0.11336251348257065
reward/heading,6704,1786558406.884219,-0.24913059175014496
reward/heading,6719,1786558410.802939,-0.06810767948627472
reward/heading,6744,1786558414.344887,-0.02030780166387558
reward/heading,6761,1786558416.651354,-0.1731898933649063
reward/heading,6789,1786558422.806073,-0.07824500650167465
reward/heading,6813,1786558426.904279,-0.044014062732458115
reward/heading,6826,1786558429.183822,-0.002785267075523734
reward/heading,6845,1786558432.530206,-0.11087498813867569
reward/heading,6861,1786558435.238971,-0.04677309840917587
reward/heading,6876,1786558437.715110,-0.028058664873242378
reward/heading,6896,1786558440.954876,-0.13225750625133514
reward/heading,6913,1786558443.689082,-0.11220483481884003
reward/heading,6943,1786558448.540101,-0.049687936902046204
reward/heading,6963,1786558451.201252,-0.025085115805268288
reward/heading,6978,1786558453.190960,-0.05833415687084198
reward/heading,6994,1786558455.317472,-0.014344584196805954
reward/heading,7014,1786558458.002813,-0.013523898087441921
reward/heading,7031,1786558460.266080,-0.037670981138944626
reward/heading,7053,1786558463.186654,-0.025355203077197075
reward/heading,7073,1786558465.801428,-0.030581034719944
reward/heading,7089,1786558467.865733,-0.033259958028793335
reward/heading,7119,1786558471.674698,-0.062458328902721405
reward/heading,7136,1786558473.861112,-0.07701198756694794
reward/heading,7157,1786558476.550112,-0.038493555039167404
reward/heading,7177,1786558479.113570,-0.10924269258975983
reward/heading,7194,1786558481.303848,-0.06322276592254639
reward/heading,7210,1786558483.380748,-0.004556974861770868
reward/heading,7227,1786558485.575795,-0.02767344005405903
reward/heading,7250,1786558488.562701,-0.058509666472673416
reward/heading,7269,1786558491.030647,-0.08007916808128357
reward/heading,7292,1786558494.073039,-0.01973934844136238
reward/heading,7310,1786558496.454939,-0.041323933750391006
reward/heading,7329,1786558498.984407,-0.22228236496448517
reward/heading,7347,1786558503.345104,-8.548747427994385e-05
reward/heading,7371,1786558507.149812,-0.016341423615813255
reward/heading,7392,1786558510.489978,-0.018081000074744225
reward/heading,7410,1786558513.298348,-0.02544756978750229
reward/heading,7430,1786558516.429832,-0.0010018812026828527
reward/heading,7444,1786558518.591284,-0.02214711345732212
reward/heading,7465,1786558521.837604,-0.022308768704533577
reward/heading,7484,1786558524.754138,-0.06928879022598267
reward/heading,7510,1786558528.714723,-0.06268814951181412
reward/heading,7531,1786558531.874398,-0.023932231590151787
reward/heading,7547,1786558534.323811,-0.11576681584119797
reward/heading,7563,1786558536.738146,-0.074100062251091
reward/heading,7583,1786558539.698142,-0.0737844780087471
reward/heading,7611,1786558543.814930,-0.08814823627471924
reward/heading,7637,1786558547.554049,-0.01576058752834797
reward/heading,7653,1786558549.840228,-0.06784935295581818
reward/heading,7671,1786558552.505704,-0.03303651511669159
reward/heading,7693,1786558555.557213,-0.1313026249408722
reward/heading,7718,1786558558.949186,-0.10292691737413406
reward/heading,7737,1786558561.704336,-0.06979958713054657
reward/heading,7763,1786558565.123151,-0.034687407314777374
reward/heading,7783,1786558567.738631,-0.00960016343742609
reward/heading,7793,1786558568.927135,-0.04012451693415642
reward/heading,7817,1786558571.754341,-0.03178482875227928
reward/heading,7840,1786558574.443688,-0.003055711043998599
reward/heading,7856,1786558576.307116,-0.025289909914135933
reward/heading,7870,1786558577.980648,-0.0308106429874897
reward/heading,7887,1786558579.936358,-0.02630670554935932
reward/heading,7916,1786558583.214354,-0.05777008831501007
reward/heading,7932,1786558585.019386,-0.03160266578197479
reward/heading,7951,1786558587.138447,-0.004547081422060728
reward/heading,7969,1786558589.102673,-0.03518488630652428
reward/heading,7990,1786558591.393898,-0.08741293847560883
reward/heading,8006,1786558593.757622,-0.00021172130072955042
reward/heading,8022,1786558595.849016,-0.01838313601911068
reward/heading,8050,1786558599.420729,-0.013426326215267181
reward/heading,8076,1786558602.614211,-0.029383854940533638
reward/heading,8093,1786558604.690880,-0.0023611586075276136
reward/heading,8115,1786558607.305077,-0.04810268059372902
reward/heading,8128,1786558608.827907,-0.08949952572584152
reward/heading,8151,1786558611.385724,-0.004486494231969118
reward/heading,8179,1786558614.344249,-0.013251356780529022
reward/heading,8198,1786558616.337200,-0.04397078603506088
reward/heading,8216,1786558618.226310,-0.014051503501832485
reward/heading,8233,1786558620.003206,-0.0254592876881361
reward/heading,8245,1786558621.259919,-0.0026236132252961397
reward/heading,8269,1786558623.792173,-0.013576395809650421
reward/heading,8288,1786558625.836862,-0.06144844740629196
reward/heading,8311,1786558628.392044,-0.08001760393381119
reward/heading,8327,1786558630.168219,-0.056963153183460236
reward/heading,8349,1786558632.664748,-0.07045432925224304
reward/heading,8366,1786558634.595084,-0.00023688818328082561
reward/heading,8394,1786558637.741896,-0.047048866748809814
reward/heading,8412,1786558639.770883,-0.02744334191083908
reward/heading,8427,1786558641.446837,-0.05432369187474251
reward/heading,8446,1786558643.553785,-0.034154243767261505
reward/heading,8468,1786558645.966843,-0.05716155841946602
reward/heading,8490,1786558648.422284,-0.08567735552787781
reward/heading,8507,1786558650.332046,-0.075164794921875
reward/heading,8529,1786558652.827193,-0.06338988989591599
reward/heading,8549,1786558655.104518,-0.046251386404037476
reward/heading,8574,1786558657.856054,-0.028015922755002975
reward/heading,8595,1786558660.138658,-0.02627488039433956
reward/heading,8620,1786558662.747451,-0.09144949167966843
reward/heading,8646,1786558665.366750,-0.3740454912185669
reward/heading,8660,1786558667.266575,-0.023508790880441666
reward/heading,8683,1786558669.845065,-0.04380062595009804
reward/heading,8705,1786558672.335082,-0.11592257022857666
reward/heading,8727,1786558675.385443,-0.0004157736839260906
reward/heading,8747,1786558678.064586,-0.023512938991189003
reward/heading,8763,1786558680.193081,-0.010473594069480896
reward/heading,8782,1786558682.732252,-0.009188571013510227
reward/heading,8802,1786558685.396937,-0.03824078291654587
reward/heading,8825,1786558688.433456,-0.01536848396062851
reward/heading,8846,1786558691.194471,-0.06747961044311523
reward/heading,8864,1786558693.535130,-0.008224821649491787
reward/heading,8887,1786558696.465702,-0.01729714497923851
reward/heading,8904,1786558698.563630,-0.03086247481405735
reward/heading,8930,1786558701.759454,-0.068796306848526
reward/heading,8947,1786558703.850863,-0.0037969336844980717
reward/heading,8967,1786558706.328236,-0.014513079077005386
reward/heading,8982,1786558708.174692,-0.014207471162080765
reward/heading,8996,1786558709.897057,-0.021316390484571457
reward/heading,9008,1786558711.371882,-0.03686244413256645
reward/heading,9032,1786558714.259454,-0.03306412696838379
reward/heading,9053,1786558716.792235,-0.07641241699457169
reward/heading,9085,1786558720.605027,-0.020318225026130676
reward/heading,9103,1786558722.723811,-0.010260280221700668
reward/heading,9122,1786558724.912882,-0.17101119458675385
reward/heading,9133,1786558726.156816,-0.014510384760797024
reward/heading,9158,1786558728.974145,-0.043698132038116455
reward/heading,9178,1786558731.187988,-0.013882440514862537
reward/heading,9203,1786558733.974507,-0.02286571078002453
reward/heading,9223,1786558736.208482,-0.02898556739091873
reward/heading,9241,1786558738.238440,-0.05968456715345383
reward/heading,9264,1786558740.830225,-0.029566626995801926
reward/heading,9286,1786558743.308783,-0.008603044785559177
reward/heading,9304,1786558745.372505,-0.12881769239902496
reward/heading,9315,1786558746.651781,-0.09572197496891022
reward/heading,9332,1786558748.599908,-0.015201771631836891
reward/heading,9356,1786558751.355200,-0.17357008159160614
reward/heading,9380,1786558754.169752,-0.09886173158884048
reward/heading,9396,1786558756.037625,-0.3767663240432739
reward/heading,9411,1786558757.748004,-0.22618892788887024
reward/heading,9430,1786558760.321143,-0.039427850395441055
reward/heading,9444,1786558762.000228,-0.01608366146683693
reward/heading,9463,1786558764.291786,-0.04661574587225914
reward/heading,9480,1786558766.334020,-0.006569785065948963
reward/heading,9500,1786558768.734350,-0.05022049695253372
reward/heading,9519,1786558771.011184,-0.029858844354748726
reward/heading,9536,1786558773.016955,-0.10376337170600891
reward/heading,9554,1786558775.156874,-0.03727124258875847
reward/heading,9576,1786558777.748530,-0.05534239858388901
reward/heading,9594,1786558779.862451,-0.00934856478124857
reward/heading,9614,1786558782.227632,-0.040844134986400604
reward/heading,9628,1786558783.829470,-0.054334912449121475
reward/heading,9643,1786558785.553214,-0.0011422628303989768
reward/heading,9662,1786558787.681793,-0.023235846310853958
reward/heading,9683,1786558790.033574,-0.015090391039848328
reward/heading,9702,1786558792.165546,-0.034069716930389404
reward/heading,9720,1786558794.141073,-0.028935544192790985
reward/heading,9741,1786558796.421737,-0.0025153886526823044
reward/heading,9764,1786558798.926704,-0.03715033456683159
reward/heading,9780,1786558800.677416,-0.003522400977090001
reward/heading,9798,1786558802.662895,-0.03487705439329147
reward/heading,9814,1786558804.469562,-0.006351819261908531
reward/heading,9831,1786558806.378083,-0.052489910274744034
reward/heading,9857,1786558809.281760,-0.12311305105686188
reward/heading,9871,1786558810.909782,-0.24723465740680695
reward/heading,9893,1786558813.491873,-0.18594449758529663
reward/heading,9908,1786558815.271689,-0.26176902651786804
reward/heading,9934,1786558818.462290,-0.16986027359962463
reward/heading,9954,1786558820.883029,-0.11428183317184448
reward/heading,9974,1786558823.300141,-0.056614410132169724
reward/heading,9998,1786558826.249580,-0.00020719393796753138
reward/heading,10011,1786558827.951859,-0.0008484831196255982
reward/heading,10029,1786558830.109047,-0.027349598705768585
reward/heading,10057,1786558833.503037,-0.0435236431658268
reward/heading,10073,1786558835.412189,-0.7229431867599487
reward/heading,10096,1786558840.072571,-0.0005022721597924829
reward/heading,10110,1786558842.410988,-0.022341258823871613
reward/heading,10127,1786558845.187512,-0.15677151083946228
reward/heading,10148,1786558848.674008,-0.003703924361616373
reward/heading,10168,1786558852.023132,-0.06443119049072266
reward/heading,10190,1786558855.644268,-0.01744716800749302
reward/heading,10213,1786558859.605711,-0.6183276772499084
reward/heading,10228,1786558862.146910,-0.4915468394756317
reward/heading,10242,1786558864.169120,-0.08753344416618347
reward/heading,10263,1786558867.162896,-0.38302966952323914
reward/heading,10286,1786558870.310633,-0.3327013850212097
reward/heading,10306,1786558872.922322,-0.059449613094329834
reward/heading,10333,1786558876.499255,-0.0666956752538681
reward/heading,10350,1786558878.710233,-0.046688541769981384
reward/heading,10374,1786558881.747802,-0.021526863798499107
reward/heading,10396,1786558884.475883,-0.04195477440953255
reward/heading,10418,1786558887.144394,-0.022791067138314247
reward/heading,10439,1786558889.565518,-0.061929281800985336
reward/heading,10462,1786558892.112176,-0.02678634040057659
reward/heading,10487,1786558894.832694,-0.0059690759517252445
reward/heading,10505,1786558896.731601,-0.0012006862089037895
reward/heading,10527,1786558899.028518,-0.018543589860200882
reward/heading,10544,1786558900.768255,-0.02789488062262535
reward/heading,10566,1786558902.992468,-0.04451620206236839
reward/heading,10580,1786558904.392596,-0.01366334781050682
reward/heading,10606,1786558906.981164,-0.01935172639787197
reward/heading,10621,1786558908.462533,-0.09119023382663727
reward/heading,10638,1786558910.120415,-0.051002196967601776
reward/heading,10652,1786558911.476271,-0.003932290710508823
reward/heading,10666,1786558912.834252,-0.0013749900972470641
reward/heading,10681,1786558914.290162,-0.02852591685950756
reward/heading,10702,1786558916.355576,-0.02749527432024479
reward/heading,10716,1786558917.741760,-0.04491514340043068
reward/heading,10741,1786558920.220423,-0.2624165713787079
reward/heading,10766,1786558922.836159,-0.011481952853500843
reward/heading,10783,1786558924.304289,-0.09383288770914078
reward/heading,10803,1786558925.987192,-0.06307430565357208
reward/heading,10828,1786558929.820127,-8.548747427994385e-05
reward/heading,10851,1786558932.710091,-0.05802548676729202
reward/heading,10866,1786558934.614024,-0.060024719685316086
reward/heading,10886,1786558937.197407,-0.010599647648632526
reward/heading,10913,1786558940.746563,-0.08880283683538437
reward/heading,10932,1786558943.226304,-0.033496174961328506
reward/heading,10953,1786558945.853906,-0.05836157873272896
reward/heading,10969,1786558947.826391,-0.004809402395039797
reward/heading,10989,1786558950.325163,-0.05483794957399368
reward/heading,11017,1786558953.664154,-0.01010802760720253
reward/heading,11036,1786558955.937931,-0.05049113556742668
reward/heading,11053,1786558957.900652,-0.0432039313018322
reward/heading,11072,1786558960.078468,-0.09035226702690125
reward/heading,11089,1786558962.030309,-0.05145786330103874
reward/heading,11108,1786558964.203760,-0.0254606194794178
reward/heading,11127,1786558966.368906,-0.060092099010944366
reward/heading,11149,1786558968.848198,-0.020612601190805435
reward/heading,11168,1786558970.986489,-0.03321920707821846
reward/heading,11187,1786558973.131930,-0.018850918859243393
reward/heading,11203,1786558974.875432,-0.0075812204740941525
reward/heading,11223,1786558977.011417,-0.01816515624523163
reward/heading,11242,1786558978.979298,-0.2304699569940567
reward/heading,11266,1786558983.378266,-0.0001131843455368653
reward/heading,11285,1786558986.587620,-0.025950640439987183
reward/heading,11301,1786558989.292666,-0.02617807500064373
reward/heading,11318,1786558992.179786,-0.03994422033429146
reward/heading,11343,1786558996.391704,-0.015777897089719772
reward/heading,11364,1786558999.916454,-0.003943875432014465
reward/heading,11385,1786559003.434335,-0.0270068496465683
reward/heading,11405,1786559006.758263,-0.015601863153278828
reward/heading,11426,1786559010.193836,-0.02594105340540409
reward/heading,11447,1786559013.718139,-0.1616152673959732
reward/heading,11472,1786559018.193240,-0.23234589397907257
reward/heading,11497,1786559021.870109,-0.41756781935691833
reward/heading,11517,1786559024.586850,-0.22225703299045563
reward/heading,11537,1786559027.259219,-0.06656477600336075
reward/heading,11559,1786559030.209913,-0.04250205308198929
reward/heading,11574,1786559032.165856,-0.04153452813625336
reward/heading,11604,1786559035.975924,-0.21855977177619934
reward/heading,11639,1786559040.443758,-0.04707890748977661
reward/heading,11655,1786559042.274251,-0.03993463143706322
reward/heading,11675,1786559044.577402,-0.04567428678274155
reward/heading,11689,1786559046.219291,-0.04145953059196472
reward/heading,11721,1786559050.032591,-0.0031867383513599634
reward/heading,11739,1786559052.175060,-0.12290945649147034
reward/heading,11755,1786559054.138529,-0.48605409264564514
reward/heading,11768,1786559056.317214,-0.037369877099990845
reward/heading,11791,1786559059.335848,-0.03712739422917366
reward/heading,11811,1786559061.875467,-0.20300890505313873
reward/heading,11826,1786559063.814938,-0.4468160569667816
reward/heading,11858,1786559067.795311,-0.018339060246944427
reward/heading,11874,1786559069.543844,-0.011385546065866947
reward/heading,11894,1786559071.742509,-0.013701564632356167
reward/heading,11909,1786559073.365151,-0.007929029874503613
reward/heading,11929,1786559075.564242,-0.056561946868896484
reward/heading,11943,1786559077.109892,-0.043940428644418716
reward/heading,11962,1786559079.181830,-0.03313172236084938
reward/heading,11978,1786559080.842822,-0.017989786341786385
reward/heading,12003,1786559083.508907,-0.040354348719120026
reward/heading,12020,1786559085.219358,-0.015383883379399776
reward/heading,12039,1786559087.126730,-0.03238417208194733
reward/heading,12058,1786559089.048249,-1.9441076801740564e-05
reward/heading,12073,1786559090.573547,-0.039591751992702484
reward/heading,12085,1786559091.774368,-0.012150938622653484
reward/heading,12102,1786559093.459051,-0.047506798058748245
reward/heading,12124,1786559095.634004,-0.6890309453010559
reward/heading,12142,1786559097.924569,-0.000603871769271791
reward/heading,12166,1786559100.548248,-0.0659334734082222
reward/heading,12188,1786559102.811548,-0.03905046358704567
reward/heading,12219,1786559105.843544,-0.014830478467047215
reward/heading,12241,1786559107.934808,-0.4115886092185974
reward/heading,12258,1786559110.485602,-0.8074411749839783
reward/heading,12273,1786559112.424474,-0.001199088292196393
reward/heading,12295,1786559115.139765,-0.007723699789494276
reward/heading,12314,1786559117.469305,-0.03530246391892433
reward/heading,12331,1786559119.518612,-0.015484284609556198
reward/heading,12344,1786559121.056401,-0.007217299658805132
reward/heading,12368,1786559123.887519,-0.03664003685116768
reward/heading,12386,1786559125.985054,-0.04085555300116539
reward/heading,12405,1786559128.173093,-0.017108678817749023
reward/heading,12418,1786559129.650274,-0.009818276390433311
reward/heading,12443,1786559132.464372,-0.02629605308175087
reward/heading,12460,1786559134.314764,-0.05330170318484306
reward/heading,12471,1786559135.528213,-0.3434318006038666
reward/heading,12494,1786559138.672092,-0.009683003649115562
reward/heading,12509,1786559140.620751,-0.033631231635808945
reward/heading,12525,1786559142.699022,-0.003951036371290684
reward/heading,12541,1786559144.733792,-0.05664997920393944
reward/heading,12559,1786559147.045051,-0.01236905250698328
reward/heading,12584,1786559150.241846,-0.044257208704948425
reward/heading,12600,1786559152.293265,-0.07911615073680878
reward/heading,12628,1786559155.873754,-0.0159456729888916
reward/heading,12657,1786559159.592749,-0.020643314346671104
reward/heading,12685,1786559163.229880,-0.015419702976942062
reward/heading,12700,1786559165.208970,-0.03015609085559845
reward/heading,12716,1786559167.326818,-0.010426710359752178
reward/heading,12733,1786559169.580894,-0.373283714056015
reward/heading,12754,1786559172.733703,-0.008837761357426643
reward/heading,12782,1786559176.443624,-0.02827308140695095
reward/heading,12812,1786559180.393767,-0.016489960253238678
reward/heading,12837,1786559183.651055,-0.009903373196721077
reward/heading,12857,1786559186.275254,-0.039530664682388306
reward/heading,12876,1786559188.734926,-0.0013554806355386972
reward/heading,12898,1786559191.526881,-0.02421323023736477
reward/heading,12921,1786559194.412198,-0.04119708016514778
reward/heading,12941,1786559196.896752,-0.005569292698055506
reward/heading,12961,1786559199.402549,-0.05155608057975769
reward/heading,12985,1786559202.445981,-0.021709322929382324
reward/heading,13009,1786559205.552133,-0.02352348156273365
reward/heading,13026,1786559207.720476,-0.02614082209765911
reward/heading,13064,1786559214.268076,-0.0005310343112796545
reward/heading,13078,1786559216.592992,-0.042149316519498825
reward/heading,13094,1786559219.228373,-0.02706890180706978
reward/heading,13112,1786559222.177011,-0.016570188105106354
reward/heading,13126,1786559224.466651,-0.006426207721233368
reward/heading,13148,1786559228.030041,-0.0031435952987521887
reward/heading,13172,1786559231.847551,-0.051237087696790695
reward/heading,13192,1786559235.115883,-0.035108186304569244
reward/heading,13207,1786559237.571603,-0.016631441190838814
reward/heading,13229,1786559241.157423,-0.01882535219192505
reward/heading,13252,1786559244.776865,-0.03453454002737999
reward/heading,13275,1786559248.365015,-0.013907826505601406
reward/heading,13289,1786559250.541295,-0.005366535857319832
reward/heading,13319,1786559255.188070,-0.01546444371342659
reward/heading,13345,1786559259.151694,-0.02719886414706707
reward/heading,13363,1786559261.899294,-0.02436952106654644
reward/heading,13376,1786559263.855103,-0.01426628790795803
reward/heading,13403,1786559267.897798,-0.021528461948037148
reward/heading,13422,1786559270.635898,-0.04626922681927681
reward/heading,13437,1786559272.701364,-0.04132560268044472
reward/heading,13459,1786559275.692117,-0.011710451915860176
reward/heading,13477,1786559278.090639,-0.01525778230279684
reward/heading,13493,1786559280.199980,-0.01203961856663227
reward/heading,13508,1786559282.139238,-0.0017632789677008986
reward/heading,13540,1786559286.175074,-0.34703493118286133
reward/heading,13559,1786559288.288077,-0.2972298264503479
reward/heading,13580,1786559292.720930,-0.07448062300682068
reward/heading,13594,1786559294.808206,-0.0020535634830594063
reward/heading,13612,1786559297.509017,-0.007734085898846388
reward/heading,13637,1786559301.204701,-0.010263290256261826
reward/heading,13654,1786559303.731705,-0.037217408418655396
reward/heading,13667,1786559305.664783,-0.024773523211479187
reward/heading,13690,1786559309.002585,-0.021917283535003662
reward/heading,13705,1786559311.187106,-0.019452527165412903
reward/heading,13726,1786559314.194731,-0.0238784346729517
reward/heading,13744,1786559316.769154,-0.007153250742703676
reward/heading,13762,1786559319.284048,-0.00458729499951005
reward/heading,13783,1786559322.261145,-0.02034548483788967
reward/heading,13802,1786559324.951242,-0.05862016975879669
reward/heading,13820,1786559327.511605,-0.0014900385867804289
reward/heading,13846,1786559331.265759,-0.04180869832634926
reward/heading,13865,1786559334.011687,-0.013115002773702145
reward/heading,13878,1786559335.875637,-0.018678080290555954
reward/heading,13898,1786559338.740076,-0.004791559651494026
reward/heading,13923,1786559342.245493,-0.045217014849185944
reward/heading,13942,1786559344.875263,-0.01757846027612686
reward/heading,13962,1786559347.619744,-0.02967400662600994
reward/heading,13987,1786559351.033678,-0.03153102844953537
reward/heading,14003,1786559353.332240,-0.4050460159778595
reward/heading,14030,1786559360.473469,-0.00887817982584238
reward/heading,14051,1786559364.738407,-0.023243270814418793
reward/heading,14066,1786559367.757689,-0.027096332982182503
reward/heading,14094,1786559373.226349,-0.01750495843589306
reward/heading,14110,1786559376.299980,-0.034329213201999664
reward/heading,14127,1786559379.532652,-0.021386515349149704
reward/heading,14150,1786559383.818078,-0.01757047139108181
reward/heading,14169,1786559387.323680,-0.003576092654839158
reward/heading,14193,1786559391.715109,-0.06203274428844452
reward/heading,14210,1786559394.828263,-0.010760501958429813
reward/heading,14234,1786559399.204026,-0.01631638966500759
reward/heading,14249,1786559401.935717,-0.014799186028540134
reward/heading,14268,1786559405.386222,-0.031982701271772385
reward/heading,14299,1786559411.006513,-0.004408597014844418
reward/heading,14328,1786559416.290067,-0.002174204681068659
reward/heading,14345,1786559419.349576,-0.009793242439627647
reward/heading,14360,1786559422.008450,-0.012122442945837975
reward/heading,14381,1786559424.951551,-0.04266916587948799
reward/heading,14399,1786559427.495817,-0.03600221127271652
reward/heading,14419,1786559430.247517,-0.05759219080209732
reward/heading,14446,1786559434.962273,-0.24250344932079315
reward/heading,14458,1786559437.070178,-0.010410696268081665
reward/heading,14470,1786559438.531579,-0.009667674079537392
reward/heading,14493,1786559441.317713,-0.038532745093107224
reward/heading,14510,1786559443.396610,-0.022613033652305603
reward/heading,14529,1786559445.742823,-0.025258485227823257
reward/heading,14545,1786559447.681463,-0.00755046121776104
reward/heading,14569,1786559450.559185,-0.028635505586862564
reward/heading,14589,1786559452.949103,-0.0057678744196891785
reward/heading,14605,1786559454.875906,-0.009123590774834156
reward/heading,14624,1786559457.138303,-0.01444272231310606
reward/heading,14650,1786559460.146967,-0.010075937025249004
reward/heading,14664,1786559461.753774,-0.029650436714291573
reward/heading,14681,1786559463.691835,-0.002660498023033142
reward/heading,14709,1786559466.830734,-0.029800239950418472
reward/heading,14727,1786559468.863375,-0.02245257794857025
reward/heading,14750,1786559471.396523,-0.03463507443666458
reward/heading,14773,1786559473.811945,-0.0024607607629150152
reward/heading,14797,1786559476.376817,-0.0020307935774326324
reward/heading,14817,1786559478.484038,-0.02948145940899849
reward/heading,14844,1786559481.220418,-0.06389349699020386
reward/heading,14865,1786559483.254390,-0.059794891625642776
reward/heading,14885,1786559485.174552,-0.035205259919166565
reward/heading,14902,1786559486.711137,-0.039901744574308395
reward/heading,14922,1786559490.163688,-0.015306252054870129
reward/heading,14940,1786559492.207481,-0.053493186831474304
reward/heading,14954,1786559493.769489,-0.0060180784203112125
reward/heading,14985,1786559497.187926,-0.006952847819775343
reward/heading,15002,1786559498.872570,-0.05548669397830963
reward/heading,15021,1786559500.835337,-0.03583243116736412
reward/heading,15043,1786559503.017476,-0.14785590767860413
reward/heading,15062,1786559505.647062,-0.012558627873659134
reward/heading,15083,1786559508.448865,-0.02574961632490158
reward/heading,15112,1786559512.329833,-0.024744940921664238
reward/heading,15131,1786559514.903201,-0.028509560972452164
reward/heading,15152,1786559517.717232,-0.0693071037530899
reward/heading,15168,1786559519.845219,-0.007939863950014114
reward/heading,15192,1786559523.011939,-0.005286822561174631
reward/heading,15208,1786559525.134599,-0.009370321407914162
reward/heading,15231,1786559528.112295,-0.0012563946656882763
reward/heading,15251,1786559530.678845,-0.01693389005959034
reward/heading,15267,1786559532.702067,-0.02022356353700161
reward/heading,15291,1786559535.671412,-0.05695122107863426
reward/heading,15306,1786559537.514585,-0.00875638797879219
reward/heading,15331,1786559540.600382,-0.03219027444720268
reward/heading,15353,1786559543.285932,-0.05785480514168739
reward/heading,15371,1786559545.483135,-0.012991879135370255
reward/heading,15393,1786559548.168036,-0.019427139312028885
reward/heading,15411,1786559550.414406,-0.0017969200853258371
reward/heading,15434,1786559553.290367,-0.03009629435837269
reward/heading,15449,1786559555.145516,-0.12675318121910095
reward/heading,15474,1786559558.295616,-0.5740717649459839
reward/heading,15497,1786559562.919371,-0.00014767228276468813
reward/heading,15517,1786559566.220385,-0.022125542163848877
reward/heading,15535,1786559569.163450,-0.004880508873611689
reward/heading,15553,1786559572.106251,-0.006345646921545267
reward/heading,15566,1786559574.242843,-0.0660964623093605
reward/heading,15590,1786559578.167021,-0.06373889744281769
reward/heading,15614,1786559582.049989,-0.04201949015259743
reward/heading,15640,1786559586.266510,-0.011949337087571621
reward/heading,15662,1786559589.801534,-0.0417473129928112
reward/heading,15687,1786559593.765301,-0.07104088366031647
reward/heading,15713,1786559597.853991,-0.07642726600170135
reward/heading,15729,1786559600.392946,-0.012530173175036907
reward/heading,15753,1786559604.208871,-0.04624113067984581
reward/heading,15767,1786559606.421660,-0.06589686125516891
reward/heading,15792,1786559610.352129,-0.06826260685920715
reward/heading,15815,1786559613.438168,-0.058004800230264664
reward/heading,15840,1786559616.745305,-0.020714513957500458
reward/heading,15856,1786559618.861730,-0.021799486130475998
reward/heading,15884,1786559622.512898,-0.019779624417424202
reward/heading,15900,1786559624.583475,-0.00830770842730999
reward/heading,15925,1786559627.750075,-0.004323822911828756
reward/heading,15940,1786559629.633419,-0.06009788438677788
reward/heading,15964,1786559632.773896,-0.06191788986325264
reward/heading,15982,1786559635.075934,-0.007104605436325073
reward/heading,16008,1786559638.541915,-0.029042216017842293
reward/heading,16024,1786559640.592206,-0.01260235346853733
reward/heading,16039,1786559642.484964,-0.013798283413052559
reward/heading,16062,1786559645.359873,-0.018110429868102074
reward/heading,16082,1786559647.844692,-0.025432124733924866
reward/heading,16102,1786559650.283740,-0.016090936958789825
reward/heading,16113,1786559651.594939,-0.02981620654463768
reward/heading,16129,1786559653.484346,-0.0015940832672640681
reward/heading,16146,1786559655.464056,-0.0030744646210223436
reward/heading,16166,1786559657.766559,-0.010670670308172703
reward/heading,16176,1786559658.939216,-0.006080486811697483
reward/heading,16196,1786559661.259541,-0.04263339936733246
reward/heading,16211,1786559662.989562,-0.00481704156845808
reward/heading,16235,1786559665.760222,-0.035875894129276276
reward/heading,16251,1786559667.600763,-0.024765901267528534
reward/heading,16275,1786559670.317885,-0.03745810687541962
reward/heading,16291,1786559672.186270,-0.010528288781642914
reward/heading,16317,1786559675.159610,-0.04631867632269859
reward/heading,16349,1786559678.893377,-0.575844943523407
reward/heading,16368,1786559681.135760,-0.18434500694274902
reward/heading,16395,1786559684.269151,-0.17699967324733734
reward/heading,16408,1786559686.080974,-0.00021172130072955042
reward/heading,16428,1786559688.812784,-0.03400590270757675
reward/heading,16446,1786559691.203157,-0.014043514616787434
reward/heading,16466,1786559693.758220,-0.05799592658877373
reward/heading,16486,1786559696.309317,-0.03599182143807411
reward/heading,16506,1786559698.784276,-0.03568955510854721
reward/heading,16529,1786559701.536504,-0.05345470458269119
reward/heading,16555,1786559704.555026,-0.07422882318496704
reward/heading,16572,1786559706.450963,-0.015148459933698177
reward/heading,16585,1786559707.844904,-0.0384504534304142
reward/heading,16603,1786559709.735075,-0.04481953755021095
reward/heading,16627,1786559712.265412,-0.01622144691646099
reward/heading,16645,1786559714.145868,-0.0019955066964030266
reward/heading,16665,1786559716.243245,-0.048314668238162994
reward/heading,16680,1786559717.829348,-0.05275469273328781
reward/heading,16697,1786559719.665963,-0.012458267621695995
reward/heading,16725,1786559722.771836,-0.008593355305492878
reward/heading,16742,1786559724.699393,-0.0344340056180954
reward/heading,16769,1786559727.788686,-0.023999875411391258
reward/heading,16787,1786559729.825553,-0.0017453025793656707
reward/heading,16803,1786559731.626684,-0.02810780145227909
reward/heading,16823,1786559733.877677,-0.0036250948905944824
reward/heading,16843,1786559736.095207,-0.017157016322016716
reward/heading,16864,1786559738.427684,-0.019572103396058083
reward/heading,16885,1786559740.790493,-0.04968712851405144
reward/heading,16903,1786559742.853174,-0.0031590417493134737
reward/heading,16924,1786559745.300523,-0.06991090625524521
reward/heading,16942,1786559747.341842,-0.07331376522779465
reward/heading,16959,1786559749.238351,-0.0035056520719081163
reward/heading,16977,1786559751.268241,-0.5283730030059814
reward/heading,16997,1786559755.620590,-0.07045046240091324
reward/heading,17012,1786559757.561209,-0.019182616844773293
reward/heading,17026,1786559759.355322,-0.04841134324669838
reward/heading,17045,1786559761.814338,-0.05223178118467331
reward/heading,17069,1786559764.922909,-0.01891656592488289
reward/heading,17094,1786559767.973849,-0.026405908167362213
reward/heading,17116,1786559770.588407,-0.22562500834465027
reward/heading,17134,1786559774.668105,-0.05188530310988426
reward/heading,17156,1786559777.916410,-0.022701850160956383
reward/heading,17173,1786559780.375216,-0.006891462020576
reward/heading,17198,1786559784.191344,-0.00010679275874281302
reward/heading,17216,1786559786.537210,-0.02940955199301243
reward/heading,17243,1786559790.013973,-0.018705779686570168
reward/heading,17256,1786559791.687122,-0.003787281457334757
reward/heading,17286,1786559795.525219,-0.1092219203710556
reward/heading,17322,1786559800.139328,-0.03907354921102524
reward/heading,17345,1786559803.101037,-0.01456136628985405
reward/heading,17362,1786559805.271235,-6.236768967937678e-05
reward/heading,17388,1786559808.517663,-0.04946209490299225
reward/heading,17406,1786559810.714064,-0.05989637225866318
reward/heading,17434,1786559814.185582,-0.10072151571512222
reward/heading,17458,1786559817.191141,-0.029879514127969742
reward/heading,17481,1786559820.043392,-0.08312343806028366
reward/heading,17504,1786559822.833170,-0.09778255969285965
reward/heading,17521,1786559824.888215,-0.003380388021469116
reward/heading,17537,1786559826.795580,-0.054277628660202026
reward/heading,17557,1786559829.091980,-0.06812340766191483
reward/heading,17577,1786559831.382830,-0.019761985167860985
reward/heading,17595,1786559833.438955,-0.013261212036013603
reward/heading,17616,1786559835.846475,-0.010764763690531254
reward/heading,17630,1786559837.423772,-0.03812871873378754
reward/heading,17643,1786559838.880506,-0.02131674438714981
reward/heading,17669,1786559841.783680,-0.012864399701356888
reward/heading,17687,1786559843.785733,-0.018324343487620354
reward/heading,17699,1786559845.088533,-0.006484713871032
reward/heading,17722,1786559847.597288,-0.011403430253267288
reward/heading,17735,1786559849.031713,-0.0017497001681476831
reward/heading,17754,1786559851.106052,-0.029065627604722977
reward/heading,17782,1786559854.100682,-0.0008261328330263495
reward/heading,17805,1786559856.582600,-0.00913331937044859
reward/heading,17824,1786559858.634946,-0.017655501142144203
reward/heading,17841,1786559860.453127,-0.014158683829009533
reward/heading,17866,1786559863.160460,-0.024988766759634018
reward/heading,17884,1786559865.105135,-0.027899695560336113
reward/heading,17901,1786559866.907978,-0.024887505918741226
reward/heading,17925,1786559869.411560,-0.05080219730734825
reward/heading,17941,1786559871.064851,-0.06523973494768143
reward/heading,17965,1786559873.543236,-0.004321511834859848
reward/heading,17980,1786559875.134044,-0.06563077867031097
reward/heading,18003,1786559877.662404,-0.008569182828068733
reward/heading,18025,1786559879.949117,-0.04811934009194374
reward/heading,18042,1786559881.715097,-0.02810513786971569
reward/heading,18062,1786559883.808908,-0.1258629560470581
reward/heading,18081,1786559885.848050,-0.07760117202997208
reward/heading,18107,1786559888.591560,-0.032219044864177704
reward/heading,18121,1786559890.083484,-0.022260582074522972
reward/heading,18136,1786559891.682425,-0.04114657640457153
reward/heading,18153,1786559893.535860,-0.1276446133852005
reward/heading,18176,1786559896.105040,-0.010108825750648975
reward/heading,18197,1786559898.439013,-0.11170466244220734
reward/heading,18215,1786559901.079734,-0.019216304644942284
reward/heading,18231,1786559903.054662,-0.038610510528087616
reward/heading,18245,1786559904.762106,-0.03014112450182438
reward/heading,18265,1786559907.210291,-0.025263411924242973
reward/heading,18278,1786559908.761720,-0.03562404215335846
reward/heading,18300,1786559911.280632,-0.028206471353769302
reward/heading,18318,1786559913.381931,-0.45672327280044556
reward/heading,18345,1786559916.472671,-1.4722281694412231
reward/heading,18366,1786559921.690401,-0.06566369533538818
reward/heading,18390,1786559925.729572,-0.039808131754398346
reward/heading,18405,1786559928.232966,-0.029535256326198578
reward/heading,18423,1786559931.180738,-0.006057626102119684
reward/heading,18441,1786559934.051001,-0.03176405653357506
reward/heading,18458,1786559936.730555,-0.03398699685931206
reward/heading,18479,1786559940.010547,-0.008065116591751575
reward/heading,18504,1786559943.886726,-0.003454119898378849
reward/heading,18523,1786559946.789949,-0.009256881661713123
reward/heading,18542,1786559949.687936,-0.055683769285678864
reward/heading,18556,1786559951.824994,-0.019215239211916924
reward/heading,18580,1786559955.491069,-0.025680063292384148
reward/heading,18592,1786559957.316574,-0.041794583201408386
reward/heading,18607,1786559959.270980,-0.05367361381649971
reward/heading,18626,1786559962.117733,-0.009378854185342789
reward/heading,18652,1786559965.737299,-0.09537392109632492
reward/heading,18670,1786559968.184461,-0.011404987424612045
reward/heading,18682,1786559969.632262,-0.0575714185833931
reward/heading,18701,1786559972.385123,-0.16495433449745178
reward/heading,18722,1786559975.637473,-0.03143595531582832
reward/heading,18739,1786559977.925951,-0.044254645705223083
reward/heading,18758,1786559980.508703,-0.04844627529382706
reward/heading,18778,1786559983.208893,-0.061313446611166
reward/heading,18802,1786559986.369258,-0.10661546885967255
reward/heading,18821,1786559988.857444,-0.07993215322494507
reward/heading,18839,1786559991.217744,-0.040042225271463394
reward/heading,18860,1786559993.996519,-0.14514563977718353
reward/heading,18879,1786559996.586552,-0.12756074965000153
reward/heading,18894,1786559998.559637,-0.0920143872499466
reward/heading,18917,1786560001.592709,-0.08597083389759064
reward/heading,18932,1786560003.675043,-0.5076454281806946
reward/heading,18953,1786560006.629010,-0.07560530304908752
reward/heading,18977,1786560009.328714,-0.00025539714260958135
reward/heading,18994,1786560011.242907,-0.029887860640883446
reward/heading,19014,1786560013.487818,-0.03032478131353855
reward/heading,19029,1786560015.142849,-0.026919497177004814
reward/heading,19044,1786560016.788174,-0.014081443659961224
reward/heading,19070,1786560019.620725,-0.0415620356798172
reward/heading,19092,1786560022.074908,-0.07898110151290894
reward/heading,19111,1786560024.157002,-0.06646426022052765
reward/heading,19135,1786560026.778416,-0.07099642604589462
reward/heading,19154,1786560028.878541,-0.022347383201122284
reward/heading,19185,1786560032.337697,-0.02836517244577408
reward/heading,19206,1786560034.734429,-0.006598656065762043
reward/heading,19227,1786560037.437595,-0.0005400890950113535
reward/heading,19246,1786560039.375167,-0.016817595809698105
reward/heading,19275,1786560042.278314,-0.0007805725326761603
reward/heading,19294,1786560044.167125,-0.0833636000752449
reward/heading,19319,1786560046.604388,-0.08500117808580399
reward/heading,19343,1786560048.893773,-0.132680281996727
reward/heading,19363,1786560053.207615,-0.010356500744819641
reward/heading,19389,1786560057.444120,-0.0033665020018815994
reward/heading,19408,1786560060.537387,-0.03310096263885498
reward/heading,19441,1786560065.962976,-0.02093590795993805
reward/heading,19461,1786560069.274157,-0.016042349860072136
reward/heading,19480,1786560072.417225,-0.017162209376692772
reward/heading,19494,1786560074.521428,-0.01901124231517315
reward/heading,19509,1786560076.756057,-0.042399656027555466
reward/heading,19534,1786560080.727417,-0.028923792764544487
reward/heading,19551,1786560083.080102,-0.05025225132703781
reward/heading,19581,1786560087.026963,-0.03823127597570419
reward/heading,19596,1786560088.830389,-0.046374689787626266
reward/heading,19612,1786560090.742847,-0.016743026673793793
reward/heading,19635,1786560093.472223,-0.04458797350525856
reward/heading,19665,1786560096.981133,-0.026548253372311592
reward/heading,19685,1786560099.299007,-0.017460482195019722
reward/heading,19699,1786560100.924722,-0.019268237054347992
reward/heading,19714,1786560102.642356,-0.07406570762395859
reward/heading,19736,1786560105.112157,-0.012103800661861897
reward/heading,19759,1786560107.779070,-0.783103346824646
reward/heading,19772,1786560109.756005,-0.019343072548508644
reward/heading,19794,1786560112.309856,-0.0031493210699409246
reward/heading,19813,1786560114.534500,-0.01561384741216898
reward/heading,19831,1786560116.611524,-0.031980302184820175
reward/heading,19852,1786560118.985055,-0.018481671810150146
reward/heading,19873,1786560121.352304,-0.03629249334335327
reward/heading,19887,1786560122.934839,-0.01392966415733099
reward/heading,19905,1786560124.942521,-0.032705482095479965
reward/heading,19933,1786560128.004242,-0.02677888423204422
reward/heading,19947,1786560129.498813,-0.02431093156337738
reward/heading,19971,1786560131.986607,-0.22672581672668457
reward/heading,20000,1786560135.510290,-8.548747427994385e-05
reward/off_road,3,1786557530.575075,0.0
reward/off_road,24,1786557533.408152,0.0
reward/off_road,53,1786557537.373065,0.0
reward/off_road,79,1786557542.920254,0.0
reward/off_road,97,1786557545.694299,0.0
reward/off_road,119,1786557549.062968,0.0
reward/off_road,137,1786557551.759072,0.0
reward/off_road,153,1786557554.180303,0.0
reward/off_road,177,1786557557.677845,0.0
reward/off_road,206,1786557561.086022,0.0
reward/off_road,221,1786557562.898246,0.0
reward/off_road,241,1786557565.342744,0.0
reward/off_road,261,1786557567.656312,0.0
reward/off_road,282,1786557570.022512,0.0
reward/off_road,302,1786557572.377264,0.0
reward/off_road,322,1786557574.712299,0.0
reward/off_road,334,1786557576.064827,0.0
reward/off_road,356,1786557578.535058,0.0
reward/off_road,381,1786557581.372064,0.0
reward/off_road,405,1786557584.012314,0.0
reward/off_road,422,1786557585.035268,0.0
reward/off_road,443,1786557587.255977,0.0
reward/off_road,466,1786557589.842542,0.0
reward/off_road,494,1786557593.365188,0.0
reward/off_road,517,1786557596.985553,-10.0
reward/off_road,545,1786557602.535152,0.0
reward/off_road,556,1786557604.042877,0.0
reward/off_road,580,1786557607.271037,0.0
reward/off_road,599,1786557609.813484,0.0
reward/off_road,621,1786557612.911233,0.0
reward/off_road,646,1786557616.089195,0.0
reward/off_road,668,1786557618.309308,0.0
reward/off_road,686,1786557620.187590,0.0
reward/off_road,708,1786557622.504158,0.0
reward/off_road,729,1786557624.658782,0.0
reward/off_road,751,1786557626.980551,0.0
reward/off_road,771,1786557629.302640,0.0
reward/off_road,794,1786557631.665865,0.0
reward/off_road,812,1786557633.567980,0.0
reward/off_road,835,1786557635.972034,0.0
reward/off_road,851,1786557637.617035,0.0
reward/off_road,868,1786557639.320196,0.0
reward/off_road,883,1786557640.812737,0.0
reward/off_road,901,1786557642.642336,0.0
reward/off_road,915,1786557644.008890,0.0
reward/off_road,933,1786557645.725471,0.0
reward/off_road,946,1786557647.855945,0.0
reward/off_road,971,1786557651.397928,0.0
reward/off_road,989,1786557653.936543,0.0
reward/off_road,1004,1786557656.071903,0.0
reward/off_road,1027,1786557659.305904,0.0
reward/off_road,1053,1786557662.902661,0.0
reward/off_road,1070,1786557665.286891,0.0
reward/off_road,1088,1786557667.344698,0.0
reward/off_road,1102,1786557668.963463,0.0
reward/off_road,1119,1786557670.842329,0.0
reward/off_road,1146,1786557673.881001,0.0
reward/off_road,1166,1786557676.122837,0.0
reward/off_road,1186,1786557678.241733,0.0
reward/off_road,1208,1786557680.437896,0.0
reward/off_road,1228,1786557682.607257,0.0
reward/off_road,1251,1786557685.211637,0.0
reward/off_road,1266,1786557686.808822,0.0
reward/off_road,1279,1786557688.293321,0.0
reward/off_road,1300,1786557691.335218,0.0
reward/off_road,1323,1786557694.536876,0.0
reward/off_road,1337,1786557696.454856,0.0
reward/off_road,1357,1786557699.071000,0.0
reward/off_road,1381,1786557701.799895,0.0
reward/off_road,1398,1786557703.412299,0.0
reward/off_road,1412,1786557704.716268,0.0
reward/off_road,1433,1786557706.583539,0.0
reward/off_road,1451,1786557708.171582,0.0
reward/off_road,1468,1786557709.736443,0.0
reward/off_road,1485,1786557711.286598,0.0
reward/off_road,1515,1786557713.950741,0.0
reward/off_road,1532,1786557715.367049,0.0
reward/off_road,1552,1786557717.070751,0.0
reward/off_road,1574,1786557718.860003,0.0
reward/off_road,1595,1786557720.964718,0.0
reward/off_road,1611,1786557722.841916,0.0
reward/off_road,1624,1786557724.366573,0.0
reward/off_road,1637,1786557725.881269,0.0
reward/off_road,1655,1786557728.017130,0.0
reward/off_road,1675,1786557730.439284,0.0
reward/off_road,1692,1786557732.532626,0.0
reward/off_road,1707,1786557736.259752,0.0
reward/off_road,1729,1786557740.678886,0.0
reward/off_road,1747,1786557744.229759,0.0
reward/off_road,1759,1786557746.557245,0.0
reward/off_road,1773,1786557749.274790,0.0
reward/off_road,1790,1786557752.562731,0.0
reward/off_road,1808,1786557757.536796,0.0
reward/off_road,1828,1786557760.912009,0.0
reward/off_road,1858,1786557766.119962,0.0
reward/off_road,1880,1786557769.969774,0.0
reward/off_road,1899,1786557773.304633,0.0
reward/off_road,1919,1786557776.766274,0.0
reward/off_road,1941,1786557780.542902,0.0
reward/off_road,1968,1786557784.730958,0.0
reward/off_road,1995,1786557787.841711,0.0
reward/off_road,2014,1786557790.081560,0.0
reward/off_road,2028,1786557791.644785,0.0
reward/off_road,2048,1786557795.827740,0.0
reward/off_road,2061,1786557798.040561,0.0
reward/off_road,2083,1786557801.778710,0.0
reward/off_road,2104,1786557805.321173,0.0
reward/off_road,2126,1786557808.265232,0.0
reward/off_road,2147,1786557813.077924,0.0
reward/off_road,2172,1786557816.984493,0.0
reward/off_road,2197,1786557820.975466,0.0
reward/off_road,2219,1786557824.512528,0.0
reward/off_road,2233,1786557829.724280,0.0
reward/off_road,2248,1786557832.569384,0.0
reward/off_road,2270,1786557836.909821,0.0
reward/off_road,2289,1786557840.736675,0.0
reward/off_road,2314,1786557845.460653,0.0
reward/off_road,2333,1786557847.725948,0.0
reward/off_road,2351,1786557849.916299,0.0
reward/off_road,2384,1786557854.080838,0.0
reward/off_road,2405,1786557856.772365,0.0
reward/off_road,2423,1786557859.085949,0.0
reward/off_road,2449,1786557862.191786,0.0
reward/off_road,2462,1786557863.652979,0.0
reward/off_road,2477,1786557865.290662,0.0
reward/off_road,2491,1786557866.849872,0.0
reward/off_road,2513,1786557869.294244,0.0
reward/off_road,2534,1786557871.715727,0.0
reward/off_road,2557,1786557874.359428,0.0
reward/off_road,2579,1786557876.851117,0.0
reward/off_road,2602,1786557879.442918,0.0
reward/off_road,2618,1786557881.204480,0.0
reward/off_road,2647,1786557884.375675,0.0
reward/off_road,2673,1786557887.315750,0.0
reward/off_road,2696,1786557889.792191,0.0
reward/off_road,2717,1786557892.065099,0.0
reward/off_road,2745,1786557895.160836,0.0
reward/off_road,2766,1786557897.467798,0.0
reward/off_road,2801,1786557901.405058,0.0
reward/off_road,2823,1786557903.823024,0.0
reward/off_road,2849,1786557906.594759,0.0
reward/off_road,2864,1786557908.182323,0.0
reward/off_road,2886,1786557910.514255,0.0
reward/off_road,2904,1786557912.431302,0.0
reward/off_road,2921,1786557914.204803,0.0
reward/off_road,2938,1786557915.966326,0.0
reward/off_road,2957,1786557917.968854,0.0
reward/off_road,2976,1786557919.920433,0.0
reward/off_road,2998,1786557922.147156,0.0
reward/off_road,3023,1786557924.670974,0.0
reward/off_road,3046,1786557927.031580,0.0
reward/off_road,3064,1786557928.856350,0.0
reward/off_road,3087,1786557931.169582,0.0
reward/off_road,3108,1786557933.290693,0.0
reward/off_road,3135,1786557936.021118,0.0
reward/off_road,3159,1786557938.431542,0.0
reward/off_road,3177,1786557940.230790,0.0
reward/off_road,3196,1786557942.121935,0.0
reward/off_road,3212,1786557943.703743,0.0
reward/off_road,3230,1786557945.514313,0.0
reward/off_road,3260,1786557948.573698,0.0
reward/off_road,3283,1786557950.905831,0.0
reward/off_road,3302,1786557952.816649,0.0
reward/off_road,3331,1786557955.929285,0.0
reward/off_road,3344,1786557957.556122,0.0
reward/off_road,3363,1786557960.025812,0.0
reward/off_road,3378,1786557962.073898,0.0
reward/off_road,3406,1786557965.966350,0.0
reward/off_road,3421,1786557968.153701,0.0
reward/off_road,3434,1786557969.981441,0.0
reward/off_road,3450,1786557972.260373,0.0
reward/off_road,3472,1786557975.360978,0.0
reward/off_road,3488,1786557977.581359,0.0
reward/off_road,3509,1786557980.931343,0.0
reward/off_road,3532,1786557984.062929,0.0
reward/off_road,3546,1786557985.924004,0.0
reward/off_road,3564,1786557988.268019,0.0
reward/off_road,3586,1786557991.139036,0.0
reward/off_road,3607,1786557993.798204,0.0
reward/off_road,3629,1786557996.611022,0.0
reward/off_road,3659,1786558000.396251,0.0
reward/off_road,3675,1786558002.418126,0.0
reward/off_road,3690,1786558004.270208,0.0
reward/off_road,3707,1786558006.354556,0.0
reward/off_road,3722,1786558008.187729,0.0
reward/off_road,3743,1786558010.783543,0.0
reward/off_road,3767,1786558013.770719,0.0
reward/off_road,3788,1786558016.417655,0.0
reward/off_road,3800,1786558017.900924,0.0
reward/off_road,3818,1786558020.073010,0.0
reward/off_road,3836,1786558022.219609,0.0
reward/off_road,3856,1786558024.600273,0.0
reward/off_road,3881,1786558027.539663,0.0
reward/off_road,3898,1786558029.526222,0.0
reward/off_road,3915,1786558031.520337,0.0
reward/off_road,3931,1786558033.395001,0.0
reward/off_road,3946,1786558035.105602,0.0
reward/off_road,3962,1786558036.930222,0.0
reward/off_road,3978,1786558038.737658,0.0
reward/off_road,4002,1786558041.481762,0.0
reward/off_road,4021,1786558043.623693,0.0
reward/off_road,4039,1786558045.620687,0.0
reward/off_road,4055,1786558047.374166,0.0
reward/off_road,4071,1786558049.067344,0.0
reward/off_road,4087,1786558050.732632,0.0
reward/off_road,4105,1786558053.621667,0.0
reward/off_road,4122,1786558056.524599,0.0
reward/off_road,4148,1786558061.576087,0.0
reward/off_road,4172,1786558064.537826,0.0
reward/off_road,4188,1786558066.542844,0.0
reward/off_road,4208,1786558068.985468,0.0
reward/off_road,4221,1786558070.569963,0.0
reward/off_road,4240,1786558072.842105,0.0
reward/off_road,4257,1786558074.860738,0.0
reward/off_road,4270,1786558076.411325,0.0
reward/off_road,4292,1786558079.007842,0.0
reward/off_road,4308,1786558080.876696,0.0
reward/off_road,4323,1786558082.609009,0.0
reward/off_road,4363,1786558087.177157,0.0
reward/off_road,4375,1786558088.514647,0.0
reward/off_road,4396,1786558090.828454,0.0
reward/off_road,4426,1786558094.058123,0.0
reward/off_road,4451,1786558097.380224,0.0
reward/off_road,4468,1786558099.748940,0.0
reward/off_road,4486,1786558102.360300,0.0
reward/off_road,4520,1786558107.573712,0.0
reward/off_road,4538,1786558110.314294,0.0
reward/off_road,4560,1786558113.675102,0.0
reward/off_road,4585,1786558117.609392,0.0
reward/off_road,4602,1786558120.235179,0.0
reward/off_road,4617,1786558122.554542,0.0
reward/off_road,4636,1786558125.464444,0.0
reward/off_road,4661,1786558129.315020,0.0
reward/off_road,4680,1786558132.258584,0.0
reward/off_road,4699,1786558135.150502,0.0
reward/off_road,4716,1786558137.661393,0.0
reward/off_road,4736,1786558140.656806,0.0
reward/off_road,4762,1786558144.573284,0.0
reward/off_road,4775,1786558146.501923,0.0
reward/off_road,4795,1786558149.396630,0.0
reward/off_road,4814,1786558152.211560,0.0
reward/off_road,4827,1786558154.110580,0.0
reward/off_road,4843,1786558156.472322,0.0
reward/off_road,4860,1786558158.954545,0.0
reward/off_road,4877,1786558161.408723,0.0
reward/off_road,4894,1786558163.888974,0.0
reward/off_road,4911,1786558166.306824,0.0
reward/off_road,4929,1786558168.880183,0.0
reward/off_road,4951,1786558171.931481,0.0
reward/off_road,4974,1786558175.166136,0.0
reward/off_road,4989,1786558177.307759,0.0
reward/off_road,5007,1786558179.862627,0.0
reward/off_road,5026,1786558182.600031,0.0
reward/off_road,5046,1786558185.497177,0.0
reward/off_road,5064,1786558188.041339,0.0
reward/off_road,5087,1786558191.285653,0.0
reward/off_road,5109,1786558194.454808,0.0
reward/off_road,5131,1786558197.684084,0.0
reward/off_road,5153,1786558200.831695,0.0
reward/off_road,5171,1786558203.318245,0.0
reward/off_road,5192,1786558206.312492,0.0
reward/off_road,5223,1786558211.021143,0.0
reward/off_road,5244,1786558214.064291,0.0
reward/off_road,5259,1786558216.088140,0.0
reward/off_road,5274,1786558218.045849,0.0
reward/off_road,5291,1786558220.270921,0.0
reward/off_road,5317,1786558223.616500,0.0
reward/off_road,5341,1786558226.665066,0.0
reward/off_road,5367,1786558230.476563,0.0
reward/off_road,5381,1786558232.363469,0.0
reward/off_road,5395,1786558234.286976,0.0
reward/off_road,5418,1786558237.410716,0.0
reward/off_road,5433,1786558239.403893,0.0
reward/off_road,5451,1786558241.804656,0.0
reward/off_road,5471,1786558244.549530,0.0
reward/off_road,5494,1786558247.784836,0.0
reward/off_road,5509,1786558249.895762,0.0
reward/off_road,5537,1786558255.028720,0.0
reward/off_road,5552,1786558257.545968,0.0
reward/off_road,5571,1786558260.710513,0.0
reward/off_road,5592,1786558264.260403,0.0
reward/off_road,5610,1786558267.249004,0.0
reward/off_road,5632,1786558270.906541,0.0
reward/off_road,5653,1786558274.364310,0.0
reward/off_road,5668,1786558276.886590,0.0
reward/off_road,5680,1786558278.870517,0.0
reward/off_road,5700,1786558282.190252,0.0
reward/off_road,5716,1786558284.804788,0.0
reward/off_road,5746,1786558289.723741,0.0
reward/off_road,5773,1786558294.060446,0.0
reward/off_road,5789,1786558296.651524,0.0
reward/off_road,5805,1786558299.216341,0.0
reward/off_road,5821,1786558301.762740,0.0
reward/off_road,5837,1786558304.342311,0.0
reward/off_road,5861,1786558308.258351,0.0
reward/off_road,5884,1786558312.027700,0.0
reward/off_road,5905,1786558315.393031,0.0
reward/off_road,5926,1786558318.707534,0.0
reward/off_road,5941,1786558321.095399,0.0
reward/off_road,5961,1786558324.211948,0.0
reward/off_road,5981,1786558327.407706,0.0
reward/off_road,6004,1786558331.100810,0.0
reward/off_road,6025,1786558334.264663,0.0
reward/off_road,6042,1786558336.758675,0.0
reward/off_road,6059,1786558339.146496,0.0
reward/off_road,6079,1786558341.834341,0.0
reward/off_road,6094,1786558343.573496,0.0
reward/off_road,6112,1786558345.613618,0.0
reward/off_road,6135,1786558348.154296,0.0
reward/off_road,6148,1786558349.566185,0.0
reward/off_road,6164,1786558351.223944,0.0
reward/off_road,6190,1786558353.803157,0.0
reward/off_road,6214,1786558356.101714,0.0
reward/off_road,6236,1786558358.213900,0.0
reward/off_road,6259,1786558360.421387,0.0
reward/off_road,6285,1786558362.952158,0.0
reward/off_road,6305,1786558364.898255,0.0
reward/off_road,6325,1786558366.895615,0.0
reward/off_road,6341,1786558368.526723,0.0
reward/off_road,6362,1786558370.707708,0.0
reward/off_road,6394,1786558374.148971,0.0
reward/off_road,6414,1786558376.274500,0.0
reward/off_road,6439,1786558378.870487,0.0
reward/off_road,6457,1786558380.765704,0.0
reward/off_road,6472,1786558382.339504,0.0
reward/off_road,6500,1786558385.249655,0.0
reward/off_road,6520,1786558387.365716,0.0
reward/off_road,6541,1786558389.587398,0.0
reward/off_road,6560,1786558391.617664,0.0
reward/off_road,6581,1786558393.922798,0.0
reward/off_road,6597,1786558395.682637,0.0
reward/off_road,6616,1786558397.745769,0.0
reward/off_road,6636,1786558400.005228,0.0
reward/off_road,6661,1786558402.621749,0.0
reward/off_road,6686,1786558405.070174,0.0
reward/off_road,6704,1786558406.884415,-10.0
reward/off_road,6719,1786558410.803145,0.0
reward/off_road,6744,1786558414.345148,0.0
reward/off_road,6761,1786558416.651678,0.0
reward/off_road,6789,1786558422.806501,0.0
reward/off_road,6813,1786558426.904685,0.0
reward/off_road,6826,1786558429.183969,0.0
reward/off_road,6845,1786558432.530647,0.0
reward/off_road,6861,1786558435.239136,0.0
reward/off_road,6876,1786558437.715249,0.0
reward/off_road,6896,1786558440.955337,0.0
reward/off_road,6913,1786558443.689357,0.0
reward/off_road,6943,1786558448.540498,0.0
reward/off_road,6963,1786558451.201716,0.0
reward/off_road,6978,1786558453.191112,0.0
reward/off_road,6994,1786558455.317681,0.0
reward/off_road,7014,1786558458.002964,0.0
reward/off_road,7031,1786558460.266295,0.0
reward/off_road,7053,1786558463.186928,0.0
reward/off_road,7073,1786558465.801681,0.0
reward/off_road,7089,1786558467.865951,0.0
reward/off_road,7119,1786558471.674853,0.0
reward/off_road,7136,1786558473.861395,0.0
reward/off_road,7157,1786558476.550472,0.0
reward/off_road,7177,1786558479.113808,0.0
reward/off_road,7194,1786558481.303986,0.0
reward/off_road,7210,1786558483.380901,0.0
reward/off_road,7227,1786558485.575959,0.0
reward/off_road,7250,1786558488.562965,0.0
reward/off_road,7269,1786558491.030921,0.0
reward/off_road,7292,1786558494.073364,0.0
reward/off_road,7310,1786558496.455094,0.0
reward/off_road,7329,1786558498.984591,0.0
reward/off_road,7347,1786558503.345307,0.0
reward/off_road,7371,1786558507.149963,0.0
reward/off_road,7392,1786558510.490292,0.0
reward/off_road,7410,1786558513.298559,0.0
reward/off_road,7430,1786558516.429969,0.0
reward/off_road,7444,1786558518.591479,0.0
reward/off_road,7465,1786558521.837822,0.0
reward/off_road,7484,1786558524.754421,0.0
reward/off_road,7510,1786558528.714880,0.0
reward/off_road,7531,1786558531.874550,0.0
reward/off_road,7547,1786558534.324160,0.0
reward/off_road,7563,1786558536.738455,0.0
reward/off_road,7583,1786558539.698621,0.0
reward/off_road,7611,1786558543.815270,0.0
reward/off_road,7637,1786558547.554471,0.0
reward/off_road,7653,1786558549.840668,0.0
reward/off_road,7671,1786558552.505855,0.0
reward/off_road,7693,1786558555.557556,0.0
reward/off_road,7718,1786558558.949584,0.0
reward/off_road,7737,1786558561.704625,0.0
reward/off_road,7763,1786558565.123395,0.0
reward/off_road,7783,1786558567.738792,0.0
reward/off_road,7793,1786558568.927392,0.0
reward/off_road,7817,1786558571.754691,0.0
reward/off_road,7840,1786558574.443830,0.0
reward/off_road,7856,1786558576.307494,0.0
reward/off_road,7870,1786558577.980840,0.0
reward/off_road,7887,1786558579.936548,0.0
reward/off_road,7916,1786558583.214502,0.0
reward/off_road,7932,1786558585.019674,0.0
reward/off_road,7951,1786558587.138644,0.0
reward/off_road,7969,1786558589.102903,0.0
reward/off_road,7990,1786558591.394287,0.0
reward/off_road,8006,1786558593.757770,0.0
reward/off_road,8022,1786558595.849365,0.0
reward/off_road,8050,1786558599.420990,0.0
reward/off_road,8076,1786558602.614514,0.0
reward/off_road,8093,1786558604.691034,0.0
reward/off_road,8115,1786558607.305432,0.0
reward/off_road,8128,1786558608.828072,0.0
reward/off_road,8151,1786558611.385882,0.0
reward/off_road,8179,1786558614.344718,0.0
reward/off_road,8198,1786558616.337468,0.0
reward/off_road,8216,1786558618.226714,0.0
reward/off_road,8233,1786558620.003695,0.0
reward/off_road,8245,1786558621.260185,0.0
reward/off_road,8269,1786558623.792441,0.0
reward/off_road,8288,1786558625.837278,0.0
reward/off_road,8311,1786558628.392262,0.0
reward/off_road,8327,1786558630.168366,0.0
reward/off_road,8349,1786558632.665032,0.0
reward/off_road,8366,1786558634.595507,0.0
reward/off_road,8394,1786558637.742172,0.0
reward/off_road,8412,1786558639.771267,0.0
reward/off_road,8427,1786558641.447024,0.0
reward/off_road,8446,1786558643.553936,0.0
reward/off_road,8468,1786558645.967309,0.0
reward/off_road,8490,1786558648.422455,0.0
reward/off_road,8507,1786558650.332366,0.0
reward/off_road,8529,1786558652.827609,0.0
reward/off_road,8549,1786558655.104709,0.0
reward/off_road,8574,1786558657.856305,0.0
reward/off_road,8595,1786558660.138803,0.0
reward/off_road,8620,1786558662.747726,0.0
reward/off_road,8646,1786558665.366894,0.0
reward/off_road,8660,1786558667.266742,0.0
reward/off_road,8683,1786558669.845366,0.0
reward/off_road,8705,1786558672.335376,0.0
reward/off_road,8727,1786558675.385754,0.0
reward/off_road,8747,1786558678.064734,0.0
reward/off_road,8763,1786558680.193583,0.0
reward/off_road,8782,1786558682.732534,0.0
reward/off_road,8802,1786558685.397266,0.0
reward/off_road,8825,1786558688.433822,0.0
reward/off_road,8846,1786558691.194751,0.0
reward/off_road,8864,1786558693.535488,0.0
reward/off_road,8887,1786558696.465863,0.0
reward/off_road,8904,1786558698.563774,0.0
reward/off_road,8930,1786558701.759718,0.0
reward/off_road,8947,1786558703.851340,0.0
reward/off_road,8967,1786558706.328510,0.0
reward/off_road,8982,1786558708.174845,0.0
reward/off_road,8996,1786558709.897210,0.0
reward/off_road,9008,1786558711.372056,0.0
reward/off_road,9032,1786558714.259809,0.0
reward/off_road,9053,1786558716.792670,0.0
reward/off_road,9085,1786558720.605344,0.0
reward/off_road,9103,1786558722.724207,0.0
reward/off_road,9122,1786558724.913170,0.0
reward/off_road,9133,1786558726.156990,0.0
reward/off_road,9158,1786558728.974618,0.0
reward/off_road,9178,1786558731.188213,0.0
reward/off_road,9203,1786558733.974703,0.0
reward/off_road,9223,1786558736.208708,0.0
reward/off_road,9241,1786558738.238645,0.0
reward/off_road,9264,1786558740.830626,0.0
reward/off_road,9286,1786558743.308932,0.0
reward/off_road,9304,1786558745.372767,0.0
reward/off_road,9315,1786558746.652009,0.0
reward/off_road,9332,1786558748.600059,0.0
reward/off_road,9356,1786558751.355345,0.0
reward/off_road,9380,1786558754.170044,0.0
reward/off_road,9396,1786558756.037812,0.0
reward/off_road,9411,1786558757.748215,0.0
reward/off_road,9430,1786558760.321661,0.0
reward/off_road,9444,1786558762.000370,0.0
reward/off_road,9463,1786558764.291940,0.0
reward/off_road,9480,1786558766.334328,0.0
reward/off_road,9500,1786558768.734754,0.0
reward/off_road,9519,1786558771.011628,0.0
reward/off_road,9536,1786558773.017334,0.0
reward/off_road,9554,1786558775.157018,0.0
reward/off_road,9576,1786558777.748682,0.0
reward/off_road,9594,1786558779.862854,0.0
reward/off_road,9614,1786558782.227771,0.0
reward/off_road,9628,1786558783.829764,0.0
reward/off_road,9643,1786558785.553693,0.0
reward/off_road,9662,1786558787.682090,0.0
reward/off_road,9683,1786558790.033790,0.0
reward/off_road,9702,1786558792.165751,0.0
reward/off_road,9720,1786558794.141362,0.0
reward/off_road,9741,1786558796.422184,0.0
reward/off_road,9764,1786558798.926927,0.0
reward/off_road,9780,1786558800.677669,0.0
reward/off_road,9798,1786558802.663085,0.0
reward/off_road,9814,1786558804.469751,0.0
reward/off_road,9831,1786558806.378364,0.0
reward/off_road,9857,1786558809.281952,0.0
reward/off_road,9871,1786558810.910036,0.0
reward/off_road,9893,1786558813.492215,0.0
reward/off_road,9908,1786558815.271928,0.0
reward/off_road,9934,1786558818.462694,0.0
reward/off_road,9954,1786558820.883254,0.0
reward/off_road,9974,1786558823.300336,0.0
reward/off_road,9998,1786558826.249894,0.0
reward/off_road,10011,1786558827.952335,0.0
reward/off_road,10029,1786558830.109591,0.0
reward/off_road,10057,1786558833.503402,0.0
reward/off_road,10073,1786558835.412523,0.0
reward/off_road,10096,1786558840.072828,0.0
reward/off_road,10110,1786558842.411366,0.0
reward/off_road,10127,1786558845.187698,0.0
reward/off_road,10148,1786558848.674192,0.0
reward/off_road,10168,1786558852.023487,0.0
reward/off_road,10190,1786558855.644532,0.0
reward/off_road,10213,1786558859.605857,0.0
reward/off_road,10228,1786558862.147172,0.0
reward/off_road,10242,1786558864.169359,0.0
reward/off_road,10263,1786558867.163070,0.0
reward/off_road,10286,1786558870.310769,0.0
reward/off_road,10306,1786558872.922676,0.0
reward/off_road,10333,1786558876.499683,0.0
reward/off_road,10350,1786558878.710536,0.0
reward/off_road,10374,1786558881.748015,0.0
reward/off_road,10396,1786558884.476140,0.0
reward/off_road,10418,1786558887.144677,0.0
reward/off_road,10439,1786558889.565730,0.0
reward/off_road,10462,1786558892.112326,0.0
reward/off_road,10487,1786558894.832879,0.0
reward/off_road,10505,1786558896.731764,0.0
reward/off_road,10527,1786558899.028719,0.0
reward/off_road,10544,1786558900.768483,0.0
reward/off_road,10566,1786558902.992687,0.0
reward/off_road,10580,1786558904.392789,0.0
reward/off_road,10606,1786558906.981369,0.0
reward/off_road,10621,1786558908.462773,0.0
reward/off_road,10638,1786558910.120547,0.0
reward/off_road,10652,1786558911.476548,0.0
reward/off_road,10666,1786558912.834579,0.0
reward/off_road,10681,1786558914.290317,0.0
reward/off_road,10702,1786558916.355713,0.0
reward/off_road,10716,1786558917.741986,0.0
reward/off_road,10741,1786558920.220675,0.0
reward/off_road,10766,1786558922.836414,0.0
reward/off_road,10783,1786558924.304640,0.0
reward/off_road,10803,1786558925.987410,0.0
reward/off_road,10828,1786558929.820266,0.0
reward/off_road,10851,1786558932.710521,0.0
reward/off_road,10866,1786558934.614210,0.0
reward/off_road,10886,1786558937.197737,0.0
reward/off_road,10913,1786558940.746762,0.0
reward/off_road,10932,1786558943.226646,0.0
reward/off_road,10953,1786558945.854165,0.0
reward/off_road,10969,1786558947.826592,0.0
reward/off_road,10989,1786558950.325434,0.0
reward/off_road,11017,1786558953.664382,0.0
reward/off_road,11036,1786558955.938089,0.0
reward/off_road,11053,1786558957.900922,0.0
reward/off_road,11072,1786558960.078680,0.0
reward/off_road,11089,1786558962.030648,0.0
reward/off_road,11108,1786558964.203895,0.0
reward/off_road,11127,1786558966.369387,0.0
reward/off_road,11149,1786558968.848578,0.0
reward/off_road,11168,1786558970.986766,0.0
reward/off_road,11187,1786558973.132388,0.0
reward/off_road,11203,1786558974.875756,0.0
reward/off_road,11223,1786558977.011843,0.0
reward/off_road,11242,1786558978.979642,0.0
reward/off_road,11266,1786558983.378599,0.0
reward/off_road,11285,1786558986.587802,0.0
reward/off_road,11301,1786558989.292908,0.0
reward/off_road,11318,1786558992.180214,0.0
reward/off_road,11343,1786558996.391900,0.0
reward/off_road,11364,1786558999.916818,0.0
reward/off_road,11385,1786559003.434646,0.0
reward/off_road,11405,1786559006.758580,0.0
reward/off_road,11426,1786559010.194057,0.0
reward/off_road,11447,1786559013.718324,0.0
reward/off_road,11472,1786559018.193590,0.0
reward/off_road,11497,1786559021.870476,0.0
reward/off_road,11517,1786559024.586989,0.0
reward/off_road,11537,1786559027.259457,0.0
reward/off_road,11559,1786559030.210079,0.0
reward/off_road,11574,1786559032.166003,0.0
reward/off_road,11604,1786559035.976067,0.0
reward/off_road,11639,1786559040.444166,0.0
reward/off_road,11655,1786559042.274695,0.0
reward/off_road,11675,1786559044.577594,0.0
reward/off_road,11689,1786559046.219557,0.0
reward/off_road,11721,1786559050.032750,0.0
reward/off_road,11739,1786559052.175439,0.0
reward/off_road,11755,1786559054.138721,-10.0
reward/off_road,11768,1786559056.317402,0.0
reward/off_road,11791,1786559059.335995,0.0
reward/off_road,11811,1786559061.875691,0.0
reward/off_road,11826,1786559063.815204,0.0
reward/off_road,11858,1786559067.795663,0.0
reward/off_road,11874,1786559069.544124,0.0
reward/off_road,11894,1786559071.742713,0.0
reward/off_road,11909,1786559073.365497,0.0
reward/off_road,11929,1786559075.564693,0.0
reward/off_road,11943,1786559077.110049,0.0
reward/off_road,11962,1786559079.181988,0.0
reward/off_road,11978,1786559080.843000,0.0
reward/off_road,12003,1786559083.509129,0.0
reward/off_road,12020,1786559085.219689,0.0
reward/off_road,12039,1786559087.126961,0.0
reward/off_road,12058,1786559089.048453,0.0
reward/off_road,12073,1786559090.573752,0.0
reward/off_road,12085,1786559091.774724,0.0
reward/off_road,12102,1786559093.459341,0.0
reward/off_road,12124,1786559095.634367,0.0
reward/off_road,12142,1786559097.924749,0.0
reward/off_road,12166,1786559100.548689,0.0
reward/off_road,12188,1786559102.811761,0.0
reward/off_road,12219,1786559105.843769,0.0
reward/off_road,12241,1786559107.935169,0.0
reward/off_road,12258,1786559110.485829,0.0
reward/off_road,12273,1786559112.424813,0.0
reward/off_road,12295,1786559115.139907,0.0
reward/off_road,12314,1786559117.469533,0.0
reward/off_road,12331,1786559119.518816,0.0
reward/off_road,12344,1786559121.056696,0.0
reward/off_road,12368,1786559123.887847,0.0
reward/off_road,12386,1786559125.985226,0.0
reward/off_road,12405,1786559128.173288,0.0
reward/off_road,12418,1786559129.650522,0.0
reward/off_road,12443,1786559132.464570,0.0
reward/off_road,12460,1786559134.314903,0.0
reward/off_road,12471,1786559135.528467,0.0
reward/off_road,12494,1786559138.672425,0.0
reward/off_road,12509,1786559140.620891,0.0
reward/off_road,12525,1786559142.699176,0.0
reward/off_road,12541,1786559144.733953,0.0
reward/off_road,12559,1786559147.045204,0.0
reward/off_road,12584,1786559150.242118,0.0
reward/off_road,12600,1786559152.293577,0.0
reward/off_road,12628,1786559155.873953,0.0
reward/off_road,12657,1786559159.592899,0.0
reward/off_road,12685,1786559163.230028,0.0
reward/off_road,12700,1786559165.209314,0.0
reward/off_road,12716,1786559167.327237,0.0
reward/off_road,12733,1786559169.581136,0.0
reward/off_road,12754,1786559172.734043,0.0
reward/off_road,12782,1786559176.443818,0.0
reward/off_road,12812,1786559180.393908,0.0
reward/off_road,12837,1786559183.651518,0.0
reward/off_road,12857,1786559186.275668,0.0
reward/off_road,12876,1786559188.735299,0.0
reward/off_road,12898,1786559191.527119,0.0
reward/off_road,12921,1786559194.412477,0.0
reward/off_road,12941,1786559196.896959,0.0
reward/off_road,12961,1786559199.402796,0.0
reward/off_road,12985,1786559202.446182,0.0
reward/off_road,13009,1786559205.552386,0.0
reward/off_road,13026,1786559207.720907,0.0
reward/off_road,13064,1786559214.268249,0.0
reward/off_road,13078,1786559216.593162,0.0
reward/off_road,13094,1786559219.228732,0.0
reward/off_road,13112,1786559222.177570,0.0
reward/off_road,13126,1786559224.467031,0.0
reward/off_road,13148,1786559228.030506,0.0
reward/off_road,13172,1786559231.847745,0.0
reward/off_road,13192,1786559235.116031,0.0
reward/off_road,13207,1786559237.571750,0.0
reward/off_road,13229,1786559241.157565,0.0
reward/off_road,13252,1786559244.777109,0.0
reward/off_road,13275,1786559248.365408,0.0
reward/off_road,13289,1786559250.541562,0.0
reward/off_road,13319,1786559255.188473,0.0
reward/off_road,13345,1786559259.151976,0.0
reward/off_road,13363,1786559261.899442,0.0
reward/off_road,13376,1786559263.855415,0.0
reward/off_road,13403,1786559267.898411,0.0
reward/off_road,13422,1786559270.636160,0.0
reward/off_road,13437,1786559272.701507,0.0
reward/off_road,13459,1786559275.692430,0.0
reward/off_road,13477,1786559278.090921,0.0
reward/off_road,13493,1786559280.200212,0.0
reward/off_road,13508,1786559282.139602,0.0
reward/off_road,13540,1786559286.175263,0.0
reward/off_road,13559,1786559288.288432,0.0
reward/off_road,13580,1786559292.721068,0.0
reward/off_road,13594,1786559294.808686,0.0
reward/off_road,13612,1786559297.509293,0.0
reward/off_road,13637,1786559301.204848,0.0
reward/off_road,13654,1786559303.731848,0.0
reward/off_road,13667,1786559305.664930,0.0
reward/off_road,13690,1786559309.002851,0.0
reward/off_road,13705,1786559311.187316,0.0
reward/off_road,13726,1786559314.194910,0.0
reward/off_road,13744,1786559316.769615,0.0
reward/off_road,13762,1786559319.284349,0.0
reward/off_road,13783,1786559322.261434,0.0
reward/off_road,13802,1786559324.951597,0.0
reward/off_road,13820,1786559327.511808,0.0
reward/off_road,13846,1786559331.265910,0.0
reward/off_road,13865,1786559334.011914,0.0
reward/off_road,13878,1786559335.876026,0.0
reward/off_road,13898,1786559338.740261,0.0
reward/off_road,13923,1786559342.245642,0.0
reward/off_road,13942,1786559344.875406,0.0
reward/off_road,13962,1786559347.619968,0.0
reward/off_road,13987,1786559351.033861,0.0
reward/off_road,14003,1786559353.332407,0.0
reward/off_road,14030,1786559360.473641,0.0
reward/off_road,14051,1786559364.738608,0.0
reward/off_road,14066,1786559367.757832,0.0
reward/off_road,14094,1786559373.226654,0.0
reward/off_road,14110,1786559376.300482,0.0
reward/off_road,14127,1786559379.532950,0.0
reward/off_road,14150,1786559383.818278,0.0
reward/off_road,14169,1786559387.323828,0.0
reward/off_road,14193,1786559391.715253,0.0
reward/off_road,14210,1786559394.828436,0.0
reward/off_road,14234,1786559399.204178,0.0
reward/off_road,14249,1786559401.935854,0.0
reward/off_road,14268,1786559405.386420,0.0
reward/off_road,14299,1786559411.006799,0.0
reward/off_road,14328,1786559416.290349,0.0
reward/off_road,14345,1786559419.349730,0.0
reward/off_road,14360,1786559422.008635,0.0
reward/off_road,14381,1786559424.951730,0.0
reward/off_road,14399,1786559427.496155,0.0
reward/off_road,14419,1786559430.247709,0.0
reward/off_road,14446,1786559434.962417,0.0
reward/off_road,14458,1786559437.070569,0.0
reward/off_road,14470,1786559438.531914,0.0
reward/off_road,14493,1786559441.317863,0.0
reward/off_road,14510,1786559443.396927,0.0
reward/off_road,14529,1786559445.743051,0.0
reward/off_road,14545,1786559447.681654,0.0
reward/off_road,14569,1786559450.559473,0.0
reward/off_road,14589,1786559452.949422,0.0
reward/off_road,14605,1786559454.876213,0.0
reward/off_road,14624,1786559457.138478,0.0
reward/off_road,14650,1786559460.147170,0.0
reward/off_road,14664,1786559461.753920,0.0
reward/off_road,14681,1786559463.692051,0.0
reward/off_road,14709,1786559466.830882,0.0
reward/off_road,14727,1786559468.863649,0.0
reward/off_road,14750,1786559471.396706,0.0
reward/off_road,14773,1786559473.812321,0.0
reward/off_road,14797,1786559476.377062,0.0
reward/off_road,14817,1786559478.484459,0.0
reward/off_road,14844,1786559481.220719,0.0
reward/off_road,14865,1786559483.254552,0.0
reward/off_road,14885,1786559485.174758,0.0
reward/off_road,14902,1786559486.711612,0.0
reward/off_road,14922,1786559490.163847,0.0
reward/off_road,14940,1786559492.207653,0.0
reward/off_road,14954,1786559493.769797,0.0
reward/off_road,14985,1786559497.188314,0.0
reward/off_road,15002,1786559498.872758,0.0
reward/off_road,15021,1786559500.835513,0.0
reward/off_road,15043,1786559503.017618,0.0
reward/off_road,15062,1786559505.647263,0.0
reward/off_road,15083,1786559508.449184,0.0
reward/off_road,15112,1786559512.329987,0.0
reward/off_road,15131,1786559514.903397,0.0
reward/off_road,15152,1786559517.717453,0.0
reward/off_road,15168,1786559519.845373,0.0
reward/off_road,15192,1786559523.012095,0.0
reward/off_road,15208,1786559525.134815,0.0
reward/off_road,15231,1786559528.112490,0.0
reward/off_road,15251,1786559530.678992,0.0
reward/off_road,15267,1786559532.702392,0.0
reward/off_road,15291,1786559535.671740,0.0
reward/off_road,15306,1786559537.514740,0.0
reward/off_road,15331,1786559540.600567,0.0
reward/off_road,15353,1786559543.286336,0.0
reward/off_road,15371,1786559545.483430,0.0
reward/off_road,15393,1786559548.168374,0.0
reward/off_road,15411,1786559550.414680,0.0
reward/off_road,15434,1786559553.290810,0.0
reward/off_road,15449,1786559555.145775,0.0
reward/off_road,15474,1786559558.295739,0.0
reward/off_road,15497,1786559562.919608,0.0
reward/off_road,15517,1786559566.220673,0.0
reward/off_road,15535,1786559569.163734,0.0
reward/off_road,15553,1786559572.106459,0.0
reward/off_road,15566,1786559574.243237,0.0
reward/off_road,15590,1786559578.167408,0.0
reward/off_road,15614,1786559582.050284,0.0
reward/off_road,15640,1786559586.266840,0.0
reward/off_road,15662,1786559589.801750,0.0
reward/off_road,15687,1786559593.765565,0.0
reward/off_road,15713,1786559597.854357,0.0
reward/off_road,15729,1786559600.393157,0.0
reward/off_road,15753,1786559604.209040,0.0
reward/off_road,15767,1786559606.421808,0.0
reward/off_road,15792,1786559610.352460,0.0
reward/off_road,15815,1786559613.438470,0.0
reward/off_road,15840,1786559616.745501,0.0
reward/off_road,15856,1786559618.861964,0.0
reward/off_road,15884,1786559622.513148,0.0
reward/off_road,15900,1786559624.583747,0.0
reward/off_road,15925,1786559627.750508,0.0
reward/off_road,15940,1786559629.633759,0.0
reward/off_road,15964,1786559632.774136,0.0
reward/off_road,15982,1786559635.076152,0.0
reward/off_road,16008,1786559638.542143,0.0
reward/off_road,16024,1786559640.592506,0.0
reward/off_road,16039,1786559642.485116,0.0
reward/off_road,16062,1786559645.360210,0.0
reward/off_road,16082,1786559647.844837,0.0
reward/off_road,16102,1786559650.283988,0.0
reward/off_road,16113,1786559651.595205,0.0
reward/off_road,16129,1786559653.484653,0.0
reward/off_road,16146,1786559655.464335,0.0
reward/off_road,16166,1786559657.766772,0.0
reward/off_road,16176,1786559658.939643,0.0
reward/off_road,16196,1786559661.259687,0.0
reward/off_road,16211,1786559662.989863,0.0
reward/off_road,16235,1786559665.760649,0.0
reward/off_road,16251,1786559667.601109,0.0
reward/off_road,16275,1786559670.318127,0.0
reward/off_road,16291,1786559672.186731,0.0
reward/off_road,16317,1786559675.159868,0.0
reward/off_road,16349,1786559678.893641,0.0
reward/off_road,16368,1786559681.135901,0.0
reward/off_road,16395,1786559684.269573,0.0
reward/off_road,16408,1786559686.081118,0.0
reward/off_road,16428,1786559688.813032,0.0
reward/off_road,16446,1786559691.203510,0.0
reward/off_road,16466,1786559693.758388,0.0
reward/off_road,16486,1786559696.309465,0.0
reward/off_road,16506,1786559698.784439,0.0
reward/off_road,16529,1786559701.536728,0.0
reward/off_road,16555,1786559704.555319,0.0
reward/off_road,16572,1786559706.451158,0.0
reward/off_road,16585,1786559707.845138,0.0
reward/off_road,16603,1786559709.735465,0.0
reward/off_road,16627,1786559712.265701,0.0
reward/off_road,16645,1786559714.146043,0.0
reward/off_road,16665,1786559716.243534,0.0
reward/off_road,16680,1786559717.829676,0.0
reward/off_road,16697,1786559719.666139,0.0
reward/off_road,16725,1786559722.772065,0.0
reward/off_road,16742,1786559724.699718,0.0
reward/off_road,16769,1786559727.788826,0.0
reward/off_road,16787,1786559729.825889,0.0
reward/off_road,16803,1786559731.626836,0.0
reward/off_road,16823,1786559733.877825,0.0
reward/off_road,16843,1786559736.095401,0.0
reward/off_road,16864,1786559738.427868,0.0
reward/off_road,16885,1786559740.790816,0.0
reward/off_road,16903,1786559742.853466,0.0
reward/off_road,16924,1786559745.300722,0.0
reward/off_road,16942,1786559747.342142,0.0
reward/off_road,16959,1786559749.238513,0.0
reward/off_road,16977,1786559751.268581,-10.0
reward/off_road,16997,1786559755.620949,0.0
reward/off_road,17012,1786559757.561450,0.0
reward/off_road,17026,1786559759.355599,0.0
reward/off_road,17045,1786559761.814688,0.0
reward/off_road,17069,1786559764.923153,0.0
reward/off_road,17094,1786559767.974143,0.0
reward/off_road,17116,1786559770.588753,0.0
reward/off_road,17134,1786559774.668576,0.0
reward/off_road,17156,1786559777.916703,0.0
reward/off_road,17173,1786559780.375488,0.0
reward/off_road,17198,1786559784.191696,0.0
reward/off_road,17216,1786559786.537423,0.0
reward/off_road,17243,1786559790.014349,0.0
reward/off_road,17256,1786559791.687605,0.0
reward/off_road,17286,1786559795.525681,0.0
reward/off_road,17322,1786559800.139704,0.0
reward/off_road,17345,1786559803.101357,0.0
reward/off_road,17362,1786559805.271608,0.0
reward/off_road,17388,1786559808.517893,0.0
reward/off_road,17406,1786559810.714243,0.0
reward/off_road,17434,1786559814.185772,0.0
reward/off_road,17458,1786559817.191479,0.0
reward/off_road,17481,1786559820.043822,0.0
reward/off_road,17504,1786559822.833716,0.0
reward/off_road,17521,1786559824.888566,0.0
reward/off_road,17537,1786559826.795845,0.0
reward/off_road,17557,1786559829.092281,0.0
reward/off_road,17577,1786559831.383055,0.0
reward/off_road,17595,1786559833.439303,0.0
reward/off_road,17616,1786559835.846673,0.0
reward/off_road,17630,1786559837.423914,0.0
reward/off_road,17643,1786559838.880677,0.0
reward/off_road,17669,1786559841.783831,0.0
reward/off_road,17687,1786559843.785892,0.0
reward/off_road,17699,1786559845.088813,0.0
reward/off_road,17722,1786559847.597687,0.0
reward/off_road,17735,1786559849.031863,0.0
reward/off_road,17754,1786559851.106349,0.0
reward/off_road,17782,1786559854.100826,0.0
reward/off_road,17805,1786559856.582801,0.0
reward/off_road,17824,1786559858.635176,0.0
reward/off_road,17841,1786559860.453449,0.0
reward/off_road,17866,1786559863.160815,0.0
reward/off_road,17884,1786559865.105508,0.0
reward/off_road,17901,1786559866.908171,0.0
reward/off_road,17925,1786559869.411862,0.0
reward/off_road,17941,1786559871.065141,0.0
reward/off_road,17965,1786559873.543394,0.0
reward/off_road,17980,1786559875.134284,0.0
reward/off_road,18003,1786559877.662569,0.0
reward/off_road,18025,1786559879.949479,0.0
reward/off_road,18042,1786559881.715462,0.0
reward/off_road,18062,1786559883.809162,0.0
reward/off_road,18081,1786559885.848391,0.0
reward/off_road,18107,1786559888.591778,0.0
reward/off_road,18121,1786559890.083743,0.0
reward/off_road,18136,1786559891.682724,0.0
reward/off_road,18153,1786559893.536300,0.0
reward/off_road,18176,1786559896.105425,0.0
reward/off_road,18197,1786559898.439352,0.0
reward/off_road,18215,1786559901.079964,0.0
reward/off_road,18231,1786559903.054819,0.0
reward/off_road,18245,1786559904.762491,0.0
reward/off_road,18265,1786559907.210443,0.0
reward/off_road,18278,1786559908.761876,0.0
reward/off_road,18300,1786559911.280878,0.0
reward/off_road,18318,1786559913.382274,0.0
reward/off_road,18345,1786559916.472893,0.0
reward/off_road,18366,1786559921.690699,0.0
reward/off_road,18390,1786559925.729788,0.0
reward/off_road,18405,1786559928.233126,0.0
reward/off_road,18423,1786559931.180928,0.0
reward/off_road,18441,1786559934.051180,0.0
reward/off_road,18458,1786559936.730750,0.0
reward/off_road,18479,1786559940.010849,0.0
reward/off_road,18504,1786559943.886955,0.0
reward/off_road,18523,1786559946.790140,0.0
reward/off_road,18542,1786559949.688471,0.0
reward/off_road,18556,1786559951.825208,0.0
reward/off_road,18580,1786559955.491316,0.0
reward/off_road,18592,1786559957.316775,0.0
reward/off_road,18607,1786559959.271172,0.0
reward/off_road,18626,1786559962.117966,0.0
reward/off_road,18652,1786559965.737495,0.0
reward/off_road,18670,1786559968.184716,0.0
reward/off_road,18682,1786559969.632559,0.0
reward/off_road,18701,1786559972.385293,0.0
reward/off_road,18722,1786559975.637624,0.0
reward/off_road,18739,1786559977.926325,0.0
reward/off_road,18758,1786559980.508850,0.0
reward/off_road,18778,1786559983.209130,0.0
reward/off_road,18802,1786559986.369455,0.0
reward/off_road,18821,1786559988.857763,0.0
reward/off_road,18839,1786559991.217901,0.0
reward/off_road,18860,1786559993.996714,0.0
reward/off_road,18879,1786559996.586880,0.0
reward/off_road,18894,1786559998.559879,0.0
reward/off_road,18917,1786560001.592902,0.0
reward/off_road,18932,1786560003.675239,0.0
reward/off_road,18953,1786560006.629322,0.0
reward/off_road,18977,1786560009.328935,0.0
reward/off_road,18994,1786560011.243155,0.0
reward/off_road,19014,1786560013.487978,0.0
reward/off_road,19029,1786560015.143023,0.0
reward/off_road,19044,1786560016.788476,0.0
reward/off_road,19070,1786560019.620879,0.0
reward/off_road,19092,1786560022.075131,0.0
reward/off_road,19111,1786560024.157481,0.0
reward/off_road,19135,1786560026.778729,0.0
reward/off_road,19154,1786560028.878815,0.0
reward/off_road,19185,1786560032.337893,0.0
reward/off_road,19206,1786560034.734705,0.0
reward/off_road,19227,1786560037.437834,0.0
reward/off_road,19246,1786560039.375701,0.0
reward/off_road,19275,1786560042.278662,0.0
reward/off_road,19294,1786560044.167270,0.0
reward/off_road,19319,1786560046.604633,0.0
reward/off_road,19343,1786560048.893931,0.0
reward/off_road,19363,1786560053.207841,0.0
reward/off_road,19389,1786560057.444283,0.0
reward/off_road,19408,1786560060.537834,0.0
reward/off_road,19441,1786560065.963309,0.0
reward/off_road,19461,1786560069.274504,0.0
reward/off_road,19480,1786560072.417525,0.0
reward/off_road,19494,1786560074.521693,0.0
reward/off_road,19509,1786560076.756462,0.0
reward/off_road,19534,1786560080.727828,0.0
reward/off_road,19551,1786560083.080464,0.0
reward/off_road,19581,1786560087.027339,0.0
reward/off_road,19596,1786560088.830667,0.0
reward/off_road,19612,1786560090.743010,0.0
reward/off_road,19635,1786560093.472577,0.0
reward/off_road,19665,1786560096.981388,0.0
reward/off_road,19685,1786560099.299311,0.0
reward/off_road,19699,1786560100.925028,0.0
reward/off_road,19714,1786560102.642658,0.0
reward/off_road,19736,1786560105.112466,0.0
reward/off_road,19759,1786560107.779248,0.0
reward/off_road,19772,1786560109.756261,0.0
reward/off_road,19794,1786560112.310026,0.0
reward/off_road,19813,1786560114.534688,0.0
reward/off_road,19831,1786560116.611798,0.0
reward/off_road,19852,1786560118.985348,0.0
reward/off_road,19873,1786560121.352592,0.0
reward/off_road,19887,1786560122.935099,0.0
reward/off_road,19905,1786560124.942723,0.0
reward/off_road,19933,1786560128.004643,0.0
reward/off_road,19947,1786560129.498975,0.0
reward/off_road,19971,1786560131.986795,0.0
reward/off_road,20000,1786560135.510518,0.0
reward/position,3,1786557530.575036,-0.02748429775238037
reward/position,24,1786557533.408056,-0.07813960313796997
reward/position,53,1786557537.373030,-0.4873526692390442
reward/position,79,1786557542.920222,-0.03689195215702057
reward/position,97,1786557545.694176,-0.21546463668346405
reward/position,119,1786557549.062927,-0.3880605101585388
reward/position,137,1786557551.758976,-0.6892853379249573
reward/position,153,1786557554.180253,-0.9284083247184753
reward/position,177,1786557557.677814,-0.1832733154296875
reward/position,206,1786557561.085914,-0.46509552001953125
reward/position,221,1786557562.898143,-0.8064422607421875
reward/position,241,1786557565.342714,-0.5767364501953125
reward/position,261,1786557567.656206,-0.5358047485351562
reward/position,282,1786557570.022471,-0.5395889282226562
reward/position,302,1786557572.377162,-0.2690277099609375
reward/position,322,1786557574.712259,-0.050567626953125
reward/position,334,1786557576.064728,-0.07427978515625
reward/position,356,1786557578.534963,-0.1678314208984375
reward/position,381,1786557581.371964,-0.487762451171875
reward/position,405,1786557584.012264,-0.5849380493164062
reward/position,422,1786557585.035167,-0.42353057861328125
reward/position,443,1786557587.255822,-0.1517181396484375
reward/position,466,1786557589.842494,-0.25676727294921875
reward/position,494,1786557593.365145,-0.064208984375
reward/position,517,1786557596.985513,-1.0406265258789062
reward/position,545,1786557602.535110,-0.25028228759765625
reward/position,556,1786557604.042837,-0.23023223876953125
reward/position,580,1786557607.270935,-0.042083740234375
reward/position,599,1786557609.813452,-0.14093780517578125
reward/position,621,1786557612.911137,-0.35832977294921875
reward/position,646,1786557616.089153,-0.0632476881146431
reward/position,668,1786557618.309211,-0.3047028183937073
reward/position,686,1786557620.187491,-0.837326169013977
reward/position,708,1786557622.504058,-0.7784730792045593
reward/position,729,1786557624.658750,-0.640976071357727
reward/position,751,1786557626.980511,-0.1366577446460724
reward/position,771,1786557629.302544,-0.0715942531824112
reward/position,794,1786557631.665767,-0.2071838676929474
reward/position,812,1786557633.567945,-0.1025085598230362
reward/position,835,1786557635.971932,-0.1077728420495987
reward/position,851,1786557637.617002,-0.36982735991477966
reward/position,868,1786557639.320149,-0.9823762774467468
reward/position,883,1786557640.812705,-0.9043580293655396
reward/position,901,1786557642.642237,-0.9167786836624146
reward/position,915,1786557644.008839,-0.5739747285842896
reward/position,933,1786557645.725373,-0.0675201565027237
reward/position,946,1786557647.855849,-0.09629059582948685
reward/position,971,1786557651.397830,-0.4652557671070099
reward/position,989,1786557653.936448,-0.5549774765968323
reward/position,1004,1786557656.071806,-0.6022186875343323
reward/position,1027,1786557659.305807,-0.9093323349952698
reward/position,1053,1786557662.902564,-0.0588226318359375
reward/position,1070,1786557665.286846,-0.2676392197608948
reward/position,1088,1786557667.344668,-0.5383696556091309
reward/position,1102,1786557668.963368,-0.5686406493186951
reward/position,1119,1786557670.842233,-0.4264630079269409
reward/position,1146,1786557673.880895,-0.6623362302780151
reward/position,1166,1786557676.122740,-0.6239576935768127
reward/position,1186,1786557678.241688,-0.08957058191299438
reward/position,1208,1786557680.437799,-0.9881493449211121
reward/position,1228,1786557682.607225,-0.6913315057754517
reward/position,1251,1786557685.211607,-0.30755090713500977
reward/position,1266,1786557686.808726,-0.2503293752670288
reward/position,1279,1786557688.293290,-0.45598304271698
reward/position,1300,1786557691.335183,-0.19120025634765625
reward/position,1323,1786557694.536843,-0.06333160400390625
reward/position,1337,1786557696.454824,-0.18291473388671875
reward/position,1357,1786557699.070965,-0.84222412109375
reward/position,1381,1786557701.799797,-0.2675171196460724
reward/position,1398,1786557703.412203,-0.3668366074562073
reward/position,1412,1786557704.716170,-0.19456486403942108
reward/position,1433,1786557706.583496,-0.01365661807358265
reward/position,1451,1786557708.171486,-0.0810547024011612
reward/position,1468,1786557709.736404,-0.00311279296875
reward/position,1485,1786557711.286557,-0.1409607082605362
reward/position,1515,1786557713.950379,-0.5250244736671448
reward/position,1532,1786557715.366887,-0.3227234482765198
reward/position,1552,1786557717.070559,-0.13769549131393433
reward/position,1574,1786557718.859681,-0.011366902850568295
reward/position,1595,1786557720.964555,-0.19619300961494446
reward/position,1611,1786557722.841590,-0.20483270287513733
reward/position,1624,1786557724.366218,-0.14722314476966858
reward/position,1637,1786557725.881056,-0.03805018216371536
reward/position,1655,1786557728.016850,-0.26465311646461487
reward/position,1675,1786557730.439057,-0.9207553863525391
reward/position,1692,1786557732.532334,-0.5571554899215698
reward/position,1707,1786557736.259457,-0.02493000403046608
reward/position,1729,1786557740.678731,-0.12671531736850739
reward/position,1747,1786557744.229541,-0.46252989768981934
reward/position,1759,1786557746.557048,-0.9564018845558167
reward/position,1773,1786557749.274650,-0.38789793848991394
reward/position,1790,1786557752.562577,-0.5562173128128052
reward/position,1808,1786557757.536515,-0.18312835693359375
reward/position,1828,1786557760.911777,-0.39523887634277344
reward/position,1858,1786557766.119708,-0.19289016723632812
reward/position,1880,1786557769.969518,-0.45639610290527344
reward/position,1899,1786557773.304355,-0.9654369354248047
reward/position,1919,1786557776.765995,-0.6525230407714844
reward/position,1941,1786557780.542731,-0.48227500915527344
reward/position,1968,1786557784.730745,-0.12479400634765625
reward/position,1995,1786557787.841561,-0.7254257202148438
reward/position,2014,1786557790.081370,-0.932403564453125
reward/position,2028,1786557791.644433,-0.17022705078125
reward/position,2048,1786557795.827437,-0.12332155555486679
reward/position,2061,1786557798.040333,-0.06253814697265625
reward/position,2083,1786557801.778509,-0.2314911037683487
reward/position,2104,1786557805.320723,-0.3455353379249573
reward/position,2126,1786557808.264876,-0.010307311080396175
reward/position,2147,1786557813.077619,-0.048706598579883575
reward/position,2172,1786557816.984154,-0.3846338987350464
reward/position,2197,1786557820.975004,-0.6716792583465576
reward/position,2219,1786557824.512160,-0.3662472367286682
reward/position,2233,1786557829.724096,-0.038693249225616455
reward/position,2248,1786557832.568987,-0.1398841142654419
reward/position,2270,1786557836.909527,-0.9601216912269592
reward/position,2289,1786557840.736074,-0.1609533429145813
reward/position,2314,1786557845.460342,-0.06588740646839142
reward/position,2333,1786557847.725661,-0.015274002216756344
reward/position,2351,1786557849.915936,-0.06246952712535858
reward/position,2384,1786557854.080606,-0.4671172797679901
reward/position,2405,1786557856.771990,-0.9365081787109375
reward/position,2423,1786557859.085787,-0.4135894775390625
reward/position,2449,1786557862.191628,-0.5221405029296875
reward/position,2462,1786557863.652805,-0.747100830078125
reward/position,2477,1786557865.290352,-0.7074736952781677
reward/position,2491,1786557866.849547,-0.5745849013328552
reward/position,2513,1786557869.293852,-0.01899714767932892
reward/position,2534,1786557871.715279,-0.09374995529651642
reward/position,2557,1786557874.359047,-0.02290339767932892
reward/position,2579,1786557876.850840,-0.11790461838245392
reward/position,2602,1786557879.442585,-0.09880061447620392
reward/position,2618,1786557881.204111,-0.03147883713245392
reward/position,2647,1786557884.375324,-0.09376530349254608
reward/position,2673,1786557887.315470,-0.1730194091796875
reward/position,2696,1786557889.791847,-0.1527099609375
reward/position,2717,1786557892.064768,-0.1234893798828125
reward/position,2745,1786557895.160559,-0.002944946987554431
reward/position,2766,1786557897.467631,-0.2700347900390625
reward/position,2801,1786557901.404906,-0.7904052734375
reward/position,2823,1786557903.822785,-0.8413848876953125
reward/position,2849,1786557906.594433,-0.849578857421875
reward/position,2864,1786557908.182128,-0.713287353515625
reward/position,2886,1786557910.513931,-0.72686767578125
reward/position,2904,1786557912.430930,-0.637481689453125
reward/position,2921,1786557914.204570,-0.777313232421875
reward/position,2938,1786557915.966143,-0.4273529052734375
reward/position,2957,1786557917.968597,-0.6057586669921875
reward/position,2976,1786557919.920081,-0.69073486328125
reward/position,2998,1786557922.146931,-0.522979736328125
reward/position,3023,1786557924.670771,-0.18402099609375
reward/position,3046,1786557927.031261,-0.1488494873046875
reward/position,3064,1786557928.856031,-0.0722503662109375
reward/position,3087,1786557931.169192,-0.1338653564453125
reward/position,3108,1786557933.290508,-0.2673492431640625
reward/position,3135,1786557936.020895,-0.200408935546875
reward/position,3159,1786557938.431000,-0.3276824951171875
reward/position,3177,1786557940.230545,-0.5225982666015625
reward/position,3196,1786557942.121593,-0.279296875
reward/position,3212,1786557943.703433,-0.182373046875
reward/position,3230,1786557945.514123,-0.10650634765625
reward/position,3260,1786557948.573185,-0.1026763916015625
reward/position,3283,1786557950.905466,-0.2723388671875
reward/position,3302,1786557952.816327,-0.6853485107421875
reward/position,3331,1786557955.929148,-0.14631658792495728
reward/position,3344,1786557957.555939,-0.09121157228946686
reward/position,3363,1786557960.025522,-0.6762848496437073
reward/position,3378,1786557962.073752,-0.8683014512062073
reward/position,3406,1786557965.965963,-0.1785583645105362
reward/position,3421,1786557968.153552,-0.0558471716940403
reward/position,3434,1786557969.981154,-0.0660095289349556
reward/position,3450,1786557972.260005,-0.0437774695456028
reward/position,3472,1786557975.360762,-0.0578002966940403
reward/position,3488,1786557977.581087,-0.1520843654870987
reward/position,3509,1786557980.930698,-0.10850527882575989
reward/position,3532,1786557984.062694,-0.00926209706813097
reward/position,3546,1786557985.923796,-0.01118470449000597
reward/position,3564,1786557988.267870,-0.12323001027107239
reward/position,3586,1786557991.138804,-0.08732607960700989
reward/position,3607,1786557993.797836,-0.2921295762062073
reward/position,3629,1786557996.610784,-0.1368408352136612
reward/position,3659,1786558000.395864,-0.0018768307054415345
reward/position,3675,1786558002.417912,-0.059585582464933395
reward/position,3690,1786558004.269971,-0.0835418850183487
reward/position,3707,1786558006.354376,-0.056427013128995895
reward/position,3722,1786558008.187452,-0.1553802788257599
reward/position,3743,1786558010.783246,-0.1493530571460724
reward/position,3767,1786558013.770300,-0.0770721584558487
reward/position,3788,1786558016.417332,-0.0579986646771431
reward/position,3800,1786558017.900761,-0.1471405178308487
reward/position,3818,1786558020.072848,-0.0267334021627903
reward/position,3836,1786558022.219236,-0.07040656358003616
reward/position,3856,1786558024.599967,-0.1713409721851349
reward/position,3881,1786558027.539469,-0.04954945296049118
reward/position,3898,1786558029.525834,-0.2880559265613556
reward/position,3915,1786558031.519953,-0.2211609184741974
reward/position,3931,1786558033.394764,-0.2194824516773224
reward/position,3946,1786558035.105091,-0.3322449326515198
reward/position,3962,1786558036.929893,-0.2903442680835724
reward/position,3978,1786558038.737362,-0.38528451323509216
reward/position,4002,1786558041.481305,-0.4418182969093323
reward/position,4021,1786558043.623346,-0.47744759917259216
reward/position,4039,1786558045.620357,-0.5095215439796448
reward/position,4055,1786558047.373847,-0.8354188203811646
reward/position,4071,1786558049.067002,-0.9016420245170593
reward/position,4087,1786558050.732293,-0.4304047226905823
reward/position,4105,1786558053.621329,-0.5577057600021362
reward/position,4122,1786558056.524395,-0.4383726119995117
reward/position,4148,1786558061.575888,-0.1750335395336151
reward/position,4172,1786558064.537669,-0.0553877092897892
reward/position,4188,1786558066.542528,-0.0908491387963295
reward/position,4208,1786558068.985192,-0.0557234026491642
reward/position,4221,1786558070.569735,-0.0426008440554142
reward/position,4240,1786558072.841878,-0.0622236542403698
reward/position,4257,1786558074.860371,-0.0467207208275795
reward/position,4270,1786558076.411005,-0.0751478523015976
reward/position,4292,1786558079.007676,-0.0014665527269244194
reward/position,4308,1786558080.876413,-0.15456987917423248
reward/position,4323,1786558082.608654,-0.019849982112646103
reward/position,4363,1786558087.176938,-0.04232959821820259
reward/position,4375,1786558088.514270,-0.02468702755868435
reward/position,4396,1786558090.827970,-0.30159175395965576
reward/position,4426,1786558094.057854,-0.6979538798332214
reward/position,4451,1786558097.379926,-0.12725313007831573
reward/position,4468,1786558099.748768,-0.48971787095069885
reward/position,4486,1786558102.359961,-0.8918400406837463
reward/position,4520,1786558107.573361,-0.29758214950561523
reward/position,4538,1786558110.313979,-0.05662817507982254
reward/position,4560,1786558113.674796,-0.04045933857560158
reward/position,4585,1786558117.609040,-0.014119512401521206
reward/position,4602,1786558120.234779,-0.09510715305805206
reward/position,4617,1786558122.554317,-0.06047893315553665
reward/position,4636,1786558125.464106,-0.1405029594898224
reward/position,4661,1786558129.314854,-0.027860406786203384
reward/position,4680,1786558132.258323,-0.061312079429626465
reward/position,4699,1786558135.150245,-0.11486423015594482
reward/position,4716,1786558137.661169,-0.23523521423339844
reward/position,4736,1786558140.656537,-0.20359909534454346
reward/position,4762,1786558144.573076,-0.2908167839050293
reward/position,4775,1786558146.501780,-0.22689568996429443
reward/position,4795,1786558149.396355,-0.4443853497505188
reward/position,4814,1786558152.211235,-0.29395610094070435
reward/position,4827,1786558154.110220,-0.28869181871414185
reward/position,4843,1786558156.472000,-0.24910086393356323
reward/position,4860,1786558158.954104,-0.07781749218702316
reward/position,4877,1786558161.408311,-0.059832144528627396
reward/position,4894,1786558163.888802,-0.023988977074623108
reward/position,4911,1786558166.306668,-0.0884207934141159
reward/position,4929,1786558168.879950,-0.028098776936531067
reward/position,4951,1786558171.931268,-0.12115340679883957
reward/position,4974,1786558175.165786,-0.3089730143547058
reward/position,4989,1786558177.307469,-0.1500893086194992
reward/position,5007,1786558179.862181,-0.21967415511608124
reward/position,5026,1786558182.599880,-0.11901915073394775
reward/position,5046,1786558185.496866,-0.07451725006103516
reward/position,5064,1786558188.041000,-0.287644624710083
reward/position,5087,1786558191.285359,-0.2741587162017822
reward/position,5109,1786558194.454580,-0.2184656858444214
reward/position,5131,1786558197.683831,-0.18527817726135254
reward/position,5153,1786558200.831326,-0.06405436992645264
reward/position,5171,1786558203.318068,-0.2345181703567505
reward/position,5192,1786558206.312215,-0.010380863212049007
reward/position,5223,1786558211.020864,-0.23883628845214844
reward/position,5244,1786558214.063920,-0.26615509390830994
reward/position,5259,1786558216.087819,-0.4728908836841583
reward/position,5274,1786558218.045710,-0.8851630091667175
reward/position,5291,1786558220.270669,-0.7124562859535217
reward/position,5317,1786558223.616155,-0.4603656530380249
reward/position,5341,1786558226.664896,-0.27649709582328796
reward/position,5367,1786558230.476254,-0.049270641058683395
reward/position,5381,1786558232.363133,-0.1636963188648224
reward/position,5395,1786558234.286810,-0.0421295240521431
reward/position,5418,1786558237.410371,-0.1365204006433487
reward/position,5433,1786558239.403621,-0.09707643836736679
reward/position,5451,1786558241.804245,-0.1115265041589737
reward/position,5471,1786558244.549199,-0.8240532875061035
reward/position,5494,1786558247.784627,-0.2557109296321869
reward/position,5509,1786558249.895617,-0.4617709815502167
reward/position,5537,1786558255.028454,-0.8352947235107422
reward/position,5552,1786558257.545699,-0.8141822814941406
reward/position,5571,1786558260.710303,-0.39825439453125
reward/position,5592,1786558264.260013,-0.23900413513183594
reward/position,5610,1786558267.248779,-0.03772544860839844
reward/position,5632,1786558270.906258,-0.01340484619140625
reward/position,5653,1786558274.363995,-0.1907176971435547
reward/position,5668,1786558276.886295,-0.12397193908691406
reward/position,5680,1786558278.870244,-0.09386253356933594
reward/position,5700,1786558282.189959,-0.06617355346679688
reward/position,5716,1786558284.804519,-0.09531021118164062
reward/position,5746,1786558289.723488,-0.03796577453613281
reward/position,5773,1786558294.060250,-0.17397499084472656
reward/position,5789,1786558296.651048,-0.15664291381835938
reward/position,5805,1786558299.216192,-0.10938453674316406
reward/position,5821,1786558301.762570,-0.06341934204101562
reward/position,5837,1786558304.342024,-0.08441734313964844
reward/position,5861,1786558308.258183,-0.10608291625976562
reward/position,5884,1786558312.027280,-0.12639617919921875
reward/position,5905,1786558315.392597,-0.1908721923828125
reward/position,5926,1786558318.707130,-0.17505264282226562
reward/position,5941,1786558321.095223,-0.18346405029296875
reward/position,5961,1786558324.211772,-0.4058380126953125
reward/position,5981,1786558327.407347,-0.3079795837402344
reward/position,6004,1786558331.100400,-0.2600059509277344
reward/position,6025,1786558334.264316,-0.21014022827148438
reward/position,6042,1786558336.758402,-0.558711588382721
reward/position,6059,1786558339.146116,-0.9894678592681885
reward/position,6079,1786558341.834052,-0.0254974365234375
reward/position,6094,1786558343.573298,-0.01174926944077015
reward/position,6112,1786558345.613271,-0.0138702392578125
reward/position,6135,1786558348.154044,-0.25244140625
reward/position,6148,1786558349.565900,-0.281524658203125
reward/position,6164,1786558351.223774,-0.01771545596420765
reward/position,6190,1786558353.802921,-0.1064605787396431
reward/position,6214,1786558356.101359,-0.02468872256577015
reward/position,6236,1786558358.213614,-0.0266876220703125
reward/position,6259,1786558360.420977,-0.0987396240234375
reward/position,6285,1786558362.951819,-0.133941650390625
reward/position,6305,1786558364.897928,-0.1445770263671875
reward/position,6325,1786558366.895290,-0.0675048828125
reward/position,6341,1786558368.526374,-0.01438903622329235
reward/position,6362,1786558370.707430,-0.01060486026108265
reward/position,6394,1786558374.148821,-0.01875305362045765
reward/position,6414,1786558376.274162,-0.0502471961081028
reward/position,6439,1786558378.870178,-0.0352935791015625
reward/position,6457,1786558380.765325,-0.0670471265912056
reward/position,6472,1786558382.339158,-0.010299613699316978
reward/position,6500,1786558385.249319,-0.15148933231830597
reward/position,6520,1786558387.365488,-0.04055792838335037
reward/position,6541,1786558389.587031,-0.05038458853960037
reward/position,6560,1786558391.617310,-0.01803595758974552
reward/position,6581,1786558393.922507,-0.17655952274799347
reward/position,6597,1786558395.682340,-0.10063178837299347
reward/position,6616,1786558397.745617,-0.06022651493549347
reward/position,6636,1786558400.004849,-0.13900750875473022
reward/position,6661,1786558402.621556,-0.13496391475200653
reward/position,6686,1786558405.069818,-0.3632049858570099
reward/position,6704,1786558406.884211,-1.0272036790847778
reward/position,6719,1786558410.802933,-0.03168487548828125
reward/position,6744,1786558414.344881,-0.008522034622728825
reward/position,6761,1786558416.651347,-0.46080780029296875
reward/position,6789,1786558422.806066,-0.13502131402492523
reward/position,6813,1786558426.904272,-0.052643660455942154
reward/position,6826,1786558429.183814,-0.008696072734892368
reward/position,6845,1786558432.530199,-0.1717715859413147
reward/position,6861,1786558435.238964,-0.14690297842025757
reward/position,6876,1786558437.715102,-0.2101038694381714
reward/position,6896,1786558440.954870,-0.3232302665710449
reward/position,6913,1786558443.689076,-0.5378536581993103
reward/position,6943,1786558448.540094,-0.026861369609832764
reward/position,6963,1786558451.201245,-0.04707986116409302
reward/position,6978,1786558453.190953,-0.07897758483886719
reward/position,6994,1786558455.317465,-0.12083625793457031
reward/position,7014,1786558458.002806,-0.005039096809923649
reward/position,7031,1786558460.266072,-0.05013692378997803
reward/position,7053,1786558463.186647,-0.053353071212768555
reward/position,7073,1786558465.801421,-0.11476248502731323
reward/position,7089,1786558467.865725,-0.0969005823135376
reward/position,7119,1786558471.674690,-0.13406026363372803
reward/position,7136,1786558473.861105,-0.13228344917297363
reward/position,7157,1786558476.549986,-0.0689319372177124
reward/position,7177,1786558479.113563,-0.21913696825504303
reward/position,7194,1786558481.303841,-0.15474289655685425
reward/position,7210,1786558483.380741,-0.09374481439590454
reward/position,7227,1786558485.575788,-0.17109566926956177
reward/position,7250,1786558488.562694,-0.2245052456855774
reward/position,7269,1786558491.030640,-0.38524502515792847
reward/position,7292,1786558494.073032,-0.3538055717945099
reward/position,7310,1786558496.454931,-0.23454713821411133
reward/position,7329,1786558498.984400,-0.248030886054039
reward/position,7347,1786558503.345095,-0.20655059814453125
reward/position,7371,1786558507.149805,-0.17822265625
reward/position,7392,1786558510.489970,-0.0189132709056139
reward/position,7410,1786558513.298340,-0.0892486572265625
reward/position,7430,1786558516.429825,-0.04328155517578125
reward/position,7444,1786558518.591276,-0.08172607421875
reward/position,7465,1786558521.837596,-0.11124420166015625
reward/position,7484,1786558524.754131,-0.04306793212890625
reward/position,7510,1786558528.714716,-0.0285491943359375
reward/position,7531,1786558531.874391,-0.13006591796875
reward/position,7547,1786558534.323804,-0.1819610595703125
reward/position,7563,1786558536.738138,-0.20331573486328125
reward/position,7583,1786558539.698135,-0.041259765625
reward/position,7611,1786558543.814923,-0.19306182861328125
reward/position,7637,1786558547.554041,-0.185638427734375
reward/position,7653,1786558549.840221,-0.29103851318359375
reward/position,7671,1786558552.505697,-0.1692657470703125
reward/position,7693,1786558555.557206,-0.309844970703125
reward/position,7718,1786558558.949179,-0.21178436279296875
reward/position,7737,1786558561.704329,-0.0415802001953125
reward/position,7763,1786558565.123144,-0.06689453125
reward/position,7783,1786558567.738621,-0.18862152099609375
reward/position,7793,1786558568.927128,-0.11383056640625
reward/position,7817,1786558571.754334,-0.08908843994140625
reward/position,7840,1786558574.443681,-0.0527496337890625
reward/position,7856,1786558576.307109,-0.0330810546875
reward/position,7870,1786558577.980640,-0.095733642578125
reward/position,7887,1786558579.936351,-0.0823211669921875
reward/position,7916,1786558583.214346,-0.013076781295239925
reward/position,7932,1786558585.019376,-0.013351441361010075
reward/position,7951,1786558587.138440,-0.01668548583984375
reward/position,7969,1786558589.102666,-0.07867431640625
reward/position,7990,1786558591.393891,-0.26470184326171875
reward/position,8006,1786558593.757616,-0.08934048563241959
reward/position,8022,1786558595.849009,-0.006103810388594866
reward/position,8050,1786558599.420722,-0.0510559119284153
reward/position,8076,1786558602.614204,-0.1197204664349556
reward/position,8093,1786558604.690874,-0.1324310302734375
reward/position,8115,1786558607.305070,-0.0841827392578125
reward/position,8128,1786558608.827900,-0.071197509765625
reward/position,8151,1786558611.385716,-0.01513672061264515
reward/position,8179,1786558614.344242,-0.0932464674115181
reward/position,8198,1786558616.337193,-0.1587371975183487
reward/position,8216,1786558618.226300,-0.130462646484375
reward/position,8233,1786558620.003198,-0.1591186672449112
reward/position,8245,1786558621.259912,-0.1521301418542862
reward/position,8269,1786558623.792166,-0.0587310828268528
reward/position,8288,1786558625.836855,-0.03692626953125
reward/position,8311,1786558628.392037,-0.03031921572983265
reward/position,8327,1786558630.168212,-0.1037139892578125
reward/position,8349,1786558632.664741,-0.0554504431784153
reward/position,8366,1786558634.595077,-0.0611419714987278
reward/position,8394,1786558637.741889,-0.02653503604233265
reward/position,8412,1786558639.770876,-0.0520324744284153
reward/position,8427,1786558641.446831,-0.07388313114643097
reward/position,8446,1786558643.553778,-0.0029601335991173983
reward/position,8468,1786558645.966836,-0.15029914677143097
reward/position,8490,1786558648.422277,-0.045898374170064926
reward/position,8507,1786558650.332039,-0.05462653934955597
reward/position,8529,1786558652.827187,-0.016220025718212128
reward/position,8549,1786558655.104511,-0.03620903566479683
reward/position,8574,1786558657.856047,-0.03414909914135933
reward/position,8595,1786558660.138651,-0.09712213277816772
reward/position,8620,1786558662.747445,-0.11361688375473022
reward/position,8646,1786558665.366744,-0.9744873642921448
reward/position,8660,1786558667.266568,-0.030846163630485535
reward/position,8683,1786558669.845059,-0.03936722129583359
reward/position,8705,1786558672.335075,-0.39115121960639954
reward/position,8727,1786558675.385437,-0.1812439113855362
reward/position,8747,1786558678.064579,-0.2700348198413849
reward/position,8763,1786558680.193074,-0.15880586206912994
reward/position,8782,1786558682.732245,-0.25482943654060364
reward/position,8802,1786558685.396930,-0.20462800562381744
reward/position,8825,1786558688.433449,-0.17963410913944244
reward/position,8846,1786558691.194464,-0.3105316460132599
reward/position,8864,1786558693.535122,-0.3410644829273224
reward/position,8887,1786558696.465695,-0.4112396538257599
reward/position,8904,1786558698.563622,-0.3885650932788849
reward/position,8930,1786558701.759447,-0.2503814697265625
reward/position,8947,1786558703.850855,-0.1713867336511612
reward/position,8967,1786558706.328229,-0.11331940442323685
reward/position,8982,1786558708.174685,-0.1333923488855362
reward/position,8996,1786558709.897050,-0.0456390418112278
reward/position,9008,1786558711.371875,-0.11008454114198685
reward/position,9032,1786558714.259447,-0.2010193020105362
reward/position,9053,1786558716.792228,-0.101318359375
reward/position,9085,1786558720.605020,-0.199127197265625
reward/position,9103,1786558722.723804,-0.1712799221277237
reward/position,9122,1786558724.912875,-0.3770599663257599
reward/position,9133,1786558726.156810,-0.3924408257007599
reward/position,9158,1786558728.974138,-0.2662506401538849
reward/position,9178,1786558731.187976,-0.33443453907966614
reward/position,9203,1786558733.974500,-0.2574463188648224
reward/position,9223,1786558736.208475,-0.1932373195886612
reward/position,9241,1786558738.238432,-0.1427612453699112
reward/position,9264,1786558740.830218,-0.2115783840417862
reward/position,9286,1786558743.308776,-0.1886902004480362
reward/position,9304,1786558745.372498,-0.009887694381177425
reward/position,9315,1786558746.651774,-0.127532958984375
reward/position,9332,1786558748.599901,-0.22757722437381744
reward/position,9356,1786558751.355192,-0.7623361349105835
reward/position,9380,1786558754.169745,-0.8583382368087769
reward/position,9396,1786558756.037618,-0.3112953305244446
reward/position,9411,1786558757.747997,-0.38429269194602966
reward/position,9430,1786558760.321135,-0.154327392578125
reward/position,9444,1786558762.000221,-0.09112548828125
reward/position,9463,1786558764.291779,-0.0543975830078125
reward/position,9480,1786558766.334013,-0.0009994501015171409
reward/position,9500,1786558768.734343,-0.1186065673828125
reward/position,9519,1786558771.011176,-0.09037017822265625
reward/position,9536,1786558773.016948,-0.33657073974609375
reward/position,9554,1786558775.156866,-0.244781494140625
reward/position,9576,1786558777.748524,-0.12984466552734375
reward/position,9594,1786558779.862444,-0.16869354248046875
reward/position,9614,1786558782.227625,-0.096771240234375
reward/position,9628,1786558783.829463,-0.1562957763671875
reward/position,9643,1786558785.553207,-0.1493682861328125
reward/position,9662,1786558787.681786,-0.23271942138671875
reward/position,9683,1786558790.033567,-0.22014617919921875
reward/position,9702,1786558792.165540,-0.14940643310546875
reward/position,9720,1786558794.141066,-0.10755157470703125
reward/position,9741,1786558796.421727,-0.1169586181640625
reward/position,9764,1786558798.926698,-0.00948333740234375
reward/position,9780,1786558800.677409,-0.0266876220703125
reward/position,9798,1786558802.662889,-0.1006622314453125
reward/position,9814,1786558804.469555,-0.07381439208984375
reward/position,9831,1786558806.378074,-0.01279449462890625
reward/position,9857,1786558809.281753,-0.2789459228515625
reward/position,9871,1786558810.909775,-0.8214160799980164
reward/position,9893,1786558813.491865,-0.29637816548347473
reward/position,9908,1786558815.271682,-0.2162475883960724
reward/position,9934,1786558818.462283,-0.660751461982727
reward/position,9954,1786558820.883021,-0.2188110649585724
reward/position,9974,1786558823.300134,-0.033782958984375
reward/position,9998,1786558826.249573,-0.0301971472799778
reward/position,10011,1786558827.951852,-0.0651092603802681
reward/position,10029,1786558830.109040,-0.0707550123333931
reward/position,10057,1786558833.503030,-0.5744582414627075
reward/position,10073,1786558835.412182,-0.39242562651634216
reward/position,10096,1786558840.072563,-0.10920543968677521
reward/position,10110,1786558842.410978,-0.13336321711540222
reward/position,10127,1786558845.187505,-0.40677475929260254
reward/position,10148,1786558848.674001,-0.30911266803741455
reward/position,10168,1786558852.023125,-0.1820681393146515
reward/position,10190,1786558855.644261,-0.17553094029426575
reward/position,10213,1786558859.605703,-0.8922032117843628
reward/position,10228,1786558862.146903,-0.27917370200157166
reward/position,10242,1786558864.169112,-0.8272176384925842
reward/position,10263,1786558867.162889,-0.37353524565696716
reward/position,10286,1786558870.310627,-0.7994844317436218
reward/position,10306,1786558872.922314,-0.5361633896827698
reward/position,10333,1786558876.499248,-0.1260681301355362
reward/position,10350,1786558878.710226,-0.0639801099896431
reward/position,10374,1786558881.747795,-0.06041000783443451
reward/position,10396,1786558884.475877,-0.1640320122241974
reward/position,10418,1786558887.144373,-0.0766601711511612
reward/position,10439,1786558889.565511,-0.10180666297674179
reward/position,10462,1786558892.112170,-0.057678233832120895
reward/position,10487,1786558894.832687,-0.1358337551355362
reward/position,10505,1786558896.731595,-0.09513857215642929
reward/position,10527,1786558899.028511,-0.003417968051508069
reward/position,10544,1786558900.768248,-0.0697326809167862
reward/position,10566,1786558902.992461,-0.0375061109662056
reward/position,10580,1786558904.392589,-0.05384910851716995
reward/position,10606,1786558906.981156,-0.0687255933880806
reward/position,10621,1786558908.462527,-0.025695806369185448
reward/position,10638,1786558910.120408,-0.0286560095846653
reward/position,10652,1786558911.476264,-0.0393066480755806
reward/position,10666,1786558912.834245,-0.0316619873046875
reward/position,10681,1786558914.290155,-0.0315399169921875
reward/position,10702,1786558916.355569,-0.0682067945599556
reward/position,10716,1786558917.741753,-0.0941772609949112
reward/position,10741,1786558920.220416,-0.49324044585227966
reward/position,10766,1786558922.836152,-0.05609130859375
reward/position,10783,1786558924.304282,-0.113922119140625
reward/position,10803,1786558925.987184,-0.12534332275390625
reward/position,10828,1786558929.820119,-0.05823516845703125
reward/position,10851,1786558932.710083,-0.20377349853515625
reward/position,10866,1786558934.614017,-0.170013427734375
reward/position,10886,1786558937.197399,-0.23097991943359375
reward/position,10913,1786558940.746557,-0.12790679931640625
reward/position,10932,1786558943.226296,-0.10050201416015625
reward/position,10953,1786558945.853899,-0.19820404052734375
reward/position,10969,1786558947.826385,-0.210205078125
reward/position,10989,1786558950.325155,-0.103057861328125
reward/position,11017,1786558953.664147,-0.14678192138671875
reward/position,11036,1786558955.937924,-0.0164108257740736
reward/position,11053,1786558957.900645,-0.07271575927734375
reward/position,11072,1786558960.078461,-0.109619140625
reward/position,11089,1786558962.030302,-0.004333496559411287
reward/position,11108,1786558964.203753,-0.100494384765625
reward/position,11127,1786558966.368899,-0.005096436943858862
reward/position,11149,1786558968.848191,-0.1480712890625
reward/position,11168,1786558970.986482,-0.2435455322265625
reward/position,11187,1786558973.131922,-0.00980377197265625
reward/position,11203,1786558974.875425,-0.05202484130859375
reward/position,11223,1786558977.011410,-0.08734893798828125
reward/position,11242,1786558978.979291,-0.6082825064659119
reward/position,11266,1786558983.378259,-0.038294628262519836
reward/position,11285,1786558986.587613,-0.0007535683107562363
reward/position,11301,1786558989.292658,-0.018548965454101562
reward/position,11318,1786558992.179779,-0.07630908489227295
reward/position,11343,1786558996.391697,-0.1137160062789917
reward/position,11364,1786558999.916447,-0.08338010311126709
reward/position,11385,1786559003.434328,-0.03742647171020508
reward/position,11405,1786559006.758256,-0.00029528059531003237
reward/position,11426,1786559010.193829,-0.00813067052513361
reward/position,11447,1786559013.718132,-0.39989808201789856
reward/position,11472,1786559018.193233,-0.04353996366262436
reward/position,11497,1786559021.870102,-0.5842795968055725
reward/position,11517,1786559024.586843,-0.7238088250160217
reward/position,11537,1786559027.259212,-0.3061678409576416
reward/position,11559,1786559030.209906,-0.1360398232936859
reward/position,11574,1786559032.165849,-0.12869273126125336
reward/position,11604,1786559035.975917,-0.4864886999130249
reward/position,11639,1786559040.443751,-0.09891713410615921
reward/position,11655,1786559042.274243,-0.02565161883831024
reward/position,11675,1786559044.577394,-0.08511888235807419
reward/position,11689,1786559046.219284,-0.006615081802010536
reward/position,11721,1786559050.032584,-0.07150325179100037
reward/position,11739,1786559052.175053,-0.3184822201728821
reward/position,11755,1786559054.138522,-1.0674270391464233
reward/position,11768,1786559056.317208,-0.09107977896928787
reward/position,11791,1786559059.335841,-0.04035189747810364
reward/position,11811,1786559061.875460,-0.3874667286872864
reward/position,11826,1786559063.814931,-0.4206393361091614
reward/position,11858,1786559067.795305,-0.03971099853515625
reward/position,11874,1786559069.543836,-0.00688934326171875
reward/position,11894,1786559071.742502,-0.10091400146484375
reward/position,11909,1786559073.365144,-0.11743927001953125
reward/position,11929,1786559075.564234,-0.0105781564489007
reward/position,11943,1786559077.109885,-0.043834686279296875
reward/position,11962,1786559079.181823,-0.00839996337890625
reward/position,11978,1786559080.842815,-0.11317062377929688
reward/position,12003,1786559083.508899,-0.00736236572265625
reward/position,12020,1786559085.219351,-0.039630889892578125
reward/position,12039,1786559087.126723,-0.07013702392578125
reward/position,12058,1786559089.048242,-0.06548309326171875
reward/position,12073,1786559090.573541,-0.15648269653320312
reward/position,12085,1786559091.774361,-0.22589492797851562
reward/position,12102,1786559093.459045,-0.15199661254882812
reward/position,12124,1786559095.633997,-0.79095458984375
reward/position,12142,1786559097.924562,-0.2115478813648224
reward/position,12166,1786559100.548241,-0.10224916785955429
reward/position,12188,1786559102.811541,-0.11547853797674179
reward/position,12219,1786559105.843537,-0.007781983353197575
reward/position,12241,1786559107.934800,-0.867996335029602
reward/position,12258,1786559110.485594,-0.5269724726676941
reward/position,12273,1786559112.424467,-0.1750335395336151
reward/position,12295,1786559115.139757,-0.082807756960392
reward/position,12314,1786559117.469297,-0.0697004571557045
reward/position,12331,1786559119.518606,-0.0270368754863739
reward/position,12344,1786559121.056394,-0.008653436787426472
reward/position,12368,1786559123.887512,-0.08381824940443039
reward/position,12386,1786559125.985047,-0.07359486073255539
reward/position,12405,1786559128.173085,-0.027955811470746994
reward/position,12418,1786559129.650266,-0.11615163087844849
reward/position,12443,1786559132.464365,-0.09903126955032349
reward/position,12460,1786559134.314757,-0.1385515332221985
reward/position,12471,1786559135.528207,-0.6560840010643005
reward/position,12494,1786559138.672085,-0.005397318862378597
reward/position,12509,1786559140.620744,-0.031154155731201172
reward/position,12525,1786559142.699015,-0.07767927646636963
reward/position,12541,1786559144.733783,-0.19264084100723267
reward/position,12559,1786559147.045044,-0.23133361339569092
reward/position,12584,1786559150.241839,-0.32283782958984375
reward/position,12600,1786559152.293258,-0.18425029516220093
reward/position,12628,1786559155.873747,-0.1773216724395752
reward/position,12657,1786559159.592742,-0.21134053170681
reward/position,12685,1786559163.229873,-0.28595083951950073
reward/position,12700,1786559165.208963,-0.1805495023727417
reward/position,12716,1786559167.326811,-0.06785612553358078
reward/position,12733,1786559169.580887,-0.6624796986579895
reward/position,12754,1786559172.733696,-0.149261474609375
reward/position,12782,1786559176.443617,-0.0008087158203125
reward/position,12812,1786559180.393759,-0.0352325439453125
reward/position,12837,1786559183.651047,-0.086212158203125
reward/position,12857,1786559186.275247,-0.00146484375
reward/position,12876,1786559188.734919,-0.0878448486328125
reward/position,12898,1786559191.526874,-0.1343231201171875
reward/position,12921,1786559194.412190,-7.62939453125e-05
reward/position,12941,1786559196.896745,-0.0327301025390625
reward/position,12961,1786559199.402542,-0.08283233642578125
reward/position,12985,1786559202.445973,-0.131500244140625
reward/position,13009,1786559205.552126,-0.0628509521484375
reward/position,13026,1786559207.720469,-0.00415802001953125
reward/position,13064,1786559214.268069,-0.18087387084960938
reward/position,13078,1786559216.592983,-0.07628631591796875
reward/position,13094,1786559219.228366,-0.025857925415039062
reward/position,13112,1786559222.177005,-0.09125900268554688
reward/position,13126,1786559224.466644,-0.1344451904296875
reward/position,13148,1786559228.030034,-0.003595351241528988
reward/position,13172,1786559231.847543,-0.11331367492675781
reward/position,13192,1786559235.115876,-0.09744071960449219
reward/position,13207,1786559237.571596,-0.08416748046875
reward/position,13229,1786559241.157416,-0.039569854736328125
reward/position,13252,1786559244.776858,-0.0167694091796875
reward/position,13275,1786559248.365008,-0.016696929931640625
reward/position,13289,1786559250.541288,-0.0048809051513671875
reward/position,13319,1786559255.188063,-0.0064849853515625
reward/position,13345,1786559259.151687,-0.0067844390869140625
reward/position,13363,1786559261.899287,-0.012620926834642887
reward/position,13376,1786559263.855096,-0.00106048583984375
reward/position,13403,1786559267.897791,-0.022350311279296875
reward/position,13422,1786559270.635891,-0.048892974853515625
reward/position,13437,1786559272.701357,-0.021026611328125
reward/position,13459,1786559275.692110,-0.022871017456054688
reward/position,13477,1786559278.090632,-0.0677337646484375
reward/position,13493,1786559280.199973,-0.05506706237792969
reward/position,13508,1786559282.139231,-0.011299134232103825
reward/position,13540,1786559286.175067,-0.8079166412353516
reward/position,13559,1786559288.288070,-0.41655635833740234
reward/position,13580,1786559292.720923,-0.027110930532217026
reward/position,13594,1786559294.808198,-0.03920901194214821
reward/position,13612,1786559297.509010,-0.053495049476623535
reward/position,13637,1786559301.204695,-0.049510836601257324
reward/position,13654,1786559303.731698,-0.10312199592590332
reward/position,13667,1786559305.664776,-0.19065774977207184
reward/position,13690,1786559309.002578,-0.03191329538822174
reward/position,13705,1786559311.187098,-0.08487696945667267
reward/position,13726,1786559314.194724,-0.02513749897480011
reward/position,13744,1786559316.769145,-0.0016088029369711876
reward/position,13762,1786559319.284042,-0.07545380294322968
reward/position,13783,1786559322.261133,-0.0017437470378354192
reward/position,13802,1786559324.951235,-0.0730898529291153
reward/position,13820,1786559327.511598,-0.008452938869595528
reward/position,13846,1786559331.265752,-0.032783329486846924
reward/position,13865,1786559334.011680,-0.0066754817962646484
reward/position,13878,1786559335.875630,-0.019913673400878906
reward/position,13898,1786559338.740069,-0.05221080780029297
reward/position,13923,1786559342.245486,-0.025894761085510254
reward/position,13942,1786559344.875256,-0.12681090831756592
reward/position,13962,1786559347.619737,-0.08605968952178955
reward/position,13987,1786559351.033671,-0.11389553546905518
reward/position,14003,1786559353.332233,-0.23768126964569092
reward/position,14030,1786559360.473462,-0.053237926214933395
reward/position,14051,1786559364.738400,-0.014053353108465672
reward/position,14066,1786559367.757682,-0.0652007982134819
reward/position,14094,1786559373.226342,-0.09085845947265625
reward/position,14110,1786559376.299973,-0.0764923095703125
reward/position,14127,1786559379.532645,-0.10292816162109375
reward/position,14150,1786559383.818071,-0.027832023799419403
reward/position,14169,1786559387.323673,-0.0571594201028347
reward/position,14193,1786559391.715101,-0.06504058837890625
reward/position,14210,1786559394.828256,-0.08457183837890625
reward/position,14234,1786559399.204020,-0.04288482293486595
reward/position,14249,1786559401.935710,-0.04116057977080345
reward/position,14268,1786559405.386215,-0.11676025390625
reward/position,14299,1786559411.006506,-0.008865345269441605
reward/position,14328,1786559416.290060,-0.03357696160674095
reward/position,14345,1786559419.349569,-0.08196257799863815
reward/position,14360,1786559422.008444,-0.08013152331113815
reward/position,14381,1786559424.951544,-0.06470489501953125
reward/position,14399,1786559427.495810,-0.024520883336663246
reward/position,14419,1786559430.247510,-0.007781988475471735
reward/position,14446,1786559434.962267,-0.8121126890182495
reward/position,14458,1786559437.070170,-0.24653629958629608
reward/position,14470,1786559438.531572,-0.20220951735973358
reward/position,14493,1786559441.317706,-0.1553039848804474
reward/position,14510,1786559443.396603,-0.11050417274236679
reward/position,14529,1786559445.742816,-0.1263427883386612
reward/position,14545,1786559447.681456,-0.0634002760052681
reward/position,14569,1786559450.559178,-0.1494751274585724
reward/position,14589,1786559452.949095,-0.19700627028942108
reward/position,14605,1786559454.875899,-0.2573089897632599
reward/position,14624,1786559457.138296,-0.2555694878101349
reward/position,14650,1786559460.146960,-0.2618255913257599
reward/position,14664,1786559461.753768,-0.18685917556285858
reward/position,14681,1786559463.691827,-0.1732330620288849
reward/position,14709,1786559466.830727,-0.1525726616382599
reward/position,14727,1786559468.863368,-0.0736389309167862
reward/position,14750,1786559471.396516,-0.12403871864080429
reward/position,14773,1786559473.811938,-0.0831146389245987
reward/position,14797,1786559476.376810,-0.10026552528142929
reward/position,14817,1786559478.484030,-0.1598663628101349
reward/position,14844,1786559481.220409,-0.09851076453924179
reward/position,14865,1786559483.254383,-0.01652527041733265
reward/position,14885,1786559485.174546,-0.00421142578125
reward/position,14902,1786559486.711130,-0.059600841253995895
reward/position,14922,1786559490.163677,-0.19330596923828125
reward/position,14940,1786559492.207474,-0.048648834228515625
reward/position,14954,1786559493.769483,-0.006267547607421875
reward/position,14985,1786559497.187919,-0.12332916259765625
reward/position,15002,1786559498.872562,-0.23979568481445312
reward/position,15021,1786559500.835330,-0.12447357177734375
reward/position,15043,1786559503.017469,-0.1335601806640625
reward/position,15062,1786559505.647055,-0.0951538160443306
reward/position,15083,1786559508.448859,-0.007926939986646175
reward/position,15112,1786559512.329826,-0.07822418957948685
reward/position,15131,1786559514.903194,-0.0921478345990181
reward/position,15152,1786559517.717226,-0.06865692138671875
reward/position,15168,1786559519.845213,-0.05782318487763405
reward/position,15192,1786559523.011932,-0.1184997633099556
reward/position,15208,1786559525.134592,-0.10434722900390625
reward/position,15231,1786559528.112288,-0.09821319580078125
reward/position,15251,1786559530.678838,-0.0538787841796875
reward/position,15267,1786559532.702058,-0.0509033240377903
reward/position,15291,1786559535.671405,-0.10810089856386185
reward/position,15306,1786559537.514578,-0.04128265753388405
reward/position,15331,1786559540.600374,-0.12183381617069244
reward/position,15353,1786559543.285926,-0.21503449976444244
reward/position,15371,1786559545.483124,-0.1824646294116974
reward/position,15393,1786559548.168029,-0.0801696926355362
reward/position,15411,1786559550.414398,-0.09677888453006744
reward/position,15434,1786559553.290360,-0.09951020032167435
reward/position,15449,1786559555.145508,-0.1329803466796875
reward/position,15474,1786559558.295609,-0.35365384817123413
reward/position,15497,1786559562.919364,-0.14879989624023438
reward/position,15517,1786559566.220378,-0.054111480712890625
reward/position,15535,1786559569.163443,-0.028057098388671875
reward/position,15553,1786559572.106244,-0.10811614990234375
reward/position,15566,1786559574.242837,-0.05258560553193092
reward/position,15590,1786559578.167014,-0.17429351806640625
reward/position,15614,1786559582.049979,-0.18523402512073517
reward/position,15640,1786559586.266503,-0.2206803560256958
reward/position,15662,1786559589.801527,-0.33573436737060547
reward/position,15687,1786559593.765293,-0.2434844970703125
reward/position,15713,1786559597.853979,-0.19038772583007812
reward/position,15729,1786559600.392939,-0.23352813720703125
reward/position,15753,1786559604.208864,-0.2818946838378906
reward/position,15767,1786559606.421653,-0.34302520751953125
reward/position,15792,1786559610.352121,-0.11112213879823685
reward/position,15815,1786559613.438161,-0.10836029797792435
reward/position,15840,1786559616.745298,-0.17688752710819244
reward/position,15856,1786559618.861724,-0.13671113550662994
reward/position,15884,1786559622.512892,-0.15808869898319244
reward/position,15900,1786559624.583468,-0.13404084742069244
reward/position,15925,1786559627.750068,-0.17998506128787994
reward/position,15940,1786559629.633412,-0.17055512964725494
reward/position,15964,1786559632.773888,-0.0923767164349556
reward/position,15982,1786559635.075927,-0.04177093878388405
reward/position,16008,1786559638.541908,-0.0352783277630806
reward/position,16024,1786559640.592199,-0.05054474249482155
reward/position,16039,1786559642.484957,-0.0015182492788881063
reward/position,16062,1786559645.359866,-0.045845042914152145
reward/position,16082,1786559647.844685,-0.05046845227479935
reward/position,16102,1786559650.283732,-0.02276611514389515
reward/position,16113,1786559651.594932,-0.13562774658203125
reward/position,16129,1786559653.484339,-0.11331940442323685
reward/position,16146,1786559655.464049,-0.12831880152225494
reward/position,16166,1786559657.766553,-0.016754155978560448
reward/position,16176,1786559658.939210,-0.022384649142622948
reward/position,16196,1786559661.259534,-0.023010259494185448
reward/position,16211,1786559662.989554,-0.1007690504193306
reward/position,16235,1786559665.760216,-0.08364105969667435
reward/position,16251,1786559667.600757,-0.039436351507902145
reward/position,16275,1786559670.317879,-0.2700653374195099
reward/position,16291,1786559672.186263,-0.2910003960132599
reward/position,16317,1786559675.159603,-0.0986328199505806
reward/position,16349,1786559678.893370,-0.12524916231632233
reward/position,16368,1786559681.135753,-0.8662589192390442
reward/position,16395,1786559684.269144,-0.3090210556983948
reward/position,16408,1786559686.080967,-0.09124784171581268
reward/position,16428,1786559688.812778,-0.010863958857953548
reward/position,16446,1786559691.203150,-0.07707183063030243
reward/position,16466,1786559693.758213,-0.08982817828655243
reward/position,16486,1786559696.309311,-0.1182556226849556
reward/position,16506,1786559698.784269,-0.0461883582174778
reward/position,16529,1786559701.536497,-0.01434326358139515
reward/position,16555,1786559704.555019,-0.0487670935690403
reward/position,16572,1786559706.450956,-0.0942840650677681
reward/position,16585,1786559707.844898,-0.01805114932358265
reward/position,16603,1786559709.735068,-0.0421905517578125
reward/position,16627,1786559712.265406,-0.0710601806640625
reward/position,16645,1786559714.145861,-0.0085601806640625
reward/position,16665,1786559716.243238,-0.0179901123046875
reward/position,16680,1786559717.829342,-0.00024413900973740965
reward/position,16697,1786559719.665956,-0.0455169677734375
reward/position,16725,1786559722.771828,-0.1346282958984375
reward/position,16742,1786559724.699385,-0.1026458814740181
reward/position,16769,1786559727.788679,-0.0796508863568306
reward/position,16787,1786559729.825546,-0.0810546949505806
reward/position,16803,1786559731.626678,-0.031494140625
reward/position,16823,1786559733.877670,-0.04043572023510933
reward/position,16843,1786559736.095200,-0.05139153078198433
reward/position,16864,1786559738.427678,-0.00605767359957099
reward/position,16885,1786559740.790486,-0.12278742343187332
reward/position,16903,1786559742.853167,-0.09393304586410522
reward/position,16924,1786559745.300517,-0.10029596090316772
reward/position,16942,1786559747.341835,-0.20094293355941772
reward/position,16959,1786559749.238344,-0.2588042616844177
reward/position,16977,1786559751.268234,-1.008331298828125
reward/position,16997,1786559755.620583,-0.012796097435057163
reward/position,17012,1786559757.561203,-0.03835402801632881
reward/position,17026,1786559759.355315,-0.07673727720975876
reward/position,17045,1786559761.814332,-0.05030118674039841
reward/position,17069,1786559764.922903,-0.10000371932983398
reward/position,17094,1786559767.973842,-0.06759840250015259
reward/position,17116,1786559770.588400,-0.4847114682197571
reward/position,17134,1786559774.668099,-0.10855484008789062
reward/position,17156,1786559777.916403,-0.015451431274414062
reward/position,17173,1786559780.375209,-0.08935356140136719
reward/position,17198,1786559784.191337,-0.2558871805667877
reward/position,17216,1786559786.537203,-0.1582619696855545
reward/position,17243,1786559790.013966,-0.13907970488071442
reward/position,17256,1786559791.687116,-0.14986439049243927
reward/position,17286,1786559795.525213,-0.012134506367146969
reward/position,17322,1786559800.139321,-0.024215413257479668
reward/position,17345,1786559803.101030,-0.011109961196780205
reward/position,17362,1786559805.271228,-0.012713982723653316
reward/position,17388,1786559808.517656,-0.054301902651786804
reward/position,17406,1786559810.714057,-0.14303933084011078
reward/position,17434,1786559814.185575,-0.03534679114818573
reward/position,17458,1786559817.191134,-0.017108678817749023
reward/position,17481,1786559820.043385,-0.1401999145746231
reward/position,17504,1786559822.833163,-0.17596419155597687
reward/position,17521,1786559824.888208,-0.42087411880493164
reward/position,17537,1786559826.795573,-0.2929648458957672
reward/position,17557,1786559829.091973,-0.1730237603187561
reward/position,17577,1786559831.382823,-0.08132737874984741
reward/position,17595,1786559833.438948,-0.08802735805511475
reward/position,17616,1786559835.846468,-0.09222215414047241
reward/position,17630,1786559837.423765,-0.12991636991500854
reward/position,17643,1786559838.880499,-0.06855660676956177
reward/position,17669,1786559841.783673,-0.019623637199401855
reward/position,17687,1786559843.785727,-0.02444368600845337
reward/position,17699,1786559845.088526,-0.08140027523040771
reward/position,17722,1786559847.597281,-0.17540252208709717
reward/position,17735,1786559849.031706,-0.1507629156112671
reward/position,17754,1786559851.106030,-0.1538521647453308
reward/position,17782,1786559854.100675,-0.2840852737426758
reward/position,17805,1786559856.582593,-0.2879684567451477
reward/position,17824,1786559858.634939,-0.2837146520614624
reward/position,17841,1786559860.453121,-0.28623396158218384
reward/position,17866,1786559863.160453,-0.23512530326843262
reward/position,17884,1786559865.105127,-0.2068464756011963
reward/position,17901,1786559866.907971,-0.22078627347946167
reward/position,17925,1786559869.411552,-0.374345064163208
reward/position,17941,1786559871.064844,-0.4735226035118103
reward/position,17965,1786559873.543229,-0.537661075592041
reward/position,17980,1786559875.134033,-0.384127676486969
reward/position,18003,1786559877.662397,-0.3881375789642334
reward/position,18025,1786559879.949110,-0.4549211859703064
reward/position,18042,1786559881.715091,-0.507624626159668
reward/position,18062,1786559883.808901,-0.31970369815826416
reward/position,18081,1786559885.848043,-0.018978776410222054
reward/position,18107,1786559888.591552,-0.11213910579681396
reward/position,18121,1786559890.083478,-0.06852590292692184
reward/position,18136,1786559891.682418,-0.08486621826887131
reward/position,18153,1786559893.535854,-0.14409300684928894
reward/position,18176,1786559896.105032,-0.23006251454353333
reward/position,18197,1786559898.439007,-0.5441263318061829
reward/position,18215,1786559901.079727,-0.3108711242675781
reward/position,18231,1786559903.054655,-0.3260040283203125
reward/position,18245,1786559904.762099,-0.27841949462890625
reward/position,18265,1786559907.210284,-0.23572540283203125
reward/position,18278,1786559908.761713,-0.1231842041015625
reward/position,18300,1786559911.280623,-0.055389560759067535
reward/position,18318,1786559913.381924,-0.41259142756462097
reward/position,18345,1786559916.472664,-0.52178955078125
reward/position,18366,1786559921.690394,-0.030158989131450653
reward/position,18390,1786559925.729565,-0.07587432861328125
reward/position,18405,1786559928.232959,-0.10732269287109375
reward/position,18423,1786559931.180732,-0.12425995618104935
reward/position,18441,1786559934.050994,-0.00032042773091234267
reward/position,18458,1786559936.730547,-0.08917238563299179
reward/position,18479,1786559940.010540,-0.060287486761808395
reward/position,18504,1786559943.886719,-0.020927423611283302
reward/position,18523,1786559946.789942,-0.016410838812589645
reward/position,18542,1786559949.687929,-0.0805969387292862
reward/position,18556,1786559951.824982,-0.0748748928308487
reward/position,18580,1786559955.491063,-0.008392326533794403
reward/position,18592,1786559957.316567,-0.0016479558544233441
reward/position,18607,1786559959.270973,-0.1714325249195099
reward/position,18626,1786559962.117726,-0.11208345741033554
reward/position,18652,1786559965.737292,-0.001518240780569613
reward/position,18670,1786559968.184454,-0.0445404015481472
reward/position,18682,1786559969.632254,-0.1223602369427681
reward/position,18701,1786559972.385116,-0.5736084580421448
reward/position,18722,1786559975.637466,-0.21200793981552124
reward/position,18739,1786559977.925944,-0.2979171872138977
reward/position,18758,1786559980.508696,-0.4177308678627014
reward/position,18778,1786559983.208886,-0.33446502685546875
reward/position,18802,1786559986.369251,-0.03780925273895264
reward/position,18821,1786559988.857437,-0.26527148485183716
reward/position,18839,1786559991.217738,-0.42525628209114075
reward/position,18860,1786559993.996512,-0.34474337100982666
reward/position,18879,1786559996.586546,-0.34681642055511475
reward/position,18894,1786559998.559630,-0.5130223035812378
reward/position,18917,1786560001.592702,-0.4715879261493683
reward/position,18932,1786560003.675035,-0.2434900552034378
reward/position,18953,1786560006.629003,-0.17038452625274658
reward/position,18977,1786560009.328707,-0.045798540115356445
reward/position,18994,1786560011.242900,-0.010626195929944515
reward/position,19014,1786560013.487812,-0.01632028818130493
reward/position,19029,1786560015.142843,-0.053225040435791016
reward/position,19044,1786560016.788167,-0.008959711529314518
reward/position,19070,1786560019.620718,-0.05347222089767456
reward/position,19092,1786560022.074900,-0.404140830039978
reward/position,19111,1786560024.156995,-0.287325382232666
reward/position,19135,1786560026.778409,-0.27200907468795776
reward/position,19154,1786560028.878534,-0.30006682872772217
reward/position,19185,1786560032.337691,-0.42676833271980286
reward/position,19206,1786560034.734422,-0.3760431706905365
reward/position,19227,1786560037.437588,-0.2012939751148224
reward/position,19246,1786560039.375161,-0.1436157524585724
reward/position,19275,1786560042.278307,-0.1905517876148224
reward/position,19294,1786560044.167117,-0.012664794921875
reward/position,19319,1786560046.604381,-0.0010986331617459655
reward/position,19343,1786560048.893765,-0.1582947075366974
reward/position,19363,1786560053.207608,-0.1956634521484375
reward/position,19389,1786560057.444113,-0.160614013671875
reward/position,19408,1786560060.537379,-0.04994964599609375
reward/position,19441,1786560065.962969,-0.12755584716796875
reward/position,19461,1786560069.274149,-0.15740203857421875
reward/position,19480,1786560072.417219,-0.14302825927734375
reward/position,19494,1786560074.521421,-0.1737060546875
reward/position,19509,1786560076.756050,-0.13472747802734375
reward/position,19534,1786560080.727410,-0.0969085693359375
reward/position,19551,1786560083.080095,-0.105438232421875
reward/position,19581,1786560087.026957,-0.24292755126953125
reward/position,19596,1786560088.830382,-0.1366729736328125
reward/position,19612,1786560090.742840,-0.05634307861328125
reward/position,19635,1786560093.472216,-0.14507293701171875
reward/position,19665,1786560096.981126,-0.17931365966796875
reward/position,19685,1786560099.299000,-0.28326416015625
reward/position,19699,1786560100.924716,-0.19626617431640625
reward/position,19714,1786560102.642349,-0.0762786865234375
reward/position,19736,1786560105.112150,-0.115234375
reward/position,19759,1786560107.779063,-0.6216124296188354
reward/position,19772,1786560109.755998,-0.12747161090373993
reward/position,19794,1786560112.309850,-0.10251496732234955
reward/position,19813,1786560114.534493,-0.005961800925433636
reward/position,19831,1786560116.611517,-0.15314319729804993
reward/position,19852,1786560118.985048,-0.24411293864250183
reward/position,19873,1786560121.352298,-0.3610258400440216
reward/position,19887,1786560122.934832,-0.2749827802181244
reward/position,19905,1786560124.942514,-0.17521539330482483
reward/position,19933,1786560128.004235,-0.26148322224617004
reward/position,19947,1786560129.498805,-0.2662214934825897
reward/position,19971,1786560131.986600,-0.4862200915813446
reward/position,20000,1786560135.510283,-0.0607757568359375
reward/red_light,3,1786557530.575082,0.0
reward/red_light,24,1786557533.408174,0.0
reward/red_light,53,1786557537.373072,0.0
reward/red_light,79,1786557542.920260,0.0
reward/red_light,97,1786557545.694320,0.0
reward/red_light,119,1786557549.062976,0.0
reward/red_light,137,1786557551.759094,0.0
reward/red_light,153,1786557554.180313,0.0
reward/red_light,177,1786557557.677852,0.0
reward/red_light,206,1786557561.086043,0.0
reward/red_light,221,1786557562.898268,0.0
reward/red_light,241,1786557565.342751,0.0
reward/red_light,261,1786557567.656335,0.0
reward/red_light,282,1786557570.022521,0.0
reward/red_light,302,1786557572.377286,0.0
reward/red_light,322,1786557574.712308,0.0
reward/red_light,334,1786557576.064848,0.0
reward/red_light,356,1786557578.535080,0.0
reward/red_light,381,1786557581.372086,0.0
reward/red_light,405,1786557584.012324,0.0
reward/red_light,422,1786557585.035290,0.0
reward/red_light,443,1786557587.255991,0.0
reward/red_light,466,1786557589.842553,0.0
reward/red_light,494,1786557593.365198,0.0
reward/red_light,517,1786557596.985559,0.0
reward/red_light,545,1786557602.535161,0.0
reward/red_light,556,1786557604.042886,0.0
reward/red_light,580,1786557607.271058,0.0
reward/red_light,599,1786557609.813491,0.0
reward/red_light,621,1786557612.911255,0.0
reward/red_light,646,1786557616.089205,0.0
reward/red_light,668,1786557618.309330,0.0
reward/red_light,686,1786557620.187612,0.0
reward/red_light,708,1786557622.504180,0.0
reward/red_light,729,1786557624.658789,0.0
reward/red_light,751,1786557626.980558,0.0
reward/red_light,771,1786557629.302662,0.0
reward/red_light,794,1786557631.665887,0.0
reward/red_light,812,1786557633.567990,0.0
reward/red_light,835,1786557635.972057,0.0
reward/red_light,851,1786557637.617042,0.0
reward/red_light,868,1786557639.320204,0.0
reward/red_light,883,1786557640.812743,0.0
reward/red_light,901,1786557642.642358,0.0
reward/red_light,915,1786557644.008899,0.0
reward/red_light,933,1786557645.725493,0.0
reward/red_light,946,1786557647.855967,0.0
reward/red_light,971,1786557651.397950,0.0
reward/red_light,989,1786557653.936565,0.0
reward/red_light,1004,1786557656.071925,0.0
reward/red_light,1027,1786557659.305926,0.0
reward/red_light,1053,1786557662.902683,0.0
reward/red_light,1070,1786557665.286901,0.0
reward/red_light,1088,1786557667.344705,0.0
reward/red_light,1102,1786557668.963485,0.0
reward/red_light,1119,1786557670.842350,0.0
reward/red_light,1146,1786557673.881025,0.0
reward/red_light,1166,1786557676.122858,0.0
reward/red_light,1186,1786557678.241742,0.0
reward/red_light,1208,1786557680.437918,0.0
reward/red_light,1228,1786557682.607263,0.0
reward/red_light,1251,1786557685.211644,0.0
reward/red_light,1266,1786557686.808844,0.0
reward/red_light,1279,1786557688.293328,0.0
reward/red_light,1300,1786557691.335225,0.0
reward/red_light,1323,1786557694.536883,0.0
reward/red_light,1337,1786557696.454862,0.0
reward/red_light,1357,1786557699.071006,0.0
reward/red_light,1381,1786557701.799917,0.0
reward/red_light,1398,1786557703.412321,0.0
reward/red_light,1412,1786557704.716290,0.0
reward/red_light,1433,1786557706.583546,0.0
reward/red_light,1451,1786557708.171603,0.0
reward/red_light,1468,1786557709.736450,0.0
reward/red_light,1485,1786557711.286607,0.0
reward/red_light,1515,1786557713.950759,0.0
reward/red_light,1532,1786557715.367085,0.0
reward/red_light,1552,1786557717.070783,0.0
reward/red_light,1574,1786557718.860025,0.0
reward/red_light,1595,1786557720.964750,0.0
reward/red_light,1611,1786557722.841937,0.0
reward/red_light,1624,1786557724.366591,0.0
reward/red_light,1637,1786557725.881395,0.0
reward/red_light,1655,1786557728.017148,0.0
reward/red_light,1675,1786557730.439337,0.0
reward/red_light,1692,1786557732.532635,0.0
reward/red_light,1707,1786557736.259790,0.0
reward/red_light,1729,1786557740.678916,0.0
reward/red_light,1747,1786557744.229767,0.0
reward/red_light,1759,1786557746.557295,0.0
reward/red_light,1773,1786557749.274819,0.0
reward/red_light,1790,1786557752.562766,0.0
reward/red_light,1808,1786557757.536813,0.0
reward/red_light,1828,1786557760.912171,0.0
reward/red_light,1858,1786557766.119971,0.0
reward/red_light,1880,1786557769.969827,0.0
reward/red_light,1899,1786557773.304642,0.0
reward/red_light,1919,1786557776.766284,0.0
reward/red_light,1941,1786557780.542939,0.0
reward/red_light,1968,1786557784.731040,0.0
reward/red_light,1995,1786557787.841743,0.0
reward/red_light,2014,1786557790.081610,0.0
reward/red_light,2028,1786557791.644803,0.0
reward/red_light,2048,1786557795.827896,0.0
reward/red_light,2061,1786557798.040676,0.0
reward/red_light,2083,1786557801.778846,0.0
reward/red_light,2104,1786557805.321192,0.0
reward/red_light,2126,1786557808.265250,0.0
reward/red_light,2147,1786557813.077942,0.0
reward/red_light,2172,1786557816.984512,0.0
reward/red_light,2197,1786557820.975483,0.0
reward/red_light,2219,1786557824.512546,0.0
reward/red_light,2233,1786557829.724328,0.0
reward/red_light,2248,1786557832.569402,0.0
reward/red_light,2270,1786557836.909838,0.0
reward/red_light,2289,1786557840.736694,0.0
reward/red_light,2314,1786557845.460670,0.0
reward/red_light,2333,1786557847.725956,0.0
reward/red_light,2351,1786557849.916308,0.0
reward/red_light,2384,1786557854.080856,0.0
reward/red_light,2405,1786557856.772375,0.0
reward/red_light,2423,1786557859.085980,0.0
reward/red_light,2449,1786557862.191817,0.0
reward/red_light,2462,1786557863.653033,0.0
reward/red_light,2477,1786557865.290679,0.0
reward/red_light,2491,1786557866.849890,0.0
reward/red_light,2513,1786557869.294253,0.0
reward/red_light,2534,1786557871.715747,0.0
reward/red_light,2557,1786557874.359447,0.0
reward/red_light,2579,1786557876.851138,0.0
reward/red_light,2602,1786557879.442940,0.0
reward/red_light,2618,1786557881.204499,0.0
reward/red_light,2647,1786557884.375683,0.0
reward/red_light,2673,1786557887.315759,0.0
reward/red_light,2696,1786557889.792200,0.0
reward/red_light,2717,1786557892.065117,0.0
reward/red_light,2745,1786557895.160979,0.0
reward/red_light,2766,1786557897.467835,0.0
reward/red_light,2801,1786557901.405089,0.0
reward/red_light,2823,1786557903.823041,0.0
reward/red_light,2849,1786557906.594777,0.0
reward/red_light,2864,1786557908.182363,0.0
reward/red_light,2886,1786557910.514264,0.0
reward/red_light,2904,1786557912.431324,0.0
reward/red_light,2921,1786557914.204821,0.0
reward/red_light,2938,1786557915.966392,0.0
reward/red_light,2957,1786557917.968905,0.0
reward/red_light,2976,1786557919.920625,0.0
reward/red_light,2998,1786557922.147380,0.0
reward/red_light,3023,1786557924.671030,0.0
reward/red_light,3046,1786557927.031590,0.0
reward/red_light,3064,1786557928.856368,0.0
reward/red_light,3087,1786557931.169591,0.0
reward/red_light,3108,1786557933.290817,0.0
reward/red_light,3135,1786557936.021137,0.0
reward/red_light,3159,1786557938.431560,0.0
reward/red_light,3177,1786557940.230823,0.0
reward/red_light,3196,1786557942.121953,0.0
reward/red_light,3212,1786557943.703761,0.0
reward/red_light,3230,1786557945.514355,0.0
reward/red_light,3260,1786557948.573717,0.0
reward/red_light,3283,1786557950.905849,0.0
reward/red_light,3302,1786557952.816667,0.0
reward/red_light,3331,1786557955.929316,0.0
reward/red_light,3344,1786557957.556172,0.0
reward/red_light,3363,1786557960.025829,0.0
reward/red_light,3378,1786557962.073932,0.0
reward/red_light,3406,1786557965.966368,0.0
reward/red_light,3421,1786557968.153734,0.0
reward/red_light,3434,1786557969.981459,0.0
reward/red_light,3450,1786557972.260382,0.0
reward/red_light,3472,1786557975.361041,0.0
reward/red_light,3488,1786557977.581368,0.0
reward/red_light,3509,1786557980.931385,0.0
reward/red_light,3532,1786557984.062947,0.0
reward/red_light,3546,1786557985.924263,0.0
reward/red_light,3564,1786557988.268051,0.0
reward/red_light,3586,1786557991.139056,0.0
reward/red_light,3607,1786557993.798222,0.0
reward/red_light,3629,1786557996.611365,0.0
reward/red_light,3659,1786558000.396260,0.0
reward/red_light,3675,1786558002.418134,0.0
reward/red_light,3690,1786558004.270242,0.0
reward/red_light,3707,1786558006.354690,0.0
reward/red_light,3722,1786558008.187762,0.0
reward/red_light,3743,1786558010.783561,0.0
reward/red_light,3767,1786558013.770737,0.0
reward/red_light,3788,1786558016.417674,0.0
reward/red_light,3800,1786558017.900956,0.0
reward/red_light,3818,1786558020.073052,0.0
reward/red_light,3836,1786558022.219627,0.0
reward/red_light,3856,1786558024.600282,0.0
reward/red_light,3881,1786558027.539700,0.0
reward/red_light,3898,1786558029.526240,0.0
reward/red_light,3915,1786558031.520578,0.0
reward/red_light,3931,1786558033.395020,0.0
reward/red_light,3946,1786558035.105733,0.0
reward/red_light,3962,1786558036.930231,0.0
reward/red_light,3978,1786558038.737707,0.0
reward/red_light,4002,1786558041.481780,0.0
reward/red_light,4021,1786558043.623712,0.0
reward/red_light,4039,1786558045.620696,-10.0
reward/red_light,4055,1786558047.374174,0.0
reward/red_light,4071,1786558049.067362,0.0
reward/red_light,4087,1786558050.732651,0.0
reward/red_light,4105,1786558053.621676,0.0
reward/red_light,4122,1786558056.524634,0.0
reward/red_light,4148,1786558061.576142,0.0
reward/red_light,4172,1786558064.537864,0.0
reward/red_light,4188,1786558066.542861,0.0
reward/red_light,4208,1786558068.985477,0.0
reward/red_light,4221,1786558070.569981,0.0
reward/red_light,4240,1786558072.842114,0.0
reward/red_light,4257,1786558074.860747,0.0
reward/red_light,4270,1786558076.411334,0.0
reward/red_light,4292,1786558079.007880,0.0
reward/red_light,4308,1786558080.876705,0.0
reward/red_light,4323,1786558082.609027,0.0
reward/red_light,4363,1786558087.177305,0.0
reward/red_light,4375,1786558088.514656,0.0
reward/red_light,4396,1786558090.828472,0.0
reward/red_light,4426,1786558094.058141,0.0
reward/red_light,4451,1786558097.380364,0.0
reward/red_light,4468,1786558099.749068,0.0
reward/red_light,4486,1786558102.360309,0.0
reward/red_light,4520,1786558107.573721,0.0
reward/red_light,4538,1786558110.314314,0.0
reward/red_light,4560,1786558113.675134,0.0
reward/red_light,4585,1786558117.609410,0.0
reward/red_light,4602,1786558120.235550,0.0
reward/red_light,4617,1786558122.554597,0.0
reward/red_light,4636,1786558125.464462,0.0
reward/red_light,4661,1786558129.315179,0.0
reward/red_light,4680,1786558132.258594,0.0
reward/red_light,4699,1786558135.150519,0.0
reward/red_light,4716,1786558137.661403,0.0
reward/red_light,4736,1786558140.656814,0.0
reward/red_light,4762,1786558144.573467,0.0
reward/red_light,4775,1786558146.501953,0.0
reward/red_light,4795,1786558149.396638,0.0
reward/red_light,4814,1786558152.211569,0.0
reward/red_light,4827,1786558154.110702,0.0
reward/red_light,4843,1786558156.472340,0.0
reward/red_light,4860,1786558158.954553,0.0
reward/red_light,4877,1786558161.408741,0.0
reward/red_light,4894,1786558163.889012,0.0
reward/red_light,4911,1786558166.306855,0.0
reward/red_light,4929,1786558168.880192,0.0
reward/red_light,4951,1786558171.931490,0.0
reward/red_light,4974,1786558175.166154,0.0
reward/red_light,4989,1786558177.307776,0.0
reward/red_light,5007,1786558179.862645,0.0
reward/red_light,5026,1786558182.600139,0.0
reward/red_light,5046,1786558185.497195,0.0
reward/red_light,5064,1786558188.041356,0.0
reward/red_light,5087,1786558191.285671,0.0
reward/red_light,5109,1786558194.454825,0.0
reward/red_light,5131,1786558197.684104,0.0
reward/red_light,5153,1786558200.831712,0.0
reward/red_light,5171,1786558203.318294,0.0
reward/red_light,5192,1786558206.312501,0.0
reward/red_light,5223,1786558211.021162,0.0
reward/red_light,5244,1786558214.064309,0.0
reward/red_light,5259,1786558216.088158,0.0
reward/red_light,5274,1786558218.045879,0.0
reward/red_light,5291,1786558220.270929,0.0
reward/red_light,5317,1786558223.616518,0.0
reward/red_light,5341,1786558226.665125,-10.0
reward/red_light,5367,1786558230.476572,0.0
reward/red_light,5381,1786558232.363487,0.0
reward/red_light,5395,1786558234.287025,0.0
reward/red_light,5418,1786558237.410736,0.0
reward/red_light,5433,1786558239.403945,0.0
reward/red_light,5451,1786558241.804673,0.0
reward/red_light,5471,1786558244.549549,0.0
reward/red_light,5494,1786558247.784873,0.0
reward/red_light,5509,1786558249.895798,0.0
reward/red_light,5537,1786558255.028729,0.0
reward/red_light,5552,1786558257.545991,0.0
reward/red_light,5571,1786558260.710567,0.0
reward/red_light,5592,1786558264.260421,0.0
reward/red_light,5610,1786558267.249041,0.0
reward/red_light,5632,1786558270.906549,0.0
reward/red_light,5653,1786558274.364319,0.0
reward/red_light,5668,1786558276.886600,0.0
reward/red_light,5680,1786558278.870526,0.0
reward/red_light,5700,1786558282.190262,0.0
reward/red_light,5716,1786558284.804841,0.0
reward/red_light,5746,1786558289.723794,0.0
reward/red_light,5773,1786558294.060641,0.0
reward/red_light,5789,1786558296.651542,0.0
reward/red_light,5805,1786558299.216373,0.0
reward/red_light,5821,1786558301.762770,0.0
reward/red_light,5837,1786558304.342320,0.0
reward/red_light,5861,1786558308.258392,0.0
reward/red_light,5884,1786558312.027718,0.0
reward/red_light,5905,1786558315.393054,0.0
reward/red_light,5926,1786558318.707551,0.0
reward/red_light,5941,1786558321.095447,0.0
reward/red_light,5961,1786558324.211998,0.0
reward/red_light,5981,1786558327.407728,0.0
reward/red_light,6004,1786558331.100828,0.0
reward/red_light,6025,1786558334.264681,0.0
reward/red_light,6042,1786558336.758685,0.0
reward/red_light,6059,1786558339.146513,0.0
reward/red_light,6079,1786558341.834351,0.0
reward/red_light,6094,1786558343.573619,0.0
reward/red_light,6112,1786558345.613627,0.0
reward/red_light,6135,1786558348.154305,0.0
reward/red_light,6148,1786558349.566203,0.0
reward/red_light,6164,1786558351.223980,0.0
reward/red_light,6190,1786558353.803166,0.0
reward/red_light,6214,1786558356.101723,0.0
reward/red_light,6236,1786558358.213918,0.0
reward/red_light,6259,1786558360.421406,0.0
reward/red_light,6285,1786558362.952176,0.0
reward/red_light,6305,1786558364.898264,0.0
reward/red_light,6325,1786558366.895633,0.0
reward/red_light,6341,1786558368.526741,0.0
reward/red_light,6362,1786558370.707717,0.0
reward/red_light,6394,1786558374.149169,0.0
reward/red_light,6414,1786558376.274518,0.0
reward/red_light,6439,1786558378.870505,0.0
reward/red_light,6457,1786558380.765722,0.0
reward/red_light,6472,1786558382.339632,0.0
reward/red_light,6500,1786558385.249673,0.0
reward/red_light,6520,1786558387.365874,0.0
reward/red_light,6541,1786558389.587407,0.0
reward/red_light,6560,1786558391.617673,0.0
reward/red_light,6581,1786558393.922816,0.0
reward/red_light,6597,1786558395.682655,0.0
reward/red_light,6616,1786558397.745806,0.0
reward/red_light,6636,1786558400.005246,0.0
reward/red_light,6661,1786558402.621882,0.0
reward/red_light,6686,1786558405.070191,0.0
reward/red_light,6704,1786558406.884459,0.0
reward/red_light,6719,1786558410.803191,0.0
reward/red_light,6744,1786558414.345167,0.0
reward/red_light,6761,1786558416.651696,0.0
reward/red_light,6789,1786558422.806520,0.0
reward/red_light,6813,1786558426.904702,0.0
reward/red_light,6826,1786558429.184008,0.0
reward/red_light,6845,1786558432.530665,0.0
reward/red_light,6861,1786558435.239271,0.0
reward/red_light,6876,1786558437.715293,0.0
reward/red_light,6896,1786558440.955356,0.0
reward/red_light,6913,1786558443.689366,0.0
reward/red_light,6943,1786558448.540517,0.0
reward/red_light,6963,1786558451.201735,0.0
reward/red_light,6978,1786558453.191155,0.0
reward/red_light,6994,1786558455.317820,0.0
reward/red_light,7014,1786558458.003029,0.0
reward/red_light,7031,1786558460.266417,0.0
reward/red_light,7053,1786558463.186938,0.0
reward/red_light,7073,1786558465.801735,0.0
reward/red_light,7089,1786558467.865969,0.0
reward/red_light,7119,1786558471.674889,0.0
reward/red_light,7136,1786558473.861403,0.0
reward/red_light,7157,1786558476.550598,0.0
reward/red_light,7177,1786558479.113825,0.0
reward/red_light,7194,1786558481.304167,0.0
reward/red_light,7210,1786558483.380932,0.0
reward/red_light,7227,1786558485.576005,0.0
reward/red_light,7250,1786558488.562974,0.0
reward/red_light,7269,1786558491.030939,0.0
reward/red_light,7292,1786558494.073381,0.0
reward/red_light,7310,1786558496.455224,0.0
reward/red_light,7329,1786558498.984769,0.0
reward/red_light,7347,1786558503.345357,0.0
reward/red_light,7371,1786558507.150149,0.0
reward/red_light,7392,1786558510.490310,0.0
reward/red_light,7410,1786558513.298676,0.0
reward/red_light,7430,1786558516.430003,0.0
reward/red_light,7444,1786558518.591612,0.0
reward/red_light,7465,1786558521.837841,0.0
reward/red_light,7484,1786558524.754430,0.0
reward/red_light,7510,1786558528.714910,0.0
reward/red_light,7531,1786558531.874590,0.0
reward/red_light,7547,1786558534.324179,0.0
reward/red_light,7563,1786558536.738464,0.0
reward/red_light,7583,1786558539.698639,0.0
reward/red_light,7611,1786558543.815289,0.0
reward/red_light,7637,1786558547.554490,0.0
reward/red_light,7653,1786558549.840686,0.0
reward/red_light,7671,1786558552.505887,0.0
reward/red_light,7693,1786558555.557686,0.0
reward/red_light,7718,1786558558.949601,0.0
reward/red_light,7737,1786558561.704643,0.0
reward/red_light,7763,1786558565.123404,0.0
reward/red_light,7783,1786558567.738828,0.0
reward/red_light,7793,1786558568.927411,0.0
reward/red_light,7817,1786558571.754709,0.0
reward/red_light,7840,1786558574.443860,0.0
reward/red_light,7856,1786558576.307512,0.0
reward/red_light,7870,1786558577.980874,0.0
reward/red_light,7887,1786558579.936689,0.0
reward/red_light,7916,1786558583.214634,0.0
reward/red_light,7932,1786558585.019694,0.0
reward/red_light,7951,1786558587.138690,0.0
reward/red_light,7969,1786558589.102921,0.0
reward/red_light,7990,1786558591.394306,0.0
reward/red_light,8006,1786558593.757801,0.0
reward/red_light,8022,1786558595.849543,0.0
reward/red_light,8050,1786558599.420999,0.0
reward/red_light,8076,1786558602.614644,0.0
reward/red_light,8093,1786558604.691200,0.0
reward/red_light,8115,1786558607.305450,0.0
reward/red_light,8128,1786558608.828122,0.0
reward/red_light,8151,1786558611.385927,0.0
reward/red_light,8179,1786558614.344735,0.0
reward/red_light,8198,1786558616.337477,0.0
reward/red_light,8216,1786558618.226732,0.0
reward/red_light,8233,1786558620.003713,0.0
reward/red_light,8245,1786558621.260203,0.0
reward/red_light,8269,1786558623.792459,0.0
reward/red_light,8288,1786558625.837297,0.0
reward/red_light,8311,1786558628.392272,0.0
reward/red_light,8327,1786558630.168397,0.0
reward/red_light,8349,1786558632.665050,0.0
reward/red_light,8366,1786558634.595516,0.0
reward/red_light,8394,1786558637.742194,0.0
reward/red_light,8412,1786558639.771277,0.0
reward/red_light,8427,1786558641.447165,0.0
reward/red_light,8446,1786558643.553967,0.0
reward/red_light,8468,1786558645.967327,0.0
reward/red_light,8490,1786558648.422503,0.0
reward/red_light,8507,1786558650.332375,0.0
reward/red_light,8529,1786558652.827618,0.0
reward/red_light,8549,1786558655.104763,0.0
reward/red_light,8574,1786558657.856314,0.0
reward/red_light,8595,1786558660.138834,0.0
reward/red_light,8620,1786558662.747768,0.0
reward/red_light,8646,1786558665.366925,0.0
reward/red_light,8660,1786558667.266771,0.0
reward/red_light,8683,1786558669.845375,0.0
reward/red_light,8705,1786558672.335385,0.0
reward/red_light,8727,1786558675.385772,0.0
reward/red_light,8747,1786558678.064777,0.0
reward/red_light,8763,1786558680.193601,0.0
reward/red_light,8782,1786558682.732552,0.0
reward/red_light,8802,1786558685.397274,0.0
reward/red_light,8825,1786558688.433840,0.0
reward/red_light,8846,1786558691.194761,0.0
reward/red_light,8864,1786558693.535497,0.0
reward/red_light,8887,1786558696.465894,0.0
reward/red_light,8904,1786558698.563804,0.0
reward/red_light,8930,1786558701.759736,0.0
reward/red_light,8947,1786558703.851358,0.0
reward/red_light,8967,1786558706.328518,0.0
reward/red_light,8982,1786558708.174881,0.0
reward/red_light,8996,1786558709.897253,0.0
reward/red_light,9008,1786558711.372376,0.0
reward/red_light,9032,1786558714.259827,0.0
reward/red_light,9053,1786558716.792688,0.0
reward/red_light,9085,1786558720.605353,0.0
reward/red_light,9103,1786558722.724226,0.0
reward/red_light,9122,1786558724.913191,0.0
reward/red_light,9133,1786558726.157033,0.0
reward/red_light,9158,1786558728.974640,0.0
reward/red_light,9178,1786558731.188339,0.0
reward/red_light,9203,1786558733.974733,0.0
reward/red_light,9223,1786558736.208726,0.0
reward/red_light,9241,1786558738.238675,0.0
reward/red_light,9264,1786558740.830643,0.0
reward/red_light,9286,1786558743.308964,0.0
reward/red_light,9304,1786558745.372777,0.0
reward/red_light,9315,1786558746.652026,0.0
reward/red_light,9332,1786558748.600090,0.0
reward/red_light,9356,1786558751.355377,0.0
reward/red_light,9380,1786558754.170061,0.0
reward/red_light,9396,1786558756.037934,0.0
reward/red_light,9411,1786558757.748260,0.0
reward/red_light,9430,1786558760.321679,0.0
reward/red_light,9444,1786558762.000403,0.0
reward/red_light,9463,1786558764.291972,0.0
reward/red_light,9480,1786558766.334466,0.0
reward/red_light,9500,1786558768.734772,0.0
reward/red_light,9519,1786558771.011646,0.0
reward/red_light,9536,1786558773.017493,0.0
reward/red_light,9554,1786558775.157057,0.0
reward/red_light,9576,1786558777.748813,0.0
reward/red_light,9594,1786558779.862872,0.0
reward/red_light,9614,1786558782.227803,0.0
reward/red_light,9628,1786558783.829797,0.0
reward/red_light,9643,1786558785.553710,0.0
reward/red_light,9662,1786558787.682108,0.0
reward/red_light,9683,1786558790.033808,0.0
reward/red_light,9702,1786558792.165912,0.0
reward/red_light,9720,1786558794.141371,0.0
reward/red_light,9741,1786558796.422203,0.0
reward/red_light,9764,1786558798.926959,0.0
reward/red_light,9780,1786558800.677678,0.0
reward/red_light,9798,1786558802.663208,0.0
reward/red_light,9814,1786558804.469897,0.0
reward/red_light,9831,1786558806.378381,0.0
reward/red_light,9857,1786558809.281996,0.0
reward/red_light,9871,1786558810.910055,0.0
reward/red_light,9893,1786558813.492234,0.0
reward/red_light,9908,1786558815.271948,0.0
reward/red_light,9934,1786558818.462712,0.0
reward/red_light,9954,1786558820.883305,0.0
reward/red_light,9974,1786558823.300382,0.0
reward/red_light,9998,1786558826.249912,0.0
reward/red_light,10011,1786558827.952354,-10.0
reward/red_light,10029,1786558830.109609,0.0
reward/red_light,10057,1786558833.503420,0.0
reward/red_light,10073,1786558835.412540,0.0
reward/red_light,10096,1786558840.072837,0.0
reward/red_light,10110,1786558842.411384,0.0
reward/red_light,10127,1786558845.187733,0.0
reward/red_light,10148,1786558848.674346,0.0
reward/red_light,10168,1786558852.023496,0.0
reward/red_light,10190,1786558855.644541,0.0
reward/red_light,10213,1786558859.605887,0.0
reward/red_light,10228,1786558862.147191,0.0
reward/red_light,10242,1786558864.169407,0.0
reward/red_light,10263,1786558867.163111,0.0
reward/red_light,10286,1786558870.310800,0.0
reward/red_light,10306,1786558872.922685,0.0
reward/red_light,10333,1786558876.499701,0.0
reward/red_light,10350,1786558878.710701,0.0
reward/red_light,10374,1786558881.748024,0.0
reward/red_light,10396,1786558884.476158,0.0
reward/red_light,10418,1786558887.144708,0.0
reward/red_light,10439,1786558889.565738,0.0
reward/red_light,10462,1786558892.112363,0.0
reward/red_light,10487,1786558894.832917,0.0
reward/red_light,10505,1786558896.731810,0.0
reward/red_light,10527,1786558899.028752,0.0
reward/red_light,10544,1786558900.768501,0.0
reward/red_light,10566,1786558902.992705,0.0
reward/red_light,10580,1786558904.392922,0.0
reward/red_light,10606,1786558906.981407,0.0
reward/red_light,10621,1786558908.462782,0.0
reward/red_light,10638,1786558910.120579,0.0
reward/red_light,10652,1786558911.476557,0.0
reward/red_light,10666,1786558912.834597,0.0
reward/red_light,10681,1786558914.290354,0.0
reward/red_light,10702,1786558916.355743,0.0
reward/red_light,10716,1786558917.742004,0.0
reward/red_light,10741,1786558920.220684,0.0
reward/red_light,10766,1786558922.836423,0.0
reward/red_light,10783,1786558924.304657,-10.0
reward/red_light,10803,1786558925.987427,0.0
reward/red_light,10828,1786558929.820303,0.0
reward/red_light,10851,1786558932.710529,0.0
reward/red_light,10866,1786558934.614260,0.0
reward/red_light,10886,1786558937.197774,0.0
reward/red_light,10913,1786558940.746795,0.0
reward/red_light,10932,1786558943.226664,0.0
reward/red_light,10953,1786558945.854182,0.0
reward/red_light,10969,1786558947.826646,0.0
reward/red_light,10989,1786558950.325443,0.0
reward/red_light,11017,1786558953.664498,0.0
reward/red_light,11036,1786558955.938121,0.0
reward/red_light,11053,1786558957.900931,0.0
reward/red_light,11072,1786558960.078689,0.0
reward/red_light,11089,1786558962.030658,0.0
reward/red_light,11108,1786558964.203927,0.0
reward/red_light,11127,1786558966.369405,0.0
reward/red_light,11149,1786558968.848596,0.0
reward/red_light,11168,1786558970.986784,0.0
reward/red_light,11187,1786558973.132405,0.0
reward/red_light,11203,1786558974.875774,0.0
reward/red_light,11223,1786558977.011861,0.0
reward/red_light,11242,1786558978.979651,0.0
reward/red_light,11266,1786558983.378617,0.0
reward/red_light,11285,1786558986.587838,0.0
reward/red_light,11301,1786558989.292928,0.0
reward/red_light,11318,1786558992.180232,0.0
reward/red_light,11343,1786558996.391949,0.0
reward/red_light,11364,1786558999.916835,0.0
reward/red_light,11385,1786559003.434664,0.0
reward/red_light,11405,1786559006.758597,0.0
reward/red_light,11426,1786559010.194075,0.0
reward/red_light,11447,1786559013.718372,0.0
reward/red_light,11472,1786559018.193610,0.0
reward/red_light,11497,1786559021.870486,0.0
reward/red_light,11517,1786559024.587024,0.0
reward/red_light,11537,1786559027.259475,0.0
reward/red_light,11559,1786559030.210119,0.0
reward/red_light,11574,1786559032.166035,0.0
reward/red_light,11604,1786559035.976098,0.0
reward/red_light,11639,1786559040.444184,0.0
reward/red_light,11655,1786559042.274713,0.0
reward/red_light,11675,1786559044.577626,0.0
reward/red_light,11689,1786559046.219566,0.0
reward/red_light,11721,1786559050.032788,0.0
reward/red_light,11739,1786559052.175458,0.0
reward/red_light,11755,1786559054.138758,0.0
reward/red_light,11768,1786559056.317555,0.0
reward/red_light,11791,1786559059.336147,0.0
reward/red_light,11811,1786559061.875727,0.0
reward/red_light,11826,1786559063.815223,0.0
reward/red_light,11858,1786559067.795680,0.0
reward/red_light,11874,1786559069.544143,0.0
reward/red_light,11894,1786559071.742722,0.0
reward/red_light,11909,1786559073.365515,0.0
reward/red_light,11929,1786559075.564711,0.0
reward/red_light,11943,1786559077.110088,0.0
reward/red_light,11962,1786559079.182041,0.0
reward/red_light,11978,1786559080.843056,0.0
reward/red_light,12003,1786559083.509146,0.0
reward/red_light,12020,1786559085.219706,0.0
reward/red_light,12039,1786559087.126979,0.0
reward/red_light,12058,1786559089.048615,0.0
reward/red_light,12073,1786559090.573788,0.0
reward/red_light,12085,1786559091.774741,0.0
reward/red_light,12102,1786559093.459349,0.0
reward/red_light,12124,1786559095.634376,0.0
reward/red_light,12142,1786559097.924784,0.0
reward/red_light,12166,1786559100.548707,0.0
reward/red_light,12188,1786559102.811797,0.0
reward/red_light,12219,1786559105.843787,0.0
reward/red_light,12241,1786559107.935190,0.0
reward/red_light,12258,1786559110.485847,0.0
reward/red_light,12273,1786559112.424830,0.0
reward/red_light,12295,1786559115.139940,0.0
reward/red_light,12314,1786559117.469589,0.0
reward/red_light,12331,1786559119.518873,0.0
reward/red_light,12344,1786559121.056714,0.0
reward/red_light,12368,1786559123.887865,0.0
reward/red_light,12386,1786559125.985276,0.0
reward/red_light,12405,1786559128.173511,0.0
reward/red_light,12418,1786559129.650530,0.0
reward/red_light,12443,1786559132.464579,0.0
reward/red_light,12460,1786559134.314934,0.0
reward/red_light,12471,1786559135.528591,0.0
reward/red_light,12494,1786559138.672442,0.0
reward/red_light,12509,1786559140.620926,0.0
reward/red_light,12525,1786559142.699207,0.0
reward/red_light,12541,1786559144.733998,0.0
reward/red_light,12559,1786559147.045244,0.0
reward/red_light,12584,1786559150.242140,0.0
reward/red_light,12600,1786559152.293586,0.0
reward/red_light,12628,1786559155.873990,0.0
reward/red_light,12657,1786559159.592942,0.0
reward/red_light,12685,1786559163.230075,0.0
reward/red_light,12700,1786559165.209436,0.0
reward/red_light,12716,1786559167.327255,0.0
reward/red_light,12733,1786559169.581156,0.0
reward/red_light,12754,1786559172.734052,0.0
reward/red_light,12782,1786559176.443868,0.0
reward/red_light,12812,1786559180.393939,0.0
reward/red_light,12837,1786559183.651536,0.0
reward/red_light,12857,1786559186.275686,0.0
reward/red_light,12876,1786559188.735317,0.0
reward/red_light,12898,1786559191.527137,0.0
reward/red_light,12921,1786559194.412486,0.0
reward/red_light,12941,1786559196.896976,0.0
reward/red_light,12961,1786559199.402850,0.0
reward/red_light,12985,1786559202.446192,0.0
reward/red_light,13009,1786559205.552395,0.0
reward/red_light,13026,1786559207.720927,0.0
reward/red_light,13064,1786559214.268294,0.0
reward/red_light,13078,1786559216.593214,0.0
reward/red_light,13094,1786559219.228749,0.0
reward/red_light,13112,1786559222.177588,0.0
reward/red_light,13126,1786559224.467049,0.0
reward/red_light,13148,1786559228.030524,0.0
reward/red_light,13172,1786559231.847884,0.0
reward/red_light,13192,1786559235.116065,0.0
reward/red_light,13207,1786559237.571782,0.0
reward/red_light,13229,1786559241.157597,0.0
reward/red_light,13252,1786559244.777130,0.0
reward/red_light,13275,1786559248.365421,0.0
reward/red_light,13289,1786559250.541571,0.0
reward/red_light,13319,1786559255.188482,0.0
reward/red_light,13345,1786559259.151999,0.0
reward/red_light,13363,1786559261.899479,0.0
reward/red_light,13376,1786559263.855432,0.0
reward/red_light,13403,1786559267.898428,0.0
reward/red_light,13422,1786559270.636178,0.0
reward/red_light,13437,1786559272.701543,0.0
reward/red_light,13459,1786559275.692448,0.0
reward/red_light,13477,1786559278.090938,0.0
reward/red_light,13493,1786559280.200221,0.0
reward/red_light,13508,1786559282.139611,0.0
reward/red_light,13540,1786559286.175404,0.0
reward/red_light,13559,1786559288.288440,0.0
reward/red_light,13580,1786559292.721102,0.0
reward/red_light,13594,1786559294.808703,0.0
reward/red_light,13612,1786559297.509301,0.0
reward/red_light,13637,1786559301.204880,0.0
reward/red_light,13654,1786559303.731879,0.0
reward/red_light,13667,1786559305.664960,0.0
reward/red_light,13690,1786559309.002860,0.0
reward/red_light,13705,1786559311.187362,0.0
reward/red_light,13726,1786559314.194961,0.0
reward/red_light,13744,1786559316.769633,0.0
reward/red_light,13762,1786559319.284374,0.0
reward/red_light,13783,1786559322.261443,0.0
reward/red_light,13802,1786559324.951606,0.0
reward/red_light,13820,1786559327.511841,0.0
reward/red_light,13846,1786559331.265943,0.0
reward/red_light,13865,1786559334.011932,0.0
reward/red_light,13878,1786559335.876044,0.0
reward/red_light,13898,1786559338.740297,0.0
reward/red_light,13923,1786559342.245673,0.0
reward/red_light,13942,1786559344.875436,0.0
reward/red_light,13962,1786559347.619989,0.0
reward/red_light,13987,1786559351.033909,0.0
reward/red_light,14003,1786559353.332453,0.0
reward/red_light,14030,1786559360.473686,0.0
reward/red_light,14051,1786559364.738761,0.0
reward/red_light,14066,1786559367.757865,0.0
reward/red_light,14094,1786559373.226672,0.0
reward/red_light,14110,1786559376.300501,0.0
reward/red_light,14127,1786559379.532968,0.0
reward/red_light,14150,1786559383.818528,0.0
reward/red_light,14169,1786559387.323860,0.0
reward/red_light,14193,1786559391.715283,0.0
reward/red_light,14210,1786559394.828597,0.0
reward/red_light,14234,1786559399.204217,0.0
reward/red_light,14249,1786559401.935885,0.0
reward/red_light,14268,1786559405.386467,0.0
reward/red_light,14299,1786559411.006817,0.0
reward/red_light,14328,1786559416.290358,0.0
reward/red_light,14345,1786559419.349763,0.0
reward/red_light,14360,1786559422.008689,0.0
reward/red_light,14381,1786559424.951766,0.0
reward/red_light,14399,1786559427.496172,0.0
reward/red_light,14419,1786559430.247855,0.0
reward/red_light,14446,1786559434.962538,0.0
reward/red_light,14458,1786559437.070587,0.0
reward/red_light,14470,1786559438.531932,0.0
reward/red_light,14493,1786559441.317894,0.0
reward/red_light,14510,1786559443.396944,0.0
reward/red_light,14529,1786559445.743070,0.0
reward/red_light,14545,1786559447.681699,0.0
reward/red_light,14569,1786559450.559482,0.0
reward/red_light,14589,1786559452.949440,0.0
reward/red_light,14605,1786559454.876222,0.0
reward/red_light,14624,1786559457.138523,0.0
reward/red_light,14650,1786559460.147219,0.0
reward/red_light,14664,1786559461.753950,0.0
reward/red_light,14681,1786559463.692070,0.0
reward/red_light,14709,1786559466.830920,0.0
reward/red_light,14727,1786559468.863667,0.0
reward/red_light,14750,1786559471.396843,0.0
reward/red_light,14773,1786559473.812330,0.0
reward/red_light,14797,1786559476.377084,0.0
reward/red_light,14817,1786559478.484478,0.0
reward/red_light,14844,1786559481.220773,0.0
reward/red_light,14865,1786559483.254597,0.0
reward/red_light,14885,1786559485.174790,0.0
reward/red_light,14902,1786559486.711631,0.0
reward/red_light,14922,1786559490.163882,0.0
reward/red_light,14940,1786559492.207685,0.0
reward/red_light,14954,1786559493.769814,0.0
reward/red_light,14985,1786559497.188323,0.0
reward/red_light,15002,1786559498.872794,0.0
reward/red_light,15021,1786559500.835544,0.0
reward/red_light,15043,1786559503.017658,0.0
reward/red_light,15062,1786559505.647296,0.0
reward/red_light,15083,1786559508.449201,0.0
reward/red_light,15112,1786559512.330045,0.0
reward/red_light,15131,1786559514.903547,0.0
reward/red_light,15152,1786559517.717500,0.0
reward/red_light,15168,1786559519.845411,0.0
reward/red_light,15192,1786559523.012236,0.0
reward/red_light,15208,1786559525.134836,0.0
reward/red_light,15231,1786559528.112612,0.0
reward/red_light,15251,1786559530.679037,0.0
reward/red_light,15267,1786559532.702441,0.0
reward/red_light,15291,1786559535.671807,0.0
reward/red_light,15306,1786559537.514772,0.0
reward/red_light,15331,1786559540.600614,0.0
reward/red_light,15353,1786559543.286357,0.0
reward/red_light,15371,1786559545.483448,0.0
reward/red_light,15393,1786559548.168392,0.0
reward/red_light,15411,1786559550.414689,0.0
reward/red_light,15434,1786559553.290828,0.0
reward/red_light,15449,1786559555.145809,0.0
reward/red_light,15474,1786559558.295786,0.0
reward/red_light,15497,1786559562.919626,0.0
reward/red_light,15517,1786559566.220682,0.0
reward/red_light,15535,1786559569.163743,0.0
reward/red_light,15553,1786559572.106503,0.0
reward/red_light,15566,1786559574.243256,0.0
reward/red_light,15590,1786559578.167426,0.0
reward/red_light,15614,1786559582.050303,0.0
reward/red_light,15640,1786559586.266858,0.0
reward/red_light,15662,1786559589.801759,0.0
reward/red_light,15687,1786559593.765583,0.0
reward/red_light,15713,1786559597.854570,0.0
reward/red_light,15729,1786559600.393281,0.0
reward/red_light,15753,1786559604.209191,0.0
reward/red_light,15767,1786559606.421841,0.0
reward/red_light,15792,1786559610.352479,0.0
reward/red_light,15815,1786559613.438479,0.0
reward/red_light,15840,1786559616.745531,0.0
reward/red_light,15856,1786559618.861981,0.0
reward/red_light,15884,1786559622.513167,0.0
reward/red_light,15900,1786559624.583756,0.0
reward/red_light,15925,1786559627.750526,0.0
reward/red_light,15940,1786559629.633778,0.0
reward/red_light,15964,1786559632.774205,0.0
reward/red_light,15982,1786559635.076318,0.0
reward/red_light,16008,1786559638.542163,0.0
reward/red_light,16024,1786559640.592519,0.0
reward/red_light,16039,1786559642.485152,0.0
reward/red_light,16062,1786559645.360228,0.0
reward/red_light,16082,1786559647.844872,0.0
reward/red_light,16102,1786559650.284007,0.0
reward/red_light,16113,1786559651.595344,0.0
reward/red_light,16129,1786559653.484661,0.0
reward/red_light,16146,1786559655.464354,0.0
reward/red_light,16166,1786559657.766823,0.0
reward/red_light,16176,1786559658.939661,0.0
reward/red_light,16196,1786559661.259719,0.0
reward/red_light,16211,1786559662.989882,0.0
reward/red_light,16235,1786559665.760666,0.0
reward/red_light,16251,1786559667.601128,0.0
reward/red_light,16275,1786559670.318148,0.0
reward/red_light,16291,1786559672.186749,0.0
reward/red_light,16317,1786559675.159886,0.0
reward/red_light,16349,1786559678.893649,0.0
reward/red_light,16368,1786559681.135932,0.0
reward/red_light,16395,1786559684.269591,0.0
reward/red_light,16408,1786559686.081150,0.0
reward/red_light,16428,1786559688.813050,0.0
reward/red_light,16446,1786559691.203519,0.0
reward/red_light,16466,1786559693.758441,0.0
reward/red_light,16486,1786559696.309496,0.0
reward/red_light,16506,1786559698.784483,0.0
reward/red_light,16529,1786559701.536892,0.0
reward/red_light,16555,1786559704.555329,0.0
reward/red_light,16572,1786559706.451390,0.0
reward/red_light,16585,1786559707.845161,0.0
reward/red_light,16603,1786559709.735483,0.0
reward/red_light,16627,1786559712.265718,0.0
reward/red_light,16645,1786559714.146095,0.0
reward/red_light,16665,1786559716.243542,0.0
reward/red_light,16680,1786559717.829694,0.0
reward/red_light,16697,1786559719.666289,0.0
reward/red_light,16725,1786559722.772084,0.0
reward/red_light,16742,1786559724.699736,0.0
reward/red_light,16769,1786559727.788858,0.0
reward/red_light,16787,1786559729.825909,0.0
reward/red_light,16803,1786559731.626868,0.0
reward/red_light,16823,1786559733.877858,0.0
reward/red_light,16843,1786559736.095437,0.0
reward/red_light,16864,1786559738.427991,0.0
reward/red_light,16885,1786559740.790834,0.0
reward/red_light,16903,1786559742.853474,0.0
reward/red_light,16924,1786559745.300775,0.0
reward/red_light,16942,1786559747.342161,0.0
reward/red_light,16959,1786559749.238555,0.0
reward/red_light,16977,1786559751.268599,0.0
reward/red_light,16997,1786559755.621154,0.0
reward/red_light,17012,1786559757.561468,0.0
reward/red_light,17026,1786559759.355608,0.0
reward/red_light,17045,1786559761.814697,0.0
reward/red_light,17069,1786559764.923174,0.0
reward/red_light,17094,1786559767.974161,0.0
reward/red_light,17116,1786559770.588770,0.0
reward/red_light,17134,1786559774.668594,0.0
reward/red_light,17156,1786559777.916721,0.0
reward/red_light,17173,1786559780.375497,0.0
reward/red_light,17198,1786559784.191714,0.0
reward/red_light,17216,1786559786.537673,0.0
reward/red_light,17243,1786559790.014366,0.0
reward/red_light,17256,1786559791.687626,0.0
reward/red_light,17286,1786559795.525699,0.0
reward/red_light,17322,1786559800.139723,0.0
reward/red_light,17345,1786559803.101366,0.0
reward/red_light,17362,1786559805.271626,0.0
reward/red_light,17388,1786559808.517911,0.0
reward/red_light,17406,1786559810.714296,0.0
reward/red_light,17434,1786559814.185924,0.0
reward/red_light,17458,1786559817.191498,0.0
reward/red_light,17481,1786559820.043840,0.0
reward/red_light,17504,1786559822.833734,0.0
reward/red_light,17521,1786559824.888576,0.0
reward/red_light,17537,1786559826.795879,0.0
reward/red_light,17557,1786559829.092299,0.0
reward/red_light,17577,1786559831.383073,0.0
reward/red_light,17595,1786559833.439315,0.0
reward/red_light,17616,1786559835.846806,0.0
reward/red_light,17630,1786559837.423945,0.0
reward/red_light,17643,1786559838.880721,0.0
reward/red_light,17669,1786559841.783863,0.0
reward/red_light,17687,1786559843.785935,0.0
reward/red_light,17699,1786559845.088822,0.0
reward/red_light,17722,1786559847.597705,0.0
reward/red_light,17735,1786559849.031897,0.0
reward/red_light,17754,1786559851.106358,0.0
reward/red_light,17782,1786559854.100858,0.0
reward/red_light,17805,1786559856.582925,0.0
reward/red_light,17824,1786559858.635185,0.0
reward/red_light,17841,1786559860.453466,0.0
reward/red_light,17866,1786559863.160832,0.0
reward/red_light,17884,1786559865.105526,0.0
reward/red_light,17901,1786559866.908341,0.0
reward/red_light,17925,1786559869.411880,0.0
reward/red_light,17941,1786559871.065160,0.0
reward/red_light,17965,1786559873.543535,0.0
reward/red_light,17980,1786559875.134478,0.0
reward/red_light,18003,1786559877.662617,0.0
reward/red_light,18025,1786559879.949488,0.0
reward/red_light,18042,1786559881.715471,0.0
reward/red_light,18062,1786559883.809180,0.0
reward/red_light,18081,1786559885.848400,0.0
reward/red_light,18107,1786559888.591902,0.0
reward/red_light,18121,1786559890.083752,0.0
reward/red_light,18136,1786559891.682735,0.0
reward/red_light,18153,1786559893.536322,0.0
reward/red_light,18176,1786559896.105434,0.0
reward/red_light,18197,1786559898.439370,0.0
reward/red_light,18215,1786559901.079981,0.0
reward/red_light,18231,1786559903.054856,0.0
reward/red_light,18245,1786559904.762508,0.0
reward/red_light,18265,1786559907.210596,0.0
reward/red_light,18278,1786559908.761910,0.0
reward/red_light,18300,1786559911.280916,0.0
reward/red_light,18318,1786559913.382502,0.0
reward/red_light,18345,1786559916.472910,0.0
reward/red_light,18366,1786559921.690717,0.0
reward/red_light,18390,1786559925.729821,0.0
reward/red_light,18405,1786559928.233256,0.0
reward/red_light,18423,1786559931.180979,0.0
reward/red_light,18441,1786559934.051234,0.0
reward/red_light,18458,1786559936.730794,0.0
reward/red_light,18479,1786559940.010867,0.0
reward/red_light,18504,1786559943.886973,0.0
reward/red_light,18523,1786559946.790299,0.0
reward/red_light,18542,1786559949.688488,0.0
reward/red_light,18556,1786559951.825341,0.0
reward/red_light,18580,1786559955.491325,0.0
reward/red_light,18592,1786559957.316810,0.0
reward/red_light,18607,1786559959.271218,0.0
reward/red_light,18626,1786559962.117987,0.0
reward/red_light,18652,1786559965.737627,0.0
reward/red_light,18670,1786559968.184725,0.0
reward/red_light,18682,1786559969.632576,0.0
reward/red_light,18701,1786559972.385343,0.0
reward/red_light,18722,1786559975.637666,0.0
reward/red_light,18739,1786559977.926343,0.0
reward/red_light,18758,1786559980.508883,0.0
reward/red_light,18778,1786559983.209186,0.0
reward/red_light,18802,1786559986.369489,0.0
reward/red_light,18821,1786559988.857772,0.0
reward/red_light,18839,1786559991.217956,0.0
reward/red_light,18860,1786559993.996851,0.0
reward/red_light,18879,1786559996.586898,0.0
reward/red_light,18894,1786559998.559897,0.0
reward/red_light,18917,1786560001.593004,0.0
reward/red_light,18932,1786560003.675366,0.0
reward/red_light,18953,1786560006.629340,0.0
reward/red_light,18977,1786560009.328953,0.0
reward/red_light,18994,1786560011.243172,0.0
reward/red_light,19014,1786560013.488143,0.0
reward/red_light,19029,1786560015.143075,0.0
reward/red_light,19044,1786560016.788494,0.0
reward/red_light,19070,1786560019.620909,0.0
reward/red_light,19092,1786560022.075149,0.0
reward/red_light,19111,1786560024.157500,0.0
reward/red_light,19135,1786560026.778739,0.0
reward/red_light,19154,1786560028.878848,0.0
reward/red_light,19185,1786560032.338051,0.0
reward/red_light,19206,1786560034.734722,0.0
reward/red_light,19227,1786560037.437958,0.0
reward/red_light,19246,1786560039.375719,0.0
reward/red_light,19275,1786560042.278680,0.0
reward/red_light,19294,1786560044.167312,0.0
reward/red_light,19319,1786560046.604642,0.0
reward/red_light,19343,1786560048.893962,0.0
reward/red_light,19363,1786560053.207888,0.0
reward/red_light,19389,1786560057.444331,0.0
reward/red_light,19408,1786560060.537852,0.0
reward/red_light,19441,1786560065.963330,0.0
reward/red_light,19461,1786560069.274523,0.0
reward/red_light,19480,1786560072.417534,0.0
reward/red_light,19494,1786560074.521702,0.0
reward/red_light,19509,1786560076.756481,0.0
reward/red_light,19534,1786560080.727848,0.0
reward/red_light,19551,1786560083.080482,0.0
reward/red_light,19581,1786560087.027502,0.0
reward/red_light,19596,1786560088.830676,0.0
reward/red_light,19612,1786560090.743050,0.0
reward/red_light,19635,1786560093.472586,0.0
reward/red_light,19665,1786560096.981397,0.0
reward/red_light,19685,1786560099.299329,0.0
reward/red_light,19699,1786560100.925045,0.0
reward/red_light,19714,1786560102.642675,0.0
reward/red_light,19736,1786560105.112484,0.0
reward/red_light,19759,1786560107.779295,0.0
reward/red_light,19772,1786560109.756310,0.0
reward/red_light,19794,1786560112.310075,0.0
reward/red_light,19813,1786560114.534746,0.0
reward/red_light,19831,1786560116.611807,0.0
reward/red_light,19852,1786560118.985357,0.0
reward/red_light,19873,1786560121.352601,0.0
reward/red_light,19887,1786560122.935117,0.0
reward/red_light,19905,1786560124.942860,0.0
reward/red_light,19933,1786560128.004661,0.0
reward/red_light,19947,1786560129.499028,0.0
reward/red_light,19971,1786560131.986833,0.0
reward/red_light,20000,1786560135.510641,0.0
reward/speed,3,1786557530.574998,0.009319251403212547
reward/speed,24,1786557533.408004,0.4729072153568268
reward/speed,53,1786557537.372990,0.5361101031303406
reward/speed,79,1786557542.920186,0.0009922676254063845
reward/speed,97,1786557545.694124,0.4864375591278076
reward/speed,119,1786557549.062885,0.24603405594825745
reward/speed,137,1786557551.758923,0.3994540870189667
reward/speed,153,1786557554.180205,0.5090165138244629
reward/speed,177,1786557557.677774,0.27010467648506165
reward/speed,206,1786557561.085855,0.6098888516426086
reward/speed,221,1786557562.898088,0.4228367805480957
reward/speed,241,1786557565.342678,0.4001760482788086
reward/speed,261,1786557567.656145,0.3508298993110657
reward/speed,282,1786557570.022432,0.47614169120788574
reward/speed,302,1786557572.377108,0.5705974102020264
reward/speed,322,1786557574.712212,0.6846834421157837
reward/speed,334,1786557576.064673,0.5600338578224182
reward/speed,356,1786557578.534909,0.6123331785202026
reward/speed,381,1786557581.371906,0.3956042230129242
reward/speed,405,1786557584.012211,0.5549764037132263
reward/speed,422,1786557585.035114,0.5642056465148926
reward/speed,443,1786557587.255763,0.4360676407814026
reward/speed,466,1786557589.842434,0.5706218481063843
reward/speed,494,1786557593.365106,0.28013819456100464
reward/speed,517,1786557596.985476,0.4205265939235687
reward/speed,545,1786557602.535071,0.3601324260234833
reward/speed,556,1786557604.042800,0.09509105980396271
reward/speed,580,1786557607.270882,0.6095696687698364
reward/speed,599,1786557609.813414,0.41842108964920044
reward/speed,621,1786557612.911072,0.4908204972743988
reward/speed,646,1786557616.089110,0.39789971709251404
reward/speed,668,1786557618.309157,0.534629762172699
reward/speed,686,1786557620.187425,0.5208825469017029
reward/speed,708,1786557622.503990,0.5103490948677063
reward/speed,729,1786557624.658714,0.35361605882644653
reward/speed,751,1786557626.980424,0.6268542408943176
reward/speed,771,1786557629.302490,0.08345513045787811
reward/speed,794,1786557631.665712,0.415391743183136
reward/speed,812,1786557633.567903,0.4968554377555847
reward/speed,835,1786557635.971877,0.5043280720710754
reward/speed,851,1786557637.616958,0.4043259024620056
reward/speed,868,1786557639.320104,0.4583778381347656
reward/speed,883,1786557640.812662,0.5091041326522827
reward/speed,901,1786557642.642176,0.5326363444328308
reward/speed,915,1786557644.008796,0.543761134147644
reward/speed,933,1786557645.725314,0.5113793015480042
reward/speed,946,1786557647.855794,0.5762011408805847
reward/speed,971,1786557651.397774,0.4532991945743561
reward/speed,989,1786557653.936394,0.5146114230155945
reward/speed,1004,1786557656.071754,0.6471699476242065
reward/speed,1027,1786557659.305755,0.4563591480255127
reward/speed,1053,1786557662.902507,0.3911174237728119
reward/speed,1070,1786557665.286805,0.004365844652056694
reward/speed,1088,1786557667.344633,0.1968686282634735
reward/speed,1102,1786557668.963312,0.03563309833407402
reward/speed,1119,1786557670.842178,0.5715276002883911
reward/speed,1146,1786557673.880832,0.37106937170028687
reward/speed,1166,1786557676.122686,0.46805262565612793
reward/speed,1186,1786557678.241647,0.45309704542160034
reward/speed,1208,1786557680.437744,0.5985044240951538
reward/speed,1228,1786557682.607183,0.48163658380508423
reward/speed,1251,1786557685.211575,0.6653209924697876
reward/speed,1266,1786557686.808664,0.6134219765663147
reward/speed,1279,1786557688.293256,0.43932047486305237
reward/speed,1300,1786557691.335143,0.8561029434204102
reward/speed,1323,1786557694.536802,0.00031826068880036473
reward/speed,1337,1786557696.454787,0.4502720832824707
reward/speed,1357,1786557699.070930,0.5235750079154968
reward/speed,1381,1786557701.799739,0.45543161034584045
reward/speed,1398,1786557703.412151,0.37529969215393066
reward/speed,1412,1786557704.716115,0.3801364600658417
reward/speed,1433,1786557706.583456,0.21300916373729706
reward/speed,1451,1786557708.171430,0.5250091552734375
reward/speed,1468,1786557709.736366,0.4741458296775818
reward/speed,1485,1786557711.286517,0.4666885733604431
reward/speed,1515,1786557713.950372,0.5898287892341614
reward/speed,1532,1786557715.366879,0.4497157037258148
reward/speed,1552,1786557717.070552,0.5042632222175598
reward/speed,1574,1786557718.859674,0.49518245458602905
reward/speed,1595,1786557720.964548,0.02065020613372326
reward/speed,1611,1786557722.841583,0.20591053366661072
reward/speed,1624,1786557724.366211,0.5041625499725342
reward/speed,1637,1786557725.881045,0.4867076873779297
reward/speed,1655,1786557728.016843,0.5286241769790649
reward/speed,1675,1786557730.439049,0.07459033280611038
reward/speed,1692,1786557732.532327,0.37906646728515625
reward/speed,1707,1786557736.259450,0.3920000493526459
reward/speed,1729,1786557740.678724,0.39308962225914
reward/speed,1747,1786557744.229533,0.4848853051662445
reward/speed,1759,1786557746.557041,0.44887575507164
reward/speed,1773,1786557749.274642,5.7474524510325864e-05
reward/speed,1790,1786557752.562569,0.45437103509902954
reward/speed,1808,1786557757.536508,0.47878798842430115
reward/speed,1828,1786557760.911770,0.530952513217926
reward/speed,1858,1786557766.119701,0.3486766517162323
reward/speed,1880,1786557769.969511,0.5327042937278748
reward/speed,1899,1786557773.304348,0.5060323476791382
reward/speed,1919,1786557776.765988,0.614119827747345
reward/speed,1941,1786557780.542723,0.5241402983665466
reward/speed,1968,1786557784.730738,0.5005466341972351
reward/speed,1995,1786557787.841554,0.44436630606651306
reward/speed,2014,1786557790.081363,0.4475945830345154
reward/speed,2028,1786557791.644426,0.5163048505783081
reward/speed,2048,1786557795.827430,0.014826136641204357
reward/speed,2061,1786557798.040326,0.10251413285732269
reward/speed,2083,1786557801.778502,0.5782577395439148
reward/speed,2104,1786557805.320715,0.4229446351528168
reward/speed,2126,1786557808.264869,0.5992255806922913
reward/speed,2147,1786557813.077612,0.5413776636123657
reward/speed,2172,1786557816.984148,0.37136614322662354
reward/speed,2197,1786557820.974997,0.4730082154273987
reward/speed,2219,1786557824.512153,0.48221355676651
reward/speed,2233,1786557829.724089,0.0021217612084001303
reward/speed,2248,1786557832.568977,0.14674216508865356
reward/speed,2270,1786557836.909520,0.45768600702285767
reward/speed,2289,1786557840.736067,0.4669745862483978
reward/speed,2314,1786557845.460335,0.0009919853182509542
reward/speed,2333,1786557847.725654,0.519682765007019
reward/speed,2351,1786557849.915929,0.43681877851486206
reward/speed,2384,1786557854.080599,0.5249099731445312
reward/speed,2405,1786557856.771977,0.46354323625564575
reward/speed,2423,1786557859.085780,0.4158417582511902
reward/speed,2449,1786557862.191621,0.5649095773696899
reward/speed,2462,1786557863.652798,0.5126472115516663
reward/speed,2477,1786557865.290345,0.5298009514808655
reward/speed,2491,1786557866.849540,0.31642720103263855
reward/speed,2513,1786557869.293845,0.6505926251411438
reward/speed,2534,1786557871.715271,0.4179721772670746
reward/speed,2557,1786557874.359040,0.5063349604606628
reward/speed,2579,1786557876.850833,0.5388936400413513
reward/speed,2602,1786557879.442578,0.4589295983314514
reward/speed,2618,1786557881.204104,0.7359302639961243
reward/speed,2647,1786557884.375317,0.6419984698295593
reward/speed,2673,1786557887.315463,0.5619913339614868
reward/speed,2696,1786557889.791840,0.5403702259063721
reward/speed,2717,1786557892.064761,0.6186164617538452
reward/speed,2745,1786557895.160547,0.4865921139717102
reward/speed,2766,1786557897.467624,0.6450123190879822
reward/speed,2801,1786557901.404899,0.6545248627662659
reward/speed,2823,1786557903.822778,0.44736623764038086
reward/speed,2849,1786557906.594425,0.6102163791656494
reward/speed,2864,1786557908.182115,0.6285843253135681
reward/speed,2886,1786557910.513923,0.5553545355796814
reward/speed,2904,1786557912.430923,0.6379770636558533
reward/speed,2921,1786557914.204562,0.68507981300354
reward/speed,2938,1786557915.966136,0.5922194719314575
reward/speed,2957,1786557917.968590,0.53447026014328
reward/speed,2976,1786557919.920073,0.47106677293777466
reward/speed,2998,1786557922.146924,0.46870627999305725
reward/speed,3023,1786557924.670764,0.5745390057563782
reward/speed,3046,1786557927.031254,0.5278762578964233
reward/speed,3064,1786557928.856025,0.5543016195297241
reward/speed,3087,1786557931.169185,0.601393461227417
reward/speed,3108,1786557933.290501,0.599600076675415
reward/speed,3135,1786557936.020887,0.6922410726547241
reward/speed,3159,1786557938.430993,0.6553794741630554
reward/speed,3177,1786557940.230538,0.5028032064437866
reward/speed,3196,1786557942.121586,0.6133315563201904
reward/speed,3212,1786557943.703426,0.5459335446357727
reward/speed,3230,1786557945.514115,0.664245069026947
reward/speed,3260,1786557948.573178,0.5714703798294067
reward/speed,3283,1786557950.905459,0.5692429542541504
reward/speed,3302,1786557952.816320,0.4921101927757263
reward/speed,3331,1786557955.929141,0.6496673822402954
reward/speed,3344,1786557957.555933,0.4371657967567444
reward/speed,3363,1786557960.025515,0.547953188419342
reward/speed,3378,1786557962.073745,0.5720683336257935
reward/speed,3406,1786557965.965956,0.5999372005462646
reward/speed,3421,1786557968.153546,0.5638877153396606
reward/speed,3434,1786557969.981147,0.5764391422271729
reward/speed,3450,1786557972.259997,0.632498562335968
reward/speed,3472,1786557975.360755,0.5958809852600098
reward/speed,3488,1786557977.581080,0.5170419216156006
reward/speed,3509,1786557980.930676,0.02065056934952736
reward/speed,3532,1786557984.062686,0.546479344367981
reward/speed,3546,1786557985.923789,0.48627138137817383
reward/speed,3564,1786557988.267862,0.5234230160713196
reward/speed,3586,1786557991.138796,0.43931952118873596
reward/speed,3607,1786557993.797828,0.7075227499008179
reward/speed,3629,1786557996.610777,0.5843244791030884
reward/speed,3659,1786558000.395857,0.5028690099716187
reward/speed,3675,1786558002.417905,0.4778401255607605
reward/speed,3690,1786558004.269964,0.5836917757987976
reward/speed,3707,1786558006.354369,0.5702744126319885
reward/speed,3722,1786558008.187445,0.5953481793403625
reward/speed,3743,1786558010.783239,0.6267358064651489
reward/speed,3767,1786558013.770293,0.5061286687850952
reward/speed,3788,1786558016.417324,0.3533914089202881
reward/speed,3800,1786558017.900754,0.374004065990448
reward/speed,3818,1786558020.072840,0.5445117950439453
reward/speed,3836,1786558022.219228,0.6220181584358215
reward/speed,3856,1786558024.599959,0.5514963865280151
reward/speed,3881,1786558027.539462,0.5587485432624817
reward/speed,3898,1786558029.525826,0.6792359352111816
reward/speed,3915,1786558031.519945,0.5956078767776489
reward/speed,3931,1786558033.394757,0.7025903463363647
reward/speed,3946,1786558035.105083,0.6005129814147949
reward/speed,3962,1786558036.929885,0.64179527759552
reward/speed,3978,1786558038.737355,0.6623237729072571
reward/speed,4002,1786558041.481298,0.5502946376800537
reward/speed,4021,1786558043.623338,0.4813593327999115
reward/speed,4039,1786558045.620350,0.4724080562591553
reward/speed,4055,1786558047.373839,0.3372197151184082
reward/speed,4071,1786558049.066995,0.5534009337425232
reward/speed,4087,1786558050.732286,0.576741099357605
reward/speed,4105,1786558053.621322,0.5027568340301514
reward/speed,4122,1786558056.524387,0.5158286690711975
reward/speed,4148,1786558061.575880,0.08537211269140244
reward/speed,4172,1786558064.537662,0.6213079690933228
reward/speed,4188,1786558066.542520,0.47765421867370605
reward/speed,4208,1786558068.985185,0.5652559399604797
reward/speed,4221,1786558070.569727,0.4632999300956726
reward/speed,4240,1786558072.841871,0.5058252215385437
reward/speed,4257,1786558074.860363,0.5764864683151245
reward/speed,4270,1786558076.410999,0.5523465275764465
reward/speed,4292,1786558079.007669,0.5688506364822388
reward/speed,4308,1786558080.876406,0.6454460024833679
reward/speed,4323,1786558082.608646,0.5607092380523682
reward/speed,4363,1786558087.176931,0.6991051435470581
reward/speed,4375,1786558088.514263,0.5539376735687256
reward/speed,4396,1786558090.827963,0.5956092476844788
reward/speed,4426,1786558094.057847,0.7277206778526306
reward/speed,4451,1786558097.379920,0.47491946816444397
reward/speed,4468,1786558099.748761,0.6084631085395813
reward/speed,4486,1786558102.359954,0.6867313981056213
reward/speed,4520,1786558107.573354,0.5806463956832886
reward/speed,4538,1786558110.313972,0.5530088543891907
reward/speed,4560,1786558113.674775,0.4676358103752136
reward/speed,4585,1786558117.609033,0.613736093044281
reward/speed,4602,1786558120.234771,0.5385309457778931
reward/speed,4617,1786558122.554306,0.5547885298728943
reward/speed,4636,1786558125.464099,0.5603830814361572
reward/speed,4661,1786558129.314847,0.5370202660560608
reward/speed,4680,1786558132.258317,0.6896892189979553
reward/speed,4699,1786558135.150237,0.6657932996749878
reward/speed,4716,1786558137.661161,0.44450101256370544
reward/speed,4736,1786558140.656530,0.6239369511604309
reward/speed,4762,1786558144.573069,0.5701897740364075
reward/speed,4775,1786558146.501773,0.676162838935852
reward/speed,4795,1786558149.396348,0.6605930924415588
reward/speed,4814,1786558152.211228,0.4943772256374359
reward/speed,4827,1786558154.110213,0.5313166379928589
reward/speed,4843,1786558156.471994,0.6871029138565063
reward/speed,4860,1786558158.954096,0.5241156816482544
reward/speed,4877,1786558161.408304,0.5839076042175293
reward/speed,4894,1786558163.888795,0.7191474437713623
reward/speed,4911,1786558166.306661,0.5793083906173706
reward/speed,4929,1786558168.879943,0.6175773739814758
reward/speed,4951,1786558171.931261,0.5498512387275696
reward/speed,4974,1786558175.165779,0.661996603012085
reward/speed,4989,1786558177.307461,0.5415497422218323
reward/speed,5007,1786558179.862174,0.44450369477272034
reward/speed,5026,1786558182.599873,0.6253100037574768
reward/speed,5046,1786558185.496858,0.6325746178627014
reward/speed,5064,1786558188.040993,0.6578800082206726
reward/speed,5087,1786558191.285352,0.640957236289978
reward/speed,5109,1786558194.454572,0.5768742561340332
reward/speed,5131,1786558197.683824,0.6180657744407654
reward/speed,5153,1786558200.831319,0.600462794303894
reward/speed,5171,1786558203.318061,0.37404584884643555
reward/speed,5192,1786558206.312207,0.6263275742530823
reward/speed,5223,1786558211.020857,0.5860158801078796
reward/speed,5244,1786558214.063913,0.5967047810554504
reward/speed,5259,1786558216.087812,0.516821026802063
reward/speed,5274,1786558218.045703,0.6034793257713318
reward/speed,5291,1786558220.270662,0.47386565804481506
reward/speed,5317,1786558223.616148,0.713281512260437
reward/speed,5341,1786558226.664889,0.32836636900901794
reward/speed,5367,1786558230.476247,0.6018761396408081
reward/speed,5381,1786558232.363125,0.6496180891990662
reward/speed,5395,1786558234.286803,0.6920956373214722
reward/speed,5418,1786558237.410364,0.5621973872184753
reward/speed,5433,1786558239.403614,0.5827617049217224
reward/speed,5451,1786558241.804238,0.6324780583381653
reward/speed,5471,1786558244.549191,0.4246140420436859
reward/speed,5494,1786558247.784620,0.4853080213069916
reward/speed,5509,1786558249.895609,0.41611021757125854
reward/speed,5537,1786558255.028447,0.6687676310539246
reward/speed,5552,1786558257.545692,0.5058103799819946
reward/speed,5571,1786558260.710295,0.6583189964294434
reward/speed,5592,1786558264.260006,0.6171983480453491
reward/speed,5610,1786558267.248772,0.615171492099762
reward/speed,5632,1786558270.906251,0.5667036771774292
reward/speed,5653,1786558274.363988,0.499725878238678
reward/speed,5668,1786558276.886288,0.5510190725326538
reward/speed,5680,1786558278.870237,0.5894206166267395
reward/speed,5700,1786558282.189952,0.6138906478881836
reward/speed,5716,1786558284.804512,0.6469979286193848
reward/speed,5746,1786558289.723481,0.6131343841552734
reward/speed,5773,1786558294.060243,0.7095979452133179
reward/speed,5789,1786558296.651041,0.49488407373428345
reward/speed,5805,1786558299.216185,0.6692754030227661
reward/speed,5821,1786558301.762563,0.6295715570449829
reward/speed,5837,1786558304.342016,0.6142122745513916
reward/speed,5861,1786558308.258176,0.6910662651062012
reward/speed,5884,1786558312.027272,0.5485676527023315
reward/speed,5905,1786558315.392590,0.5813721418380737
reward/speed,5926,1786558318.707122,0.6610110998153687
reward/speed,5941,1786558321.095216,0.6367465257644653
reward/speed,5961,1786558324.211765,0.6491705179214478
reward/speed,5981,1786558327.407340,0.6181341409683228
reward/speed,6004,1786558331.100393,0.4241483211517334
reward/speed,6025,1786558334.264309,0.6366369724273682
reward/speed,6042,1786558336.758395,0.5402345061302185
reward/speed,6059,1786558339.146109,0.5930463671684265
reward/speed,6079,1786558341.834044,0.4634256958961487
reward/speed,6094,1786558343.573291,0.56112140417099
reward/speed,6112,1786558345.613264,0.6067065000534058
reward/speed,6135,1786558348.154037,0.5908883810043335
reward/speed,6148,1786558349.565891,0.753820538520813
reward/speed,6164,1786558351.223767,0.6025453805923462
reward/speed,6190,1786558353.802914,0.5621907711029053
reward/speed,6214,1786558356.101351,0.5792521238327026
reward/speed,6236,1786558358.213607,0.4837145209312439
reward/speed,6259,1786558360.420970,0.666714072227478
reward/speed,6285,1786558362.951813,0.632401704788208
reward/speed,6305,1786558364.897920,0.669996976852417
reward/speed,6325,1786558366.895283,0.5195235013961792
reward/speed,6341,1786558368.526367,0.6714558005332947
reward/speed,6362,1786558370.707422,0.769264817237854
reward/speed,6394,1786558374.148814,0.7393072843551636
reward/speed,6414,1786558376.274153,0.6718250513076782
reward/speed,6439,1786558378.870170,0.8009783029556274
reward/speed,6457,1786558380.765318,0.7029546499252319
reward/speed,6472,1786558382.339150,0.6681956052780151
reward/speed,6500,1786558385.249312,0.5986309051513672
reward/speed,6520,1786558387.365481,0.6330546736717224
reward/speed,6541,1786558389.587024,0.7752094864845276
reward/speed,6560,1786558391.617303,0.6498497128486633
reward/speed,6581,1786558393.922500,0.6076715588569641
reward/speed,6597,1786558395.682333,0.6455596089363098
reward/speed,6616,1786558397.745610,0.6546701788902283
reward/speed,6636,1786558400.004842,0.5866851210594177
reward/speed,6661,1786558402.621548,0.5597268342971802
reward/speed,6686,1786558405.069810,0.5487100481987
reward/speed,6704,1786558406.884203,0.7107638120651245
reward/speed,6719,1786558410.802925,0.6859084367752075
reward/speed,6744,1786558414.344874,0.6757810115814209
reward/speed,6761,1786558416.651340,0.60033118724823
reward/speed,6789,1786558422.806059,0.5154552459716797
reward/speed,6813,1786558426.904265,0.5570282936096191
reward/speed,6826,1786558429.183807,0.5634851455688477
reward/speed,6845,1786558432.530191,0.7085863351821899
reward/speed,6861,1786558435.238957,0.5743340253829956
reward/speed,6876,1786558437.715095,0.5302343964576721
reward/speed,6896,1786558440.954862,0.47926050424575806
reward/speed,6913,1786558443.689068,0.580703854560852
reward/speed,6943,1786558448.540086,0.621866762638092
reward/speed,6963,1786558451.201237,0.6044719219207764
reward/speed,6978,1786558453.190946,0.6788432002067566
reward/speed,6994,1786558455.317458,0.583146870136261
reward/speed,7014,1786558458.002799,0.737435519695282
reward/speed,7031,1786558460.266064,0.780493974685669
reward/speed,7053,1786558463.186641,0.6426461935043335
reward/speed,7073,1786558465.801413,0.6569090485572815
reward/speed,7089,1786558467.865718,0.6189500093460083
reward/speed,7119,1786558471.674684,0.6996265649795532
reward/speed,7136,1786558473.861097,0.49864888191223145
reward/speed,7157,1786558476.549974,0.6472950577735901
reward/speed,7177,1786558479.113555,0.5838485956192017
reward/speed,7194,1786558481.303834,0.5293176770210266
reward/speed,7210,1786558483.380734,0.5157753229141235
reward/speed,7227,1786558485.575781,0.6375019550323486
reward/speed,7250,1786558488.562687,0.6240376234054565
reward/speed,7269,1786558491.030633,0.7133238315582275
reward/speed,7292,1786558494.073025,0.44626516103744507
reward/speed,7310,1786558496.454924,0.494304895401001
reward/speed,7329,1786558498.984392,0.7700125575065613
reward/speed,7347,1786558503.345088,0.008469266816973686
reward/speed,7371,1786558507.149798,0.6249958276748657
reward/speed,7392,1786558510.489963,0.6375963091850281
reward/speed,7410,1786558513.298333,0.71872478723526
reward/speed,7430,1786558516.429817,0.713791012763977
reward/speed,7444,1786558518.591268,0.688714325428009
reward/speed,7465,1786558521.837589,0.5097605586051941
reward/speed,7484,1786558524.754122,0.7024015188217163
reward/speed,7510,1786558528.714708,0.658089280128479
reward/speed,7531,1786558531.874383,0.6030300259590149
reward/speed,7547,1786558534.323797,0.6950303316116333
reward/speed,7563,1786558536.738131,0.5770568251609802
reward/speed,7583,1786558539.698128,0.6257537603378296
reward/speed,7611,1786558543.814916,0.6081475615501404
reward/speed,7637,1786558547.554034,0.6715408563613892
reward/speed,7653,1786558549.840213,0.6746424436569214
reward/speed,7671,1786558552.505690,0.5731146335601807
reward/speed,7693,1786558555.557199,0.6779958009719849
reward/speed,7718,1786558558.949172,0.6828616261482239
reward/speed,7737,1786558561.704321,0.7037532329559326
reward/speed,7763,1786558565.123137,0.6383345723152161
reward/speed,7783,1786558567.738611,0.6092681288719177
reward/speed,7793,1786558568.927121,0.682684063911438
reward/speed,7817,1786558571.754327,0.6638792753219604
reward/speed,7840,1786558574.443673,0.6609589457511902
reward/speed,7856,1786558576.307102,0.7145094275474548
reward/speed,7870,1786558577.980633,0.6708462834358215
reward/speed,7887,1786558579.936344,0.5401169657707214
reward/speed,7916,1786558583.214339,0.675213098526001
reward/speed,7932,1786558585.019369,0.6987773180007935
reward/speed,7951,1786558587.138433,0.6483485102653503
reward/speed,7969,1786558589.102659,0.6369876265525818
reward/speed,7990,1786558591.393884,0.6184601783752441
reward/speed,8006,1786558593.757609,0.009319030679762363
reward/speed,8022,1786558595.849002,0.6199609041213989
reward/speed,8050,1786558599.420715,0.5509494543075562
reward/speed,8076,1786558602.614197,0.6295232176780701
reward/speed,8093,1786558604.690867,0.7451657056808472
reward/speed,8115,1786558607.305063,0.5494280457496643
reward/speed,8128,1786558608.827893,0.7238818407058716
reward/speed,8151,1786558611.385709,0.7022171020507812
reward/speed,8179,1786558614.344234,0.6620914340019226
reward/speed,8198,1786558616.337183,0.7524882555007935
reward/speed,8216,1786558618.226293,0.6434664726257324
reward/speed,8233,1786558620.003191,0.6426373720169067
reward/speed,8245,1786558621.259904,0.7095487117767334
reward/speed,8269,1786558623.792159,0.5968994498252869
reward/speed,8288,1786558625.836848,0.6255630850791931
reward/speed,8311,1786558628.392029,0.7556223273277283
reward/speed,8327,1786558630.168205,0.6926834583282471
reward/speed,8349,1786558632.664734,0.696386456489563
reward/speed,8366,1786558634.595070,0.6562355756759644
reward/speed,8394,1786558637.741882,0.7098944187164307
reward/speed,8412,1786558639.770870,0.7030740976333618
reward/speed,8427,1786558641.446824,0.6717056035995483
reward/speed,8446,1786558643.553771,0.6373664736747742
reward/speed,8468,1786558645.966829,0.6920664310455322
reward/speed,8490,1786558648.422270,0.6989046335220337
reward/speed,8507,1786558650.332031,0.63832688331604
reward/speed,8529,1786558652.827179,0.5986868739128113
reward/speed,8549,1786558655.104503,0.7972227931022644
reward/speed,8574,1786558657.856040,0.7268563508987427
reward/speed,8595,1786558660.138644,0.7117530703544617
reward/speed,8620,1786558662.747438,0.7578322291374207
reward/speed,8646,1786558665.366737,0.5053969025611877
reward/speed,8660,1786558667.266561,0.692500650882721
reward/speed,8683,1786558669.845052,0.7290276288986206
reward/speed,8705,1786558672.335068,0.5682424306869507
reward/speed,8727,1786558675.385429,0.35225939750671387
reward/speed,8747,1786558678.064572,0.6256040930747986
reward/speed,8763,1786558680.193067,0.720084011554718
reward/speed,8782,1786558682.732238,0.6626224517822266
reward/speed,8802,1786558685.396922,0.5870334506034851
reward/speed,8825,1786558688.433442,0.7046602964401245
reward/speed,8846,1786558691.194457,0.7214129567146301
reward/speed,8864,1786558693.535113,0.7999699115753174
reward/speed,8887,1786558696.465688,0.789326548576355
reward/speed,8904,1786558698.563616,0.7679839730262756
reward/speed,8930,1786558701.759440,0.6589455008506775
reward/speed,8947,1786558703.850848,0.7858462929725647
reward/speed,8967,1786558706.328221,0.7316430807113647
reward/speed,8982,1786558708.174678,0.5210552215576172
reward/speed,8996,1786558709.897043,0.6669280529022217
reward/speed,9008,1786558711.371868,0.8347735404968262
reward/speed,9032,1786558714.259440,0.7327442169189453
reward/speed,9053,1786558716.792220,0.7872271537780762
reward/speed,9085,1786558720.605013,0.6790184378623962
reward/speed,9103,1786558722.723797,0.7024783492088318
reward/speed,9122,1786558724.912868,0.7006387710571289
reward/speed,9133,1786558726.156803,0.698935329914093
reward/speed,9158,1786558728.974131,0.7854791283607483
reward/speed,9178,1786558731.187969,0.5774685740470886
reward/speed,9203,1786558733.974493,0.6917964220046997
reward/speed,9223,1786558736.208468,0.8014809489250183
reward/speed,9241,1786558738.238425,0.6431868076324463
reward/speed,9264,1786558740.830210,0.7573352456092834
reward/speed,9286,1786558743.308768,0.6933709383010864
reward/speed,9304,1786558745.372491,0.7038431167602539
reward/speed,9315,1786558746.651767,0.38287752866744995
reward/speed,9332,1786558748.599893,0.7170187830924988
reward/speed,9356,1786558751.355185,0.68660968542099
reward/speed,9380,1786558754.169738,0.7715803980827332
reward/speed,9396,1786558756.037611,0.6813575029373169
reward/speed,9411,1786558757.747988,0.257129430770874
reward/speed,9430,1786558760.321128,0.5791133046150208
reward/speed,9444,1786558762.000214,0.606907308101654
reward/speed,9463,1786558764.291771,0.6603729128837585
reward/speed,9480,1786558766.334006,0.7133967876434326
reward/speed,9500,1786558768.734336,0.7608164548873901
reward/speed,9519,1786558771.011169,0.7715743780136108
reward/speed,9536,1786558773.016941,0.7509199976921082
reward/speed,9554,1786558775.156859,0.7812119722366333
reward/speed,9576,1786558777.748517,0.7870100736618042
reward/speed,9594,1786558779.862437,0.6724305748939514
reward/speed,9614,1786558782.227618,0.7973760366439819
reward/speed,9628,1786558783.829456,0.7872524857521057
reward/speed,9643,1786558785.553189,0.7362257242202759
reward/speed,9662,1786558787.681779,0.7305678129196167
reward/speed,9683,1786558790.033560,0.7958886027336121
reward/speed,9702,1786558792.165533,0.7210246920585632
reward/speed,9720,1786558794.141058,0.7338176369667053
reward/speed,9741,1786558796.421720,0.6909369230270386
reward/speed,9764,1786558798.926690,0.7538304328918457
reward/speed,9780,1786558800.677402,0.627106249332428
reward/speed,9798,1786558802.662882,0.7512446045875549
reward/speed,9814,1786558804.469548,0.7098346948623657
reward/speed,9831,1786558806.378067,0.27543988823890686
reward/speed,9857,1786558809.281746,0.6492834687232971
reward/speed,9871,1786558810.909768,0.588559627532959
reward/speed,9893,1786558813.491858,0.5253297090530396
reward/speed,9908,1786558815.271674,0.6027856469154358
reward/speed,9934,1786558818.462276,0.7025147676467896
reward/speed,9954,1786558820.883014,0.7381824851036072
reward/speed,9974,1786558823.300127,0.6733173131942749
reward/speed,9998,1786558826.249566,0.638524055480957
reward/speed,10011,1786558827.951845,0.25986456871032715
reward/speed,10029,1786558830.109033,0.7614906430244446
reward/speed,10057,1786558833.503023,0.6286131143569946
reward/speed,10073,1786558835.412175,0.7219363451004028
reward/speed,10096,1786558840.072556,0.008476018905639648
reward/speed,10110,1786558842.410971,0.5328048467636108
reward/speed,10127,1786558845.187498,0.6347094774246216
reward/speed,10148,1786558848.673994,0.673428475856781
reward/speed,10168,1786558852.023117,0.7311040759086609
reward/speed,10190,1786558855.644254,0.6074658632278442
reward/speed,10213,1786558859.605696,0.6273149251937866
reward/speed,10228,1786558862.146895,0.5769442319869995
reward/speed,10242,1786558864.169105,0.5411521196365356
reward/speed,10263,1786558867.162882,0.4830915331840515
reward/speed,10286,1786558870.310620,0.595639705657959
reward/speed,10306,1786558872.922307,0.7527149319648743
reward/speed,10333,1786558876.499241,0.7738060355186462
reward/speed,10350,1786558878.710218,0.3332734704017639
reward/speed,10374,1786558881.747788,0.7325458526611328
reward/speed,10396,1786558884.475870,0.763457179069519
reward/speed,10418,1786558887.144351,0.7831354737281799
reward/speed,10439,1786558889.565504,0.7321661114692688
reward/speed,10462,1786558892.112162,0.8245192766189575
reward/speed,10487,1786558894.832680,0.7463234663009644
reward/speed,10505,1786558896.731587,0.7308943271636963
reward/speed,10527,1786558899.028504,0.7440155744552612
reward/speed,10544,1786558900.768241,0.7275980710983276
reward/speed,10566,1786558902.992454,0.7480316162109375
reward/speed,10580,1786558904.392582,0.745282769203186
reward/speed,10606,1786558906.981149,0.7247236967086792
reward/speed,10621,1786558908.462519,0.6828271746635437
reward/speed,10638,1786558910.120401,0.715141773223877
reward/speed,10652,1786558911.476257,0.7791036367416382
reward/speed,10666,1786558912.834238,0.7704854011535645
reward/speed,10681,1786558914.290148,0.7355625033378601
reward/speed,10702,1786558916.355561,0.8369490504264832
reward/speed,10716,1786558917.741746,0.26808804273605347
reward/speed,10741,1786558920.220409,0.6116799116134644
reward/speed,10766,1786558922.836145,0.6535168290138245
reward/speed,10783,1786558924.304274,0.37801170349121094
reward/speed,10803,1786558925.987176,0.6761623620986938
reward/speed,10828,1786558929.820112,0.020650450140237808
reward/speed,10851,1786558932.710075,0.6830059289932251
reward/speed,10866,1786558934.614010,0.7202068567276001
reward/speed,10886,1786558937.197392,0.7738212943077087
reward/speed,10913,1786558940.746550,0.69573974609375
reward/speed,10932,1786558943.226289,0.6776369214057922
reward/speed,10953,1786558945.853892,0.7540251016616821
reward/speed,10969,1786558947.826378,0.663745641708374
reward/speed,10989,1786558950.325148,0.7427228689193726
reward/speed,11017,1786558953.664140,0.7237626910209656
reward/speed,11036,1786558955.937917,0.7029470205307007
reward/speed,11053,1786558957.900638,0.7462254762649536
reward/speed,11072,1786558960.078454,0.7592988610267639
reward/speed,11089,1786558962.030294,0.7578047513961792
reward/speed,11108,1786558964.203746,0.6732346415519714
reward/speed,11127,1786558966.368891,0.7074851989746094
reward/speed,11149,1786558968.848182,0.772999107837677
reward/speed,11168,1786558970.986475,0.6917240619659424
reward/speed,11187,1786558973.131914,0.7297349572181702
reward/speed,11203,1786558974.875418,0.6327275037765503
reward/speed,11223,1786558977.011403,0.7177154421806335
reward/speed,11242,1786558978.979284,0.6966656446456909
reward/speed,11266,1786558983.378251,0.020650481805205345
reward/speed,11285,1786558986.587606,0.7188291549682617
reward/speed,11301,1786558989.292651,0.6811673045158386
reward/speed,11318,1786558992.179771,0.706522524356842
reward/speed,11343,1786558996.391690,0.6510354280471802
reward/speed,11364,1786558999.916440,0.6473594903945923
reward/speed,11385,1786559003.434321,0.7486615180969238
reward/speed,11405,1786559006.758249,0.6735271215438843
reward/speed,11426,1786559010.193822,0.20110154151916504
reward/speed,11447,1786559013.718125,0.6028927564620972
reward/speed,11472,1786559018.193226,0.6578361988067627
reward/speed,11497,1786559021.870094,0.6248347759246826
reward/speed,11517,1786559024.586835,0.7558452486991882
reward/speed,11537,1786559027.259205,0.7248087525367737
reward/speed,11559,1786559030.209897,0.739945650100708
reward/speed,11574,1786559032.165842,0.2835048735141754
reward/speed,11604,1786559035.975910,0.7118695974349976
reward/speed,11639,1786559040.443744,0.7195377349853516
reward/speed,11655,1786559042.274235,0.6804056167602539
reward/speed,11675,1786559044.577387,0.7872838973999023
reward/speed,11689,1786559046.219277,0.7943922281265259
reward/speed,11721,1786559050.032577,0.2603584825992584
reward/speed,11739,1786559052.175045,0.7372087240219116
reward/speed,11755,1786559054.138515,0.594676673412323
reward/speed,11768,1786559056.317200,0.6578931212425232
reward/speed,11791,1786559059.335834,0.2656826376914978
reward/speed,11811,1786559061.875452,0.6668456792831421
reward/speed,11826,1786559063.814924,0.6681168079376221
reward/speed,11858,1786559067.795298,0.6791331171989441
reward/speed,11874,1786559069.543829,0.7030624151229858
reward/speed,11894,1786559071.742496,0.7142964601516724
reward/speed,11909,1786559073.365137,0.3523031771183014
reward/speed,11929,1786559075.564227,0.7779880166053772
reward/speed,11943,1786559077.109879,0.8266770243644714
reward/speed,11962,1786559079.181816,0.7601882219314575
reward/speed,11978,1786559080.842808,0.6560744047164917
reward/speed,12003,1786559083.508892,0.6799765229225159
reward/speed,12020,1786559085.219344,0.7055666446685791
reward/speed,12039,1786559087.126716,0.7596306800842285
reward/speed,12058,1786559089.048235,0.6432873010635376
reward/speed,12073,1786559090.573534,0.8083176612854004
reward/speed,12085,1786559091.774355,0.26287657022476196
reward/speed,12102,1786559093.459038,0.7439445853233337
reward/speed,12124,1786559095.633988,0.5348079800605774
reward/speed,12142,1786559097.924555,0.3920000493526459
reward/speed,12166,1786559100.548233,0.8073095083236694
reward/speed,12188,1786559102.811533,0.7651041150093079
reward/speed,12219,1786559105.843530,0.26620084047317505
reward/speed,12241,1786559107.934792,0.6403723955154419
reward/speed,12258,1786559110.485587,0.5695849657058716
reward/speed,12273,1786559112.424460,0.02065039798617363
reward/speed,12295,1786559115.139750,0.6940492391586304
reward/speed,12314,1786559117.469290,0.7356959581375122
reward/speed,12331,1786559119.518599,0.7567411661148071
reward/speed,12344,1786559121.056387,0.7457567453384399
reward/speed,12368,1786559123.887503,0.7574585676193237
reward/speed,12386,1786559125.985040,0.8030520677566528
reward/speed,12405,1786559128.173072,0.6885309219360352
reward/speed,12418,1786559129.650259,0.7845499515533447
reward/speed,12443,1786559132.464358,0.7896641492843628
reward/speed,12460,1786559134.314750,0.561475932598114
reward/speed,12471,1786559135.528200,0.567398190498352
reward/speed,12494,1786559138.672077,0.7519555687904358
reward/speed,12509,1786559140.620738,0.7726572751998901
reward/speed,12525,1786559142.699007,0.7955718040466309
reward/speed,12541,1786559144.733774,0.8359362483024597
reward/speed,12559,1786559147.045037,0.7968444228172302
reward/speed,12584,1786559150.241832,0.7920432686805725
reward/speed,12600,1786559152.293251,0.7592801451683044
reward/speed,12628,1786559155.873740,0.743012547492981
reward/speed,12657,1786559159.592736,0.7558002471923828
reward/speed,12685,1786559163.229866,0.7563731074333191
reward/speed,12700,1786559165.208956,0.7475839257240295
reward/speed,12716,1786559167.326803,0.21350789070129395
reward/speed,12733,1786559169.580879,0.6895403861999512
reward/speed,12754,1786559172.733689,0.7494576573371887
reward/speed,12782,1786559176.443609,0.7333347797393799
reward/speed,12812,1786559180.393752,0.829666018486023
reward/speed,12837,1786559183.651040,0.602101743221283
reward/speed,12857,1786559186.275240,0.8093403577804565
reward/speed,12876,1786559188.734912,0.7624284625053406
reward/speed,12898,1786559191.526866,0.7225322127342224
reward/speed,12921,1786559194.412183,0.8209720849990845
reward/speed,12941,1786559196.896738,0.8131088018417358
reward/speed,12961,1786559199.402535,0.7028509378433228
reward/speed,12985,1786559202.445966,0.7261742949485779
reward/speed,13009,1786559205.552117,0.7338172793388367
reward/speed,13026,1786559207.720462,0.20138826966285706
reward/speed,13064,1786559214.268061,0.07522642612457275
reward/speed,13078,1786559216.592976,0.7602742910385132
reward/speed,13094,1786559219.228359,0.7144507765769958
reward/speed,13112,1786559222.176997,0.7323599457740784
reward/speed,13126,1786559224.466637,0.7503728270530701
reward/speed,13148,1786559228.030026,0.7748022079467773
reward/speed,13172,1786559231.847536,0.7243163585662842
reward/speed,13192,1786559235.115869,0.8201025128364563
reward/speed,13207,1786559237.571589,0.7800765037536621
reward/speed,13229,1786559241.157402,0.7388886213302612
reward/speed,13252,1786559244.776851,0.7346416115760803
reward/speed,13275,1786559248.365000,0.6358835101127625
reward/speed,13289,1786559250.541280,0.6711646318435669
reward/speed,13319,1786559255.188056,0.3147750496864319
reward/speed,13345,1786559259.151680,0.7085131406784058
reward/speed,13363,1786559261.899280,0.7127450704574585
reward/speed,13376,1786559263.855089,0.7130188941955566
reward/speed,13403,1786559267.897784,0.7364336252212524
reward/speed,13422,1786559270.635884,0.5489905476570129
reward/speed,13437,1786559272.701349,0.7007927894592285
reward/speed,13459,1786559275.692102,0.6807986497879028
reward/speed,13477,1786559278.090625,0.7443273067474365
reward/speed,13493,1786559280.199965,0.6622331142425537
reward/speed,13508,1786559282.139223,0.7523003816604614
reward/speed,13540,1786559286.175060,0.7251110076904297
reward/speed,13559,1786559288.288063,0.603583574295044
reward/speed,13580,1786559292.720916,0.6323354840278625
reward/speed,13594,1786559294.808191,0.7445977926254272
reward/speed,13612,1786559297.509003,0.7054650783538818
reward/speed,13637,1786559301.204688,0.8039330244064331
reward/speed,13654,1786559303.731691,0.7679352164268494
reward/speed,13667,1786559305.664769,0.6850190758705139
reward/speed,13690,1786559309.002571,0.8453170657157898
reward/speed,13705,1786559311.187090,0.7186661958694458
reward/speed,13726,1786559314.194717,0.7959601283073425
reward/speed,13744,1786559316.769137,0.7789925336837769
reward/speed,13762,1786559319.284034,0.775583803653717
reward/speed,13783,1786559322.261126,0.8067101240158081
reward/speed,13802,1786559324.951228,0.796170175075531
reward/speed,13820,1786559327.511590,0.7933895587921143
reward/speed,13846,1786559331.265745,0.795744776725769
reward/speed,13865,1786559334.011674,0.8419831395149231
reward/speed,13878,1786559335.875623,0.8141164779663086
reward/speed,13898,1786559338.740062,0.7065463066101074
reward/speed,13923,1786559342.245479,0.7337284088134766
reward/speed,13942,1786559344.875248,0.8068016171455383
reward/speed,13962,1786559347.619730,0.6901883482933044
reward/speed,13987,1786559351.033664,0.6543921828269958
reward/speed,14003,1786559353.332226,0.6950697898864746
reward/speed,14030,1786559360.473455,0.7201595306396484
reward/speed,14051,1786559364.738394,0.7975184917449951
reward/speed,14066,1786559367.757675,0.7884374856948853
reward/speed,14094,1786559373.226335,0.7387664914131165
reward/speed,14110,1786559376.299966,0.7739891409873962
reward/speed,14127,1786559379.532637,0.7997534871101379
reward/speed,14150,1786559383.818063,0.8060542345046997
reward/speed,14169,1786559387.323667,0.7357439994812012
reward/speed,14193,1786559391.715094,0.7792249917984009
reward/speed,14210,1786559394.828249,0.738627016544342
reward/speed,14234,1786559399.204012,0.8027504086494446
reward/speed,14249,1786559401.935703,0.8084623217582703
reward/speed,14268,1786559405.386208,0.8424870371818542
reward/speed,14299,1786559411.006499,0.7036834955215454
reward/speed,14328,1786559416.290053,0.74126136302948
reward/speed,14345,1786559419.349562,0.7122893333435059
reward/speed,14360,1786559422.008437,0.7509537935256958
reward/speed,14381,1786559424.951536,0.6982074975967407
reward/speed,14399,1786559427.495803,0.7056611776351929
reward/speed,14419,1786559430.247503,0.20995073020458221
reward/speed,14446,1786559434.962260,0.5704330801963806
reward/speed,14458,1786559437.070163,0.34468621015548706
reward/speed,14470,1786559438.531565,0.8028388023376465
reward/speed,14493,1786559441.317699,0.7633583545684814
reward/speed,14510,1786559443.396596,0.8215959668159485
reward/speed,14529,1786559445.742809,0.7991019487380981
reward/speed,14545,1786559447.681448,0.23303070664405823
reward/speed,14569,1786559450.559171,0.768256425857544
reward/speed,14589,1786559452.949087,0.7012395858764648
reward/speed,14605,1786559454.875892,0.6805771589279175
reward/speed,14624,1786559457.138289,0.8023639917373657
reward/speed,14650,1786559460.146953,0.6805828809738159
reward/speed,14664,1786559461.753760,0.7417711615562439
reward/speed,14681,1786559463.691820,0.7690728306770325
reward/speed,14709,1786559466.830720,0.7329322695732117
reward/speed,14727,1786559468.863361,0.6959250569343567
reward/speed,14750,1786559471.396509,0.25575417280197144
reward/speed,14773,1786559473.811931,0.7348192930221558
reward/speed,14797,1786559476.376803,0.7384907007217407
reward/speed,14817,1786559478.484021,0.7532233595848083
reward/speed,14844,1786559481.220400,0.7579376101493835
reward/speed,14865,1786559483.254376,0.6865382790565491
reward/speed,14885,1786559485.174539,0.7785323262214661
reward/speed,14902,1786559486.711122,0.19411630928516388
reward/speed,14922,1786559490.163667,0.5072910189628601
reward/speed,14940,1786559492.207468,0.6396461725234985
reward/speed,14954,1786559493.769476,0.712282121181488
reward/speed,14985,1786559497.187912,0.7019359469413757
reward/speed,15002,1786559498.872555,0.7508470416069031
reward/speed,15021,1786559500.835324,0.7729874849319458
reward/speed,15043,1786559503.017462,0.5175150632858276
reward/speed,15062,1786559505.647048,0.48222318291664124
reward/speed,15083,1786559508.448852,0.6416889429092407
reward/speed,15112,1786559512.329819,0.750749945640564
reward/speed,15131,1786559514.903186,0.7737754583358765
reward/speed,15152,1786559517.717219,0.7233508229255676
reward/speed,15168,1786559519.845205,0.7430772185325623
reward/speed,15192,1786559523.011925,0.8400834202766418
reward/speed,15208,1786559525.134585,0.7198293805122375
reward/speed,15231,1786559528.112281,0.6235355138778687
reward/speed,15251,1786559530.678832,0.7330096960067749
reward/speed,15267,1786559532.702051,0.8066828846931458
reward/speed,15291,1786559535.671398,0.6835069060325623
reward/speed,15306,1786559537.514571,0.7128215432167053
reward/speed,15331,1786559540.600367,0.8493310213088989
reward/speed,15353,1786559543.285919,0.7395480871200562
reward/speed,15371,1786559545.483117,0.7651311755180359
reward/speed,15393,1786559548.168021,0.7526339292526245
reward/speed,15411,1786559550.414391,0.7541117668151855
reward/speed,15434,1786559553.290353,0.2599657475948334
reward/speed,15449,1786559555.145500,0.6701810956001282
reward/speed,15474,1786559558.295602,0.5304896831512451
reward/speed,15497,1786559562.919357,0.3920000493526459
reward/speed,15517,1786559566.220371,0.7224091291427612
reward/speed,15535,1786559569.163436,0.7693724036216736
reward/speed,15553,1786559572.106237,0.7571178078651428
reward/speed,15566,1786559574.242830,0.7088000178337097
reward/speed,15590,1786559578.167007,0.7443028688430786
reward/speed,15614,1786559582.049973,0.8146888017654419
reward/speed,15640,1786559586.266496,0.7481311559677124
reward/speed,15662,1786559589.801520,0.7734973430633545
reward/speed,15687,1786559593.765286,0.7859144806861877
reward/speed,15713,1786559597.853972,0.7869579195976257
reward/speed,15729,1786559600.392932,0.7044252753257751
reward/speed,15753,1786559604.208857,0.2573859691619873
reward/speed,15767,1786559606.421646,0.7687111496925354
reward/speed,15792,1786559610.352113,0.6640961170196533
reward/speed,15815,1786559613.438154,0.7689223289489746
reward/speed,15840,1786559616.745291,0.7939229011535645
reward/speed,15856,1786559618.861717,0.8625591397285461
reward/speed,15884,1786559622.512885,0.729899525642395
reward/speed,15900,1786559624.583461,0.8560529947280884
reward/speed,15925,1786559627.750061,0.8472913503646851
reward/speed,15940,1786559629.633405,0.8136491775512695
reward/speed,15964,1786559632.773881,0.859017550945282
reward/speed,15982,1786559635.075920,0.7919459939002991
reward/speed,16008,1786559638.541901,0.8446694612503052
reward/speed,16024,1786559640.592192,0.7882521152496338
reward/speed,16039,1786559642.484950,0.8360742330551147
reward/speed,16062,1786559645.359856,0.7889345288276672
reward/speed,16082,1786559647.844678,0.7735753655433655
reward/speed,16102,1786559650.283726,0.8218110203742981
reward/speed,16113,1786559651.594925,0.7693699598312378
reward/speed,16129,1786559653.484332,0.8635384440422058
reward/speed,16146,1786559655.464042,0.8276656270027161
reward/speed,16166,1786559657.766546,0.8296316266059875
reward/speed,16176,1786559658.939203,0.821395993232727
reward/speed,16196,1786559661.259527,0.840745747089386
reward/speed,16211,1786559662.989547,0.8671056032180786
reward/speed,16235,1786559665.760208,0.8275426030158997
reward/speed,16251,1786559667.600750,0.8154858350753784
reward/speed,16275,1786559670.317872,0.8296009302139282
reward/speed,16291,1786559672.186256,0.29898175597190857
reward/speed,16317,1786559675.159594,0.6568276882171631
reward/speed,16349,1786559678.893364,0.6174987554550171
reward/speed,16368,1786559681.135743,0.6258643865585327
reward/speed,16395,1786559684.269137,0.4227456748485565
reward/speed,16408,1786559686.080960,0.3920000493526459
reward/speed,16428,1786559688.812770,0.7012096047401428
reward/speed,16446,1786559691.203143,0.8278659582138062
reward/speed,16466,1786559693.758206,0.7208496332168579
reward/speed,16486,1786559696.309304,0.8149836659431458
reward/speed,16506,1786559698.784261,0.663947343826294
reward/speed,16529,1786559701.536490,0.808712363243103
reward/speed,16555,1786559704.555013,0.8449453115463257
reward/speed,16572,1786559706.450949,0.7723275423049927
reward/speed,16585,1786559707.844891,0.8603941202163696
reward/speed,16603,1786559709.735061,0.7480376958847046
reward/speed,16627,1786559712.265399,0.8072509765625
reward/speed,16645,1786559714.145854,0.8178356885910034
reward/speed,16665,1786559716.243232,0.8541666269302368
reward/speed,16680,1786559717.829335,0.8285968899726868
reward/speed,16697,1786559719.665949,0.7414867281913757
reward/speed,16725,1786559722.771821,0.8215631246566772
reward/speed,16742,1786559724.699378,0.660107433795929
reward/speed,16769,1786559727.788672,0.7201091051101685
reward/speed,16787,1786559729.825537,0.8222038149833679
reward/speed,16803,1786559731.626671,0.6721301674842834
reward/speed,16823,1786559733.877663,0.7439398765563965
reward/speed,16843,1786559736.095193,0.8357619047164917
reward/speed,16864,1786559738.427671,0.76097571849823
reward/speed,16885,1786559740.790479,0.8108013272285461
reward/speed,16903,1786559742.853160,0.7341570258140564
reward/speed,16924,1786559745.300510,0.6854912638664246
reward/speed,16942,1786559747.341829,0.7618241310119629
reward/speed,16959,1786559749.238337,0.7956836819648743
reward/speed,16977,1786559751.268227,0.697777509689331
reward/speed,16997,1786559755.620576,0.5462414026260376
reward/speed,17012,1786559757.561195,0.09934790432453156
reward/speed,17026,1786559759.355308,0.4006560742855072
reward/speed,17045,1786559761.814324,0.5079887509346008
reward/speed,17069,1786559764.922895,0.7319271564483643
reward/speed,17094,1786559767.973834,0.8047769665718079
reward/speed,17116,1786559770.588393,0.48795920610427856
reward/speed,17134,1786559774.668092,0.687282145023346
reward/speed,17156,1786559777.916396,0.7053850293159485
reward/speed,17173,1786559780.375201,0.7068349123001099
reward/speed,17198,1786559784.191329,0.004365833010524511
reward/speed,17216,1786559786.537196,0.49860286712646484
reward/speed,17243,1786559790.013958,0.07391199469566345
reward/speed,17256,1786559791.687109,0.2243531495332718
reward/speed,17286,1786559795.525206,0.533788800239563
reward/speed,17322,1786559800.139314,0.07758345454931259
reward/speed,17345,1786559803.101023,0.3114076852798462
reward/speed,17362,1786559805.271221,0.052494991570711136
reward/speed,17388,1786559808.517649,0.7923900485038757
reward/speed,17406,1786559810.714050,0.5512061715126038
reward/speed,17434,1786559814.185568,0.30027464032173157
reward/speed,17458,1786559817.191128,0.5345960855484009
reward/speed,17481,1786559820.043378,0.4201125502586365
reward/speed,17504,1786559822.833156,0.39987531304359436
reward/speed,17521,1786559824.888201,0.4429726004600525
reward/speed,17537,1786559826.795566,0.4949502944946289
reward/speed,17557,1786559829.091966,0.6657944917678833
reward/speed,17577,1786559831.382816,0.479417085647583
reward/speed,17595,1786559833.438941,0.5935765504837036
reward/speed,17616,1786559835.846460,0.5261176228523254
reward/speed,17630,1786559837.423758,0.6597300171852112
reward/speed,17643,1786559838.880492,0.5965720415115356
reward/speed,17669,1786559841.783666,0.7658922076225281
reward/speed,17687,1786559843.785719,0.6329916715621948
reward/speed,17699,1786559845.088518,0.6229390501976013
reward/speed,17722,1786559847.597275,0.5572236180305481
reward/speed,17735,1786559849.031699,0.4544871747493744
reward/speed,17754,1786559851.106021,0.6827251315116882
reward/speed,17782,1786559854.100668,0.48550695180892944
reward/speed,17805,1786559856.582586,0.3598176836967468
reward/speed,17824,1786559858.634932,0.2447959929704666
reward/speed,17841,1786559860.453114,0.13725058734416962
reward/speed,17866,1786559863.160445,0.207691952586174
reward/speed,17884,1786559865.105120,0.29883283376693726
reward/speed,17901,1786559866.907965,0.3589784502983093
reward/speed,17925,1786559869.411545,0.4271824359893799
reward/speed,17941,1786559871.064837,0.04244515299797058
reward/speed,17965,1786559873.543222,0.42569875717163086
reward/speed,17980,1786559875.134026,0.42979416251182556
reward/speed,18003,1786559877.662390,0.39081400632858276
reward/speed,18025,1786559879.949103,0.2588393986225128
reward/speed,18042,1786559881.715084,0.4510175287723541
reward/speed,18062,1786559883.808894,0.43362492322921753
reward/speed,18081,1786559885.848036,0.6554957032203674
reward/speed,18107,1786559888.591542,0.6129727363586426
reward/speed,18121,1786559890.083470,0.6555536389350891
reward/speed,18136,1786559891.682411,0.6477171778678894
reward/speed,18153,1786559893.535847,0.7568080425262451
reward/speed,18176,1786559896.105026,0.6986420154571533
reward/speed,18197,1786559898.439000,0.22591619193553925
reward/speed,18215,1786559901.079720,0.5855754613876343
reward/speed,18231,1786559903.054648,0.7557021975517273
reward/speed,18245,1786559904.762092,0.6720542907714844
reward/speed,18265,1786559907.210277,0.6981310844421387
reward/speed,18278,1786559908.761706,0.204586461186409
reward/speed,18300,1786559911.280616,0.8565951585769653
reward/speed,18318,1786559913.381917,0.8084610104560852
reward/speed,18345,1786559916.472656,0.8251231908798218
reward/speed,18366,1786559921.690387,0.6893277168273926
reward/speed,18390,1786559925.729558,0.8477603197097778
reward/speed,18405,1786559928.232951,0.7357606887817383
reward/speed,18423,1786559931.180725,0.8213192224502563
reward/speed,18441,1786559934.050987,0.7859794497489929
reward/speed,18458,1786559936.730541,0.8540207743644714
reward/speed,18479,1786559940.010534,0.6958486437797546
reward/speed,18504,1786559943.886712,0.8431814312934875
reward/speed,18523,1786559946.789935,0.5558168888092041
reward/speed,18542,1786559949.687922,0.7138975262641907
reward/speed,18556,1786559951.824975,0.7943094968795776
reward/speed,18580,1786559955.491056,0.7918388247489929
reward/speed,18592,1786559957.316560,0.8336710929870605
reward/speed,18607,1786559959.270965,0.7238136529922485
reward/speed,18626,1786559962.117719,0.736648678779602
reward/speed,18652,1786559965.737284,0.664382815361023
reward/speed,18670,1786559968.184448,0.6413268446922302
reward/speed,18682,1786559969.632247,0.6652281880378723
reward/speed,18701,1786559972.385109,0.30722302198410034
reward/speed,18722,1786559975.637458,0.7357737421989441
reward/speed,18739,1786559977.925937,0.7455863952636719
reward/speed,18758,1786559980.508689,0.5076141953468323
reward/speed,18778,1786559983.208879,0.5546902418136597
reward/speed,18802,1786559986.369244,0.7152258157730103
reward/speed,18821,1786559988.857430,0.7061402201652527
reward/speed,18839,1786559991.217731,0.5386244058609009
reward/speed,18860,1786559993.996505,0.4373851418495178
reward/speed,18879,1786559996.586538,0.6935362815856934
reward/speed,18894,1786559998.559623,0.47564488649368286
reward/speed,18917,1786560001.592695,0.578827977180481
reward/speed,18932,1786560003.675028,0.5738714337348938
reward/speed,18953,1786560006.628996,0.5937252640724182
reward/speed,18977,1786560009.328699,0.6409080028533936
reward/speed,18994,1786560011.242893,0.7453362345695496
reward/speed,19014,1786560013.487805,0.7708328366279602
reward/speed,19029,1786560015.142835,0.7407711744308472
reward/speed,19044,1786560016.788159,0.8087266087532043
reward/speed,19070,1786560019.620711,0.7491732835769653
reward/speed,19092,1786560022.074893,0.7639850378036499
reward/speed,19111,1786560024.156988,0.6865444183349609
reward/speed,19135,1786560026.778402,0.7395193576812744
reward/speed,19154,1786560028.878527,0.7633287906646729
reward/speed,19185,1786560032.337683,0.800515353679657
reward/speed,19206,1786560034.734415,0.8334881663322449
reward/speed,19227,1786560037.437581,0.3920000493526459
reward/speed,19246,1786560039.375154,0.7952114939689636
reward/speed,19275,1786560042.278300,0.8515381813049316
reward/speed,19294,1786560044.167110,0.791679322719574
reward/speed,19319,1786560046.604374,0.8432100415229797
reward/speed,19343,1786560048.893758,0.780643105506897
reward/speed,19363,1786560053.207601,0.7030341029167175
reward/speed,19389,1786560057.444106,0.8482728004455566
reward/speed,19408,1786560060.537372,0.8556603193283081
reward/speed,19441,1786560065.962962,0.7968825101852417
reward/speed,19461,1786560069.274142,0.8733178377151489
reward/speed,19480,1786560072.417212,0.8506801724433899
reward/speed,19494,1786560074.521415,0.8578552007675171
reward/speed,19509,1786560076.756043,0.8167604207992554
reward/speed,19534,1786560080.727401,0.8290227651596069
reward/speed,19551,1786560083.080088,0.7422882318496704
reward/speed,19581,1786560087.026950,0.849117636680603
reward/speed,19596,1786560088.830375,0.767438530921936
reward/speed,19612,1786560090.742833,0.842793345451355
reward/speed,19635,1786560093.472208,0.8023222088813782
reward/speed,19665,1786560096.981119,0.8334299325942993
reward/speed,19685,1786560099.298993,0.7189154028892517
reward/speed,19699,1786560100.924709,0.7839097380638123
reward/speed,19714,1786560102.642342,0.7800855040550232
reward/speed,19736,1786560105.112143,0.7885867953300476
reward/speed,19759,1786560107.779055,0.7585517168045044
reward/speed,19772,1786560109.755991,0.6362738013267517
reward/speed,19794,1786560112.309842,0.8153661489486694
reward/speed,19813,1786560114.534486,0.8696416616439819
reward/speed,19831,1786560116.611510,0.8773685693740845
reward/speed,19852,1786560118.985041,0.7683380842208862
reward/speed,19873,1786560121.352291,0.8154401779174805
reward/speed,19887,1786560122.934824,0.8775490522384644
reward/speed,19905,1786560124.942507,0.8566913604736328
reward/speed,19933,1786560128.004228,0.7867285013198853
reward/speed,19947,1786560129.498798,0.7802197337150574
reward/speed,19971,1786560131.986593,0.5370897054672241
reward/speed,20000,1786560135.510276,0.0853717029094696
reward/steer_change,3,1786557530.575058,-0.10000000149011612
reward/steer_change,24,1786557533.408107,-0.10000000149011612
reward/steer_change,53,1786557537.373051,-0.10000000149011612
reward/steer_change,79,1786557542.920240,-0.10000000149011612
reward/steer_change,97,1786557545.694234,-0.10000000149011612
reward/steer_change,119,1786557549.062950,-0.10000000149011612
reward/steer_change,137,1786557551.759027,-0.10000000149011612
reward/steer_change,153,1786557554.180282,-0.10000000149011612
reward/steer_change,177,1786557557.677832,-0.10000000149011612
reward/steer_change,206,1786557561.085977,-0.10000000149011612
reward/steer_change,221,1786557562.898194,-0.10000000149011612
reward/steer_change,241,1786557565.342731,-0.10000000149011612
reward/steer_change,261,1786557567.656266,-0.10000000149011612
reward/steer_change,282,1786557570.022494,-0.10000000149011612
reward/steer_change,302,1786557572.377213,-0.10000000149011612
reward/steer_change,322,1786557574.712282,-0.10000000149011612
reward/steer_change,334,1786557576.064780,-0.10000000149011612
reward/steer_change,356,1786557578.535014,-0.10000000149011612
reward/steer_change,381,1786557581.372017,-0.10000000149011612
reward/steer_change,405,1786557584.012290,-0.10000000149011612
reward/steer_change,422,1786557585.035222,-0.10000000149011612
reward/steer_change,443,1786557587.255922,-0.10000000149011612
reward/steer_change,466,1786557589.842520,-0.10000000149011612
reward/steer_change,494,1786557593.365170,-0.10000000149011612
reward/steer_change,517,1786557596.985535,-0.10000000149011612
reward/steer_change,545,1786557602.535133,-0.10000000149011612
reward/steer_change,556,1786557604.042859,-0.10000000149011612
reward/steer_change,580,1786557607.270991,-0.10000000149011612
reward/steer_change,599,1786557609.813470,-0.10000000149011612
reward/steer_change,621,1786557612.911188,-0.10000000149011612
reward/steer_change,646,1786557616.089176,-0.10000000149011612
reward/steer_change,668,1786557618.309262,-0.10000000149011612
reward/steer_change,686,1786557620.187544,-0.10000000149011612
reward/steer_change,708,1786557622.504112,-0.10000000149011612
reward/steer_change,729,1786557624.658767,-0.10000000149011612
reward/steer_change,751,1786557626.980535,-0.10000000149011612
reward/steer_change,771,1786557629.302595,-0.10000000149011612
reward/steer_change,794,1786557631.665819,-0.10000000149011612
reward/steer_change,812,1786557633.567966,-0.10000000149011612
reward/steer_change,835,1786557635.971987,-0.10000000149011612
reward/steer_change,851,1786557637.617021,-0.10000000149011612
reward/steer_change,868,1786557639.320176,-0.10000000149011612
reward/steer_change,883,1786557640.812723,-0.10000000149011612
reward/steer_change,901,1786557642.642290,-0.10000000149011612
reward/steer_change,915,1786557644.008861,-0.10000000149011612
reward/steer_change,933,1786557645.725425,-0.10000000149011612
reward/steer_change,946,1786557647.855900,-0.10000000149011612
reward/steer_change,971,1786557651.397881,-0.10000000149011612
reward/steer_change,989,1786557653.936498,-0.10000000149011612
reward/steer_change,1004,1786557656.071858,-0.10000000149011612
reward/steer_change,1027,1786557659.305858,-0.10000000149011612
reward/steer_change,1053,1786557662.902615,-0.10000000149011612
reward/steer_change,1070,1786557665.286870,-0.10000000149011612
reward/steer_change,1088,1786557667.344685,-0.10000000149011612
reward/steer_change,1102,1786557668.963419,-0.10000000149011612
reward/steer_change,1119,1786557670.842284,-0.10000000149011612
reward/steer_change,1146,1786557673.880949,-0.10000000149011612
reward/steer_change,1166,1786557676.122791,-0.10000000149011612
reward/steer_change,1186,1786557678.241713,-0.10000000149011612
reward/steer_change,1208,1786557680.437850,-0.10000000149011612
reward/steer_change,1228,1786557682.607243,-0.10000000149011612
reward/steer_change,1251,1786557685.211623,-0.10000000149011612
reward/steer_change,1266,1786557686.808777,-0.10000000149011612
reward/steer_change,1279,1786557688.293307,-0.10000000149011612
reward/steer_change,1300,1786557691.335203,-0.10000000149011612
reward/steer_change,1323,1786557694.536862,-0.10000000149011612
reward/steer_change,1337,1786557696.454842,-0.10000000149011612
reward/steer_change,1357,1786557699.070982,-0.10000000149011612
reward/steer_change,1381,1786557701.799850,-0.10000000149011612
reward/steer_change,1398,1786557703.412254,-0.10000000149011612
reward/steer_change,1412,1786557704.716222,-0.10000000149011612
reward/steer_change,1433,1786557706.583519,-0.10000000149011612
reward/steer_change,1451,1786557708.171537,-0.10000000149011612
reward/steer_change,1468,1786557709.736428,-0.10000000149011612
reward/steer_change,1485,1786557711.286580,-0.10000000149011612
reward/steer_change,1515,1786557713.950392,-0.10000000149011612
reward/steer_change,1532,1786557715.366900,-0.10000000149011612
reward/steer_change,1552,1786557717.070572,-0.10000000149011612
reward/steer_change,1574,1786557718.859695,-0.10000000149011612
reward/steer_change,1595,1786557720.964569,-0.10000000149011612
reward/steer_change,1611,1786557722.841606,-0.10000000149011612
reward/steer_change,1624,1786557724.366232,-0.10000000149011612
reward/steer_change,1637,1786557725.881070,-0.10000000149011612
reward/steer_change,1655,1786557728.016864,-0.10000000149011612
reward/steer_change,1675,1786557730.439072,-0.10000000149011612
reward/steer_change,1692,1786557732.532347,-0.10000000149011612
reward/steer_change,1707,1786557736.259471,-0.10000000149011612
reward/steer_change,1729,1786557740.678745,-0.10000000149011612
reward/steer_change,1747,1786557744.229555,-0.10000000149011612
reward/steer_change,1759,1786557746.557062,-0.10000000149011612
reward/steer_change,1773,1786557749.274663,-0.10000000149011612
reward/steer_change,1790,1786557752.562590,-0.10000000149011612
reward/steer_change,1808,1786557757.536529,-0.10000000149011612
reward/steer_change,1828,1786557760.911791,-0.10000000149011612
reward/steer_change,1858,1786557766.119723,-0.10000000149011612
reward/steer_change,1880,1786557769.969531,-0.10000000149011612
reward/steer_change,1899,1786557773.304369,-0.10000000149011612
reward/steer_change,1919,1786557776.766009,-0.10000000149011612
reward/steer_change,1941,1786557780.542745,-0.10000000149011612
reward/steer_change,1968,1786557784.730759,-0.10000000149011612
reward/steer_change,1995,1786557787.841575,-0.10000000149011612
reward/steer_change,2014,1786557790.081384,-0.10000000149011612
reward/steer_change,2028,1786557791.644449,-0.10000000149011612
reward/steer_change,2048,1786557795.827451,-0.10000000149011612
reward/steer_change,2061,1786557798.040347,-0.10000000149011612
reward/steer_change,2083,1786557801.778525,-0.10000000149011612
reward/steer_change,2104,1786557805.320736,-0.10000000149011612
reward/steer_change,2126,1786557808.264890,-0.10000000149011612
reward/steer_change,2147,1786557813.077635,-0.10000000149011612
reward/steer_change,2172,1786557816.984168,-0.10000000149011612
reward/steer_change,2197,1786557820.975018,-0.10000000149011612
reward/steer_change,2219,1786557824.512174,-0.10000000149011612
reward/steer_change,2233,1786557829.724111,-0.10000000149011612
reward/steer_change,2248,1786557832.569001,-0.10000000149011612
reward/steer_change,2270,1786557836.909541,-0.10000000149011612
reward/steer_change,2289,1786557840.736090,-0.10000000149011612
reward/steer_change,2314,1786557845.460357,-0.10000000149011612
reward/steer_change,2333,1786557847.725674,-0.10000000149011612
reward/steer_change,2351,1786557849.915950,-0.10000000149011612
reward/steer_change,2384,1786557854.080620,-0.10000000149011612
reward/steer_change,2405,1786557856.772006,-0.10000000149011612
reward/steer_change,2423,1786557859.085801,-0.10000000149011612
reward/steer_change,2449,1786557862.191642,-0.10000000149011612
reward/steer_change,2462,1786557863.652819,-0.10000000149011612
reward/steer_change,2477,1786557865.290366,-0.10000000149011612
reward/steer_change,2491,1786557866.849562,-0.10000000149011612
reward/steer_change,2513,1786557869.293866,-0.10000000149011612
reward/steer_change,2534,1786557871.715296,-0.10000000149011612
reward/steer_change,2557,1786557874.359061,-0.10000000149011612
reward/steer_change,2579,1786557876.850853,-0.10000000149011612
reward/steer_change,2602,1786557879.442599,-0.10000000149011612
reward/steer_change,2618,1786557881.204125,-0.10000000149011612
reward/steer_change,2647,1786557884.375338,-0.10000000149011612
reward/steer_change,2673,1786557887.315484,-0.10000000149011612
reward/steer_change,2696,1786557889.791861,-0.10000000149011612
reward/steer_change,2717,1786557892.064782,-0.10000000149011612
reward/steer_change,2745,1786557895.160597,-0.10000000149011612
reward/steer_change,2766,1786557897.467645,-0.10000000149011612
reward/steer_change,2801,1786557901.404920,-0.10000000149011612
reward/steer_change,2823,1786557903.822800,-0.10000000149011612
reward/steer_change,2849,1786557906.594446,-0.10000000149011612
reward/steer_change,2864,1786557908.182149,-0.10000000149011612
reward/steer_change,2886,1786557910.513944,-0.10000000149011612
reward/steer_change,2904,1786557912.430945,-0.10000000149011612
reward/steer_change,2921,1786557914.204583,-0.10000000149011612
reward/steer_change,2938,1786557915.966161,-0.10000000149011612
reward/steer_change,2957,1786557917.968611,-0.10000000149011612
reward/steer_change,2976,1786557919.920095,-0.10000000149011612
reward/steer_change,2998,1786557922.146945,-0.10000000149011612
reward/steer_change,3023,1786557924.670785,-0.10000000149011612
reward/steer_change,3046,1786557927.031276,-0.10000000149011612
reward/steer_change,3064,1786557928.856050,-0.10000000149011612
reward/steer_change,3087,1786557931.169206,-0.10000000149011612
reward/steer_change,3108,1786557933.290522,-0.10000000149011612
reward/steer_change,3135,1786557936.020910,-0.10000000149011612
reward/steer_change,3159,1786557938.431013,-0.10000000149011612
reward/steer_change,3177,1786557940.230558,-0.10000000149011612
reward/steer_change,3196,1786557942.121607,-0.10000000149011612
reward/steer_change,3212,1786557943.703447,-0.10000000149011612
reward/steer_change,3230,1786557945.514137,-0.10000000149011612
reward/steer_change,3260,1786557948.573201,-0.10000000149011612
reward/steer_change,3283,1786557950.905480,-0.10000000149011612
reward/steer_change,3302,1786557952.816341,-0.10000000149011612
reward/steer_change,3331,1786557955.929163,-0.10000000149011612
reward/steer_change,3344,1786557957.555953,-0.10000000149011612
reward/steer_change,3363,1786557960.025536,-0.10000000149011612
reward/steer_change,3378,1786557962.073766,-0.10000000149011612
reward/steer_change,3406,1786557965.965976,-0.10000000149011612
reward/steer_change,3421,1786557968.153566,-0.10000000149011612
reward/steer_change,3434,1786557969.981168,-0.10000000149011612
reward/steer_change,3450,1786557972.260019,-0.10000000149011612
reward/steer_change,3472,1786557975.360776,-0.10000000149011612
reward/steer_change,3488,1786557977.581102,-0.10000000149011612
reward/steer_change,3509,1786557980.930742,-0.10000000149011612
reward/steer_change,3532,1786557984.062708,-0.10000000149011612
reward/steer_change,3546,1786557985.923810,-0.10000000149011612
reward/steer_change,3564,1786557988.267885,-0.10000000149011612
reward/steer_change,3586,1786557991.138818,-0.10000000149011612
reward/steer_change,3607,1786557993.797849,-0.10000000149011612
reward/steer_change,3629,1786557996.610797,-0.10000000149011612
reward/steer_change,3659,1786558000.395878,-0.10000000149011612
reward/steer_change,3675,1786558002.417927,-0.10000000149011612
reward/steer_change,3690,1786558004.269988,-0.10000000149011612
reward/steer_change,3707,1786558006.354389,-0.10000000149011612
reward/steer_change,3722,1786558008.187466,-0.10000000149011612
reward/steer_change,3743,1786558010.783260,-0.10000000149011612
reward/steer_change,3767,1786558013.770315,-0.10000000149011612
reward/steer_change,3788,1786558016.417346,-0.10000000149011612
reward/steer_change,3800,1786558017.900775,-0.10000000149011612
reward/steer_change,3818,1786558020.072862,-0.10000000149011612
reward/steer_change,3836,1786558022.219249,-0.10000000149011612
reward/steer_change,3856,1786558024.599981,-0.10000000149011612
reward/steer_change,3881,1786558027.539483,-0.10000000149011612
reward/steer_change,3898,1786558029.525847,-0.10000000149011612
reward/steer_change,3915,1786558031.519967,-0.10000000149011612
reward/steer_change,3931,1786558033.394778,-0.10000000149011612
reward/steer_change,3946,1786558035.105113,-0.10000000149011612
reward/steer_change,3962,1786558036.929906,-0.10000000149011612
reward/steer_change,3978,1786558038.737377,-0.10000000149011612
reward/steer_change,4002,1786558041.481319,-0.10000000149011612
reward/steer_change,4021,1786558043.623359,-0.10000000149011612
reward/steer_change,4039,1786558045.620373,-0.10000000149011612
reward/steer_change,4055,1786558047.373860,-0.10000000149011612
reward/steer_change,4071,1786558049.067016,-0.10000000149011612
reward/steer_change,4087,1786558050.732307,-0.10000000149011612
reward/steer_change,4105,1786558053.621344,-0.10000000149011612
reward/steer_change,4122,1786558056.524409,-0.10000000149011612
reward/steer_change,4148,1786558061.575903,-0.10000000149011612
reward/steer_change,4172,1786558064.537683,-0.10000000149011612
reward/steer_change,4188,1786558066.542541,-0.10000000149011612
reward/steer_change,4208,1786558068.985205,-0.10000000149011612
reward/steer_change,4221,1786558070.569748,-0.10000000149011612
reward/steer_change,4240,1786558072.841891,-0.10000000149011612
reward/steer_change,4257,1786558074.860384,-0.10000000149011612
reward/steer_change,4270,1786558076.411019,-0.10000000149011612
reward/steer_change,4292,1786558079.007690,-0.10000000149011612
reward/steer_change,4308,1786558080.876427,-0.10000000149011612
reward/steer_change,4323,1786558082.608667,-0.10000000149011612
reward/steer_change,4363,1786558087.176952,-0.10000000149011612
reward/steer_change,4375,1786558088.514284,-0.10000000149011612
reward/steer_change,4396,1786558090.827987,-0.10000000149011612
reward/steer_change,4426,1786558094.057868,-0.10000000149011612
reward/steer_change,4451,1786558097.379940,-0.10000000149011612
reward/steer_change,4468,1786558099.748781,-0.10000000149011612
reward/steer_change,4486,1786558102.359974,-0.10000000149011612
reward/steer_change,4520,1786558107.573375,-0.10000000149011612
reward/steer_change,4538,1786558110.313998,-0.10000000149011612
reward/steer_change,4560,1786558113.674838,-0.10000000149011612
reward/steer_change,4585,1786558117.609054,-0.10000000149011612
reward/steer_change,4602,1786558120.234792,-0.10000000149011612
reward/steer_change,4617,1786558122.554337,-0.10000000149011612
reward/steer_change,4636,1786558125.464120,-0.10000000149011612
reward/steer_change,4661,1786558129.314867,-0.10000000149011612
reward/steer_change,4680,1786558132.258337,-0.10000000149011612
reward/steer_change,4699,1786558135.150259,-0.10000000149011612
reward/steer_change,4716,1786558137.661183,-0.10000000149011612
reward/steer_change,4736,1786558140.656551,-0.10000000149011612
reward/steer_change,4762,1786558144.573090,-0.10000000149011612
reward/steer_change,4775,1786558146.501793,-0.10000000149011612
reward/steer_change,4795,1786558149.396369,-0.10000000149011612
reward/steer_change,4814,1786558152.211249,-0.10000000149011612
reward/steer_change,4827,1786558154.110234,-0.10000000149011612
reward/steer_change,4843,1786558156.472014,-0.10000000149011612
reward/steer_change,4860,1786558158.954119,-0.10000000149011612
reward/steer_change,4877,1786558161.408325,-0.10000000149011612
reward/steer_change,4894,1786558163.888816,-0.10000000149011612
reward/steer_change,4911,1786558166.306682,-0.10000000149011612
reward/steer_change,4929,1786558168.879963,-0.10000000149011612
reward/steer_change,4951,1786558171.931282,-0.10000000149011612
reward/steer_change,4974,1786558175.165800,-0.10000000149011612
reward/steer_change,4989,1786558177.307483,-0.10000000149011612
reward/steer_change,5007,1786558179.862195,-0.10000000149011612
reward/steer_change,5026,1786558182.599894,-0.10000000149011612
reward/steer_change,5046,1786558185.496879,-0.10000000149011612
reward/steer_change,5064,1786558188.041014,-0.10000000149011612
reward/steer_change,5087,1786558191.285372,-0.10000000149011612
reward/steer_change,5109,1786558194.454593,-0.10000000149011612
reward/steer_change,5131,1786558197.683846,-0.10000000149011612
reward/steer_change,5153,1786558200.831340,-0.10000000149011612
reward/steer_change,5171,1786558203.318082,-0.10000000149011612
reward/steer_change,5192,1786558206.312229,-0.10000000149011612
reward/steer_change,5223,1786558211.020877,-0.10000000149011612
reward/steer_change,5244,1786558214.063935,-0.10000000149011612
reward/steer_change,5259,1786558216.087832,-0.10000000149011612
reward/steer_change,5274,1786558218.045724,-0.10000000149011612
reward/steer_change,5291,1786558220.270683,-0.10000000149011612
reward/steer_change,5317,1786558223.616169,-0.10000000149011612
reward/steer_change,5341,1786558226.664909,-0.10000000149011612
reward/steer_change,5367,1786558230.476269,-0.10000000149011612
reward/steer_change,5381,1786558232.363147,-0.10000000149011612
reward/steer_change,5395,1786558234.286824,-0.10000000149011612
reward/steer_change,5418,1786558237.410386,-0.10000000149011612
reward/steer_change,5433,1786558239.403635,-0.10000000149011612
reward/steer_change,5451,1786558241.804260,-0.10000000149011612
reward/steer_change,5471,1786558244.549213,-0.10000000149011612
reward/steer_change,5494,1786558247.784642,-0.10000000149011612
reward/steer_change,5509,1786558249.895630,-0.10000000149011612
reward/steer_change,5537,1786558255.028468,-0.10000000149011612
reward/steer_change,5552,1786558257.545713,-0.10000000149011612
reward/steer_change,5571,1786558260.710317,-0.10000000149011612
reward/steer_change,5592,1786558264.260027,0.0
reward/steer_change,5610,1786558267.248793,-0.10000000149011612
reward/steer_change,5632,1786558270.906272,-0.10000000149011612
reward/steer_change,5653,1786558274.364010,-0.10000000149011612
reward/steer_change,5668,1786558276.886309,-0.10000000149011612
reward/steer_change,5680,1786558278.870258,-0.10000000149011612
reward/steer_change,5700,1786558282.189974,0.0
reward/steer_change,5716,1786558284.804533,-0.10000000149011612
reward/steer_change,5746,1786558289.723502,-0.10000000149011612
reward/steer_change,5773,1786558294.060265,-0.10000000149011612
reward/steer_change,5789,1786558296.651064,-0.10000000149011612
reward/steer_change,5805,1786558299.216207,-0.10000000149011612
reward/steer_change,5821,1786558301.762584,-0.10000000149011612
reward/steer_change,5837,1786558304.342038,-0.10000000149011612
reward/steer_change,5861,1786558308.258198,-0.10000000149011612
reward/steer_change,5884,1786558312.027293,-0.10000000149011612
reward/steer_change,5905,1786558315.392612,-0.10000000149011612
reward/steer_change,5926,1786558318.707144,-0.10000000149011612
reward/steer_change,5941,1786558321.095237,-0.10000000149011612
reward/steer_change,5961,1786558324.211787,-0.10000000149011612
reward/steer_change,5981,1786558327.407362,-0.10000000149011612
reward/steer_change,6004,1786558331.100415,-0.10000000149011612
reward/steer_change,6025,1786558334.264331,-0.10000000149011612
reward/steer_change,6042,1786558336.758417,-0.10000000149011612
reward/steer_change,6059,1786558339.146130,-0.10000000149011612
reward/steer_change,6079,1786558341.834066,-0.10000000149011612
reward/steer_change,6094,1786558343.573313,-0.10000000149011612
reward/steer_change,6112,1786558345.613285,-0.10000000149011612
reward/steer_change,6135,1786558348.154059,-0.10000000149011612
reward/steer_change,6148,1786558349.565915,-0.10000000149011612
reward/steer_change,6164,1786558351.223788,-0.10000000149011612
reward/steer_change,6190,1786558353.802935,-0.10000000149011612
reward/steer_change,6214,1786558356.101373,-0.10000000149011612
reward/steer_change,6236,1786558358.213629,-0.10000000149011612
reward/steer_change,6259,1786558360.420998,-0.10000000149011612
reward/steer_change,6285,1786558362.951834,-0.10000000149011612
reward/steer_change,6305,1786558364.897942,-0.10000000149011612
reward/steer_change,6325,1786558366.895304,-0.10000000149011612
reward/steer_change,6341,1786558368.526389,-0.10000000149011612
reward/steer_change,6362,1786558370.707444,-0.10000000149011612
reward/steer_change,6394,1786558374.148836,-0.10000000149011612
reward/steer_change,6414,1786558376.274177,-0.10000000149011612
reward/steer_change,6439,1786558378.870192,-0.10000000149011612
reward/steer_change,6457,1786558380.765339,-0.10000000149011612
reward/steer_change,6472,1786558382.339173,-0.10000000149011612
reward/steer_change,6500,1786558385.249334,-0.10000000149011612
reward/steer_change,6520,1786558387.365502,-0.10000000149011612
reward/steer_change,6541,1786558389.587046,-0.10000000149011612
reward/steer_change,6560,1786558391.617324,-0.10000000149011612
reward/steer_change,6581,1786558393.922521,-0.10000000149011612
reward/steer_change,6597,1786558395.682354,-0.10000000149011612
reward/steer_change,6616,1786558397.745631,-0.10000000149011612
reward/steer_change,6636,1786558400.004862,-0.10000000149011612
reward/steer_change,6661,1786558402.621569,-0.10000000149011612
reward/steer_change,6686,1786558405.069831,-0.10000000149011612
reward/steer_change,6704,1786558406.884227,-0.10000000149011612
reward/steer_change,6719,1786558410.802946,-0.10000000149011612
reward/steer_change,6744,1786558414.344894,-0.10000000149011612
reward/steer_change,6761,1786558416.651361,-0.10000000149011612
reward/steer_change,6789,1786558422.806080,-0.10000000149011612
reward/steer_change,6813,1786558426.904286,-0.10000000149011612
reward/steer_change,6826,1786558429.183829,-0.10000000149011612
reward/steer_change,6845,1786558432.530214,-0.10000000149011612
reward/steer_change,6861,1786558435.238978,-0.10000000149011612
reward/steer_change,6876,1786558437.715117,-0.10000000149011612
reward/steer_change,6896,1786558440.954883,-0.10000000149011612
reward/steer_change,6913,1786558443.689090,-0.10000000149011612
reward/steer_change,6943,1786558448.540108,-0.10000000149011612
reward/steer_change,6963,1786558451.201261,-0.10000000149011612
reward/steer_change,6978,1786558453.190967,-0.10000000149011612
reward/steer_change,6994,1786558455.317479,-0.10000000149011612
reward/steer_change,7014,1786558458.002820,-0.10000000149011612
reward/steer_change,7031,1786558460.266088,-0.10000000149011612
reward/steer_change,7053,1786558463.186661,-0.10000000149011612
reward/steer_change,7073,1786558465.801435,-0.10000000149011612
reward/steer_change,7089,1786558467.865740,-0.10000000149011612
reward/steer_change,7119,1786558471.674705,-0.10000000149011612
reward/steer_change,7136,1786558473.861119,-0.10000000149011612
reward/steer_change,7157,1786558476.550160,-0.10000000149011612
reward/steer_change,7177,1786558479.113577,-0.10000000149011612
reward/steer_change,7194,1786558481.303856,-0.10000000149011612
reward/steer_change,7210,1786558483.380755,-0.10000000149011612
reward/steer_change,7227,1786558485.575802,-0.10000000149011612
reward/steer_change,7250,1786558488.562708,-0.10000000149011612
reward/steer_change,7269,1786558491.030654,-0.10000000149011612
reward/steer_change,7292,1786558494.073046,-0.10000000149011612
reward/steer_change,7310,1786558496.454946,-0.10000000149011612
reward/steer_change,7329,1786558498.984414,-0.10000000149011612
reward/steer_change,7347,1786558503.345112,-0.10000000149011612
reward/steer_change,7371,1786558507.149819,-0.10000000149011612
reward/steer_change,7392,1786558510.489988,-0.10000000149011612
reward/steer_change,7410,1786558513.298355,-0.10000000149011612
reward/steer_change,7430,1786558516.429839,-0.10000000149011612
reward/steer_change,7444,1786558518.591291,-0.10000000149011612
reward/steer_change,7465,1786558521.837610,-0.10000000149011612
reward/steer_change,7484,1786558524.754146,-0.10000000149011612
reward/steer_change,7510,1786558528.714730,-0.10000000149011612
reward/steer_change,7531,1786558531.874406,-0.10000000149011612
reward/steer_change,7547,1786558534.323818,-0.10000000149011612
reward/steer_change,7563,1786558536.738153,-0.10000000149011612
reward/steer_change,7583,1786558539.698149,-0.10000000149011612
reward/steer_change,7611,1786558543.814937,-0.10000000149011612
reward/steer_change,7637,1786558547.554055,-0.10000000149011612
reward/steer_change,7653,1786558549.840235,-0.10000000149011612
reward/steer_change,7671,1786558552.505712,-0.10000000149011612
reward/steer_change,7693,1786558555.557220,-0.10000000149011612
reward/steer_change,7718,1786558558.949193,-0.10000000149011612
reward/steer_change,7737,1786558561.704343,-0.10000000149011612
reward/steer_change,7763,1786558565.123158,-0.10000000149011612
reward/steer_change,7783,1786558567.738641,-0.10000000149011612
reward/steer_change,7793,1786558568.927142,-0.10000000149011612
reward/steer_change,7817,1786558571.754348,-0.10000000149011612
reward/steer_change,7840,1786558574.443695,-0.10000000149011612
reward/steer_change,7856,1786558576.307123,-0.10000000149011612
reward/steer_change,7870,1786558577.980654,-0.10000000149011612
reward/steer_change,7887,1786558579.936365,-0.10000000149011612
reward/steer_change,7916,1786558583.214361,-0.10000000149011612
reward/steer_change,7932,1786558585.019395,-0.10000000149011612
reward/steer_change,7951,1786558587.138454,-0.10000000149011612
reward/steer_change,7969,1786558589.102680,-0.10000000149011612
reward/steer_change,7990,1786558591.393905,-0.10000000149011612
reward/steer_change,8006,1786558593.757629,-0.10000000149011612
reward/steer_change,8022,1786558595.849024,-0.10000000149011612
reward/steer_change,8050,1786558599.420736,-0.10000000149011612
reward/steer_change,8076,1786558602.614218,-0.10000000149011612
reward/steer_change,8093,1786558604.690888,-0.10000000149011612
reward/steer_change,8115,1786558607.305084,-0.10000000149011612
reward/steer_change,8128,1786558608.827914,-0.10000000149011612
reward/steer_change,8151,1786558611.385731,-0.10000000149011612
reward/steer_change,8179,1786558614.344259,-0.10000000149011612
reward/steer_change,8198,1786558616.337207,-0.10000000149011612
reward/steer_change,8216,1786558618.226317,-0.10000000149011612
reward/steer_change,8233,1786558620.003213,-0.10000000149011612
reward/steer_change,8245,1786558621.259926,-0.10000000149011612
reward/steer_change,8269,1786558623.792180,-0.10000000149011612
reward/steer_change,8288,1786558625.836869,-0.10000000149011612
reward/steer_change,8311,1786558628.392051,-0.10000000149011612
reward/steer_change,8327,1786558630.168226,-0.10000000149011612
reward/steer_change,8349,1786558632.664755,-0.10000000149011612
reward/steer_change,8366,1786558634.595090,-0.10000000149011612
reward/steer_change,8394,1786558637.741903,-0.10000000149011612
reward/steer_change,8412,1786558639.770890,-0.10000000149011612
reward/steer_change,8427,1786558641.446844,-0.10000000149011612
reward/steer_change,8446,1786558643.553792,-0.10000000149011612
reward/steer_change,8468,1786558645.966850,-0.10000000149011612
reward/steer_change,8490,1786558648.422291,-0.10000000149011612
reward/steer_change,8507,1786558650.332053,-0.10000000149011612
reward/steer_change,8529,1786558652.827201,-0.10000000149011612
reward/steer_change,8549,1786558655.104525,-0.10000000149011612
reward/steer_change,8574,1786558657.856061,-0.10000000149011612
reward/steer_change,8595,1786558660.138665,-0.10000000149011612
reward/steer_change,8620,1786558662.747458,-0.10000000149011612
reward/steer_change,8646,1786558665.366757,-0.10000000149011612
reward/steer_change,8660,1786558667.266582,-0.10000000149011612
reward/steer_change,8683,1786558669.845075,-0.10000000149011612
reward/steer_change,8705,1786558672.335089,-0.10000000149011612
reward/steer_change,8727,1786558675.385450,-0.10000000149011612
reward/steer_change,8747,1786558678.064593,-0.10000000149011612
reward/steer_change,8763,1786558680.193088,-0.10000000149011612
reward/steer_change,8782,1786558682.732259,-0.10000000149011612
reward/steer_change,8802,1786558685.396944,-0.10000000149011612
reward/steer_change,8825,1786558688.433463,-0.10000000149011612
reward/steer_change,8846,1786558691.194478,-0.10000000149011612
reward/steer_change,8864,1786558693.535137,-0.10000000149011612
reward/steer_change,8887,1786558696.465708,-0.10000000149011612
reward/steer_change,8904,1786558698.563637,-0.10000000149011612
reward/steer_change,8930,1786558701.759462,-0.10000000149011612
reward/steer_change,8947,1786558703.850869,-0.10000000149011612
reward/steer_change,8967,1786558706.328244,-0.10000000149011612
reward/steer_change,8982,1786558708.174698,-0.10000000149011612
reward/steer_change,8996,1786558709.897064,-0.10000000149011612
reward/steer_change,9008,1786558711.371889,-0.10000000149011612
reward/steer_change,9032,1786558714.259461,-0.10000000149011612
reward/steer_change,9053,1786558716.792242,-0.10000000149011612
reward/steer_change,9085,1786558720.605035,-0.10000000149011612
reward/steer_change,9103,1786558722.723818,-0.10000000149011612
reward/steer_change,9122,1786558724.912889,-0.10000000149011612
reward/steer_change,9133,1786558726.156823,-0.10000000149011612
reward/steer_change,9158,1786558728.974152,-0.10000000149011612
reward/steer_change,9178,1786558731.187995,-0.10000000149011612
reward/steer_change,9203,1786558733.974514,-0.10000000149011612
reward/steer_change,9223,1786558736.208489,-0.10000000149011612
reward/steer_change,9241,1786558738.238447,-0.10000000149011612
reward/steer_change,9264,1786558740.830232,-0.10000000149011612
reward/steer_change,9286,1786558743.308789,-0.10000000149011612
reward/steer_change,9304,1786558745.372512,-0.10000000149011612
reward/steer_change,9315,1786558746.651788,-0.10000000149011612
reward/steer_change,9332,1786558748.599915,-0.10000000149011612
reward/steer_change,9356,1786558751.355207,-0.10000000149011612
reward/steer_change,9380,1786558754.169759,-0.10000000149011612
reward/steer_change,9396,1786558756.037632,-0.10000000149011612
reward/steer_change,9411,1786558757.748012,-0.10000000149011612
reward/steer_change,9430,1786558760.321151,-0.10000000149011612
reward/steer_change,9444,1786558762.000235,-0.10000000149011612
reward/steer_change,9463,1786558764.291793,-0.10000000149011612
reward/steer_change,9480,1786558766.334027,-0.10000000149011612
reward/steer_change,9500,1786558768.734357,-0.10000000149011612
reward/steer_change,9519,1786558771.011191,-0.10000000149011612
reward/steer_change,9536,1786558773.016962,-0.10000000149011612
reward/steer_change,9554,1786558775.156881,-0.10000000149011612
reward/steer_change,9576,1786558777.748537,-0.10000000149011612
reward/steer_change,9594,1786558779.862458,-0.10000000149011612
reward/steer_change,9614,1786558782.227640,-0.10000000149011612
reward/steer_change,9628,1786558783.829476,-0.10000000149011612
reward/steer_change,9643,1786558785.553221,-0.10000000149011612
reward/steer_change,9662,1786558787.681800,-0.10000000149011612
reward/steer_change,9683,1786558790.033581,-0.10000000149011612
reward/steer_change,9702,1786558792.165554,-0.10000000149011612
reward/steer_change,9720,1786558794.141081,-0.10000000149011612
reward/steer_change,9741,1786558796.421744,-0.10000000149011612
reward/steer_change,9764,1786558798.926712,-0.10000000149011612
reward/steer_change,9780,1786558800.677423,-0.10000000149011612
reward/steer_change,9798,1786558802.662902,-0.10000000149011612
reward/steer_change,9814,1786558804.469569,-0.10000000149011612
reward/steer_change,9831,1786558806.378090,-0.10000000149011612
reward/steer_change,9857,1786558809.281768,-0.10000000149011612
reward/steer_change,9871,1786558810.909789,-0.10000000149011612
reward/steer_change,9893,1786558813.491879,-0.10000000149011612
reward/steer_change,9908,1786558815.271696,-0.10000000149011612
reward/steer_change,9934,1786558818.462297,-0.10000000149011612
reward/steer_change,9954,1786558820.883037,-0.10000000149011612
reward/steer_change,9974,1786558823.300148,-0.10000000149011612
reward/steer_change,9998,1786558826.249587,-0.10000000149011612
reward/steer_change,10011,1786558827.951866,-0.10000000149011612
reward/steer_change,10029,1786558830.109055,-0.10000000149011612
reward/steer_change,10057,1786558833.503045,-0.10000000149011612
reward/steer_change,10073,1786558835.412196,-0.10000000149011612
reward/steer_change,10096,1786558840.072577,-0.10000000149011612
reward/steer_change,10110,1786558842.410995,-0.10000000149011612
reward/steer_change,10127,1786558845.187519,-0.10000000149011612
reward/steer_change,10148,1786558848.674015,-0.10000000149011612
reward/steer_change,10168,1786558852.023139,-0.10000000149011612
reward/steer_change,10190,1786558855.644275,-0.10000000149011612
reward/steer_change,10213,1786558859.605717,-0.10000000149011612
reward/steer_change,10228,1786558862.146917,-0.10000000149011612
reward/steer_change,10242,1786558864.169127,-0.10000000149011612
reward/steer_change,10263,1786558867.162902,-0.10000000149011612
reward/steer_change,10286,1786558870.310640,-0.10000000149011612
reward/steer_change,10306,1786558872.922329,-0.10000000149011612
reward/steer_change,10333,1786558876.499263,-0.10000000149011612
reward/steer_change,10350,1786558878.710240,-0.10000000149011612
reward/steer_change,10374,1786558881.747808,-0.10000000149011612
reward/steer_change,10396,1786558884.475890,-0.10000000149011612
reward/steer_change,10418,1786558887.144416,-0.10000000149011612
reward/steer_change,10439,1786558889.565526,-0.10000000149011612
reward/steer_change,10462,1786558892.112183,-0.10000000149011612
reward/steer_change,10487,1786558894.832700,-0.10000000149011612
reward/steer_change,10505,1786558896.731608,-0.10000000149011612
reward/steer_change,10527,1786558899.028525,-0.10000000149011612
reward/steer_change,10544,1786558900.768262,-0.10000000149011612
reward/steer_change,10566,1786558902.992475,-0.10000000149011612
reward/steer_change,10580,1786558904.392603,-0.10000000149011612
reward/steer_change,10606,1786558906.981170,-0.10000000149011612
reward/steer_change,10621,1786558908.462540,-0.10000000149011612
reward/steer_change,10638,1786558910.120421,-0.10000000149011612
reward/steer_change,10652,1786558911.476278,-0.10000000149011612
reward/steer_change,10666,1786558912.834258,-0.10000000149011612
reward/steer_change,10681,1786558914.290170,-0.10000000149011612
reward/steer_change,10702,1786558916.355582,-0.10000000149011612
reward/steer_change,10716,1786558917.741767,-0.10000000149011612
reward/steer_change,10741,1786558920.220430,-0.10000000149011612
reward/steer_change,10766,1786558922.836166,-0.10000000149011612
reward/steer_change,10783,1786558924.304296,-0.10000000149011612
reward/steer_change,10803,1786558925.987199,-0.10000000149011612
reward/steer_change,10828,1786558929.820133,-0.10000000149011612
reward/steer_change,10851,1786558932.710099,-0.10000000149011612
reward/steer_change,10866,1786558934.614031,-0.10000000149011612
reward/steer_change,10886,1786558937.197414,-0.10000000149011612
reward/steer_change,10913,1786558940.746570,-0.10000000149011612
reward/steer_change,10932,1786558943.226314,-0.10000000149011612
reward/steer_change,10953,1786558945.853913,-0.10000000149011612
reward/steer_change,10969,1786558947.826398,-0.10000000149011612
reward/steer_change,10989,1786558950.325171,-0.10000000149011612
reward/steer_change,11017,1786558953.664161,-0.10000000149011612
reward/steer_change,11036,1786558955.937938,-0.10000000149011612
reward/steer_change,11053,1786558957.900660,-0.10000000149011612
reward/steer_change,11072,1786558960.078474,-0.10000000149011612
reward/steer_change,11089,1786558962.030316,-0.10000000149011612
reward/steer_change,11108,1786558964.203766,-0.10000000149011612
reward/steer_change,11127,1786558966.368913,0.0
reward/steer_change,11149,1786558968.848205,-0.10000000149011612
reward/steer_change,11168,1786558970.986495,-0.10000000149011612
reward/steer_change,11187,1786558973.131937,-0.10000000149011612
reward/steer_change,11203,1786558974.875439,-0.10000000149011612
reward/steer_change,11223,1786558977.011424,-0.10000000149011612
reward/steer_change,11242,1786558978.979305,-0.10000000149011612
reward/steer_change,11266,1786558983.378274,-0.10000000149011612
reward/steer_change,11285,1786558986.587627,-0.10000000149011612
reward/steer_change,11301,1786558989.292672,-0.10000000149011612
reward/steer_change,11318,1786558992.179793,-0.10000000149011612
reward/steer_change,11343,1786558996.391711,-0.10000000149011612
reward/steer_change,11364,1786558999.916463,-0.10000000149011612
reward/steer_change,11385,1786559003.434342,-0.10000000149011612
reward/steer_change,11405,1786559006.758270,-0.10000000149011612
reward/steer_change,11426,1786559010.193843,-0.10000000149011612
reward/steer_change,11447,1786559013.718147,-0.10000000149011612
reward/steer_change,11472,1786559018.193246,-0.10000000149011612
reward/steer_change,11497,1786559021.870117,-0.10000000149011612
reward/steer_change,11517,1786559024.586856,-0.10000000149011612
reward/steer_change,11537,1786559027.259226,-0.10000000149011612
reward/steer_change,11559,1786559030.209920,-0.10000000149011612
reward/steer_change,11574,1786559032.165863,-0.10000000149011612
reward/steer_change,11604,1786559035.975930,-0.10000000149011612
reward/steer_change,11639,1786559040.443765,-0.10000000149011612
reward/steer_change,11655,1786559042.274258,-0.10000000149011612
reward/steer_change,11675,1786559044.577409,-0.10000000149011612
reward/steer_change,11689,1786559046.219299,-0.10000000149011612
reward/steer_change,11721,1786559050.032598,-0.10000000149011612
reward/steer_change,11739,1786559052.175067,-0.10000000149011612
reward/steer_change,11755,1786559054.138536,-0.10000000149011612
reward/steer_change,11768,1786559056.317221,-0.10000000149011612
reward/steer_change,11791,1786559059.335856,-0.10000000149011612
reward/steer_change,11811,1786559061.875474,-0.10000000149011612
reward/steer_change,11826,1786559063.814945,-0.10000000149011612
reward/steer_change,11858,1786559067.795318,-0.10000000149011612
reward/steer_change,11874,1786559069.543851,-0.10000000149011612
reward/steer_change,11894,1786559071.742516,-0.10000000149011612
reward/steer_change,11909,1786559073.365161,-0.10000000149011612
reward/steer_change,11929,1786559075.564249,-0.10000000149011612
reward/steer_change,11943,1786559077.109899,-0.10000000149011612
reward/steer_change,11962,1786559079.181838,-0.10000000149011612
reward/steer_change,11978,1786559080.842829,-0.10000000149011612
reward/steer_change,12003,1786559083.508914,-0.10000000149011612
reward/steer_change,12020,1786559085.219365,-0.10000000149011612
reward/steer_change,12039,1786559087.126736,-0.10000000149011612
reward/steer_change,12058,1786559089.048257,-0.10000000149011612
reward/steer_change,12073,1786559090.573554,-0.10000000149011612
reward/steer_change,12085,1786559091.774374,-0.10000000149011612
reward/steer_change,12102,1786559093.459058,-0.10000000149011612
reward/steer_change,12124,1786559095.634011,-0.10000000149011612
reward/steer_change,12142,1786559097.924575,-0.10000000149011612
reward/steer_change,12166,1786559100.548255,-0.10000000149011612
reward/steer_change,12188,1786559102.811555,-0.10000000149011612
reward/steer_change,12219,1786559105.843551,-0.10000000149011612
reward/steer_change,12241,1786559107.934815,-0.10000000149011612
reward/steer_change,12258,1786559110.485609,-0.10000000149011612
reward/steer_change,12273,1786559112.424481,-0.10000000149011612
reward/steer_change,12295,1786559115.139771,-0.10000000149011612
reward/steer_change,12314,1786559117.469312,-0.10000000149011612
reward/steer_change,12331,1786559119.518619,-0.10000000149011612
reward/steer_change,12344,1786559121.056408,-0.10000000149011612
reward/steer_change,12368,1786559123.887526,-0.10000000149011612
reward/steer_change,12386,1786559125.985061,-0.10000000149011612
reward/steer_change,12405,1786559128.173100,-0.10000000149011612
reward/steer_change,12418,1786559129.650280,-0.10000000149011612
reward/steer_change,12443,1786559132.464379,-0.10000000149011612
reward/steer_change,12460,1786559134.314771,-0.10000000149011612
reward/steer_change,12471,1786559135.528220,-0.10000000149011612
reward/steer_change,12494,1786559138.672099,-0.10000000149011612
reward/steer_change,12509,1786559140.620760,-0.10000000149011612
reward/steer_change,12525,1786559142.699029,-0.10000000149011612
reward/steer_change,12541,1786559144.733799,-0.10000000149011612
reward/steer_change,12559,1786559147.045058,-0.10000000149011612
reward/steer_change,12584,1786559150.241852,-0.10000000149011612
reward/steer_change,12600,1786559152.293272,-0.10000000149011612
reward/steer_change,12628,1786559155.873761,-0.10000000149011612
reward/steer_change,12657,1786559159.592756,-0.10000000149011612
reward/steer_change,12685,1786559163.229887,-0.10000000149011612
reward/steer_change,12700,1786559165.208977,-0.10000000149011612
reward/steer_change,12716,1786559167.326824,-0.10000000149011612
reward/steer_change,12733,1786559169.580901,-0.10000000149011612
reward/steer_change,12754,1786559172.733710,-0.10000000149011612
reward/steer_change,12782,1786559176.443631,-0.10000000149011612
reward/steer_change,12812,1786559180.393774,-0.10000000149011612
reward/steer_change,12837,1786559183.651062,-0.10000000149011612
reward/steer_change,12857,1786559186.275260,-0.10000000149011612
reward/steer_change,12876,1786559188.734933,-0.10000000149011612
reward/steer_change,12898,1786559191.526887,-0.10000000149011612
reward/steer_change,12921,1786559194.412206,-0.10000000149011612
reward/steer_change,12941,1786559196.896759,-0.10000000149011612
reward/steer_change,12961,1786559199.402556,-0.10000000149011612
reward/steer_change,12985,1786559202.445991,-0.10000000149011612
reward/steer_change,13009,1786559205.552140,-0.10000000149011612
reward/steer_change,13026,1786559207.720484,-0.10000000149011612
reward/steer_change,13064,1786559214.268083,-0.10000000149011612
reward/steer_change,13078,1786559216.592999,-0.10000000149011612
reward/steer_change,13094,1786559219.228380,-0.10000000149011612
reward/steer_change,13112,1786559222.177018,-0.10000000149011612
reward/steer_change,13126,1786559224.466658,-0.10000000149011612
reward/steer_change,13148,1786559228.030047,-0.10000000149011612
reward/steer_change,13172,1786559231.847558,-0.10000000149011612
reward/steer_change,13192,1786559235.115890,-0.10000000149011612
reward/steer_change,13207,1786559237.571609,-0.10000000149011612
reward/steer_change,13229,1786559241.157430,-0.10000000149011612
reward/steer_change,13252,1786559244.776872,-0.10000000149011612
reward/steer_change,13275,1786559248.365022,-0.10000000149011612
reward/steer_change,13289,1786559250.541302,-0.10000000149011612
reward/steer_change,13319,1786559255.188077,-0.10000000149011612
reward/steer_change,13345,1786559259.151700,-0.10000000149011612
reward/steer_change,13363,1786559261.899301,-0.10000000149011612
reward/steer_change,13376,1786559263.855110,-0.10000000149011612
reward/steer_change,13403,1786559267.897804,-0.10000000149011612
reward/steer_change,13422,1786559270.635905,-0.10000000149011612
reward/steer_change,13437,1786559272.701371,-0.10000000149011612
reward/steer_change,13459,1786559275.692124,-0.10000000149011612
reward/steer_change,13477,1786559278.090646,-0.10000000149011612
reward/steer_change,13493,1786559280.199992,-0.10000000149011612
reward/steer_change,13508,1786559282.139245,-0.10000000149011612
reward/steer_change,13540,1786559286.175081,-0.10000000149011612
reward/steer_change,13559,1786559288.288084,-0.10000000149011612
reward/steer_change,13580,1786559292.720937,-0.10000000149011612
reward/steer_change,13594,1786559294.808213,-0.10000000149011612
reward/steer_change,13612,1786559297.509024,-0.10000000149011612
reward/steer_change,13637,1786559301.204708,-0.10000000149011612
reward/steer_change,13654,1786559303.731712,-0.10000000149011612
reward/steer_change,13667,1786559305.664789,-0.10000000149011612
reward/steer_change,13690,1786559309.002592,-0.10000000149011612
reward/steer_change,13705,1786559311.187114,-0.10000000149011612
reward/steer_change,13726,1786559314.194737,-0.10000000149011612
reward/steer_change,13744,1786559316.769160,-0.10000000149011612
reward/steer_change,13762,1786559319.284055,-0.10000000149011612
reward/steer_change,13783,1786559322.261154,-0.10000000149011612
reward/steer_change,13802,1786559324.951249,-0.10000000149011612
reward/steer_change,13820,1786559327.511613,-0.10000000149011612
reward/steer_change,13846,1786559331.265766,-0.10000000149011612
reward/steer_change,13865,1786559334.011694,-0.10000000149011612
reward/steer_change,13878,1786559335.875644,-0.10000000149011612
reward/steer_change,13898,1786559338.740082,-0.10000000149011612
reward/steer_change,13923,1786559342.245500,-0.10000000149011612
reward/steer_change,13942,1786559344.875270,-0.10000000149011612
reward/steer_change,13962,1786559347.619750,-0.10000000149011612
reward/steer_change,13987,1786559351.033686,-0.10000000149011612
reward/steer_change,14003,1786559353.332247,-0.10000000149011612
reward/steer_change,14030,1786559360.473476,-0.10000000149011612
reward/steer_change,14051,1786559364.738414,-0.10000000149011612
reward/steer_change,14066,1786559367.757697,-0.10000000149011612
reward/steer_change,14094,1786559373.226356,-0.10000000149011612
reward/steer_change,14110,1786559376.299991,-0.10000000149011612
reward/steer_change,14127,1786559379.532659,-0.10000000149011612
reward/steer_change,14150,1786559383.818085,-0.10000000149011612
reward/steer_change,14169,1786559387.323687,-0.10000000149011612
reward/steer_change,14193,1786559391.715119,-0.10000000149011612
reward/steer_change,14210,1786559394.828271,-0.10000000149011612
reward/steer_change,14234,1786559399.204033,-0.10000000149011612
reward/steer_change,14249,1786559401.935724,-0.10000000149011612
reward/steer_change,14268,1786559405.386229,-0.10000000149011612
reward/steer_change,14299,1786559411.006520,-0.10000000149011612
reward/steer_change,14328,1786559416.290074,-0.10000000149011612
reward/steer_change,14345,1786559419.349583,-0.10000000149011612
reward/steer_change,14360,1786559422.008457,-0.10000000149011612
reward/steer_change,14381,1786559424.951559,-0.10000000149011612
reward/steer_change,14399,1786559427.495823,-0.10000000149011612
reward/steer_change,14419,1786559430.247523,-0.10000000149011612
reward/steer_change,14446,1786559434.962280,-0.10000000149011612
reward/steer_change,14458,1786559437.070185,-0.10000000149011612
reward/steer_change,14470,1786559438.531586,-0.10000000149011612
reward/steer_change,14493,1786559441.317720,-0.10000000149011612
reward/steer_change,14510,1786559443.396618,-0.10000000149011612
reward/steer_change,14529,1786559445.742830,-0.10000000149011612
reward/steer_change,14545,1786559447.681470,-0.10000000149011612
reward/steer_change,14569,1786559450.559192,-0.10000000149011612
reward/steer_change,14589,1786559452.949111,-0.10000000149011612
reward/steer_change,14605,1786559454.875913,-0.10000000149011612
reward/steer_change,14624,1786559457.138310,-0.10000000149011612
reward/steer_change,14650,1786559460.146973,-0.10000000149011612
reward/steer_change,14664,1786559461.753782,-0.10000000149011612
reward/steer_change,14681,1786559463.691841,-0.10000000149011612
reward/steer_change,14709,1786559466.830741,-0.10000000149011612
reward/steer_change,14727,1786559468.863381,-0.10000000149011612
reward/steer_change,14750,1786559471.396530,0.0
reward/steer_change,14773,1786559473.811952,-0.10000000149011612
reward/steer_change,14797,1786559476.376824,-0.10000000149011612
reward/steer_change,14817,1786559478.484045,-0.10000000149011612
reward/steer_change,14844,1786559481.220427,-0.10000000149011612
reward/steer_change,14865,1786559483.254396,-0.10000000149011612
reward/steer_change,14885,1786559485.174559,-0.10000000149011612
reward/steer_change,14902,1786559486.711144,-0.10000000149011612
reward/steer_change,14922,1786559490.163698,-0.10000000149011612
reward/steer_change,14940,1786559492.207488,-0.10000000149011612
reward/steer_change,14954,1786559493.769496,-0.10000000149011612
reward/steer_change,14985,1786559497.187933,-0.10000000149011612
reward/steer_change,15002,1786559498.872576,-0.10000000149011612
reward/steer_change,15021,1786559500.835344,-0.10000000149011612
reward/steer_change,15043,1786559503.017483,-0.10000000149011612
reward/steer_change,15062,1786559505.647069,-0.10000000149011612
reward/steer_change,15083,1786559508.448872,-0.10000000149011612
reward/steer_change,15112,1786559512.329840,-0.10000000149011612
reward/steer_change,15131,1786559514.903208,-0.10000000149011612
reward/steer_change,15152,1786559517.717239,-0.10000000149011612
reward/steer_change,15168,1786559519.845226,-0.10000000149011612
reward/steer_change,15192,1786559523.011946,-0.10000000149011612
reward/steer_change,15208,1786559525.134607,-0.10000000149011612
reward/steer_change,15231,1786559528.112302,-0.10000000149011612
reward/steer_change,15251,1786559530.678852,-0.10000000149011612
reward/steer_change,15267,1786559532.702074,-0.10000000149011612
reward/steer_change,15291,1786559535.671419,-0.10000000149011612
reward/steer_change,15306,1786559537.514592,-0.10000000149011612
reward/steer_change,15331,1786559540.600388,-0.10000000149011612
reward/steer_change,15353,1786559543.285939,-0.10000000149011612
reward/steer_change,15371,1786559545.483143,-0.10000000149011612
reward/steer_change,15393,1786559548.168043,-0.10000000149011612
reward/steer_change,15411,1786559550.414413,-0.10000000149011612
reward/steer_change,15434,1786559553.290374,-0.10000000149011612
reward/steer_change,15449,1786559555.145526,-0.10000000149011612
reward/steer_change,15474,1786559558.295623,-0.10000000149011612
reward/steer_change,15497,1786559562.919378,-0.10000000149011612
reward/steer_change,15517,1786559566.220392,-0.10000000149011612
reward/steer_change,15535,1786559569.163458,-0.10000000149011612
reward/steer_change,15553,1786559572.106259,-0.10000000149011612
reward/steer_change,15566,1786559574.242850,-0.10000000149011612
reward/steer_change,15590,1786559578.167028,-0.10000000149011612
reward/steer_change,15614,1786559582.049997,-0.10000000149011612
reward/steer_change,15640,1786559586.266517,-0.10000000149011612
reward/steer_change,15662,1786559589.801541,-0.10000000149011612
reward/steer_change,15687,1786559593.765307,-0.10000000149011612
reward/steer_change,15713,1786559597.853998,-0.10000000149011612
reward/steer_change,15729,1786559600.392952,-0.10000000149011612
reward/steer_change,15753,1786559604.208878,-0.10000000149011612
reward/steer_change,15767,1786559606.421667,-0.10000000149011612
reward/steer_change,15792,1786559610.352136,-0.10000000149011612
reward/steer_change,15815,1786559613.438175,-0.10000000149011612
reward/steer_change,15840,1786559616.745312,-0.10000000149011612
reward/steer_change,15856,1786559618.861737,-0.10000000149011612
reward/steer_change,15884,1786559622.512905,-0.10000000149011612
reward/steer_change,15900,1786559624.583482,-0.10000000149011612
reward/steer_change,15925,1786559627.750082,-0.10000000149011612
reward/steer_change,15940,1786559629.633425,-0.10000000149011612
reward/steer_change,15964,1786559632.773903,-0.10000000149011612
reward/steer_change,15982,1786559635.075941,-0.10000000149011612
reward/steer_change,16008,1786559638.541922,-0.10000000149011612
reward/steer_change,16024,1786559640.592213,-0.10000000149011612
reward/steer_change,16039,1786559642.484971,-0.10000000149011612
reward/steer_change,16062,1786559645.359880,-0.10000000149011612
reward/steer_change,16082,1786559647.844698,-0.10000000149011612
reward/steer_change,16102,1786559650.283746,-0.10000000149011612
reward/steer_change,16113,1786559651.594946,-0.10000000149011612
reward/steer_change,16129,1786559653.484353,-0.10000000149011612
reward/steer_change,16146,1786559655.464063,-0.10000000149011612
reward/steer_change,16166,1786559657.766566,-0.10000000149011612
reward/steer_change,16176,1786559658.939223,-0.10000000149011612
reward/steer_change,16196,1786559661.259548,-0.10000000149011612
reward/steer_change,16211,1786559662.989568,-0.10000000149011612
reward/steer_change,16235,1786559665.760229,-0.10000000149011612
reward/steer_change,16251,1786559667.600770,-0.10000000149011612
reward/steer_change,16275,1786559670.317892,-0.10000000149011612
reward/steer_change,16291,1786559672.186277,-0.10000000149011612
reward/steer_change,16317,1786559675.159617,-0.10000000149011612
reward/steer_change,16349,1786559678.893384,-0.10000000149011612
reward/steer_change,16368,1786559681.135767,-0.10000000149011612
reward/steer_change,16395,1786559684.269158,-0.10000000149011612
reward/steer_change,16408,1786559686.080981,-0.10000000149011612
reward/steer_change,16428,1786559688.812791,-0.10000000149011612
reward/steer_change,16446,1786559691.203164,-0.10000000149011612
reward/steer_change,16466,1786559693.758226,-0.10000000149011612
reward/steer_change,16486,1786559696.309324,-0.10000000149011612
reward/steer_change,16506,1786559698.784282,-0.10000000149011612
reward/steer_change,16529,1786559701.536511,-0.10000000149011612
reward/steer_change,16555,1786559704.555032,-0.10000000149011612
reward/steer_change,16572,1786559706.450969,-0.10000000149011612
reward/steer_change,16585,1786559707.844911,-0.10000000149011612
reward/steer_change,16603,1786559709.735082,-0.10000000149011612
reward/steer_change,16627,1786559712.265419,-0.10000000149011612
reward/steer_change,16645,1786559714.145874,-0.10000000149011612
reward/steer_change,16665,1786559716.243252,-0.10000000149011612
reward/steer_change,16680,1786559717.829355,-0.10000000149011612
reward/steer_change,16697,1786559719.665969,-0.10000000149011612
reward/steer_change,16725,1786559722.771845,-0.10000000149011612
reward/steer_change,16742,1786559724.699400,-0.10000000149011612
reward/steer_change,16769,1786559727.788693,-0.10000000149011612
reward/steer_change,16787,1786559729.825561,-0.10000000149011612
reward/steer_change,16803,1786559731.626691,-0.10000000149011612
reward/steer_change,16823,1786559733.877684,-0.10000000149011612
reward/steer_change,16843,1786559736.095214,-0.10000000149011612
reward/steer_change,16864,1786559738.427691,-0.10000000149011612
reward/steer_change,16885,1786559740.790500,-0.10000000149011612
reward/steer_change,16903,1786559742.853180,-0.10000000149011612
reward/steer_change,16924,1786559745.300530,-0.10000000149011612
reward/steer_change,16942,1786559747.341849,-0.10000000149011612
reward/steer_change,16959,1786559749.238358,-0.10000000149011612
reward/steer_change,16977,1786559751.268248,0.0
reward/steer_change,16997,1786559755.620596,-0.10000000149011612
reward/steer_change,17012,1786559757.561216,-0.10000000149011612
reward/steer_change,17026,1786559759.355329,-0.10000000149011612
reward/steer_change,17045,1786559761.814345,-0.10000000149011612
reward/steer_change,17069,1786559764.922916,-0.10000000149011612
reward/steer_change,17094,1786559767.973856,-0.10000000149011612
reward/steer_change,17116,1786559770.588414,-0.10000000149011612
reward/steer_change,17134,1786559774.668113,-0.10000000149011612
reward/steer_change,17156,1786559777.916417,0.0
reward/steer_change,17173,1786559780.375224,0.0
reward/steer_change,17198,1786559784.191350,-0.10000000149011612
reward/steer_change,17216,1786559786.537218,-0.10000000149011612
reward/steer_change,17243,1786559790.013979,-0.10000000149011612
reward/steer_change,17256,1786559791.687129,-0.10000000149011612
reward/steer_change,17286,1786559795.525226,-0.10000000149011612
reward/steer_change,17322,1786559800.139335,-0.10000000149011612
reward/steer_change,17345,1786559803.101044,-0.10000000149011612
reward/steer_change,17362,1786559805.271242,-0.10000000149011612
reward/steer_change,17388,1786559808.517670,-0.10000000149011612
reward/steer_change,17406,1786559810.714070,-0.10000000149011612
reward/steer_change,17434,1786559814.185589,-0.10000000149011612
reward/steer_change,17458,1786559817.191148,-0.10000000149011612
reward/steer_change,17481,1786559820.043399,-0.10000000149011612
reward/steer_change,17504,1786559822.833177,-0.10000000149011612
reward/steer_change,17521,1786559824.888222,-0.10000000149011612
reward/steer_change,17537,1786559826.795587,-0.10000000149011612
reward/steer_change,17557,1786559829.091992,-0.10000000149011612
reward/steer_change,17577,1786559831.382837,-0.10000000149011612
reward/steer_change,17595,1786559833.438962,-0.10000000149011612
reward/steer_change,17616,1786559835.846481,-0.10000000149011612
reward/steer_change,17630,1786559837.423778,-0.10000000149011612
reward/steer_change,17643,1786559838.880513,-0.10000000149011612
reward/steer_change,17669,1786559841.783687,-0.10000000149011612
reward/steer_change,17687,1786559843.785740,-0.10000000149011612
reward/steer_change,17699,1786559845.088539,-0.10000000149011612
reward/steer_change,17722,1786559847.597295,-0.10000000149011612
reward/steer_change,17735,1786559849.031719,-0.10000000149011612
reward/steer_change,17754,1786559851.106059,-0.10000000149011612
reward/steer_change,17782,1786559854.100688,-0.10000000149011612
reward/steer_change,17805,1786559856.582607,-0.10000000149011612
reward/steer_change,17824,1786559858.634953,-0.10000000149011612
reward/steer_change,17841,1786559860.453134,-0.10000000149011612
reward/steer_change,17866,1786559863.160467,-0.10000000149011612
reward/steer_change,17884,1786559865.105142,-0.10000000149011612
reward/steer_change,17901,1786559866.907987,-0.10000000149011612
reward/steer_change,17925,1786559869.411566,-0.10000000149011612
reward/steer_change,17941,1786559871.064858,-0.10000000149011612
reward/steer_change,17965,1786559873.543242,-0.10000000149011612
reward/steer_change,17980,1786559875.134051,-0.10000000149011612
reward/steer_change,18003,1786559877.662411,-0.10000000149011612
reward/steer_change,18025,1786559879.949124,-0.10000000149011612
reward/steer_change,18042,1786559881.715105,-0.10000000149011612
reward/steer_change,18062,1786559883.808915,-0.10000000149011612
reward/steer_change,18081,1786559885.848057,-0.10000000149011612
reward/steer_change,18107,1786559888.591570,-0.10000000149011612
reward/steer_change,18121,1786559890.083491,-0.10000000149011612
reward/steer_change,18136,1786559891.682432,-0.10000000149011612
reward/steer_change,18153,1786559893.535867,-0.10000000149011612
reward/steer_change,18176,1786559896.105047,-0.10000000149011612
reward/steer_change,18197,1786559898.439020,-0.10000000149011612
reward/steer_change,18215,1786559901.079741,-0.10000000149011612
reward/steer_change,18231,1786559903.054669,-0.10000000149011612
reward/steer_change,18245,1786559904.762114,-0.10000000149011612
reward/steer_change,18265,1786559907.210297,-0.10000000149011612
reward/steer_change,18278,1786559908.761727,-0.10000000149011612
reward/steer_change,18300,1786559911.280647,-0.10000000149011612
reward/steer_change,18318,1786559913.381938,-0.10000000149011612
reward/steer_change,18345,1786559916.472678,-0.10000000149011612
reward/steer_change,18366,1786559921.690408,-0.10000000149011612
reward/steer_change,18390,1786559925.729579,-0.10000000149011612
reward/steer_change,18405,1786559928.232972,-0.10000000149011612
reward/steer_change,18423,1786559931.180745,-0.10000000149011612
reward/steer_change,18441,1786559934.051008,-0.10000000149011612
reward/steer_change,18458,1786559936.730561,-0.10000000149011612
reward/steer_change,18479,1786559940.010554,-0.10000000149011612
reward/steer_change,18504,1786559943.886733,-0.10000000149011612
reward/steer_change,18523,1786559946.789956,-0.10000000149011612
reward/steer_change,18542,1786559949.687943,-0.10000000149011612
reward/steer_change,18556,1786559951.825000,-0.10000000149011612
reward/steer_change,18580,1786559955.491076,-0.10000000149011612
reward/steer_change,18592,1786559957.316581,-0.10000000149011612
reward/steer_change,18607,1786559959.270994,-0.10000000149011612
reward/steer_change,18626,1786559962.117740,-0.10000000149011612
reward/steer_change,18652,1786559965.737307,-0.10000000149011612
reward/steer_change,18670,1786559968.184468,-0.10000000149011612
reward/steer_change,18682,1786559969.632269,-0.10000000149011612
reward/steer_change,18701,1786559972.385130,-0.10000000149011612
reward/steer_change,18722,1786559975.637480,-0.10000000149011612
reward/steer_change,18739,1786559977.925958,-0.10000000149011612
reward/steer_change,18758,1786559980.508709,-0.10000000149011612
reward/steer_change,18778,1786559983.208899,-0.10000000149011612
reward/steer_change,18802,1786559986.369265,-0.10000000149011612
reward/steer_change,18821,1786559988.857451,-0.10000000149011612
reward/steer_change,18839,1786559991.217751,-0.10000000149011612
reward/steer_change,18860,1786559993.996526,-0.10000000149011612
reward/steer_change,18879,1786559996.586559,-0.10000000149011612
reward/steer_change,18894,1786559998.559644,-0.10000000149011612
reward/steer_change,18917,1786560001.592716,-0.10000000149011612
reward/steer_change,18932,1786560003.675050,-0.10000000149011612
reward/steer_change,18953,1786560006.629017,-0.10000000149011612
reward/steer_change,18977,1786560009.328721,-0.10000000149011612
reward/steer_change,18994,1786560011.242913,-0.10000000149011612
reward/steer_change,19014,1786560013.487825,-0.10000000149011612
reward/steer_change,19029,1786560015.142856,-0.10000000149011612
reward/steer_change,19044,1786560016.788181,-0.10000000149011612
reward/steer_change,19070,1786560019.620732,-0.10000000149011612
reward/steer_change,19092,1786560022.074914,-0.10000000149011612
reward/steer_change,19111,1786560024.157009,0.0
reward/steer_change,19135,1786560026.778422,-0.10000000149011612
reward/steer_change,19154,1786560028.878549,-0.10000000149011612
reward/steer_change,19185,1786560032.337704,-0.10000000149011612
reward/steer_change,19206,1786560034.734436,-0.10000000149011612
reward/steer_change,19227,1786560037.437602,-0.10000000149011612
reward/steer_change,19246,1786560039.375174,-0.10000000149011612
reward/steer_change,19275,1786560042.278321,-0.10000000149011612
reward/steer_change,19294,1786560044.167132,-0.10000000149011612
reward/steer_change,19319,1786560046.604395,-0.10000000149011612
reward/steer_change,19343,1786560048.893780,-0.10000000149011612
reward/steer_change,19363,1786560053.207623,-0.10000000149011612
reward/steer_change,19389,1786560057.444127,-0.10000000149011612
reward/steer_change,19408,1786560060.537394,-0.10000000149011612
reward/steer_change,19441,1786560065.962987,0.0
reward/steer_change,19461,1786560069.274166,-0.10000000149011612
reward/steer_change,19480,1786560072.417232,-0.10000000149011612
reward/steer_change,19494,1786560074.521435,-0.10000000149011612
reward/steer_change,19509,1786560076.756064,-0.10000000149011612
reward/steer_change,19534,1786560080.727424,-0.10000000149011612
reward/steer_change,19551,1786560083.080112,-0.10000000149011612
reward/steer_change,19581,1786560087.026970,-0.10000000149011612
reward/steer_change,19596,1786560088.830396,0.0
reward/steer_change,19612,1786560090.742854,-0.10000000149011612
reward/steer_change,19635,1786560093.472230,-0.10000000149011612
reward/steer_change,19665,1786560096.981143,-0.10000000149011612
reward/steer_change,19685,1786560099.299013,-0.10000000149011612
reward/steer_change,19699,1786560100.924730,-0.10000000149011612
reward/steer_change,19714,1786560102.642363,-0.10000000149011612
reward/steer_change,19736,1786560105.112164,-0.10000000149011612
reward/steer_change,19759,1786560107.779077,-0.10000000149011612
reward/steer_change,19772,1786560109.756012,-0.10000000149011612
reward/steer_change,19794,1786560112.309863,-0.10000000149011612
reward/steer_change,19813,1786560114.534507,-0.10000000149011612
reward/steer_change,19831,1786560116.611530,-0.10000000149011612
reward/steer_change,19852,1786560118.985062,-0.10000000149011612
reward/steer_change,19873,1786560121.352312,-0.10000000149011612
reward/steer_change,19887,1786560122.934846,-0.10000000149011612
reward/steer_change,19905,1786560124.942528,-0.10000000149011612
reward/steer_change,19933,1786560128.004249,-0.10000000149011612
reward/steer_change,19947,1786560129.498820,-0.10000000149011612
reward/steer_change,19971,1786560131.986613,-0.10000000149011612
reward/steer_change,20000,1786560135.510297,-0.10000000149011612
traffic/requested_vehicles,70,1786557539.715309,20.0
traffic/requested_vehicles,162,1786557555.565700,20.0
traffic/requested_vehicles,484,1786557591.933806,20.0
traffic/requested_vehicles,517,1786557596.985720,20.0
traffic/requested_vehicles,632,1786557614.429387,20.0
traffic/requested_vehicles,762,1786557628.138547,20.0
traffic/requested_vehicles,935,1786557645.917808,20.0
traffic/requested_vehicles,1063,1786557664.225590,20.0
traffic/requested_vehicles,1289,1786557689.470576,20.0
traffic/requested_vehicles,1361,1786557699.569042,20.0
traffic/requested_vehicles,1591,1786557720.244407,20.0
traffic/requested_vehicles,1706,1786557734.288713,20.0
traffic/requested_vehicles,1797,1786557753.892162,20.0
traffic/requested_vehicles,1952,1786557782.383667,20.0
traffic/requested_vehicles,2043,1786557793.200111,20.0
traffic/requested_vehicles,2127,1786557808.364226,20.0
traffic/requested_vehicles,2225,1786557825.468518,20.0
traffic/requested_vehicles,2305,1786557843.999548,20.0
traffic/requested_vehicles,3505,1786557979.962417,20.0
traffic/requested_vehicles,4146,1786558060.957735,20.0
traffic/requested_vehicles,5346,1786558227.293460,20.0
traffic/requested_vehicles,6060,1786558339.280774,20.0
traffic/requested_vehicles,6704,1786558406.884647,20.0
traffic/requested_vehicles,6775,1786558418.370818,20.0
traffic/requested_vehicles,6922,1786558445.334026,20.0
traffic/requested_vehicles,7341,1786558500.602914,20.0
traffic/requested_vehicles,8003,1786558593.049348,20.0
traffic/requested_vehicles,8647,1786558665.466844,20.0
traffic/requested_vehicles,8719,1786558673.936728,20.0
traffic/requested_vehicles,9418,1786558758.552908,20.0
traffic/requested_vehicles,10090,1786558837.469023,20.0
traffic/requested_vehicles,10749,1786558921.010768,20.0
traffic/requested_vehicles,10824,1786558927.699635,20.0
traffic/requested_vehicles,11262,1786558980.964958,20.0
traffic/requested_vehicles,11612,1786559036.979770,20.0
traffic/requested_vehicles,11755,1786559054.138936,20.0
traffic/requested_vehicles,11833,1786559064.758784,20.0
traffic/requested_vehicles,12141,1786559097.514537,20.0
traffic/requested_vehicles,12269,1786559111.621697,20.0
traffic/requested_vehicles,12479,1786559136.394738,20.0
traffic/requested_vehicles,12738,1786559170.257918,20.0
traffic/requested_vehicles,13059,1786559211.742042,20.0
traffic/requested_vehicles,13568,1786559289.310585,20.0
traffic/requested_vehicles,14005,1786559353.586347,20.0
traffic/requested_vehicles,14452,1786559436.026989,20.0
traffic/requested_vehicles,14914,1786559487.825745,20.0
traffic/requested_vehicles,15054,1786559504.082677,20.0
traffic/requested_vehicles,15496,1786559561.049584,20.0
traffic/requested_vehicles,15777,1786559607.932713,20.0
traffic/requested_vehicles,16407,1786559685.643324,20.0
traffic/requested_vehicles,16977,1786559751.269012,20.0
traffic/requested_vehicles,17122,1786559771.330612,20.0
traffic/requested_vehicles,17191,1786559782.910193,20.0
traffic/requested_vehicles,18198,1786559898.550310,20.0
traffic/requested_vehicles,18349,1786559916.915334,20.0
traffic/requested_vehicles,18710,1786559973.677369,20.0
traffic/requested_vehicles,18940,1786560004.814527,20.0
traffic/requested_vehicles,19226,1786560037.054386,20.0
traffic/requested_vehicles,19353,1786560049.940195,20.0
traffic/requested_vehicles,19763,1786560108.388232,20.0
traffic/requested_vehicles,19998,1786560134.774589,20.0
traffic/requested_vehicles,20000,1786560135.648844,20.0
traffic/requested_walkers,70,1786557539.715365,50.0
traffic/requested_walkers,162,1786557555.565947,50.0
traffic/requested_walkers,484,1786557591.933871,50.0
traffic/requested_walkers,517,1786557596.985780,50.0
traffic/requested_walkers,632,1786557614.429560,50.0
traffic/requested_walkers,762,1786557628.138595,50.0
traffic/requested_walkers,935,1786557645.917910,50.0
traffic/requested_walkers,1063,1786557664.225647,50.0
traffic/requested_walkers,1289,1786557689.470637,50.0
traffic/requested_walkers,1361,1786557699.569340,50.0
traffic/requested_walkers,1591,1786557720.244462,50.0
traffic/requested_walkers,1706,1786557734.288727,50.0
traffic/requested_walkers,1797,1786557753.892179,50.0
traffic/requested_walkers,1952,1786557782.383682,50.0
traffic/requested_walkers,2043,1786557793.200199,50.0
traffic/requested_walkers,2127,1786557808.364253,50.0
traffic/requested_walkers,2225,1786557825.468686,50.0
traffic/requested_walkers,2305,1786557843.999609,50.0
traffic/requested_walkers,3505,1786557979.962431,50.0
traffic/requested_walkers,4146,1786558060.957788,50.0
traffic/requested_walkers,5346,1786558227.293516,50.0
traffic/requested_walkers,6060,1786558339.280841,50.0
traffic/requested_walkers,6704,1786558406.884702,50.0
traffic/requested_walkers,6775,1786558418.370832,50.0
traffic/requested_walkers,6922,1786558445.334041,50.0
traffic/requested_walkers,7341,1786558500.602969,50.0
traffic/requested_walkers,8003,1786558593.049405,50.0
traffic/requested_walkers,8647,1786558665.466899,50.0
traffic/requested_walkers,8719,1786558673.936782,50.0
traffic/requested_walkers,9418,1786558758.552966,50.0
traffic/requested_walkers,10090,1786558837.469078,50.0
traffic/requested_walkers,10749,1786558921.010820,50.0
traffic/requested_walkers,10824,1786558927.699649,50.0
traffic/requested_walkers,11262,1786558980.965055,50.0
traffic/requested_walkers,11612,1786559036.979808,50.0
traffic/requested_walkers,11755,1786559054.138997,50.0
traffic/requested_walkers,11833,1786559064.758850,50.0
traffic/requested_walkers,12141,1786559097.514550,50.0
traffic/requested_walkers,12269,1786559111.621724,50.0
traffic/requested_walkers,12479,1786559136.394794,50.0
traffic/requested_walkers,12738,1786559170.257991,50.0
traffic/requested_walkers,13059,1786559211.742059,50.0
traffic/requested_walkers,13568,1786559289.310657,50.0
traffic/requested_walkers,14005,1786559353.586405,50.0
traffic/requested_walkers,14452,1786559436.027041,50.0
traffic/requested_walkers,14914,1786559487.825799,50.0
traffic/requested_walkers,15054,1786559504.082722,50.0
traffic/requested_walkers,15496,1786559561.049659,50.0
traffic/requested_walkers,15777,1786559607.932748,50.0
traffic/requested_walkers,16407,1786559685.643382,50.0
traffic/requested_walkers,16977,1786559751.269057,50.0
traffic/requested_walkers,17122,1786559771.330668,50.0
traffic/requested_walkers,17191,1786559782.910248,50.0
traffic/requested_walkers,18198,1786559898.550325,50.0
traffic/requested_walkers,18349,1786559916.915349,50.0
traffic/requested_walkers,18710,1786559973.677428,50.0
traffic/requested_walkers,18940,1786560004.814665,50.0
traffic/requested_walkers,19226,1786560037.054403,50.0
traffic/requested_walkers,19353,1786560049.940209,50.0
traffic/requested_walkers,19763,1786560108.388246,50.0
traffic/requested_walkers,19998,1786560134.774603,50.0
traffic/requested_walkers,20000,1786560135.648858,50.0
traffic/spawned_vehicles,70,1786557539.715340,20.0
traffic/spawned_vehicles,162,1786557555.565897,20.0
traffic/spawned_vehicles,484,1786557591.933846,20.0
traffic/spawned_vehicles,517,1786557596.985751,20.0
traffic/spawned_vehicles,632,1786557614.429507,20.0
traffic/spawned_vehicles,762,1786557628.138572,20.0
traffic/spawned_vehicles,935,1786557645.917861,20.0
traffic/spawned_vehicles,1063,1786557664.225622,20.0
traffic/spawned_vehicles,1289,1786557689.470607,20.0
traffic/spawned_vehicles,1361,1786557699.569204,20.0
traffic/spawned_vehicles,1591,1786557720.244436,20.0
traffic/spawned_vehicles,1706,1786557734.288720,20.0
traffic/spawned_vehicles,1797,1786557753.892171,20.0
traffic/spawned_vehicles,1952,1786557782.383675,20.0
traffic/spawned_vehicles,2043,1786557793.200154,20.0
traffic/spawned_vehicles,2127,1786557808.364244,20.0
traffic/spawned_vehicles,2225,1786557825.468525,20.0
traffic/spawned_vehicles,2305,1786557843.999555,20.0
traffic/spawned_vehicles,3505,1786557979.962425,20.0
traffic/spawned_vehicles,4146,1786558060.957761,20.0
traffic/spawned_vehicles,5346,1786558227.293489,20.0
traffic/spawned_vehicles,6060,1786558339.280807,20.0
traffic/spawned_vehicles,6704,1786558406.884695,20.0
traffic/spawned_vehicles,6775,1786558418.370825,20.0
traffic/spawned_vehicles,6922,1786558445.334033,20.0
traffic/spawned_vehicles,7341,1786558500.602942,20.0
traffic/spawned_vehicles,8003,1786558593.049377,20.0
traffic/spawned_vehicles,8647,1786558665.466872,20.0
traffic/spawned_vehicles,8719,1786558673.936755,20.0
traffic/spawned_vehicles,9418,1786558758.552938,20.0
traffic/spawned_vehicles,10090,1786558837.469050,20.0
traffic/spawned_vehicles,10749,1786558921.010794,20.0
traffic/spawned_vehicles,10824,1786558927.699642,20.0
traffic/spawned_vehicles,11262,1786558980.965008,20.0
traffic/spawned_vehicles,11612,1786559036.979776,20.0
traffic/spawned_vehicles,11755,1786559054.138964,20.0
traffic/spawned_vehicles,11833,1786559064.758818,20.0
traffic/spawned_vehicles,12141,1786559097.514543,20.0
traffic/spawned_vehicles,12269,1786559111.621716,20.0
traffic/spawned_vehicles,12479,1786559136.394765,20.0
traffic/spawned_vehicles,12738,1786559170.257954,20.0
traffic/spawned_vehicles,13059,1786559211.742051,20.0
traffic/spawned_vehicles,13568,1786559289.310615,20.0
traffic/spawned_vehicles,14005,1786559353.586376,20.0
traffic/spawned_vehicles,14452,1786559436.027016,20.0
traffic/spawned_vehicles,14914,1786559487.825772,20.0
traffic/spawned_vehicles,15054,1786559504.082684,20.0
traffic/spawned_vehicles,15496,1786559561.049628,20.0
traffic/spawned_vehicles,15777,1786559607.932720,20.0
traffic/spawned_vehicles,16407,1786559685.643352,20.0
traffic/spawned_vehicles,16977,1786559751.269034,20.0
traffic/spawned_vehicles,17122,1786559771.330641,20.0
traffic/spawned_vehicles,17191,1786559782.910221,20.0
traffic/spawned_vehicles,18198,1786559898.550318,20.0
traffic/spawned_vehicles,18349,1786559916.915341,20.0
traffic/spawned_vehicles,18710,1786559973.677398,20.0
traffic/spawned_vehicles,18940,1786560004.814533,20.0
traffic/spawned_vehicles,19226,1786560037.054396,20.0
traffic/spawned_vehicles,19353,1786560049.940202,20.0
traffic/spawned_vehicles,19763,1786560108.388239,20.0
traffic/spawned_vehicles,19998,1786560134.774596,20.0
traffic/spawned_vehicles,20000,1786560135.648851,20.0
traffic/spawned_walkers,70,1786557539.715387,50.0
traffic/spawned_walkers,162,1786557555.565997,50.0
traffic/spawned_walkers,484,1786557591.934006,50.0
traffic/spawned_walkers,517,1786557596.985807,50.0
traffic/spawned_walkers,632,1786557614.429675,50.0
traffic/spawned_walkers,762,1786557628.138616,50.0
traffic/spawned_walkers,935,1786557645.917956,50.0
traffic/spawned_walkers,1063,1786557664.225670,50.0
traffic/spawned_walkers,1289,1786557689.470675,50.0
traffic/spawned_walkers,1361,1786557699.569473,50.0
traffic/spawned_walkers,1591,1786557720.244489,50.0
traffic/spawned_walkers,1706,1786557734.288734,50.0
traffic/spawned_walkers,1797,1786557753.892186,50.0
traffic/spawned_walkers,1952,1786557782.383724,50.0
traffic/spawned_walkers,2043,1786557793.200242,50.0
traffic/spawned_walkers,2127,1786557808.364260,50.0
traffic/spawned_walkers,2225,1786557825.468704,50.0
traffic/spawned_walkers,2305,1786557843.999619,50.0
traffic/spawned_walkers,3505,1786557979.962439,50.0
traffic/spawned_walkers,4146,1786558060.957814,50.0
traffic/spawned_walkers,5346,1786558227.293543,50.0
traffic/spawned_walkers,6060,1786558339.280878,50.0
traffic/spawned_walkers,6704,1786558406.884730,50.0
traffic/spawned_walkers,6775,1786558418.370882,50.0
traffic/spawned_walkers,6922,1786558445.334145,50.0
traffic/spawned_walkers,7341,1786558500.603002,50.0
traffic/spawned_walkers,8003,1786558593.049434,50.0
traffic/spawned_walkers,8647,1786558665.466926,50.0
traffic/spawned_walkers,8719,1786558673.936808,50.0
traffic/spawned_walkers,9418,1786558758.552998,50.0
traffic/spawned_walkers,10090,1786558837.469107,50.0
traffic/spawned_walkers,10749,1786558921.010846,50.0
traffic/spawned_walkers,10824,1786558927.699825,50.0
traffic/spawned_walkers,11262,1786558980.965100,50.0
traffic/spawned_walkers,11612,1786559036.979836,50.0
traffic/spawned_walkers,11755,1786559054.139023,50.0
traffic/spawned_walkers,11833,1786559064.758881,50.0
traffic/spawned_walkers,12141,1786559097.514711,50.0
traffic/spawned_walkers,12269,1786559111.621732,50.0
traffic/spawned_walkers,12479,1786559136.394820,50.0
traffic/spawned_walkers,12738,1786559170.258162,50.0
traffic/spawned_walkers,13059,1786559211.742066,50.0
traffic/spawned_walkers,13568,1786559289.310690,50.0
traffic/spawned_walkers,14005,1786559353.586435,50.0
traffic/spawned_walkers,14452,1786559436.027069,50.0
traffic/spawned_walkers,14914,1786559487.825824,50.0
traffic/spawned_walkers,15054,1786559504.082753,50.0
traffic/spawned_walkers,15496,1786559561.049687,50.0
traffic/spawned_walkers,15777,1786559607.932777,50.0
traffic/spawned_walkers,16407,1786559685.643409,50.0
traffic/spawned_walkers,16977,1786559751.269064,50.0
traffic/spawned_walkers,17122,1786559771.330696,50.0
traffic/spawned_walkers,17191,1786559782.910275,50.0
traffic/spawned_walkers,18198,1786559898.550570,50.0
traffic/spawned_walkers,18349,1786559916.915522,50.0
traffic/spawned_walkers,18710,1786559973.677458,50.0
traffic/spawned_walkers,18940,1786560004.814683,50.0
traffic/spawned_walkers,19226,1786560037.054410,50.0
traffic/spawned_walkers,19353,1786560049.940263,50.0
traffic/spawned_walkers,19763,1786560108.388288,50.0
traffic/spawned_walkers,19998,1786560134.774755,50.0
traffic/spawned_walkers,20000,1786560135.648865,50.0
train/actor_loss,1502,1786557712.839824,-0.37144917249679565
train/actor_loss,1522,1786557714.532314,-0.3294876515865326
train/actor_loss,1546,1786557716.569414,-0.27513107657432556
train/actor_loss,1565,1786557718.131707,-0.3187340497970581
train/actor_loss,1582,1786557719.514366,-0.1768224537372589
train/actor_loss,1599,1786557721.435845,-0.2771601378917694
train/actor_loss,1618,1786557723.656477,-0.03004753403365612
train/actor_loss,1632,1786557725.299091,-0.24714550375938416
train/actor_loss,1649,1786557727.295814,-0.15849970281124115
train/actor_loss,1667,1786557729.470719,-0.18819445371627808
train/actor_loss,1698,1786557733.269260,-0.40156495571136475
train/actor_loss,1714,1786557737.678343,-0.029862504452466965
train/actor_loss,1729,1786557740.678637,-0.03654885292053223
train/actor_loss,1748,1786557744.423664,0.1652064472436905
train/actor_loss,1762,1786557747.133721,0.15852180123329163
train/actor_loss,1781,1786557750.825445,0.16270169615745544
train/actor_loss,1801,1786557756.339576,-0.11179126799106598
train/actor_loss,1814,1786557758.538712,0.045312508940696716
train/actor_loss,1829,1786557761.083075,0.31520703434944153
train/actor_loss,1842,1786557763.347687,-0.05030863732099533
train/actor_loss,1863,1786557766.980272,-0.22084927558898926
train/actor_loss,1887,1786557771.198412,-0.3223004937171936
train/actor_loss,1907,1786557774.692821,0.15655465424060822
train/actor_loss,1925,1786557777.801691,0.02627144753932953
train/actor_loss,1944,1786557781.066715,-0.20024482905864716
train/actor_loss,1966,1786557784.494601,0.10028208047151566
train/actor_loss,1993,1786557787.619025,-0.4134683907032013
train/actor_loss,2013,1786557789.967171,0.34436267614364624
train/actor_loss,2039,1786557792.785937,0.1679418534040451
train/actor_loss,2052,1786557796.512023,0.11683370172977448
train/actor_loss,2075,1786557800.408181,0.32211410999298096
train/actor_loss,2091,1786557803.146029,0.038498520851135254
train/actor_loss,2111,1786557806.469415,0.3061003088951111
train/actor_loss,2129,1786557810.368857,0.2585977613925934
train/actor_loss,2152,1786557813.869711,0.6974235773086548
train/actor_loss,2169,1786557816.522920,0.3784893751144409
train/actor_loss,2187,1786557819.355643,-0.07731135189533234
train/actor_loss,2207,1786557822.572872,0.2513895034790039
train/actor_loss,2228,1786557828.784240,0.12817847728729248
train/actor_loss,2249,1786557832.761382,0.711656928062439
train/actor_loss,2268,1786557836.502918,-0.23578813672065735
train/actor_loss,2289,1786557840.735972,0.12344563752412796
train/actor_loss,2308,1786557844.728418,0.9000638723373413
train/actor_loss,2329,1786557847.275471,0.34352222084999084
train/actor_loss,2349,1786557849.681997,0.6076710224151611
train/actor_loss,2361,1786557851.172086,0.8356430530548096
train/actor_loss,2375,1786557852.959854,1.252631664276123
train/actor_loss,2393,1786557855.232696,0.46694672107696533
train/actor_loss,2407,1786557857.029663,1.1963927745819092
train/actor_loss,2425,1786557859.340781,0.9765582084655762
train/actor_loss,2437,1786557860.827646,0.12055552005767822
train/actor_loss,2453,1786557862.639978,1.2389740943908691
train/actor_loss,2477,1786557865.290253,0.36161383986473083
train/actor_loss,2495,1786557867.310911,0.31314074993133545
train/actor_loss,2511,1786557869.068268,0.30532777309417725
train/actor_loss,2534,1786557871.715159,0.7623580694198608
train/actor_loss,2556,1786557874.247199,-0.0261613130569458
train/actor_loss,2573,1786557876.150667,1.3634827136993408
train/actor_loss,2588,1786557877.882046,-0.045700252056121826
train/actor_loss,2602,1786557879.442474,0.8175406455993652
train/actor_loss,2618,1786557881.204007,0.7847041487693787
train/actor_loss,2643,1786557883.927552,-0.45057743787765503
train/actor_loss,2656,1786557885.383085,0.8088557720184326
train/actor_loss,2674,1786557887.426427,2.0087826251983643
train/actor_loss,2690,1786557889.147338,1.3205105066299438
train/actor_loss,2711,1786557891.402263,0.4762401878833771
train/actor_loss,2726,1786557893.087787,1.3182774782180786
train/actor_loss,2746,1786557895.265981,0.605095386505127
train/actor_loss,2761,1786557896.904361,0.21233516931533813
train/actor_loss,2772,1786557898.150991,1.5473089218139648
train/actor_loss,2786,1786557899.707540,0.18104055523872375
train/actor_loss,2811,1786557902.516122,0.16325129568576813
train/actor_loss,2830,1786557904.576505,0.3410987854003906
train/actor_loss,2843,1786557905.946014,0.5163067579269409
train/actor_loss,2861,1786557907.858819,0.5188226103782654
train/actor_loss,2881,1786557909.985243,0.32950714230537415
train/actor_loss,2899,1786557911.914608,1.335943579673767
train/actor_loss,2911,1786557913.150566,0.7854827642440796
train/actor_loss,2927,1786557914.827103,0.3264352083206177
train/actor_loss,2944,1786557916.593610,-0.07422879338264465
train/actor_loss,2962,1786557918.474315,0.06421244889497757
train/actor_loss,2977,1786557920.024150,0.8408321142196655
train/actor_loss,2997,1786557922.049148,0.5931657552719116
train/actor_loss,3026,1786557924.967307,0.08543148636817932
train/actor_loss,3043,1786557926.726161,0.41417112946510315
train/actor_loss,3067,1786557929.158639,0.9450377225875854
train/actor_loss,3082,1786557930.660907,0.5891830921173096
train/actor_loss,3102,1786557932.683687,0.40086209774017334
train/actor_loss,3115,1786557934.014467,0.6424785852432251
train/actor_loss,3128,1786557935.315818,1.1162374019622803
train/actor_loss,3143,1786557936.824185,0.07920515537261963
train/actor_loss,3159,1786557938.430900,0.6995633840560913
train/actor_loss,3180,1786557940.532259,0.8703789710998535
train/actor_loss,3197,1786557942.224854,0.4526687264442444
train/actor_loss,3217,1786557944.199635,0.3760773837566376
train/actor_loss,3230,1786557945.514020,0.47720271348953247
train/actor_loss,3247,1786557947.248856,0.03711891174316406
train/actor_loss,3259,1786557948.470937,-0.13942761719226837
train/actor_loss,3274,1786557950.000219,0.09641596674919128
train/actor_loss,3290,1786557951.606158,1.1411875486373901
train/actor_loss,3309,1786557953.510458,0.1866060197353363
train/actor_loss,3327,1786557955.436749,-0.0621638298034668
train/actor_loss,3356,1786557959.106526,1.1356741189956665
train/actor_loss,3372,1786557961.249011,0.29035109281539917
train/actor_loss,3392,1786557964.021118,0.47431206703186035
train/actor_loss,3407,1786557966.106488,0.7900062203407288
train/actor_loss,3430,1786557969.426392,-0.7667345404624939
train/actor_loss,3449,1786557972.109698,0.6853834390640259
train/actor_loss,3468,1786557974.804476,-0.54160475730896
train/actor_loss,3494,1786557978.424601,-0.14766079187393188
train/actor_loss,3513,1786557981.471035,-1.0192999839782715
train/actor_loss,3528,1786557983.523429,-0.08767722547054291
train/actor_loss,3544,1786557985.670966,0.29802238941192627
train/actor_loss,3555,1786557987.086947,0.7151921987533569
train/actor_loss,3571,1786557989.163737,-0.23003941774368286
train/actor_loss,3595,1786557992.280625,0.7929515838623047
train/actor_loss,3612,1786557994.440130,-0.3538437485694885
train/actor_loss,3634,1786557997.252640,0.8208880424499512
train/actor_loss,3657,1786558000.151259,-0.5412338972091675
train/actor_loss,3678,1786558002.779604,-0.7413839101791382
train/actor_loss,3706,1786558006.231696,-0.4024761915206909
train/actor_loss,3722,1786558008.187349,1.0701396465301514
train/actor_loss,3733,1786558009.545635,-0.7874189615249634
train/actor_loss,3747,1786558011.274083,1.0360562801361084
train/actor_loss,3761,1786558013.013789,0.7482706904411316
train/actor_loss,3783,1786558015.797807,-0.9002511501312256
train/actor_loss,3803,1786558018.271823,0.0713353306055069
train/actor_loss,3822,1786558020.550648,0.9984381794929504
train/actor_loss,3840,1786558022.689451,-0.46142643690109253
train/actor_loss,3866,1786558025.784168,0.637734591960907
train/actor_loss,3886,1786558028.129076,0.11774221062660217
train/actor_loss,3906,1786558030.472634,-1.291473388671875
train/actor_loss,3924,1786558032.573769,-0.7807074785232544
train/actor_loss,3948,1786558035.333288,-1.338253140449524
train/actor_loss,3961,1786558036.818488,-0.5728830695152283
train/actor_loss,3975,1786558038.397864,0.13186386227607727
train/actor_loss,3989,1786558039.951212,-1.6731458902359009
train/actor_loss,4003,1786558041.583195,1.055634617805481
train/actor_loss,4029,1786558044.521097,-1.1604366302490234
train/actor_loss,4047,1786558046.501095,-1.7672622203826904
train/actor_loss,4064,1786558048.335951,-0.2638322114944458
train/actor_loss,4080,1786558050.002752,-1.5030604600906372
train/actor_loss,4103,1786558053.264727,-1.6522376537322998
train/actor_loss,4122,1786558056.524285,-0.7575520277023315
train/actor_loss,4148,1786558061.575782,-0.7381996512413025
train/actor_loss,4165,1786558063.668566,-0.044740498065948486
train/actor_loss,4189,1786558066.664376,-1.1255731582641602
train/actor_loss,4209,1786558069.106106,-1.9305280447006226
train/actor_loss,4232,1786558071.888002,-0.40685009956359863
train/actor_loss,4256,1786558074.747377,-0.6846519708633423
train/actor_loss,4278,1786558077.367507,-0.717374861240387
train/actor_loss,4310,1786558081.109365,-1.1314396858215332
train/actor_loss,4328,1786558083.181239,-0.6948884725570679
train/actor_loss,4348,1786558085.458473,-0.9597254395484924
train/actor_loss,4363,1786558087.176842,-0.9892338514328003
train/actor_loss,4381,1786558089.171982,-0.8782100081443787
train/actor_loss,4397,1786558090.938271,-1.7167332172393799
train/actor_loss,4418,1786558093.224690,-1.1715747117996216
train/actor_loss,4435,1786558094.969483,-0.9974734783172607
train/actor_loss,4453,1786558097.662312,-1.883657455444336
train/actor_loss,4467,1786558099.613489,-1.960070252418518
train/actor_loss,4487,1786558102.517622,-2.46380352973938
train/actor_loss,4506,1786558105.391310,-1.3616836071014404
train/actor_loss,4530,1786558109.067656,-1.6359307765960693
train/actor_loss,4547,1786558111.651646,-0.6686891317367554
train/actor_loss,4564,1786558114.318976,-1.7769140005111694
train/actor_loss,4588,1786558118.073925,-3.205604314804077
train/actor_loss,4607,1786558120.997853,-2.6161906719207764
train/actor_loss,4633,1786558125.022563,-1.650195837020874
train/actor_loss,4655,1786558128.353670,-0.9617255330085754
train/actor_loss,4672,1786558130.990218,-2.3671770095825195
train/actor_loss,4690,1786558133.800879,-3.141977548599243
train/actor_loss,4705,1786558136.051328,0.18004930019378662
train/actor_loss,4722,1786558138.564294,-2.7498250007629395
train/actor_loss,4751,1786558142.967530,-1.8013396263122559
train/actor_loss,4771,1786558145.903599,-3.192476272583008
train/actor_loss,4794,1786558149.259920,-2.637704372406006
train/actor_loss,4809,1786558151.468510,-3.0954062938690186
train/actor_loss,4834,1786558155.134559,-1.0812392234802246
train/actor_loss,4847,1786558157.036420,-2.407350540161133
train/actor_loss,4868,1786558160.092296,-2.0995287895202637
train/actor_loss,4882,1786558162.136949,-2.8154306411743164
train/actor_loss,4910,1786558166.166955,-2.7509684562683105
train/actor_loss,4925,1786558168.317825,-1.6772232055664062
train/actor_loss,4936,1786558169.853163,-2.7429418563842773
train/actor_loss,4952,1786558172.076376,-1.5092612504959106
train/actor_loss,4974,1786558175.165689,-1.946986198425293
train/actor_loss,4988,1786558177.166195,-3.3585307598114014
train/actor_loss,5009,1786558180.150537,-3.73893404006958
train/actor_loss,5028,1786558182.885137,-3.295522451400757
train/actor_loss,5043,1786558185.065002,-3.419983148574829
train/actor_loss,5061,1786558187.614036,-1.63014817237854
train/actor_loss,5081,1786558190.430042,-2.9404830932617188
train/actor_loss,5100,1786558193.171363,-1.7546372413635254
train/actor_loss,5122,1786558196.372496,-3.854372024536133
train/actor_loss,5147,1786558199.969077,-3.794908046722412
train/actor_loss,5168,1786558202.911958,-3.050062894821167
train/actor_loss,5183,1786558205.032817,-2.3332700729370117
train/actor_loss,5196,1786558206.888257,-3.89378023147583
train/actor_loss,5214,1786558209.598619,-3.219902515411377
train/actor_loss,5226,1786558211.495465,-1.8336435556411743
train/actor_loss,5249,1786558214.741661,-3.679260492324829
train/actor_loss,5267,1786558217.124723,-1.8805582523345947
train/actor_loss,5283,1786558219.225181,-2.8130898475646973
train/actor_loss,5298,1786558221.167350,-1.6924108266830444
train/actor_loss,5312,1786558222.966003,-3.0779683589935303
train/actor_loss,5330,1786558225.301432,-0.9151396155357361
train/actor_loss,5349,1786558228.032171,-4.6126604080200195
train/actor_loss,5364,1786558230.069007,-3.481812000274658
train/actor_loss,5389,1786558233.435858,-4.450699806213379
train/actor_loss,5403,1786558235.398992,-2.505707263946533
train/actor_loss,5422,1786558237.951256,-3.1852126121520996
train/actor_loss,5434,1786558239.542682,-2.6676080226898193
train/actor_loss,5449,1786558241.547901,-2.100825786590576
train/actor_loss,5465,1786558243.680126,-3.135411262512207
train/actor_loss,5482,1786558246.079034,-2.9496145248413086
train/actor_loss,5502,1786558248.915442,-4.438990116119385
train/actor_loss,5520,1786558252.166939,-4.812610626220703
train/actor_loss,5537,1786558255.028351,-1.868276596069336
train/actor_loss,5553,1786558257.711477,-2.421818733215332
train/actor_loss,5566,1786558259.877202,-1.9759427309036255
train/actor_loss,5584,1786558262.915394,-2.171051025390625
train/actor_loss,5600,1786558265.589465,-2.9531567096710205
train/actor_loss,5617,1786558268.412616,-3.8988070487976074
train/actor_loss,5641,1786558272.393062,-2.386171340942383
train/actor_loss,5662,1786558275.877856,-3.4058735370635986
train/actor_loss,5679,1786558278.702469,-2.4171600341796875
train/actor_loss,5701,1786558282.351009,-4.505130767822266
train/actor_loss,5715,1786558284.637058,-2.4925217628479004
train/actor_loss,5730,1786558287.109444,-3.941777467727661
train/actor_loss,5748,1786558290.047894,-3.8023033142089844
train/actor_loss,5763,1786558292.446997,-3.5645761489868164
train/actor_loss,5780,1786558295.210555,-3.3404436111450195
train/actor_loss,5798,1786558298.099943,-3.10312557220459
train/actor_loss,5812,1786558300.328629,-3.2428388595581055
train/actor_loss,5832,1786558303.533887,-3.38962984085083
train/actor_loss,5862,1786558308.414871,-2.059255361557007
train/actor_loss,5874,1786558310.389964,-4.948152542114258
train/actor_loss,5892,1786558313.317387,-2.1980013847351074
train/actor_loss,5919,1786558317.602662,-2.932799816131592
train/actor_loss,5939,1786558320.758021,-5.631730556488037
train/actor_loss,5955,1786558323.261864,-4.303429126739502
train/actor_loss,5974,1786558326.293073,-3.6292216777801514
train/actor_loss,5990,1786558328.826844,-4.271915435791016
train/actor_loss,6023,1786558333.963928,-4.3220672607421875
train/actor_loss,6038,1786558336.181005,-3.3567845821380615
train/actor_loss,6061,1786558339.727194,-3.012768268585205
train/actor_loss,6084,1786558342.399043,-4.307542324066162
train/actor_loss,6098,1786558344.023013,-2.9723920822143555
train/actor_loss,6113,1786558345.718387,-3.203207492828369
train/actor_loss,6133,1786558347.934428,-4.044574737548828
train/actor_loss,6153,1786558350.093323,-3.210134506225586
train/actor_loss,6175,1786558352.332479,-2.157196521759033
train/actor_loss,6188,1786558353.602226,-3.4231271743774414
train/actor_loss,6205,1786558355.242320,-5.02722692489624
train/actor_loss,6223,1786558356.960910,-5.348006725311279
train/actor_loss,6242,1786558358.786373,-3.7130048274993896
train/actor_loss,6264,1786558360.904440,-3.5313668251037598
train/actor_loss,6276,1786558362.072360,-4.441896438598633
train/actor_loss,6298,1786558364.218746,-5.168886184692383
train/actor_loss,6313,1786558365.692536,-3.470089912414551
train/actor_loss,6326,1786558366.997295,-3.339585542678833
train/actor_loss,6338,1786558368.222277,-3.7597153186798096
train/actor_loss,6354,1786558369.860204,-2.2121899127960205
train/actor_loss,6368,1786558371.348289,-3.5810182094573975
train/actor_loss,6383,1786558372.956413,-4.118776321411133
train/actor_loss,6401,1786558374.887268,-4.141911029815674
train/actor_loss,6416,1786558376.478412,-5.406951427459717
train/actor_loss,6440,1786558378.974406,-6.189551830291748
train/actor_loss,6456,1786558380.660117,-5.61056661605835
train/actor_loss,6478,1786558382.961101,-5.212489128112793
train/actor_loss,6490,1786558384.206366,-5.127696990966797
train/actor_loss,6508,1786558386.093058,-4.440873146057129
train/actor_loss,6530,1786558388.414563,-3.470367670059204
train/actor_loss,6549,1786558390.445781,-7.107651710510254
train/actor_loss,6565,1786558392.162528,-4.531527996063232
train/actor_loss,6588,1786558394.689160,-6.125270366668701
train/actor_loss,6614,1786558397.526621,-6.409039497375488
train/actor_loss,6629,1786558399.248751,-6.233447074890137
train/actor_loss,6642,1786558400.635952,-4.95763635635376
train/actor_loss,6658,1786558402.316673,-3.9229929447174072
train/actor_loss,6678,1786558404.296026,-4.6081085205078125
train/actor_loss,6699,1786558406.346276,-4.809271335601807
train/actor_loss,6728,1786558412.074479,-5.740270137786865
train/actor_loss,6746,1786558414.617140,-6.50566291809082
train/actor_loss,6762,1786558416.786801,-5.545429229736328
train/actor_loss,6778,1786558420.922855,-4.514188766479492
train/actor_loss,6792,1786558423.322853,-6.451384544372559
train/actor_loss,6819,1786558427.934874,-5.444399833679199
train/actor_loss,6840,1786558431.660948,-3.8446645736694336
train/actor_loss,6863,1786558435.570841,-6.204655170440674
train/actor_loss,6879,1786558438.210417,-5.96015739440918
train/actor_loss,6892,1786558440.319457,-5.749346733093262
train/actor_loss,6913,1786558443.688967,-5.505465507507324
train/actor_loss,6928,1786558446.483658,-5.60905647277832
train/actor_loss,6942,1786558448.398634,-7.603241920471191
train/actor_loss,6957,1786558450.401698,-5.110269546508789
train/actor_loss,6985,1786558454.121159,-6.537304878234863
train/actor_loss,6997,1786558455.715862,-4.487000465393066
train/actor_loss,7024,1786558459.331995,-3.9246199131011963
train/actor_loss,7039,1786558461.337128,-5.982511520385742
train/actor_loss,7057,1786558463.718822,-5.36176872253418
train/actor_loss,7071,1786558465.539646,-5.715453624725342
train/actor_loss,7093,1786558468.381807,-7.532838821411133
train/actor_loss,7111,1786558470.668761,-7.722873687744141
train/actor_loss,7131,1786558473.220879,-4.918344020843506
train/actor_loss,7150,1786558475.652909,-4.622566223144531
train/actor_loss,7166,1786558477.703580,-5.465878486633301
train/actor_loss,7178,1786558479.236809,-5.420173645019531
train/actor_loss,7190,1786558480.791599,-5.161618232727051
train/actor_loss,7207,1786558482.987696,-4.676851272583008
train/actor_loss,7232,1786558486.214530,-7.125380039215088
train/actor_loss,7256,1786558489.340496,-4.24539041519165
train/actor_loss,7273,1786558491.549675,-5.737985610961914
train/actor_loss,7288,1786558493.550183,-4.089294910430908
train/actor_loss,7303,1786558495.529520,-6.249070167541504
train/actor_loss,7319,1786558497.647655,-6.86350154876709
train/actor_loss,7335,1786558499.783328,-7.587794780731201
train/actor_loss,7353,1786558504.315827,-6.247081756591797
train/actor_loss,7377,1786558508.101632,-6.493007659912109
train/actor_loss,7393,1786558510.644427,-5.568548679351807
train/actor_loss,7412,1786558513.611877,-6.743297576904297
train/actor_loss,7430,1786558516.429726,-5.557979583740234
train/actor_loss,7444,1786558518.591174,-6.728870868682861
train/actor_loss,7462,1786558521.376251,-7.939570426940918
train/actor_loss,7483,1786558524.601748,-7.339145660400391
train/actor_loss,7504,1786558527.794166,-7.070273399353027
train/actor_loss,7524,1786558530.816066,-5.66454553604126
train/actor_loss,7541,1786558533.402783,-8.088251113891602
train/actor_loss,7558,1786558535.977630,-7.800485610961914
train/actor_loss,7577,1786558538.787751,-6.553459167480469
train/actor_loss,7592,1786558541.073930,-6.323753356933594
train/actor_loss,7608,1786558543.420492,-6.526449203491211
train/actor_loss,7633,1786558546.941999,-6.044903755187988
train/actor_loss,7646,1786558548.837687,-5.988152503967285
train/actor_loss,7662,1786558551.130993,-6.627232551574707
train/actor_loss,7686,1786558554.647455,-6.0519585609436035
train/actor_loss,7709,1786558557.599629,-5.978454113006592
train/actor_loss,7729,1786558560.595095,-7.857630729675293
train/actor_loss,7744,1786558562.752762,-8.310283660888672
train/actor_loss,7770,1786558566.012894,-7.160340785980225
train/actor_loss,7794,1786558569.042882,-5.774514198303223
train/actor_loss,7807,1786558570.574392,-4.898675918579102
train/actor_loss,7828,1786558573.044254,-6.853077411651611
train/actor_loss,7842,1786558574.677431,-8.854025840759277
train/actor_loss,7862,1786558577.014108,-6.0361504554748535
train/actor_loss,7882,1786558579.371608,-9.244241714477539
train/actor_loss,7909,1786558582.431607,-9.197052001953125
train/actor_loss,7926,1786558584.341186,-3.838118553161621
train/actor_loss,7948,1786558586.805188,-5.248080730438232
train/actor_loss,7964,1786558588.559907,-7.128627777099609
train/actor_loss,7980,1786558590.309793,-8.11196231842041
train/actor_loss,8005,1786558593.628162,-8.544368743896484
train/actor_loss,8024,1786558596.101079,-7.805959701538086
train/actor_loss,8043,1786558598.527848,-6.278059005737305
train/actor_loss,8062,1786558600.885733,-6.251726150512695
train/actor_loss,8081,1786558603.224375,-5.9501848220825195
train/actor_loss,8098,1786558605.297704,-6.401259422302246
train/actor_loss,8116,1786558607.423384,-5.618300437927246
train/actor_loss,8138,1786558609.962939,-5.261301040649414
train/actor_loss,8157,1786558612.037215,-7.379749298095703
train/actor_loss,8177,1786558614.132147,-6.537950038909912
train/actor_loss,8197,1786558616.230617,-10.579938888549805
train/actor_loss,8215,1786558618.112018,-5.043096542358398
train/actor_loss,8231,1786558619.792342,-7.544910907745361
train/actor_loss,8254,1786558622.204203,-6.063060760498047
train/actor_loss,8276,1786558624.541933,-9.00302505493164
train/actor_loss,8295,1786558626.612132,-5.101330280303955
train/actor_loss,8314,1786558628.719974,-5.399687767028809
train/actor_loss,8329,1786558630.395868,-7.664921283721924
train/actor_loss,8346,1786558632.326823,-8.01213264465332
train/actor_loss,8361,1786558634.025177,-5.49821662902832
train/actor_loss,8375,1786558635.605022,-8.917028427124023
train/actor_loss,8390,1786558637.290886,-6.734069347381592
train/actor_loss,8409,1786558639.434211,-6.589419364929199
train/actor_loss,8424,1786558641.113018,-7.0988640785217285
train/actor_loss,8451,1786558644.114174,-10.01933765411377
train/actor_loss,8469,1786558646.084162,-9.598196029663086
train/actor_loss,8481,1786558647.406118,-7.313796043395996
train/actor_loss,8499,1786558649.434613,-8.313072204589844
train/actor_loss,8518,1786558651.577724,-7.038207530975342
train/actor_loss,8533,1786558653.281739,-9.026881217956543
train/actor_loss,8553,1786558655.552502,-10.040017127990723
train/actor_loss,8574,1786558657.855951,-9.886037826538086
train/actor_loss,8589,1786558659.497518,-7.97292947769165
train/actor_loss,8618,1786558662.536772,-8.231964111328125
train/actor_loss,8635,1786558664.235810,-5.204636573791504
train/actor_loss,8654,1786558666.602039,-8.909414291381836
train/actor_loss,8672,1786558668.618772,-6.766109943389893
train/actor_loss,8688,1786558670.410322,-10.752117156982422
train/actor_loss,8704,1786558672.219571,-9.115750312805176
train/actor_loss,8720,1786558674.441230,-7.504691123962402
train/actor_loss,8743,1786558677.527877,-7.856369972229004
train/actor_loss,8761,1786558679.931293,-6.3976945877075195
train/actor_loss,8785,1786558683.132898,-6.973177433013916
train/actor_loss,8801,1786558685.264213,-6.734915733337402
train/actor_loss,8821,1786558687.905548,-7.469772815704346
train/actor_loss,8835,1786558689.750949,-9.019359588623047
train/actor_loss,8856,1786558692.494038,-7.841796875
train/actor_loss,8874,1786558694.828943,-9.439697265625
train/actor_loss,8895,1786558697.456377,-6.527549743652344
train/actor_loss,8911,1786558699.425205,-9.607620239257812
train/actor_loss,8933,1786558702.130900,-9.363853454589844
train/actor_loss,8945,1786558703.614189,-7.630063533782959
train/actor_loss,8973,1786558707.066747,-9.911998748779297
train/actor_loss,8986,1786558708.674838,-9.11284065246582
train/actor_loss,9012,1786558711.851928,-7.7094221115112305
train/actor_loss,9032,1786558714.259349,-9.191740036010742
train/actor_loss,9047,1786558716.067704,-7.778611183166504
train/actor_loss,9062,1786558717.875267,-8.513420104980469
train/actor_loss,9080,1786558720.016313,-9.94909381866455
train/actor_loss,9106,1786558723.073143,-8.74772834777832
train/actor_loss,9134,1786558726.281316,-9.105087280273438
train/actor_loss,9150,1786558728.085389,-9.46621322631836
train/actor_loss,9167,1786558729.972915,-10.016517639160156
train/actor_loss,9184,1786558731.848389,-11.17741584777832
train/actor_loss,9212,1786558734.975004,-7.643223285675049
train/actor_loss,9226,1786558736.547473,-7.595613479614258
train/actor_loss,9245,1786558738.690011,-11.081279754638672
train/actor_loss,9268,1786558741.280823,-8.562887191772461
train/actor_loss,9285,1786558743.196162,-10.498779296875
train/actor_loss,9299,1786558744.797191,-5.193958759307861
train/actor_loss,9322,1786558747.454945,-9.957509994506836
train/actor_loss,9346,1786558750.205531,-8.869771003723145
train/actor_loss,9360,1786558751.823687,-7.628747940063477
train/actor_loss,9375,1786558753.582061,-7.226103782653809
train/actor_loss,9387,1786558754.990658,-7.755651473999023
train/actor_loss,9409,1786558757.517638,-8.733242988586426
train/actor_loss,9427,1786558759.958623,-10.880434036254883
train/actor_loss,9448,1786558762.477985,-7.490744590759277
train/actor_loss,9464,1786558764.418790,-9.703323364257812
train/actor_loss,9487,1786558767.178541,-8.743881225585938
train/actor_loss,9503,1786558769.091527,-8.792686462402344
train/actor_loss,9517,1786558770.771759,-7.961000442504883
train/actor_loss,9535,1786558772.900909,-6.513921737670898
train/actor_loss,9555,1786558775.270457,-11.894535064697266
train/actor_loss,9579,1786558778.102759,-12.70770263671875
train/actor_loss,9596,1786558780.099615,-11.692068099975586
train/actor_loss,9616,1786558782.451898,-9.228927612304688
train/actor_loss,9630,1786558784.052473,-8.915399551391602
train/actor_loss,9653,1786558786.657146,-10.227577209472656
train/actor_loss,9669,1786558788.477130,-11.0346040725708
train/actor_loss,9688,1786558790.579363,-11.548704147338867
train/actor_loss,9710,1786558793.061874,-12.54275131225586
train/actor_loss,9726,1786558794.799865,-8.27656078338623
train/actor_loss,9741,1786558796.421626,-8.728145599365234
train/actor_loss,9764,1786558798.926590,-9.086541175842285
train/actor_loss,9777,1786558800.351939,-10.523123741149902
train/actor_loss,9796,1786558802.439132,-8.918046951293945
train/actor_loss,9820,1786558805.158048,-10.1332368850708
train/actor_loss,9838,1786558807.143937,-8.779756546020508
train/actor_loss,9858,1786558809.394997,-6.555771827697754
train/actor_loss,9881,1786558812.093072,-10.381315231323242
train/actor_loss,9901,1786558814.433294,-9.295282363891602
train/actor_loss,9915,1786558816.128861,-9.119997024536133
train/actor_loss,9929,1786558817.852409,-11.4056396484375
train/actor_loss,9946,1786558819.920036,-8.590764045715332
train/actor_loss,9968,1786558822.571035,-12.727237701416016
train/actor_loss,9987,1786558824.886227,-13.638964653015137
train/actor_loss,10003,1786558826.982928,-10.273061752319336
train/actor_loss,10026,1786558829.754795,-9.946538925170898
train/actor_loss,10041,1786558831.552815,-12.155481338500977
train/actor_loss,10062,1786558834.103346,-7.0579023361206055
train/actor_loss,10086,1786558836.985735,-9.375494956970215
train/actor_loss,10104,1786558841.405359,-8.84034252166748
train/actor_loss,10124,1786558844.710334,-11.78435230255127
train/actor_loss,10148,1786558848.673896,-5.891314506530762
train/actor_loss,10164,1786558851.363260,-6.255629062652588
train/actor_loss,10184,1786558854.655704,-10.772970199584961
train/actor_loss,10204,1786558858.005956,-6.25992488861084
train/actor_loss,10226,1786558861.846000,-10.498123168945312
train/actor_loss,10243,1786558864.311339,-11.461483001708984
train/actor_loss,10257,1786558866.325798,-9.163578033447266
train/actor_loss,10275,1786558868.803104,-7.418013572692871
train/actor_loss,10290,1786558870.855803,-8.10038948059082
train/actor_loss,10310,1786558873.431408,-7.061838150024414
train/actor_loss,10335,1786558876.765918,-10.822375297546387
train/actor_loss,10352,1786558878.964796,-9.733682632446289
train/actor_loss,10372,1786558881.499258,-12.725565910339355
train/actor_loss,10387,1786558883.369398,-12.342288970947266
train/actor_loss,10406,1786558885.703932,-10.442083358764648
train/actor_loss,10429,1786558888.429720,-11.166637420654297
train/actor_loss,10445,1786558890.234598,-9.425992965698242
train/actor_loss,10464,1786558892.334399,-9.551704406738281
train/actor_loss,10478,1786558893.871121,-11.053592681884766
train/actor_loss,10494,1786558895.573744,-9.582732200622559
train/actor_loss,10505,1786558896.731492,-9.709924697875977
train/actor_loss,10526,1786558898.926632,-12.868592262268066
train/actor_loss,10545,1786558900.868138,-11.938791275024414
train/actor_loss,10566,1786558902.992362,-12.16135311126709
train/actor_loss,10591,1786558905.486688,-12.894079208374023
train/actor_loss,10610,1786558907.379002,-10.36877727508545
train/actor_loss,10627,1786558909.039547,-11.585410118103027
train/actor_loss,10641,1786558910.404487,-13.048189163208008
train/actor_loss,10662,1786558912.445896,-12.830641746520996
train/actor_loss,10678,1786558913.997068,-12.947096824645996
train/actor_loss,10698,1786558915.956038,-9.05815601348877
train/actor_loss,10721,1786558918.226877,-10.637088775634766
train/actor_loss,10738,1786558919.909969,-9.970914840698242
train/actor_loss,10754,1786558921.785964,-11.34002685546875
train/actor_loss,10772,1786558923.359884,-6.428956985473633
train/actor_loss,10796,1786558925.406039,-8.121973037719727
train/actor_loss,10810,1786558926.561867,-9.257749557495117
train/actor_loss,10824,1786558927.698691,-10.592741012573242
train/actor_loss,10838,1786558931.077751,-6.279905796051025
train/actor_loss,10862,1786558934.097573,-9.561797142028809
train/actor_loss,10883,1786558936.811071,-10.995662689208984
train/actor_loss,10901,1786558939.160632,-11.465208053588867
train/actor_loss,10914,1786558940.880435,-7.4803032875061035
train/actor_loss,10932,1786558943.226185,-9.425294876098633
train/actor_loss,10945,1786558944.904078,-11.107715606689453
train/actor_loss,10968,1786558947.700149,-9.14118766784668
train/actor_loss,10981,1786558949.310144,-12.597206115722656
train/actor_loss,10999,1786558951.557418,-11.95438003540039
train/actor_loss,11018,1786558953.779312,-11.61318302154541
train/actor_loss,11035,1786558955.825953,-10.850645065307617
train/actor_loss,11050,1786558957.553046,-6.915753364562988
train/actor_loss,11070,1786558959.848076,-8.32066535949707
train/actor_loss,11090,1786558962.146048,-10.55565357208252
train/actor_loss,11111,1786558964.546935,-11.312530517578125
train/actor_loss,11125,1786558966.146713,-11.99755573272705
train/actor_loss,11140,1786558967.839718,-8.96708869934082
train/actor_loss,11155,1786558969.519115,-8.060613632202148
train/actor_loss,11174,1786558971.666001,-10.362621307373047
train/actor_loss,11186,1786558973.019158,-13.756009101867676
train/actor_loss,11203,1786558974.875326,-9.60103988647461
train/actor_loss,11222,1786558976.904185,-8.249671936035156
train/actor_loss,11240,1786558978.786386,-6.929953575134277
train/actor_loss,11263,1786558982.866614,-10.668510437011719
train/actor_loss,11276,1786558985.060986,-7.814610004425049
train/actor_loss,11296,1786558988.442024,-8.128063201904297
train/actor_loss,11311,1786558991.001127,-8.956085205078125
train/actor_loss,11329,1786558994.034568,-11.511722564697266
train/actor_loss,11352,1786558997.905779,-11.217310905456543
train/actor_loss,11365,1786559000.085575,-8.289661407470703
train/actor_loss,11383,1786559003.107165,-10.774887084960938
train/actor_loss,11402,1786559006.263876,-9.922908782958984
train/actor_loss,11427,1786559010.357664,-4.757395267486572
train/actor_loss,11446,1786559013.546446,-9.535491943359375
train/actor_loss,11463,1786559016.560573,-9.527291297912598
train/actor_loss,11484,1786559020.076098,-8.414400100708008
train/actor_loss,11502,1786559022.553918,-13.329771995544434
train/actor_loss,11519,1786559024.854947,-9.260881423950195
train/actor_loss,11541,1786559027.794834,-10.41473388671875
train/actor_loss,11560,1786559030.340772,-5.722963333129883
train/actor_loss,11581,1786559033.070936,-9.90121841430664
train/actor_loss,11595,1786559034.860796,-10.788583755493164
train/actor_loss,11609,1786559036.601241,-9.232982635498047
train/actor_loss,11625,1786559038.825831,-8.998342514038086
train/actor_loss,11643,1786559040.907609,-11.712952613830566
train/actor_loss,11661,1786559042.961076,-11.601749420166016
train/actor_loss,11678,1786559044.928050,-14.634586334228516
train/actor_loss,11701,1786559047.646822,-9.559296607971191
train/actor_loss,11717,1786559049.555251,-8.929004669189453
train/actor_loss,11733,1786559051.449111,-10.445502281188965
train/actor_loss,11746,1786559053.029531,-11.453758239746094
train/actor_loss,11766,1786559056.061900,-12.451576232910156
train/actor_loss,11785,1786559058.568755,-4.637179374694824
train/actor_loss,11804,1786559060.988724,-10.91044807434082
train/actor_loss,11829,1786559064.214800,-11.747309684753418
train/actor_loss,11844,1786559066.261801,-9.243178367614746
train/actor_loss,11862,1786559068.228782,-8.674007415771484
train/actor_loss,11889,1786559071.197628,-12.098662376403809
train/actor_loss,11907,1786559073.147088,-12.225225448608398
train/actor_loss,11925,1786559075.124947,-12.097814559936523
train/actor_loss,11950,1786559077.885126,-9.470672607421875
train/actor_loss,11971,1786559080.123801,-6.920207977294922
train/actor_loss,11992,1786559082.277997,-15.816323280334473
train/actor_loss,12013,1786559084.516015,-11.563699722290039
train/actor_loss,12032,1786559086.418771,-9.878803253173828
train/actor_loss,12048,1786559088.027652,-9.675573348999023
train/actor_loss,12065,1786559089.762243,-13.338037490844727
train/actor_loss,12079,1786559091.174982,-8.65523910522461
train/actor_loss,12104,1786559093.655781,-13.179433822631836
train/actor_loss,12118,1786559095.012577,-14.25704288482666
train/actor_loss,12136,1786559096.951987,-8.090076446533203
train/actor_loss,12150,1786559098.826075,-11.896472930908203
train/actor_loss,12164,1786559100.332653,-12.413311004638672
train/actor_loss,12178,1786559101.776458,-9.987625122070312
train/actor_loss,12199,1786559103.927488,-12.50299072265625
train/actor_loss,12212,1786559105.176940,-7.1680450439453125
train/actor_loss,12230,1786559106.886619,-8.039459228515625
train/actor_loss,12249,1786559108.719251,-11.537005424499512
train/actor_loss,12275,1786559112.671388,-9.731034278869629
train/actor_loss,12286,1786559114.029377,-12.036956787109375
train/actor_loss,12307,1786559116.615449,-11.578203201293945
train/actor_loss,12332,1786559119.637914,-12.055032730102539
train/actor_loss,12351,1786559121.888670,-6.817215442657471
train/actor_loss,12365,1786559123.542375,-10.764810562133789
train/actor_loss,12385,1786559125.868785,-11.184675216674805
train/actor_loss,12410,1786559128.746430,-13.238048553466797
train/actor_loss,12428,1786559130.782887,-9.188826560974121
train/actor_loss,12450,1786559133.225014,-11.639415740966797
train/actor_loss,12460,1786559134.314661,-10.51919937133789
train/actor_loss,12480,1786559136.844006,-12.455831527709961
train/actor_loss,12495,1786559138.802936,-11.58832836151123
train/actor_loss,12525,1786559142.698912,-11.363658905029297
train/actor_loss,12538,1786559144.355603,-13.208921432495117
train/actor_loss,12558,1786559146.912392,-9.248736381530762
train/actor_loss,12571,1786559148.588570,-10.410282135009766
train/actor_loss,12588,1786559150.750353,-12.865623474121094
train/actor_loss,12607,1786559153.184039,-9.10971450805664
train/actor_loss,12623,1786559155.231193,-9.68399429321289
train/actor_loss,12645,1786559158.061758,-16.982439041137695
train/actor_loss,12666,1786559160.765020,-12.725095748901367
train/actor_loss,12685,1786559163.229773,-6.69822359085083
train/actor_loss,12700,1786559165.208863,-11.341766357421875
train/actor_loss,12718,1786559167.582947,-7.807760238647461
train/actor_loss,12736,1786559169.982741,-4.838336944580078
train/actor_loss,12753,1786559172.609424,-7.2199788093566895
train/actor_loss,12777,1786559175.788032,-13.379753112792969
train/actor_loss,12792,1786559177.758914,-12.440797805786133
train/actor_loss,12807,1786559179.736277,-9.51896858215332
train/actor_loss,12823,1786559181.827172,-11.734895706176758
train/actor_loss,12842,1786559184.302846,-14.011246681213379
train/actor_loss,12863,1786559187.058576,-11.000299453735352
train/actor_loss,12884,1786559189.748314,-9.316373825073242
train/actor_loss,12903,1786559192.157754,-11.644351959228516
train/actor_loss,12923,1786559194.659085,-11.841655731201172
train/actor_loss,12938,1786559196.521521,-10.442798614501953
train/actor_loss,12955,1786559198.644587,-11.405200958251953
train/actor_loss,12979,1786559201.682647,-9.652566909790039
train/actor_loss,13002,1786559204.641912,-8.173991203308105
train/actor_loss,13021,1786559207.079968,-8.72838020324707
train/actor_loss,13040,1786559209.470732,-10.445514678955078
train/actor_loss,13058,1786559211.632584,-9.790592193603516
train/actor_loss,13071,1786559215.429057,-10.576509475708008
train/actor_loss,13099,1786559220.048360,-8.18941879272461
train/actor_loss,13131,1786559225.283689,-7.048526763916016
train/actor_loss,13151,1786559228.504889,-9.849339485168457
train/actor_loss,13166,1786559230.876139,-11.733945846557617
train/actor_loss,13183,1786559233.635293,-12.20775032043457
train/actor_loss,13208,1786559237.739786,-13.171122550964355
train/actor_loss,13228,1786559240.994471,-11.496403694152832
train/actor_loss,13240,1786559242.900570,-7.193939208984375
train/actor_loss,13257,1786559245.550804,-6.430118560791016
train/actor_loss,13271,1786559247.737854,-11.393184661865234
train/actor_loss,13294,1786559251.317750,-11.673946380615234
train/actor_loss,13315,1786559254.578098,-11.230073928833008
train/actor_loss,13330,1786559256.860210,-9.900518417358398
train/actor_loss,13358,1786559261.132625,-8.647848129272461
train/actor_loss,13373,1786559263.401541,-10.209409713745117
train/actor_loss,13393,1786559266.413929,-12.53108024597168
train/actor_loss,13405,1786559268.188334,-14.51143741607666
train/actor_loss,13425,1786559271.054680,-13.666149139404297
train/actor_loss,13438,1786559272.837027,-10.500449180603027
train/actor_loss,13453,1786559274.885594,-13.178329467773438
train/actor_loss,13469,1786559277.034772,-9.498068809509277
train/actor_loss,13484,1786559279.016177,-11.07958698272705
train/actor_loss,13508,1786559282.139129,-12.640310287475586
train/actor_loss,13524,1786559284.195676,-10.10326099395752
train/actor_loss,13540,1786559286.174964,-10.233389854431152
train/actor_loss,13557,1786559288.066160,-7.926565170288086
train/actor_loss,13572,1786559291.505096,-8.998872756958008
train/actor_loss,13584,1786559293.321393,-13.174598693847656
train/actor_loss,13599,1786559295.560385,-12.77334976196289
train/actor_loss,13613,1786559297.653865,-10.794315338134766
train/actor_loss,13633,1786559300.609938,-13.11591625213623
train/actor_loss,13655,1786559303.881260,-11.44944953918457
train/actor_loss,13672,1786559306.395710,-12.011310577392578
train/actor_loss,13692,1786559309.292519,-12.638422012329102
train/actor_loss,13716,1786559312.762049,-9.992252349853516
train/actor_loss,13736,1786559315.628055,-9.520719528198242
train/actor_loss,13755,1786559318.311070,-12.172123908996582
train/actor_loss,13771,1786559320.564662,-13.172943115234375
train/actor_loss,13790,1786559323.259328,-11.324450492858887
train/actor_loss,13812,1786559326.371516,-6.907416820526123
train/actor_loss,13827,1786559328.520721,-14.282695770263672
train/actor_loss,13840,1786559330.398485,-14.050247192382812
train/actor_loss,13857,1786559332.859512,-10.905396461486816
train/actor_loss,13877,1786559335.732592,-14.22469425201416
train/actor_loss,13897,1786559338.588724,-14.202621459960938
train/actor_loss,13912,1786559340.700200,-9.156261444091797
train/actor_loss,13930,1786559343.209604,-10.462682723999023
train/actor_loss,13949,1786559345.849839,-11.74468994140625
train/actor_loss,13962,1786559347.619635,-13.725961685180664
train/actor_loss,13974,1786559349.270009,-14.750273704528809
train/actor_loss,13995,1786559352.151965,-9.99760627746582
train/actor_loss,14009,1786559356.179263,-16.762582778930664
train/actor_loss,14025,1786559359.457254,-12.369831085205078
train/actor_loss,14040,1786559362.509261,-14.054673194885254
train/actor_loss,14056,1786559365.740595,-15.051559448242188
train/actor_loss,14078,1786559370.127264,-11.658809661865234
train/actor_loss,14092,1786559372.843929,-11.133634567260742
train/actor_loss,14120,1786559378.202038,-14.816532135009766
train/actor_loss,14143,1786559382.521239,-7.021867752075195
train/actor_loss,14160,1786559385.664810,-12.184823036193848
train/actor_loss,14187,1786559390.609689,-5.729822158813477
train/actor_loss,14203,1786559393.541416,-11.819649696350098
train/actor_loss,14220,1786559396.657430,-10.055732727050781
train/actor_loss,14234,1786559399.203913,-12.145923614501953
train/actor_loss,14254,1786559402.847696,-7.0381574630737305
train/actor_loss,14278,1786559407.196263,-10.657622337341309
train/actor_loss,14306,1786559412.289526,-13.62130355834961
train/actor_loss,14329,1786559416.470779,-7.258388042449951
train/actor_loss,14350,1786559420.246614,-8.47529411315918
train/actor_loss,14367,1786559422.977140,-9.27416706085205
train/actor_loss,14387,1786559425.827863,-7.3108086585998535
train/actor_loss,14409,1786559428.877173,-13.346559524536133
train/actor_loss,14434,1786559432.827166,-9.656936645507812
train/actor_loss,14449,1786559435.495293,-13.867340087890625
train/actor_loss,14466,1786559438.043665,-10.312030792236328
train/actor_loss,14486,1786559440.468504,-14.844733238220215
train/actor_loss,14508,1786559443.154017,-13.925962448120117
train/actor_loss,14522,1786559444.882064,-14.236928939819336
train/actor_loss,14551,1786559448.401925,-10.2026948928833
train/actor_loss,14573,1786559451.041801,-6.594972610473633
train/actor_loss,14585,1786559452.475665,-11.253124237060547
train/actor_loss,14606,1786559454.996801,-8.503475189208984
train/actor_loss,14620,1786559456.666538,-12.174471855163574
train/actor_loss,14636,1786559458.529373,-10.225736618041992
train/actor_loss,14657,1786559460.952828,-11.080083847045898
train/actor_loss,14673,1786559462.774668,-8.45614242553711
train/actor_loss,14690,1786559464.712364,-7.302337646484375
train/actor_loss,14705,1786559466.384590,-11.920717239379883
train/actor_loss,14724,1786559468.517214,-15.915946006774902
train/actor_loss,14745,1786559470.852479,-9.382501602172852
train/actor_loss,14761,1786559472.579217,-16.202558517456055
train/actor_loss,14779,1786559474.447240,-12.67289924621582
train/actor_loss,14801,1786559476.814222,-13.491823196411133
train/actor_loss,14820,1786559478.795495,-9.648595809936523
train/actor_loss,14851,1786559481.905807,-8.508251190185547
train/actor_loss,14864,1786559483.162637,-9.437738418579102
train/actor_loss,14878,1786559484.515982,-12.758692741394043
train/actor_loss,14902,1786559486.711013,-7.229111671447754
train/actor_loss,14914,1786559487.824952,-5.410690784454346
train/actor_loss,14934,1786559491.528852,-12.418500900268555
train/actor_loss,14948,1786559493.107418,-10.66115665435791
train/actor_loss,14973,1786559495.882695,-10.043100357055664
train/actor_loss,14987,1786559497.392237,-13.0055570602417
train/actor_loss,15001,1786559498.776968,-13.728222846984863
train/actor_loss,15019,1786559500.633699,-9.446508407592773
train/actor_loss,15047,1786559503.406538,-9.509532928466797
train/actor_loss,15066,1786559506.185928,-12.038564682006836
train/actor_loss,15084,1786559508.581684,-13.399028778076172
train/actor_loss,15099,1786559510.595357,-10.04581356048584
train/actor_loss,15118,1786559513.136849,-14.129048347473145
train/actor_loss,15143,1786559516.510193,-12.514459609985352
train/actor_loss,15156,1786559518.248956,-14.697053909301758
train/actor_loss,15173,1786559520.506180,-10.257285118103027
train/actor_loss,15194,1786559523.272653,-12.63157844543457
train/actor_loss,15206,1786559524.866819,-14.532952308654785
train/actor_loss,15225,1786559527.337847,-15.642943382263184
train/actor_loss,15243,1786559529.658217,-12.809456825256348
train/actor_loss,15257,1786559531.442926,-11.8623046875
train/actor_loss,15278,1786559534.064768,-12.884521484375
train/actor_loss,15295,1786559536.164709,-7.2057342529296875
train/actor_loss,15313,1786559538.386080,-14.167389869689941
train/actor_loss,15331,1786559540.600276,-11.206839561462402
train/actor_loss,15354,1786559543.407620,-10.48563003540039
train/actor_loss,15369,1786559545.233356,-7.806273460388184
train/actor_loss,15383,1786559546.951639,-12.388923645019531
train/actor_loss,15410,1786559550.284725,-13.590993881225586
train/actor_loss,15432,1786559553.040669,-13.623741149902344
train/actor_loss,15451,1786559555.401572,-14.338020324707031
train/actor_loss,15469,1786559557.649211,-13.877443313598633
train/actor_loss,15488,1786559560.043036,-9.621495246887207
train/actor_loss,15502,1786559563.735438,-8.711901664733887
train/actor_loss,15523,1786559567.202534,-15.172080993652344
train/actor_loss,15546,1786559570.965065,-8.806253433227539
train/actor_loss,15558,1786559572.926957,-10.777360916137695
train/actor_loss,15575,1786559575.723501,-12.980913162231445
train/actor_loss,15597,1786559579.301465,-9.987420082092285
train/actor_loss,15614,1786559582.049883,-19.009464263916016
train/actor_loss,15628,1786559584.324621,-11.952803611755371
train/actor_loss,15649,1786559587.722242,-13.938149452209473
train/actor_loss,15668,1786559590.762730,-7.299983978271484
train/actor_loss,15690,1786559594.234815,-11.5048246383667
train/actor_loss,15708,1786559597.064331,-12.781513214111328
train/actor_loss,15731,1786559600.714842,-9.37736701965332
train/actor_loss,15746,1786559603.106833,-10.709484100341797
train/actor_loss,15761,1786559605.471932,-7.311435699462891
train/actor_loss,15783,1786559609.133071,-10.025358200073242
train/actor_loss,15813,1786559613.181458,-11.099764823913574
train/actor_loss,15834,1786559615.948156,-11.161523818969727
train/actor_loss,15848,1786559617.799917,-18.74823570251465
train/actor_loss,15861,1786559619.515097,-7.725000381469727
train/actor_loss,15880,1786559621.992656,-12.66795825958252
train/actor_loss,15898,1786559624.327627,-10.177949905395508
train/actor_loss,15916,1786559626.616460,-14.374441146850586
train/actor_loss,15943,1786559630.008076,-12.310722351074219
train/actor_loss,15956,1786559631.652821,-10.821290969848633
train/actor_loss,15967,1786559633.157809,-13.825910568237305
train/actor_loss,15982,1786559635.075826,-17.211713790893555
train/actor_loss,16000,1786559637.393454,-13.676004409790039
train/actor_loss,16018,1786559639.829013,-12.495048522949219
train/actor_loss,16034,1786559641.856012,-7.7784905433654785
train/actor_loss,16050,1786559643.868937,-12.116573333740234
train/actor_loss,16073,1786559646.726328,-15.760531425476074
train/actor_loss,16093,1786559649.183132,-7.213982582092285
train/actor_loss,16106,1786559650.767413,-3.7230734825134277
train/actor_loss,16123,1786559652.778561,-9.253402709960938
train/actor_loss,16148,1786559655.698070,-9.794415473937988
train/actor_loss,16161,1786559657.188324,-13.573244094848633
train/actor_loss,16175,1786559658.823830,-19.627424240112305
train/actor_loss,16201,1786559661.833864,-12.556201934814453
train/actor_loss,16221,1786559664.153152,-10.71757698059082
train/actor_loss,16239,1786559666.224875,-8.524433135986328
train/actor_loss,16259,1786559668.512057,-13.694726943969727
train/actor_loss,16279,1786559670.783867,-9.19300651550293
train/actor_loss,16304,1786559673.676909,-9.38489818572998
train/actor_loss,16321,1786559675.615072,-15.138468742370605
train/actor_loss,16347,1786559678.653936,-12.703164100646973
train/actor_loss,16365,1786559680.783596,-9.05933952331543
train/actor_loss,16386,1786559683.243038,-15.091390609741211
train/actor_loss,16401,1786559684.958256,-12.587175369262695
train/actor_loss,16421,1786559687.862374,-9.20980167388916
train/actor_loss,16439,1786559690.287834,-10.744064331054688
train/actor_loss,16453,1786559692.099154,-12.130590438842773
train/actor_loss,16482,1786559695.805759,-11.570050239562988
train/actor_loss,16499,1786559697.951510,-7.116408348083496
train/actor_loss,16513,1786559699.627356,-10.263429641723633
train/actor_loss,16536,1786559702.366700,-17.34084129333496
train/actor_loss,16554,1786559704.442588,-12.783975601196289
train/actor_loss,16572,1786559706.450852,-7.210321426391602
train/actor_loss,16598,1786559709.215405,-9.674026489257812
train/actor_loss,16624,1786559711.950387,-11.68603515625
train/actor_loss,16637,1786559713.310039,-11.610062599182129
train/actor_loss,16657,1786559715.400808,-10.38764762878418
train/actor_loss,16673,1786559717.082488,-11.709785461425781
train/actor_loss,16695,1786559719.452199,-8.353267669677734
train/actor_loss,16710,1786559721.099441,-13.033830642700195
train/actor_loss,16730,1786559723.333622,-17.309127807617188
train/actor_loss,16750,1786559725.620298,-11.47604751586914
train/actor_loss,16766,1786559727.447381,-15.594661712646484
train/actor_loss,16788,1786559729.938777,-14.99378490447998
train/actor_loss,16802,1786559731.514470,-11.584107398986816
train/actor_loss,16823,1786559733.877567,-13.006786346435547
train/actor_loss,16845,1786559736.313582,-10.89603328704834
train/actor_loss,16859,1786559737.870514,-17.93158721923828
train/actor_loss,16877,1786559739.888995,-14.029958724975586
train/actor_loss,16900,1786559742.506704,-12.86418342590332
train/actor_loss,16915,1786559744.243810,-12.896284103393555
train/actor_loss,16934,1786559746.439477,-13.308371543884277
train/actor_loss,16949,1786559748.122071,-12.4826078414917
train/actor_loss,16973,1786559750.811736,-15.599349021911621
train/actor_loss,16995,1786559755.358361,-13.878321647644043
train/actor_loss,17015,1786559757.941821,-11.40306282043457
train/actor_loss,17032,1786559760.118184,-10.836118698120117
train/actor_loss,17047,1786559762.077743,-8.754518508911133
train/actor_loss,17060,1786559763.779865,-14.890199661254883
train/actor_loss,17076,1786559765.787379,-12.798373222351074
train/actor_loss,17100,1786559768.694466,-19.75438117980957
train/actor_loss,17117,1786559770.708693,-15.924070358276367
train/actor_loss,17141,1786559775.702316,-11.588388442993164
train/actor_loss,17164,1786559779.083971,-11.152573585510254
train/actor_loss,17182,1786559781.658647,-14.630731582641602
train/actor_loss,17207,1786559785.371776,-15.295711517333984
train/actor_loss,17223,1786559787.442739,-9.444353103637695
train/actor_loss,17241,1786559789.762035,-15.353443145751953
train/actor_loss,17258,1786559791.945773,-9.751405715942383
train/actor_loss,17282,1786559795.035237,-13.083213806152344
train/actor_loss,17297,1786559796.913917,-12.890785217285156
train/actor_loss,17316,1786559799.372029,-13.604524612426758
train/actor_loss,17337,1786559802.074428,-12.538823127746582
train/actor_loss,17354,1786559804.256874,-15.31342601776123
train/actor_loss,17373,1786559806.653864,-8.921356201171875
train/actor_loss,17391,1786559808.889641,-12.552988052368164
train/actor_loss,17412,1786559811.448148,-8.369640350341797
train/actor_loss,17430,1786559813.676665,-9.949554443359375
train/actor_loss,17445,1786559815.587115,-7.237677574157715
train/actor_loss,17468,1786559818.428802,-14.269464492797852
train/actor_loss,17486,1786559820.642852,-16.882102966308594
train/actor_loss,17506,1786559823.077041,-13.089269638061523
train/actor_loss,17521,1786559824.888104,-5.969829082489014
train/actor_loss,17532,1786559826.204011,-11.317916870117188
train/actor_loss,17558,1786559829.199241,-5.4883832931518555
train/actor_loss,17568,1786559830.352756,-8.332625389099121
train/actor_loss,17592,1786559833.102666,-12.638681411743164
train/actor_loss,17607,1786559834.816092,-13.433391571044922
train/actor_loss,17619,1786559836.175820,-10.403024673461914
train/actor_loss,17634,1786559837.877503,-15.075535774230957
train/actor_loss,17649,1786559839.560048,-12.40764045715332
train/actor_loss,17668,1786559841.669761,-14.853557586669922
train/actor_loss,17682,1786559843.233418,-13.968417167663574
train/actor_loss,17698,1786559844.979108,-7.8618879318237305
train/actor_loss,17713,1786559846.612041,-12.854681015014648
train/actor_loss,17735,1786559849.031611,-6.641826152801514
train/actor_loss,17751,1786559850.776921,-13.011613845825195
train/actor_loss,17774,1786559853.235162,-8.893308639526367
train/actor_loss,17790,1786559854.966633,-15.332479476928711
train/actor_loss,17816,1786559857.774260,-7.8790059089660645
train/actor_loss,17845,1786559860.890573,-6.560238838195801
train/actor_loss,17864,1786559862.945117,-14.357503890991211
train/actor_loss,17887,1786559865.426918,-15.830891609191895
train/actor_loss,17900,1786559866.806004,-12.072601318359375
train/actor_loss,17918,1786559868.682171,-14.396383285522461
train/actor_loss,17937,1786559870.651574,-9.036829948425293
train/actor_loss,17955,1786559872.511286,-7.537276268005371
train/actor_loss,17970,1786559874.068053,-14.956846237182617
train/actor_loss,17985,1786559875.658699,-10.28324031829834
train/actor_loss,18004,1786559877.767554,-18.221172332763672
train/actor_loss,18026,1786559880.056103,-8.543401718139648
train/actor_loss,18047,1786559882.230745,-9.422468185424805
train/actor_loss,18066,1786559884.241802,-12.85676097869873
train/actor_loss,18079,1786559885.642372,-11.285493850708008
train/actor_loss,18096,1786559887.435421,-10.675089836120605
train/actor_loss,18118,1786559889.760801,-14.496744155883789
train/actor_loss,18136,1786559891.682315,-6.110861778259277
train/actor_loss,18154,1786559893.643422,-5.834367752075195
train/actor_loss,18173,1786559895.771139,-17.720333099365234
train/actor_loss,18185,1786559897.101903,-10.90001106262207
train/actor_loss,18209,1786559900.345903,-7.065903663635254
train/actor_loss,18224,1786559902.192105,-9.109164237976074
train/actor_loss,18238,1786559903.900030,-12.175792694091797
train/actor_loss,18256,1786559906.112425,-11.303143501281738
train/actor_loss,18279,1786559908.884834,-12.690361022949219
train/actor_loss,18294,1786559910.605552,-6.235232353210449
train/actor_loss,18307,1786559912.074695,-11.771041870117188
train/actor_loss,18333,1786559915.110442,-11.599109649658203
train/actor_loss,18349,1786559916.914779,-7.978214740753174
train/actor_loss,18369,1786559922.195108,-13.969504356384277
train/actor_loss,18388,1786559925.390249,-10.639522552490234
train/actor_loss,18408,1786559928.734053,-8.673334121704102
train/actor_loss,18428,1786559931.993351,-14.383382797241211
train/actor_loss,18445,1786559934.681477,-9.827210426330566
train/actor_loss,18457,1786559936.574086,-5.213566780090332
train/actor_loss,18473,1786559939.081910,-13.060659408569336
train/actor_loss,18487,1786559941.249991,-8.610428810119629
train/actor_loss,18505,1786559944.037285,-9.89415168762207
train/actor_loss,18517,1786559945.877283,-12.202364921569824
train/actor_loss,18532,1786559948.168651,-11.750652313232422
train/actor_loss,18549,1786559950.753969,-9.274168014526367
train/actor_loss,18576,1786559954.889029,-9.322467803955078
train/actor_loss,18595,1786559957.771428,-15.280158042907715
train/actor_loss,18618,1786559960.919030,-8.423490524291992
train/actor_loss,18632,1786559962.898316,-9.588977813720703
train/actor_loss,18654,1786559966.030360,-14.627628326416016
train/actor_loss,18670,1786559968.184354,-11.0855073928833
train/actor_loss,18690,1786559970.794801,-4.300741195678711
train/actor_loss,18709,1786559973.534844,-6.926706314086914
train/actor_loss,18735,1786559977.388135,-5.03523063659668
train/actor_loss,18751,1786559979.555486,-6.132777214050293
train/actor_loss,18770,1786559982.131680,-7.573859214782715
train/actor_loss,18796,1786559985.582633,-12.519960403442383
train/actor_loss,18825,1786559989.380721,-8.438314437866211
train/actor_loss,18844,1786559991.869952,-5.4569854736328125
train/actor_loss,18859,1786559993.858252,-11.050810813903809
train/actor_loss,18879,1786559996.586445,-10.218236923217773
train/actor_loss,18898,1786559999.082845,-11.983234405517578
train/actor_loss,18923,1786560002.412578,-9.557451248168945
train/actor_loss,18942,1786560005.382122,-12.483682632446289
train/actor_loss,18963,1786560007.751783,-3.617238759994507
train/actor_loss,18984,1786560010.116725,-7.2245988845825195
train/actor_loss,19004,1786560012.363891,-8.450133323669434
train/actor_loss,19022,1786560014.379903,-6.906191825866699
train/actor_loss,19038,1786560016.131025,-10.006658554077148
train/actor_loss,19054,1786560017.874696,-7.163022518157959
train/actor_loss,19074,1786560020.065545,-9.763988494873047
train/actor_loss,19090,1786560021.851518,-9.79527473449707
train/actor_loss,19108,1786560023.826871,-8.447473526000977
train/actor_loss,19124,1786560025.570432,-8.115699768066406
train/actor_loss,19138,1786560027.105491,-12.175935745239258
train/actor_loss,19159,1786560029.426748,-9.396875381469727
train/actor_loss,19180,1786560031.765238,-12.475961685180664
train/actor_loss,19193,1786560033.235492,-3.95987868309021
train/actor_loss,19209,1786560035.085662,-10.61207103729248
train/actor_loss,19227,1786560037.437488,-7.3424248695373535
train/actor_loss,19240,1786560038.770894,-8.880948066711426
train/actor_loss,19258,1786560040.591770,-15.376985549926758
train/actor_loss,19281,1786560042.873309,-7.753098487854004
train/actor_loss,19304,1786560045.148275,-9.184197425842285
train/actor_loss,19323,1786560046.975849,-8.664323806762695
train/actor_loss,19338,1786560048.398846,-6.7966227531433105
train/actor_loss,19362,1786560053.042920,-5.977517127990723
train/actor_loss,19376,1786560055.324037,-9.273123741149902
train/actor_loss,19396,1786560058.577642,-13.71193790435791
train/actor_loss,19419,1786560062.334159,-8.44998836517334
train/actor_loss,19432,1786560064.472893,-5.254760265350342
train/actor_loss,19452,1786560067.785047,-13.84036636352539
train/actor_loss,19470,1786560070.753141,-8.423365592956543
train/actor_loss,19493,1786560074.401708,-11.438316345214844
train/actor_loss,19512,1786560077.246214,-10.785707473754883
train/actor_loss,19534,1786560080.727310,-4.165496826171875
train/actor_loss,19554,1786560083.439205,-15.307912826538086
train/actor_loss,19567,1786560085.272986,-13.295890808105469
train/actor_loss,19586,1786560087.625658,-13.029895782470703
train/actor_loss,19608,1786560090.263232,-5.973233222961426
train/actor_loss,19621,1786560091.821691,-11.313921928405762
train/actor_loss,19638,1786560093.828956,-12.167171478271484
train/actor_loss,19655,1786560095.819370,-8.664944648742676
train/actor_loss,19672,1786560097.790511,-5.48668909072876
train/actor_loss,19693,1786560100.231565,-12.288864135742188
train/actor_loss,19705,1786560101.619265,-10.91907024383545
train/actor_loss,19726,1786560103.989752,-5.191974639892578
train/actor_loss,19738,1786560105.335564,-8.805956840515137
train/actor_loss,19754,1786560107.089435,-6.42446231842041
train/actor_loss,19769,1786560109.411119,-4.349427223205566
train/actor_loss,19789,1786560111.729615,-3.1220250129699707
train/actor_loss,19808,1786560113.947646,-14.390436172485352
train/actor_loss,19831,1786560116.611420,-13.301115036010742
train/actor_loss,19848,1786560118.530655,-6.876332759857178
train/actor_loss,19871,1786560121.129791,-6.705005168914795
train/actor_loss,19890,1786560123.264873,-5.652946949005127
train/actor_loss,19904,1786560124.832495,-7.389016151428223
train/actor_loss,19922,1786560126.817552,-13.377479553222656
train/actor_loss,19939,1786560128.646379,-8.77886962890625
train/actor_loss,19956,1786560130.448441,-8.184601783752441
train/actor_loss,19974,1786560132.289716,-12.275854110717773
train/actor_loss,20000,1786560135.510182,-4.1148905754089355
train/alpha,1502,1786557712.839892,0.199940025806427
train/alpha,1522,1786557714.532383,0.19954098761081696
train/alpha,1546,1786557716.569480,0.19906263053417206
train/alpha,1565,1786557718.131775,0.1986844688653946
train/alpha,1582,1786557719.514429,0.19834734499454498
train/alpha,1599,1786557721.435912,0.19801031053066254
train/alpha,1618,1786557723.656547,0.19763433933258057
train/alpha,1632,1786557725.299158,0.19735805690288544
train/alpha,1649,1786557727.295881,0.19702309370040894
train/alpha,1667,1786557729.470784,0.1966688334941864
train/alpha,1698,1786557733.269332,0.19606059789657593
train/alpha,1714,1786557737.678415,0.19574646651744843
train/alpha,1729,1786557740.678699,0.19545286893844604
train/alpha,1748,1786557744.423729,0.19508185982704163
train/alpha,1762,1786557747.133787,0.19480891525745392
train/alpha,1781,1786557750.825507,0.19443891942501068
train/alpha,1801,1786557756.339646,0.19405053555965424
train/alpha,1814,1786557758.538778,0.1937987357378006
train/alpha,1829,1786557761.083149,0.19350911676883698
train/alpha,1842,1786557763.347752,0.1932581514120102
train/alpha,1863,1786557766.980338,0.1928526908159256
train/alpha,1887,1786557771.198478,0.19239163398742676
train/alpha,1907,1786557774.692887,0.1920078843832016
train/alpha,1925,1786557777.801757,0.19166333973407745
train/alpha,1944,1786557781.066790,0.19129972159862518
train/alpha,1966,1786557784.494666,0.1908807009458542
train/alpha,1993,1786557787.619095,0.19036857783794403
train/alpha,2013,1786557789.967246,0.1899898499250412
train/alpha,2039,1786557792.786007,0.1894976794719696
train/alpha,2052,1786557796.512091,0.18925237655639648
train/alpha,2075,1786557800.408249,0.1888199746608734
train/alpha,2091,1786557803.146101,0.18851935863494873
train/alpha,2111,1786557806.469482,0.1881427764892578
train/alpha,2129,1786557810.368922,0.18780502676963806
train/alpha,2152,1786557813.869774,0.18737345933914185
train/alpha,2169,1786557816.522989,0.1870548129081726
train/alpha,2187,1786557819.355708,0.18671847879886627
train/alpha,2207,1786557822.572939,0.18634477257728577
train/alpha,2228,1786557828.784310,0.18595314025878906
train/alpha,2249,1786557832.761445,0.18556322157382965
train/alpha,2268,1786557836.502985,0.18521112203598022
train/alpha,2289,1786557840.736042,0.18482273817062378
train/alpha,2308,1786557844.728492,0.18447208404541016
train/alpha,2329,1786557847.275540,0.18408511579036713
train/alpha,2349,1786557849.682069,0.18371763825416565
train/alpha,2361,1786557851.172164,0.18349768221378326
train/alpha,2375,1786557852.959928,0.18324115872383118
train/alpha,2393,1786557855.232764,0.18291282653808594
train/alpha,2407,1786557857.029731,0.18265721201896667
train/alpha,2425,1786557859.340851,0.18232882022857666
train/alpha,2437,1786557860.827712,0.1821112334728241
train/alpha,2453,1786557862.640052,0.18182213604450226
train/alpha,2477,1786557865.290319,0.1813887655735016
train/alpha,2495,1786557867.310979,0.1810656040906906
train/alpha,2511,1786557869.068344,0.18078093230724335
train/alpha,2534,1786557871.715244,0.18037134408950806
train/alpha,2556,1786557874.247275,0.17998191714286804
train/alpha,2573,1786557876.150735,0.17968273162841797
train/alpha,2588,1786557877.882110,0.17941945791244507
train/alpha,2602,1786557879.442550,0.17917560040950775
train/alpha,2618,1786557881.204078,0.17889775335788727
train/alpha,2643,1786557883.927619,0.17846524715423584
train/alpha,2656,1786557885.383155,0.17824143171310425
train/alpha,2674,1786557887.426494,0.1779322773218155
train/alpha,2690,1786557889.147406,0.17766062915325165
train/alpha,2711,1786557891.402331,0.17730474472045898
train/alpha,2726,1786557893.087879,0.17705126106739044
train/alpha,2746,1786557895.266052,0.17671668529510498
train/alpha,2761,1786557896.904427,0.17646531760692596
train/alpha,2772,1786557898.151176,0.1762814074754715
train/alpha,2786,1786557899.707606,0.17604947090148926
train/alpha,2811,1786557902.516195,0.1756383180618286
train/alpha,2830,1786557904.576581,0.17532484233379364
train/alpha,2843,1786557905.946082,0.17510990798473358
train/alpha,2861,1786557907.858887,0.17481401562690735
train/alpha,2881,1786557909.985316,0.1744883954524994
train/alpha,2899,1786557911.914678,0.1741955429315567
train/alpha,2911,1786557913.150632,0.17400342226028442
train/alpha,2927,1786557914.827180,0.17374661564826965
train/alpha,2944,1786557916.593679,0.17347799241542816
train/alpha,2962,1786557918.474381,0.17319199442863464
train/alpha,2977,1786557920.024219,0.1729520708322525
train/alpha,2997,1786557922.049215,0.1726321429014206
train/alpha,3026,1786557924.967374,0.17217761278152466
train/alpha,3043,1786557926.726233,0.17191074788570404
train/alpha,3067,1786557929.158711,0.1715402752161026
train/alpha,3082,1786557930.660977,0.1713060438632965
train/alpha,3102,1786557932.683756,0.17099513113498688
train/alpha,3115,1786557934.014534,0.17079488933086395
train/alpha,3128,1786557935.315890,0.1705961376428604
train/alpha,3143,1786557936.824252,0.17036597430706024
train/alpha,3159,1786557938.430966,0.1701207011938095
train/alpha,3180,1786557940.532331,0.16980168223381042
train/alpha,3197,1786557942.224920,0.16954678297042847
train/alpha,3217,1786557944.199707,0.16924582421779633
train/alpha,3230,1786557945.514088,0.1690547913312912
train/alpha,3247,1786557947.248922,0.16879788041114807
train/alpha,3259,1786557948.471014,0.16861657798290253
train/alpha,3274,1786557950.000290,0.16839464008808136
train/alpha,3290,1786557951.606237,0.16814936697483063
train/alpha,3309,1786557953.510523,0.16786442697048187
train/alpha,3327,1786557955.436820,0.16759952902793884
train/alpha,3356,1786557959.106600,0.1671721190214157
train/alpha,3372,1786557961.249105,0.1669335812330246
train/alpha,3392,1786557964.021186,0.1666373610496521
train/alpha,3407,1786557966.106564,0.16641639173030853
train/alpha,3430,1786557969.426461,0.1660778969526291
train/alpha,3449,1786557972.109773,0.16579577326774597
train/alpha,3468,1786557974.804545,0.16551536321640015
train/alpha,3494,1786557978.424666,0.16513599455356598
train/alpha,3513,1786557981.471103,0.16485677659511566
train/alpha,3528,1786557983.523496,0.1646365374326706
train/alpha,3544,1786557985.671035,0.16440154612064362
train/alpha,3555,1786557987.087019,0.16423973441123962
train/alpha,3571,1786557989.163802,0.16400626301765442
train/alpha,3595,1786557992.280692,0.16364288330078125
train/alpha,3612,1786557994.440197,0.1633937805891037
train/alpha,3634,1786557997.252715,0.1630728393793106
train/alpha,3657,1786558000.151324,0.16273066401481628
train/alpha,3678,1786558002.779673,0.16242145001888275
train/alpha,3706,1786558006.231762,0.16201266646385193
train/alpha,3722,1786558008.187418,0.16177898645401
train/alpha,3733,1786558009.545704,0.16161644458770752
train/alpha,3747,1786558011.274159,0.16140690445899963
train/alpha,3761,1786558013.013855,0.16120366752147675
train/alpha,3783,1786558015.797881,0.1608845442533493
train/alpha,3803,1786558018.271895,0.16058805584907532
train/alpha,3822,1786558020.550717,0.16031484305858612
train/alpha,3840,1786558022.689519,0.16005276143550873
train/alpha,3866,1786558025.784231,0.1596645563840866
train/alpha,3886,1786558028.129147,0.15936949849128723
train/alpha,3906,1786558030.472701,0.159082293510437
train/alpha,3924,1786558032.573836,0.15881867706775665
train/alpha,3948,1786558035.333362,0.1584715098142624
train/alpha,3961,1786558036.818555,0.15828436613082886
train/alpha,3975,1786558038.397932,0.1580808311700821
train/alpha,3989,1786558039.951284,0.157881498336792
train/alpha,4003,1786558041.583266,0.15768086910247803
train/alpha,4029,1786558044.521173,0.15731069445610046
train/alpha,4047,1786558046.501161,0.15705420076847076
train/alpha,4064,1786558048.336018,0.1568136215209961
train/alpha,4080,1786558050.002818,0.15657857060432434
train/alpha,4103,1786558053.264793,0.15624867379665375
train/alpha,4122,1786558056.524361,0.15598143637180328
train/alpha,4148,1786558061.575853,0.1556043177843094
train/alpha,4165,1786558063.668633,0.1553545445203781
train/alpha,4189,1786558066.664443,0.15501244366168976
train/alpha,4209,1786558069.106174,0.15473255515098572
train/alpha,4232,1786558071.888077,0.15440067648887634
train/alpha,4256,1786558074.747442,0.15405453741550446
train/alpha,4278,1786558077.367572,0.15373501181602478
train/alpha,4310,1786558081.109441,0.15328103303909302
train/alpha,4328,1786558083.181306,0.15302713215351105
train/alpha,4348,1786558085.458537,0.15275003015995026
train/alpha,4363,1786558087.176905,0.152540385723114
train/alpha,4381,1786558089.172052,0.15228556096553802
train/alpha,4397,1786558090.938336,0.15205956995487213
train/alpha,4418,1786558093.224771,0.15176399052143097
train/alpha,4435,1786558094.969549,0.1515263468027115
train/alpha,4453,1786558097.662379,0.1512744277715683
train/alpha,4467,1786558099.613554,0.15107324719429016
train/alpha,4487,1786558102.517697,0.15078723430633545
train/alpha,4506,1786558105.391377,0.15050846338272095
train/alpha,4530,1786558109.067720,0.1501576453447342
train/alpha,4547,1786558111.651717,0.14991265535354614
train/alpha,4564,1786558114.319049,0.1496637910604477
train/alpha,4588,1786558118.073991,0.14931482076644897
train/alpha,4607,1786558120.997920,0.14903977513313293
train/alpha,4633,1786558125.022627,0.14866825938224792
train/alpha,4655,1786558128.353739,0.14835327863693237
train/alpha,4672,1786558130.990287,0.1481097787618637
train/alpha,4690,1786558133.800945,0.14785517752170563
train/alpha,4705,1786558136.051401,0.14764517545700073
train/alpha,4722,1786558138.564361,0.14739856123924255
train/alpha,4751,1786558142.967607,0.146990567445755
train/alpha,4771,1786558145.903666,0.1467064768075943
train/alpha,4794,1786558149.259987,0.14638587832450867
train/alpha,4809,1786558151.468576,0.1461726427078247
train/alpha,4834,1786558155.134625,0.14581520855426788
train/alpha,4847,1786558157.036489,0.1456293910741806
train/alpha,4868,1786558160.092362,0.14534121751785278
train/alpha,4882,1786558162.137021,0.1451459676027298
train/alpha,4910,1786558166.167023,0.1447601616382599
train/alpha,4925,1786558168.317897,0.14454887807369232
train/alpha,4936,1786558169.853247,0.14439569413661957
train/alpha,4952,1786558172.076440,0.14417147636413574
train/alpha,4974,1786558175.165754,0.143864244222641
train/alpha,4988,1786558177.166265,0.1436685174703598
train/alpha,5009,1786558180.150604,0.14337459206581116
train/alpha,5028,1786558182.885207,0.14310579001903534
train/alpha,5043,1786558185.065064,0.14289996027946472
train/alpha,5061,1786558187.614104,0.14264948666095734
train/alpha,5081,1786558190.430107,0.14237049221992493
train/alpha,5100,1786558193.171436,0.14210620522499084
train/alpha,5122,1786558196.372572,0.14180482923984528
train/alpha,5147,1786558199.969144,0.1414603739976883
train/alpha,5168,1786558202.912034,0.14118218421936035
train/alpha,5183,1786558205.032889,0.14098039269447327
train/alpha,5196,1786558206.888338,0.14080071449279785
train/alpha,5214,1786558209.598691,0.1405540555715561
train/alpha,5226,1786558211.495531,0.14038969576358795
train/alpha,5249,1786558214.741730,0.14007052779197693
train/alpha,5267,1786558217.124791,0.13982461392879486
train/alpha,5283,1786558219.225251,0.13960522413253784
train/alpha,5298,1786558221.167423,0.1394025981426239
train/alpha,5312,1786558222.966071,0.1392148733139038
train/alpha,5330,1786558225.301501,0.13896895945072174
train/alpha,5349,1786558228.032240,0.1387077420949936
train/alpha,5364,1786558230.069079,0.13850028812885284
train/alpha,5389,1786558233.435930,0.13816285133361816
train/alpha,5403,1786558235.399062,0.13797567784786224
train/alpha,5422,1786558237.951321,0.13772080838680267
train/alpha,5434,1786558239.542747,0.13756000995635986
train/alpha,5449,1786558241.547967,0.13735584914684296
train/alpha,5465,1786558243.680236,0.13713720440864563
train/alpha,5482,1786558246.079113,0.13690949976444244
train/alpha,5502,1786558248.915508,0.13664375245571136
train/alpha,5520,1786558252.167012,0.13640505075454712
train/alpha,5537,1786558255.028422,0.13618095219135284
train/alpha,5553,1786558257.711543,0.13596193492412567
train/alpha,5566,1786558259.877269,0.1357858031988144
train/alpha,5584,1786558262.915464,0.13554158806800842
train/alpha,5600,1786558265.589531,0.13532721996307373
train/alpha,5617,1786558268.412687,0.1350981742143631
train/alpha,5641,1786558272.393129,0.13477765023708344
train/alpha,5662,1786558275.877926,0.13449940085411072
train/alpha,5679,1786558278.702538,0.13427595794200897
train/alpha,5701,1786558282.351078,0.13399334251880646
train/alpha,5715,1786558284.637131,0.13380517065525055
train/alpha,5730,1786558287.109511,0.1336047649383545
train/alpha,5748,1786558290.047962,0.13336911797523499
train/alpha,5763,1786558292.447066,0.1331712156534195
train/alpha,5780,1786558295.210621,0.13295002281665802
train/alpha,5798,1786558298.100088,0.13272181153297424
train/alpha,5812,1786558300.328694,0.13253676891326904
train/alpha,5832,1786558303.533956,0.13227374851703644
train/alpha,5862,1786558308.414937,0.13188625872135162
train/alpha,5874,1786558310.390036,0.13173280656337738
train/alpha,5892,1786558313.317454,0.1315004974603653
train/alpha,5919,1786558317.602727,0.13115419447422028
train/alpha,5939,1786558320.758093,0.13090330362319946
train/alpha,5955,1786558323.261933,0.1307036578655243
train/alpha,5974,1786558326.293138,0.13046567142009735
train/alpha,5990,1786558328.826910,0.13025633990764618
train/alpha,6023,1786558333.964000,0.12984317541122437
train/alpha,6038,1786558336.181076,0.12965284287929535
train/alpha,6061,1786558339.727265,0.1293599009513855
train/alpha,6084,1786558342.399112,0.1290699541568756
train/alpha,6098,1786558344.023083,0.12889128923416138
train/alpha,6113,1786558345.718454,0.12870025634765625
train/alpha,6133,1786558347.934497,0.12844470143318176
train/alpha,6153,1786558350.093409,0.1281939297914505
train/alpha,6175,1786558352.332548,0.12791995704174042
train/alpha,6188,1786558353.602297,0.1277579963207245
train/alpha,6205,1786558355.242385,0.1275469958782196
train/alpha,6223,1786558356.960981,0.1273261457681656
train/alpha,6242,1786558358.786442,0.12709802389144897
train/alpha,6264,1786558360.904508,0.1268271654844284
train/alpha,6276,1786558362.072429,0.12667839229106903
train/alpha,6298,1786558364.218812,0.12640273571014404
train/alpha,6313,1786558365.692608,0.12621648609638214
train/alpha,6326,1786558366.997364,0.12605521082878113
train/alpha,6338,1786558368.222354,0.1259063482284546
train/alpha,6354,1786558369.860272,0.12570929527282715
train/alpha,6368,1786558371.348356,0.12553717195987701
train/alpha,6383,1786558372.956480,0.12535090744495392
train/alpha,6401,1786558374.887338,0.12512728571891785
train/alpha,6416,1786558376.478488,0.12494318187236786
train/alpha,6440,1786558378.974473,0.12465783208608627
train/alpha,6456,1786558380.660186,0.12446334213018417
train/alpha,6478,1786558382.961174,0.12419687956571579
train/alpha,6490,1786558384.206432,0.12405192852020264
train/alpha,6508,1786558386.093126,0.12383358180522919
train/alpha,6530,1786558388.414630,0.12356815487146378
train/alpha,6549,1786558390.445848,0.12333595752716064
train/alpha,6565,1786558392.162595,0.12314692884683609
train/alpha,6588,1786558394.689226,0.12287432700395584
train/alpha,6614,1786558397.526691,0.12256067991256714
train/alpha,6629,1786558399.248818,0.12238609045743942
train/alpha,6642,1786558400.636024,0.12223300337791443
train/alpha,6658,1786558402.316741,0.12203958630561829
train/alpha,6678,1786558404.296095,0.12180192768573761
train/alpha,6699,1786558406.346353,0.12155583500862122
train/alpha,6728,1786558412.074546,0.12122109532356262
train/alpha,6746,1786558414.617208,0.12101512402296066
train/alpha,6762,1786558416.786870,0.12083057314157486
train/alpha,6778,1786558420.922918,0.12064364552497864
train/alpha,6792,1786558423.322919,0.12048029154539108
train/alpha,6819,1786558427.934943,0.12016396224498749
train/alpha,6840,1786558431.661018,0.11991507560014725
train/alpha,6863,1786558435.570911,0.11964119225740433
train/alpha,6879,1786558438.210482,0.11945142596960068
train/alpha,6892,1786558440.319524,0.11929662525653839
train/alpha,6913,1786558443.689044,0.11905303597450256
train/alpha,6928,1786558446.483722,0.11888018250465393
train/alpha,6942,1786558448.398699,0.11872295290231705
train/alpha,6957,1786558450.401766,0.11855433881282806
train/alpha,6985,1786558454.121281,0.11824078112840652
train/alpha,6997,1786558455.715926,0.11810190975666046
train/alpha,7024,1786558459.332064,0.11779045313596725
train/alpha,7039,1786558461.337198,0.117620088160038
train/alpha,7057,1786558463.718890,0.1174173355102539
train/alpha,7071,1786558465.539720,0.11726126074790955
train/alpha,7093,1786558468.381876,0.11701077222824097
train/alpha,7111,1786558470.668830,0.11680757999420166
train/alpha,7131,1786558473.220947,0.11658018827438354
train/alpha,7150,1786558475.652981,0.1163642629981041
train/alpha,7166,1786558477.703646,0.1161876991391182
train/alpha,7178,1786558479.236876,0.1160559430718422
train/alpha,7190,1786558480.791666,0.11591820418834686
train/alpha,7207,1786558482.987764,0.11572504043579102
train/alpha,7232,1786558486.214598,0.11544042825698853
train/alpha,7256,1786558489.340564,0.11516731232404709
train/alpha,7273,1786558491.549739,0.11497005820274353
train/alpha,7288,1786558493.550252,0.11479946970939636
train/alpha,7303,1786558495.529595,0.11463173478841782
train/alpha,7319,1786558497.647725,0.11445099860429764
train/alpha,7335,1786558499.783396,0.11427197605371475
train/alpha,7353,1786558504.315893,0.11407127976417542
train/alpha,7377,1786558508.101704,0.11380183696746826
train/alpha,7393,1786558510.644493,0.11362162232398987
train/alpha,7412,1786558513.611944,0.11340971291065216
train/alpha,7430,1786558516.429792,0.11320970952510834
train/alpha,7444,1786558518.591240,0.11305340379476547
train/alpha,7462,1786558521.376318,0.11285620182752609
train/alpha,7483,1786558524.601817,0.11262441426515579
train/alpha,7504,1786558527.794232,0.11239262670278549
train/alpha,7524,1786558530.816135,0.11217065900564194
train/alpha,7541,1786558533.402854,0.11198291182518005
train/alpha,7558,1786558535.977700,0.11179438978433609
train/alpha,7577,1786558538.787825,0.11158407479524612
train/alpha,7592,1786558541.073998,0.11141787469387054
train/alpha,7608,1786558543.420557,0.11124085634946823
train/alpha,7633,1786558546.942066,0.11096833646297455
train/alpha,7646,1786558548.837755,0.11082801222801208
train/alpha,7662,1786558551.131064,0.11065724492073059
train/alpha,7686,1786558554.647523,0.11040785908699036
train/alpha,7709,1786558557.599694,0.1101624071598053
train/alpha,7729,1786558560.595176,0.10995311290025711
train/alpha,7744,1786558562.752828,0.10979054868221283
train/alpha,7770,1786558566.012960,0.10951236635446548
train/alpha,7794,1786558569.042954,0.1092669665813446
train/alpha,7807,1786558570.574459,0.10913020372390747
train/alpha,7828,1786558573.044329,0.10890594869852066
train/alpha,7842,1786558574.677498,0.10875756293535233
train/alpha,7862,1786558577.014177,0.10854710638523102
train/alpha,7882,1786558579.371674,0.1083412766456604
train/alpha,7909,1786558582.431670,0.10805696994066238
train/alpha,7926,1786558584.341254,0.10788259655237198
train/alpha,7948,1786558586.805257,0.10764563083648682
train/alpha,7964,1786558588.559972,0.10747826844453812
train/alpha,7980,1786558590.309860,0.10731372982263565
train/alpha,8005,1786558593.628232,0.10705399513244629
train/alpha,8024,1786558596.101153,0.10686240345239639
train/alpha,8043,1786558598.527912,0.10666434466838837
train/alpha,8062,1786558600.885800,0.10647241026163101
train/alpha,8081,1786558603.224450,0.10627512633800507
train/alpha,8098,1786558605.297771,0.1060984656214714
train/alpha,8116,1786558607.423451,0.1059144139289856
train/alpha,8138,1786558609.963020,0.10568813234567642
train/alpha,8157,1786558612.037280,0.10549359768629074
train/alpha,8177,1786558614.132210,0.10529011487960815
train/alpha,8197,1786558616.230688,0.10508089512586594
train/alpha,8215,1786558618.112081,0.10490306466817856
train/alpha,8231,1786558619.792410,0.1047409176826477
train/alpha,8254,1786558622.204274,0.10451162606477737
train/alpha,8276,1786558624.542002,0.10429228842258453
train/alpha,8295,1786558626.612199,0.10410334914922714
train/alpha,8314,1786558628.720047,0.10391335934400558
train/alpha,8329,1786558630.395937,0.10376152396202087
train/alpha,8346,1786558632.326891,0.10358526557683945
train/alpha,8361,1786558634.025256,0.10342853516340256
train/alpha,8375,1786558635.605105,0.1032862737774849
train/alpha,8390,1786558637.290954,0.1031360924243927
train/alpha,8409,1786558639.434279,0.10294238477945328
train/alpha,8424,1786558641.113082,0.10278986394405365
train/alpha,8451,1786558644.114242,0.10252127796411514
train/alpha,8469,1786558646.084233,0.10234824568033218
train/alpha,8481,1786558647.406188,0.10223288834095001
train/alpha,8499,1786558649.434681,0.10206182301044464
train/alpha,8518,1786558651.577793,0.10187659412622452
train/alpha,8533,1786558653.281807,0.10173269361257553
train/alpha,8553,1786558655.552570,0.10153297334909439
train/alpha,8574,1786558657.856015,0.10132435709238052
train/alpha,8589,1786558659.497585,0.10117743909358978
train/alpha,8618,1786558662.536840,0.10088419914245605
train/alpha,8635,1786558664.235883,0.10072115063667297
train/alpha,8654,1786558666.602108,0.10054061561822891
train/alpha,8672,1786558668.618841,0.1003653034567833
train/alpha,8688,1786558670.410390,0.10020694881677628
train/alpha,8704,1786558672.219636,0.10005179792642593
train/alpha,8720,1786558674.441297,0.09989798069000244
train/alpha,8743,1786558677.527942,0.09968045353889465
train/alpha,8761,1786558679.931357,0.09951392561197281
train/alpha,8785,1786558683.132966,0.09930066764354706
train/alpha,8801,1786558685.264279,0.09915196150541306
train/alpha,8821,1786558687.905615,0.09896828234195709
train/alpha,8835,1786558689.751025,0.09883677214384079
train/alpha,8856,1786558692.494109,0.09864338487386703
train/alpha,8874,1786558694.829010,0.09848248213529587
train/alpha,8895,1786558697.456446,0.0982937216758728
train/alpha,8911,1786558699.425274,0.09814408421516418
train/alpha,8933,1786558702.130966,0.09794284403324127
train/alpha,8945,1786558703.614254,0.09782972186803818
train/alpha,8973,1786558707.066813,0.09756001830101013
train/alpha,8986,1786558708.674903,0.09743324667215347
train/alpha,9012,1786558711.851998,0.09718839079141617
train/alpha,9032,1786558714.259414,0.09700576215982437
train/alpha,9047,1786558716.067767,0.09687794744968414
train/alpha,9062,1786558717.875335,0.0967487096786499
train/alpha,9080,1786558720.016382,0.09659334272146225
train/alpha,9106,1786558723.073214,0.09636338800191879
train/alpha,9134,1786558726.281398,0.09610185027122498
train/alpha,9150,1786558728.085455,0.09595329314470291
train/alpha,9167,1786558729.972982,0.09579487890005112
train/alpha,9184,1786558731.848455,0.09563446044921875
train/alpha,9212,1786558734.975070,0.09537544846534729
train/alpha,9226,1786558736.547540,0.09525156021118164
train/alpha,9245,1786558738.690078,0.09508614242076874
train/alpha,9268,1786558741.280889,0.09489123523235321
train/alpha,9285,1786558743.196234,0.09474018961191177
train/alpha,9299,1786558744.797254,0.09461783617734909
train/alpha,9322,1786558747.455018,0.09441348165273666
train/alpha,9346,1786558750.205596,0.09420960396528244
train/alpha,9360,1786558751.823752,0.09408821165561676
train/alpha,9375,1786558753.582125,0.09395527839660645
train/alpha,9387,1786558754.990721,0.0938534140586853
train/alpha,9409,1786558757.517705,0.09366603940725327
train/alpha,9427,1786558759.958687,0.09350989758968353
train/alpha,9448,1786558762.478055,0.09332352131605148
train/alpha,9464,1786558764.418855,0.0931839793920517
train/alpha,9487,1786558767.178609,0.09298282861709595
train/alpha,9503,1786558769.091591,0.09284307062625885
train/alpha,9517,1786558770.771826,0.09272332489490509
train/alpha,9535,1786558772.900979,0.0925665870308876
train/alpha,9555,1786558775.270526,0.0923885703086853
train/alpha,9579,1786558778.102829,0.09217339754104614
train/alpha,9596,1786558780.099682,0.09202675521373749
train/alpha,9616,1786558782.451966,0.09184931963682175
train/alpha,9630,1786558784.052546,0.09172484278678894
train/alpha,9653,1786558786.657212,0.0915236696600914
train/alpha,9669,1786558788.477196,0.09138107299804688
train/alpha,9688,1786558790.579433,0.0912235826253891
train/alpha,9710,1786558793.061939,0.09103609621524811
train/alpha,9726,1786558794.799931,0.09089657664299011
train/alpha,9741,1786558796.421691,0.09076295047998428
train/alpha,9764,1786558798.926662,0.09056349843740463
train/alpha,9777,1786558800.352006,0.09044867753982544
train/alpha,9796,1786558802.439223,0.09027671068906784
train/alpha,9820,1786558805.158113,0.090064138174057
train/alpha,9838,1786558807.144007,0.08990874141454697
train/alpha,9858,1786558809.395071,0.08973599225282669
train/alpha,9881,1786558812.093144,0.08953725546598434
train/alpha,9901,1786558814.433361,0.0893644243478775
train/alpha,9915,1786558816.128930,0.08924238383769989
train/alpha,9929,1786558817.852477,0.08912365138530731
train/alpha,9946,1786558819.920105,0.08898205310106277
train/alpha,9968,1786558822.571114,0.0888068899512291
train/alpha,9987,1786558824.886297,0.08865773677825928
train/alpha,10003,1786558826.982996,0.0885310247540474
train/alpha,10026,1786558829.754858,0.08834274858236313
train/alpha,10041,1786558831.552882,0.0882200077176094
train/alpha,10062,1786558834.103413,0.08804299682378769
train/alpha,10086,1786558836.985798,0.08784008026123047
train/alpha,10104,1786558841.405425,0.08768954873085022
train/alpha,10124,1786558844.710404,0.08751756697893143
train/alpha,10148,1786558848.673964,0.08730828762054443
train/alpha,10164,1786558851.363323,0.0871712788939476
train/alpha,10184,1786558854.655770,0.08699820190668106
train/alpha,10204,1786558858.006027,0.0868283063173294
train/alpha,10226,1786558861.846068,0.08664762228727341
train/alpha,10243,1786558864.311406,0.08650874346494675
train/alpha,10257,1786558866.325864,0.08639653027057648
train/alpha,10275,1786558868.803170,0.08624683320522308
train/alpha,10290,1786558870.855868,0.08613021671772003
train/alpha,10310,1786558873.431474,0.08597595244646072
train/alpha,10335,1786558876.765987,0.08577846735715866
train/alpha,10352,1786558878.964861,0.08564943820238113
train/alpha,10372,1786558881.499323,0.08548977971076965
train/alpha,10387,1786558883.369465,0.08537337183952332
train/alpha,10406,1786558885.704002,0.08522485196590424
train/alpha,10429,1786558888.429786,0.0850389152765274
train/alpha,10445,1786558890.234665,0.08491281419992447
train/alpha,10464,1786558892.334466,0.08476036787033081
train/alpha,10478,1786558893.871192,0.08464299142360687
train/alpha,10494,1786558895.573809,0.0845116451382637
train/alpha,10505,1786558896.731562,0.08442561328411102
train/alpha,10526,1786558898.926697,0.08426321297883987
train/alpha,10545,1786558900.868206,0.0841120034456253
train/alpha,10566,1786558902.992428,0.0839509516954422
train/alpha,10591,1786558905.486753,0.08375514298677444
train/alpha,10610,1786558907.379074,0.08360520750284195
train/alpha,10627,1786558909.039613,0.08347119390964508
train/alpha,10641,1786558910.404553,0.08336596190929413
train/alpha,10662,1786558912.445959,0.08321283757686615
train/alpha,10678,1786558913.997134,0.08309651911258698
train/alpha,10698,1786558915.956117,0.08294567465782166
train/alpha,10721,1786558918.226943,0.08276934176683426
train/alpha,10738,1786558919.910045,0.08263339102268219
train/alpha,10754,1786558921.786035,0.08250940591096878
train/alpha,10772,1786558923.359952,0.08237132430076599
train/alpha,10796,1786558925.406105,0.08217691630125046
train/alpha,10810,1786558926.561935,0.08206421136856079
train/alpha,10824,1786558927.698758,0.08195259422063828
train/alpha,10838,1786558931.077820,0.08183953911066055
train/alpha,10862,1786558934.097646,0.08164161443710327
train/alpha,10883,1786558936.811141,0.08147246390581131
train/alpha,10901,1786558939.160697,0.08132896572351456
train/alpha,10914,1786558940.880504,0.08122573792934418
train/alpha,10932,1786558943.226264,0.08108240365982056
train/alpha,10945,1786558944.904144,0.08097930252552032
train/alpha,10968,1786558947.700214,0.08079490065574646
train/alpha,10981,1786558949.310215,0.08069048076868057
train/alpha,10999,1786558951.557485,0.08055248856544495
train/alpha,11018,1786558953.779378,0.080402672290802
train/alpha,11035,1786558955.826023,0.08027317374944687
train/alpha,11050,1786558957.553123,0.08016298711299896
train/alpha,11070,1786558959.848145,0.08000817894935608
train/alpha,11090,1786558962.146114,0.07985137403011322
train/alpha,11111,1786558964.547003,0.07969045639038086
train/alpha,11125,1786558966.146778,0.07958115637302399
train/alpha,11140,1786558967.839816,0.07946057617664337
train/alpha,11155,1786558969.519180,0.07933938503265381
train/alpha,11174,1786558971.666069,0.07918929308652878
train/alpha,11186,1786558973.019225,0.07909312099218369
train/alpha,11203,1786558974.875392,0.078956238925457
train/alpha,11222,1786558976.904251,0.07880713790655136
train/alpha,11240,1786558978.786451,0.07866760343313217
train/alpha,11263,1786558982.866682,0.07848579436540604
train/alpha,11276,1786558985.061065,0.07838332653045654
train/alpha,11296,1786558988.442093,0.07822572439908981
train/alpha,11311,1786558991.001197,0.07810596376657486
train/alpha,11329,1786558994.034636,0.07796304672956467
train/alpha,11352,1786558997.905845,0.0777876079082489
train/alpha,11365,1786559000.085641,0.07768422365188599
train/alpha,11383,1786559003.107237,0.07754862308502197
train/alpha,11402,1786559006.263941,0.07741069048643112
train/alpha,11427,1786559010.357730,0.07723460346460342
train/alpha,11446,1786559013.546521,0.07709875702857971
train/alpha,11463,1786559016.560640,0.07697885483503342
train/alpha,11484,1786559020.076166,0.07683020830154419
train/alpha,11502,1786559022.553992,0.07669789344072342
train/alpha,11519,1786559024.855019,0.0765710324048996
train/alpha,11541,1786559027.794899,0.07640927284955978
train/alpha,11560,1786559030.340842,0.0762714371085167
train/alpha,11581,1786559033.071004,0.0761236622929573
train/alpha,11595,1786559034.860863,0.07602670043706894
train/alpha,11609,1786559036.601310,0.07592714577913284
train/alpha,11625,1786559038.825898,0.07581339031457901
train/alpha,11643,1786559040.907673,0.07568532228469849
train/alpha,11661,1786559042.961144,0.07555951178073883
train/alpha,11678,1786559044.928120,0.0754370167851448
train/alpha,11701,1786559047.646888,0.07526688277721405
train/alpha,11717,1786559049.555324,0.07514933496713638
train/alpha,11733,1786559051.449178,0.07503530383110046
train/alpha,11746,1786559053.029596,0.0749392956495285
train/alpha,11766,1786559056.061967,0.07479478418827057
train/alpha,11785,1786559058.568820,0.07466550916433334
train/alpha,11804,1786559060.988794,0.07453323155641556
train/alpha,11829,1786559064.214865,0.07436521351337433
train/alpha,11844,1786559066.261868,0.07426763325929642
train/alpha,11862,1786559068.228847,0.07414767891168594
train/alpha,11889,1786559071.197695,0.07395580410957336
train/alpha,11907,1786559073.147164,0.07383890450000763
train/alpha,11925,1786559075.125028,0.07371366769075394
train/alpha,11950,1786559077.885192,0.07353204488754272
train/alpha,11971,1786559080.123876,0.07338479161262512
train/alpha,11992,1786559082.278068,0.07323870062828064
train/alpha,12013,1786559084.516084,0.0730978474020958
train/alpha,12032,1786559086.418839,0.0729706659913063
train/alpha,12048,1786559088.027719,0.07286583632230759
train/alpha,12065,1786559089.762312,0.07275758683681488
train/alpha,12079,1786559091.175083,0.072667695581913
train/alpha,12104,1786559093.655844,0.07250422984361649
train/alpha,12118,1786559095.012643,0.07241377234458923
train/alpha,12136,1786559096.952051,0.0722971186041832
train/alpha,12150,1786559098.826152,0.07220245152711868
train/alpha,12164,1786559100.332722,0.07211358845233917
train/alpha,12178,1786559101.776522,0.0720258355140686
train/alpha,12199,1786559103.927554,0.07189148664474487
train/alpha,12212,1786559105.177022,0.071808822453022
train/alpha,12230,1786559106.886684,0.07169173657894135
train/alpha,12249,1786559108.719319,0.07157276570796967
train/alpha,12275,1786559112.671453,0.07140735536813736
train/alpha,12286,1786559114.029442,0.07133521884679794
train/alpha,12307,1786559116.615515,0.07119864225387573
train/alpha,12332,1786559119.637981,0.07103917002677917
train/alpha,12351,1786559121.888747,0.0709223672747612
train/alpha,12365,1786559123.542441,0.07083356380462646
train/alpha,12385,1786559125.868859,0.0707067996263504
train/alpha,12410,1786559128.746495,0.07054736465215683
train/alpha,12428,1786559130.782954,0.07043157517910004
train/alpha,12450,1786559133.225089,0.07029002904891968
train/alpha,12460,1786559134.314725,0.07022375613451004
train/alpha,12480,1786559136.844075,0.07009866833686829
train/alpha,12495,1786559138.803007,0.07000129669904709
train/alpha,12525,1786559142.698980,0.06981043517589569
train/alpha,12538,1786559144.355673,0.06973083317279816
train/alpha,12558,1786559146.912462,0.06960878521203995
train/alpha,12571,1786559148.588637,0.06952691078186035
train/alpha,12588,1786559150.750421,0.06942350417375565
train/alpha,12607,1786559153.184107,0.06930194795131683
train/alpha,12623,1786559155.231262,0.06919252872467041
train/alpha,12645,1786559158.061828,0.06904664635658264
train/alpha,12666,1786559160.765088,0.06890715658664703
train/alpha,12685,1786559163.229841,0.06878108531236649
train/alpha,12700,1786559165.208930,0.06868171691894531
train/alpha,12718,1786559167.583017,0.06856372207403183
train/alpha,12736,1786559169.982812,0.0684451311826706
train/alpha,12753,1786559172.609489,0.06833501905202866
train/alpha,12777,1786559175.788102,0.06817446649074554
train/alpha,12792,1786559177.758979,0.0680723711848259
train/alpha,12807,1786559179.736349,0.06796859949827194
train/alpha,12823,1786559181.827239,0.06785406172275543
train/alpha,12842,1786559184.302912,0.0677194818854332
train/alpha,12863,1786559187.058643,0.06757284700870514
train/alpha,12884,1786559189.748381,0.06742031872272491
train/alpha,12903,1786559192.157820,0.06728006899356842
train/alpha,12923,1786559194.659160,0.06713327020406723
train/alpha,12938,1786559196.521587,0.06702768057584763
train/alpha,12955,1786559198.644652,0.06691078841686249
train/alpha,12979,1786559201.682716,0.06675349175930023
train/alpha,13002,1786559204.641978,0.06660649925470352
train/alpha,13021,1786559207.080035,0.06648711115121841
train/alpha,13040,1786559209.470799,0.06637120246887207
train/alpha,13058,1786559211.632649,0.06625647097826004
train/alpha,13071,1786559215.429131,0.0661734789609909
train/alpha,13099,1786559220.048432,0.06599564105272293
train/alpha,13131,1786559225.283756,0.06579648703336716
train/alpha,13151,1786559228.504956,0.06567205488681793
train/alpha,13166,1786559230.876209,0.06557822227478027
train/alpha,13183,1786559233.635363,0.06547786295413971
train/alpha,13208,1786559237.739853,0.06532586365938187
train/alpha,13228,1786559240.994539,0.06520543992519379
train/alpha,13240,1786559242.900641,0.0651339665055275
train/alpha,13257,1786559245.550877,0.06502462178468704
train/alpha,13271,1786559247.737922,0.06493281573057175
train/alpha,13294,1786559251.317817,0.06478218734264374
train/alpha,13315,1786559254.578172,0.06464850157499313
train/alpha,13330,1786559256.860277,0.06455692648887634
train/alpha,13358,1786559261.132697,0.06437616795301437
train/alpha,13373,1786559263.401608,0.06428166478872299
train/alpha,13393,1786559266.414002,0.06415539234876633
train/alpha,13405,1786559268.188401,0.06408170610666275
train/alpha,13425,1786559271.054750,0.06396189332008362
train/alpha,13438,1786559272.837110,0.06388124078512192
train/alpha,13453,1786559274.885662,0.06379134207963943
train/alpha,13469,1786559277.034843,0.06369659304618835
train/alpha,13484,1786559279.016243,0.06360740959644318
train/alpha,13508,1786559282.139197,0.063467837870121
train/alpha,13524,1786559284.195743,0.06337670236825943
train/alpha,13540,1786559286.175035,0.06328286975622177
train/alpha,13557,1786559288.066232,0.06318164616823196
train/alpha,13572,1786559291.505166,0.06308741867542267
train/alpha,13584,1786559293.321463,0.06300920993089676
train/alpha,13599,1786559295.560451,0.06291315704584122
train/alpha,13613,1786559297.653934,0.06283227354288101
train/alpha,13633,1786559300.610013,0.062715545296669
train/alpha,13655,1786559303.881326,0.06259608268737793
train/alpha,13672,1786559306.395776,0.06250861287117004
train/alpha,13692,1786559309.292587,0.062402889132499695
train/alpha,13716,1786559312.762117,0.06225897744297981
train/alpha,13736,1786559315.628124,0.06214306876063347
train/alpha,13755,1786559318.311136,0.062045857310295105
train/alpha,13771,1786559320.564727,0.061963122338056564
train/alpha,13790,1786559323.259392,0.06186351180076599
train/alpha,13812,1786559326.371585,0.06174662709236145
train/alpha,13827,1786559328.520785,0.06166452169418335
train/alpha,13840,1786559330.398557,0.06159336119890213
train/alpha,13857,1786559332.859581,0.0614989809691906
train/alpha,13877,1786559335.732658,0.06139606237411499
train/alpha,13897,1786559338.588790,0.06129419058561325
train/alpha,13912,1786559340.700273,0.06121359393000603
train/alpha,13930,1786559343.209670,0.061120450496673584
train/alpha,13949,1786559345.849904,0.061024583876132965
train/alpha,13962,1786559347.619704,0.06096186116337776
train/alpha,13974,1786559349.270074,0.06090472638607025
train/alpha,13995,1786559352.152125,0.060796305537223816
train/alpha,14009,1786559356.179331,0.060710806399583817
train/alpha,14025,1786559359.457320,0.06061508506536484
train/alpha,14040,1786559362.509333,0.06052496284246445
train/alpha,14056,1786559365.740661,0.06042982637882233
train/alpha,14078,1786559370.127334,0.06029811501502991
train/alpha,14092,1786559372.843999,0.06021182984113693
train/alpha,14120,1786559378.202105,0.06004735454916954
train/alpha,14143,1786559382.521304,0.05991152673959732
train/alpha,14160,1786559385.664876,0.05981471762061119
train/alpha,14187,1786559390.609760,0.05966317281126976
train/alpha,14203,1786559393.541483,0.05957216024398804
train/alpha,14220,1786559396.657496,0.059470608830451965
train/alpha,14234,1786559399.203979,0.05938689783215523
train/alpha,14254,1786559402.847762,0.05927437171339989
train/alpha,14278,1786559407.196332,0.05913829430937767
train/alpha,14306,1786559412.289592,0.05896619334816933
train/alpha,14329,1786559416.470846,0.05882416293025017
train/alpha,14350,1786559420.246682,0.05869901180267334
train/alpha,14367,1786559422.977209,0.05859720706939697
train/alpha,14387,1786559425.827928,0.05848752334713936
train/alpha,14409,1786559428.877240,0.058367568999528885
train/alpha,14434,1786559432.827230,0.05822642520070076
train/alpha,14449,1786559435.495361,0.05813737213611603
train/alpha,14466,1786559438.043734,0.05803603678941727
train/alpha,14486,1786559440.468568,0.05791803449392319
train/alpha,14508,1786559443.154087,0.05779201537370682
train/alpha,14522,1786559444.882136,0.05770768225193024
train/alpha,14551,1786559448.401994,0.05753912031650543
train/alpha,14573,1786559451.041867,0.05741295590996742
train/alpha,14585,1786559452.475733,0.057340819388628006
train/alpha,14606,1786559454.996866,0.057225294411182404
train/alpha,14620,1786559456.666604,0.05714865401387215
train/alpha,14636,1786559458.529440,0.05706249922513962
train/alpha,14657,1786559460.952898,0.05694777891039848
train/alpha,14673,1786559462.774736,0.056857939809560776
train/alpha,14690,1786559464.712433,0.05676528066396713
train/alpha,14705,1786559466.384656,0.056682441383600235
train/alpha,14724,1786559468.517285,0.05658125877380371
train/alpha,14745,1786559470.852545,0.056467488408088684
train/alpha,14761,1786559472.579283,0.0563833974301815
train/alpha,14779,1786559474.447308,0.056280627846717834
train/alpha,14801,1786559476.814291,0.05615788698196411
train/alpha,14820,1786559478.795563,0.056049808859825134
train/alpha,14851,1786559481.905873,0.05587495490908623
train/alpha,14864,1786559483.162705,0.05580173805356026
train/alpha,14878,1786559484.516052,0.055726513266563416
train/alpha,14902,1786559486.711085,0.05560178682208061
train/alpha,14914,1786559487.825022,0.0555407889187336
train/alpha,14934,1786559491.528918,0.055440064519643784
train/alpha,14948,1786559493.107483,0.05536931753158569
train/alpha,14973,1786559495.882760,0.05524091050028801
train/alpha,14987,1786559497.392304,0.05516358092427254
train/alpha,15001,1786559498.777041,0.055086757987737656
train/alpha,15019,1786559500.633766,0.0549895241856575
train/alpha,15047,1786559503.406606,0.054842475801706314
train/alpha,15066,1786559506.185999,0.054735392332077026
train/alpha,15084,1786559508.581751,0.05463630333542824
train/alpha,15099,1786559510.595423,0.05455741658806801
train/alpha,15118,1786559513.136915,0.05445311963558197
train/alpha,15143,1786559516.510264,0.054315146058797836
train/alpha,15156,1786559518.249029,0.054245561361312866
train/alpha,15173,1786559520.506253,0.054154958575963974
train/alpha,15194,1786559523.272720,0.05404076352715492
train/alpha,15206,1786559524.866880,0.05397401005029678
train/alpha,15225,1786559527.337915,0.053875863552093506
train/alpha,15243,1786559529.658301,0.05377949774265289
train/alpha,15257,1786559531.442994,0.053707946091890335
train/alpha,15278,1786559534.064837,0.05359771475195885
train/alpha,15295,1786559536.164780,0.053506068885326385
train/alpha,15313,1786559538.386155,0.05341409519314766
train/alpha,15331,1786559540.600342,0.05332405865192413
train/alpha,15354,1786559543.407690,0.053216446191072464
train/alpha,15369,1786559545.233423,0.05314929410815239
train/alpha,15383,1786559546.951701,0.053077444434165955
train/alpha,15410,1786559550.284793,0.05293898284435272
train/alpha,15432,1786559553.040743,0.0528310090303421
train/alpha,15451,1786559555.401637,0.05273083224892616
train/alpha,15469,1786559557.649277,0.05263783037662506
train/alpha,15488,1786559560.043110,0.052538201212882996
train/alpha,15502,1786559563.735507,0.05247049406170845
train/alpha,15523,1786559567.202602,0.05236416682600975
train/alpha,15546,1786559570.965139,0.05224790424108505
train/alpha,15558,1786559572.927029,0.05219114199280739
train/alpha,15575,1786559575.723568,0.05210268497467041
train/alpha,15597,1786559579.301537,0.051988933235406876
train/alpha,15614,1786559582.049948,0.0519014373421669
train/alpha,15628,1786559584.324688,0.05183311179280281
train/alpha,15649,1786559587.722306,0.05173424631357193
train/alpha,15668,1786559590.762800,0.05163861811161041
train/alpha,15690,1786559594.234879,0.05153161659836769
train/alpha,15708,1786559597.064399,0.05144120007753372
train/alpha,15731,1786559600.714913,0.051333434879779816
train/alpha,15746,1786559603.106899,0.05126712843775749
train/alpha,15761,1786559605.472004,0.05120212957262993
train/alpha,15783,1786559609.133139,0.05110347643494606
train/alpha,15813,1786559613.181521,0.05096879228949547
train/alpha,15834,1786559615.948226,0.050876434892416
train/alpha,15848,1786559617.799985,0.050810977816581726
train/alpha,15861,1786559619.515161,0.050751376897096634
train/alpha,15880,1786559621.992724,0.05066726356744766
train/alpha,15898,1786559624.327692,0.050585292279720306
train/alpha,15916,1786559626.616525,0.0505049042403698
train/alpha,15943,1786559630.008152,0.0503920316696167
train/alpha,15956,1786559631.652889,0.050335176289081573
train/alpha,15967,1786559633.157876,0.05028633400797844
train/alpha,15982,1786559635.075894,0.05021994560956955
train/alpha,16000,1786559637.393521,0.050138700753450394
train/alpha,16018,1786559639.829081,0.050060078501701355
train/alpha,16034,1786559641.856079,0.04998776689171791
train/alpha,16050,1786559643.869011,0.04991401359438896
train/alpha,16073,1786559646.726453,0.04980416223406792
train/alpha,16093,1786559649.183199,0.049714334309101105
train/alpha,16106,1786559650.767489,0.04965909197926521
train/alpha,16123,1786559652.778628,0.04958672821521759
train/alpha,16148,1786559655.698146,0.04948620870709419
train/alpha,16161,1786559657.188390,0.049428511410951614
train/alpha,16175,1786559658.823896,0.04936901107430458
train/alpha,16201,1786559661.833932,0.049258362501859665
train/alpha,16221,1786559664.153217,0.049172013998031616
train/alpha,16239,1786559666.224941,0.04909084737300873
train/alpha,16259,1786559668.512129,0.04900297895073891
train/alpha,16279,1786559670.783932,0.04891747608780861
train/alpha,16304,1786559673.676973,0.04880395159125328
train/alpha,16321,1786559675.615142,0.04872601106762886
train/alpha,16347,1786559678.654007,0.04860595613718033
train/alpha,16365,1786559680.783659,0.0485239215195179
train/alpha,16386,1786559683.243105,0.04842393845319748
train/alpha,16401,1786559684.958322,0.04834934324026108
train/alpha,16421,1786559687.862444,0.04824696108698845
train/alpha,16439,1786559690.287900,0.04815571382641792
train/alpha,16453,1786559692.099222,0.048086635768413544
train/alpha,16482,1786559695.805831,0.047951169312000275
train/alpha,16499,1786559697.951573,0.04786939173936844
train/alpha,16513,1786559699.627421,0.04779656603932381
train/alpha,16536,1786559702.366772,0.047676172107458115
train/alpha,16554,1786559704.442663,0.04758920520544052
train/alpha,16572,1786559706.450923,0.04750402644276619
train/alpha,16598,1786559709.215474,0.04737762734293938
train/alpha,16624,1786559711.950455,0.047250259667634964
train/alpha,16637,1786559713.310110,0.047184403985738754
train/alpha,16657,1786559715.400878,0.047083500772714615
train/alpha,16673,1786559717.082552,0.04700404405593872
train/alpha,16695,1786559719.452265,0.04689107462763786
train/alpha,16710,1786559721.099507,0.046817176043987274
train/alpha,16730,1786559723.333689,0.04671764001250267
train/alpha,16750,1786559725.620368,0.046613335609436035
train/alpha,16766,1786559727.447449,0.04652947187423706
train/alpha,16788,1786559729.938845,0.04642175883054733
train/alpha,16802,1786559731.514536,0.04635382816195488
train/alpha,16823,1786559733.877636,0.04624474421143532
train/alpha,16845,1786559736.313651,0.04613857716321945
train/alpha,16859,1786559737.870581,0.04607054963707924
train/alpha,16877,1786559739.889063,0.04598098620772362
train/alpha,16900,1786559742.506771,0.04587410017848015
train/alpha,16915,1786559744.243875,0.04580482095479965
train/alpha,16934,1786559746.439546,0.04571694880723953
train/alpha,16949,1786559748.122139,0.04564908146858215
train/alpha,16973,1786559750.811804,0.045537013560533524
train/alpha,16995,1786559755.358431,0.045427314937114716
train/alpha,17015,1786559757.941889,0.04532322287559509
train/alpha,17032,1786559760.118252,0.04523580148816109
train/alpha,17047,1786559762.077816,0.04516318067908287
train/alpha,17060,1786559763.779935,0.045102544128894806
train/alpha,17076,1786559765.787446,0.04502914845943451
train/alpha,17100,1786559768.694530,0.04491773247718811
train/alpha,17117,1786559770.708762,0.04483996331691742
train/alpha,17141,1786559775.702386,0.044737089425325394
train/alpha,17164,1786559779.084045,0.044638436287641525
train/alpha,17182,1786559781.658716,0.044564832001924515
train/alpha,17207,1786559785.371842,0.04446010664105415
train/alpha,17223,1786559787.442804,0.04439213499426842
train/alpha,17241,1786559789.762102,0.04431525617837906
train/alpha,17258,1786559791.945837,0.044239744544029236
train/alpha,17282,1786559795.035309,0.044134143739938736
train/alpha,17297,1786559796.913988,0.044068142771720886
train/alpha,17316,1786559799.372095,0.04398053511977196
train/alpha,17337,1786559802.074493,0.04388577118515968
train/alpha,17354,1786559804.256943,0.043812401592731476
train/alpha,17373,1786559806.653931,0.043729718774557114
train/alpha,17391,1786559808.889707,0.043652839958667755
train/alpha,17412,1786559811.448214,0.04356725886464119
train/alpha,17430,1786559813.676730,0.043493736535310745
train/alpha,17445,1786559815.587187,0.043431419879198074
train/alpha,17468,1786559818.428874,0.043345045298337936
train/alpha,17486,1786559820.642918,0.043273650109767914
train/alpha,17506,1786559823.077109,0.043189842253923416
train/alpha,17521,1786559824.888175,0.04312994331121445
train/alpha,17532,1786559826.204077,0.043089695274829865
train/alpha,17558,1786559829.199307,0.04299692437052727
train/alpha,17568,1786559830.352821,0.042960744351148605
train/alpha,17592,1786559833.102735,0.04287409409880638
train/alpha,17607,1786559834.816164,0.04282362759113312
train/alpha,17619,1786559836.175884,0.0427822470664978
train/alpha,17634,1786559837.877573,0.0427301861345768
train/alpha,17649,1786559839.560124,0.042681314051151276
train/alpha,17668,1786559841.669831,0.042618583887815475
train/alpha,17682,1786559843.233487,0.042568255215883255
train/alpha,17698,1786559844.979178,0.04250764474272728
train/alpha,17713,1786559846.612107,0.042454686015844345
train/alpha,17735,1786559849.031674,0.042376019060611725
train/alpha,17751,1786559850.776992,0.0423155352473259
train/alpha,17774,1786559853.235230,0.042227812111377716
train/alpha,17790,1786559854.966697,0.04216032102704048
train/alpha,17816,1786559857.774325,0.042050451040267944
train/alpha,17845,1786559860.890642,0.04192075878381729
train/alpha,17864,1786559862.945184,0.04184207320213318
train/alpha,17887,1786559865.426987,0.04174669459462166
train/alpha,17900,1786559866.806070,0.04169477894902229
train/alpha,17918,1786559868.682241,0.04163101688027382
train/alpha,17937,1786559870.651638,0.04156231880187988
train/alpha,17955,1786559872.511356,0.041494861245155334
train/alpha,17970,1786559874.068121,0.04143822193145752
train/alpha,17985,1786559875.658762,0.04137958213686943
train/alpha,18004,1786559877.767618,0.04130848869681358
train/alpha,18026,1786559880.056167,0.04123137891292572
train/alpha,18047,1786559882.230811,0.04115581139922142
train/alpha,18066,1786559884.241870,0.041088446974754333
train/alpha,18079,1786559885.642440,0.04103987663984299
train/alpha,18096,1786559887.435485,0.0409785620868206
train/alpha,18118,1786559889.760865,0.04089747369289398
train/alpha,18136,1786559891.682386,0.040831059217453
train/alpha,18154,1786559893.643488,0.04076102748513222
train/alpha,18173,1786559895.771206,0.04068918526172638
train/alpha,18185,1786559897.101969,0.04064624011516571
train/alpha,18209,1786559900.345969,0.0405612550675869
train/alpha,18224,1786559902.192173,0.040506161749362946
train/alpha,18238,1786559903.900097,0.04045524075627327
train/alpha,18256,1786559906.112492,0.04038682579994202
train/alpha,18279,1786559908.884900,0.040305014699697495
train/alpha,18294,1786559910.605618,0.040253885090351105
train/alpha,18307,1786559912.074761,0.040209025144577026
train/alpha,18333,1786559915.110509,0.04012375697493553
train/alpha,18349,1786559916.914847,0.040072064846754074
train/alpha,18369,1786559922.195177,0.04000578820705414
train/alpha,18388,1786559925.390315,0.03994910418987274
train/alpha,18408,1786559928.734125,0.03988606482744217
train/alpha,18428,1786559931.993414,0.03981708362698555
train/alpha,18445,1786559934.681546,0.039760004729032516
train/alpha,18457,1786559936.574153,0.03972276672720909
train/alpha,18473,1786559939.081975,0.039669010788202286
train/alpha,18487,1786559941.250060,0.03961886838078499
train/alpha,18505,1786559944.037359,0.039557717740535736
train/alpha,18517,1786559945.877348,0.03951585665345192
train/alpha,18532,1786559948.168718,0.039458196610212326
train/alpha,18549,1786559950.754040,0.03939144313335419
train/alpha,18576,1786559954.889097,0.039277225732803345
train/alpha,18595,1786559957.771493,0.03920038416981697
train/alpha,18618,1786559960.919099,0.039107248187065125
train/alpha,18632,1786559962.898381,0.03904695063829422
train/alpha,18654,1786559966.030427,0.03894932195544243
train/alpha,18670,1786559968.184422,0.038875751197338104
train/alpha,18690,1786559970.794883,0.03878659009933472
train/alpha,18709,1786559973.534909,0.0387071892619133
train/alpha,18735,1786559977.388219,0.03860875219106674
train/alpha,18751,1786559979.555551,0.03854704648256302
train/alpha,18770,1786559982.131747,0.038474664092063904
train/alpha,18796,1786559985.582699,0.03837784007191658
train/alpha,18825,1786559989.380788,0.03827264904975891
train/alpha,18844,1786559991.870021,0.03820248693227768
train/alpha,18859,1786559993.858319,0.03815051540732384
train/alpha,18879,1786559996.586512,0.03808273747563362
train/alpha,18898,1786559999.082911,0.0380164310336113
train/alpha,18923,1786560002.412647,0.03792816400527954
train/alpha,18942,1786560005.382189,0.037864238023757935
train/alpha,18963,1786560007.751852,0.03779386356472969
train/alpha,18984,1786560010.116791,0.037726882845163345
train/alpha,19004,1786560012.363959,0.037666045129299164
train/alpha,19022,1786560014.379987,0.03761378675699234
train/alpha,19038,1786560016.131090,0.03756732866168022
train/alpha,19054,1786560017.874764,0.03751970827579498
train/alpha,19074,1786560020.065610,0.037459637969732285
train/alpha,19090,1786560021.851582,0.03740141540765762
train/alpha,19108,1786560023.826940,0.03733476623892784
train/alpha,19124,1786560025.570507,0.03728159889578819
train/alpha,19138,1786560027.105559,0.03723479434847832
train/alpha,19159,1786560029.426813,0.03716328740119934
train/alpha,19180,1786560031.765308,0.03709769621491432
train/alpha,19193,1786560033.235559,0.03706112504005432
train/alpha,19209,1786560035.085729,0.03701476380228996
train/alpha,19227,1786560037.437555,0.03696471452713013
train/alpha,19240,1786560038.770962,0.03692731261253357
train/alpha,19258,1786560040.591837,0.036876995116472244
train/alpha,19281,1786560042.873381,0.03682079538702965
train/alpha,19304,1786560045.148348,0.03676045686006546
train/alpha,19323,1786560046.975912,0.03671012073755264
train/alpha,19338,1786560048.398911,0.03667338192462921
train/alpha,19362,1786560053.042988,0.03660498186945915
train/alpha,19376,1786560055.324115,0.03656124696135521
train/alpha,19396,1786560058.577710,0.03650042042136192
train/alpha,19419,1786560062.334233,0.03642604872584343
train/alpha,19432,1786560064.472967,0.036378566175699234
train/alpha,19452,1786560067.785114,0.036313217133283615
train/alpha,19470,1786560070.753212,0.03626461327075958
train/alpha,19493,1786560074.401773,0.03619345650076866
train/alpha,19512,1786560077.246283,0.036129701882600784
train/alpha,19534,1786560080.727375,0.03605131059885025
train/alpha,19554,1786560083.439276,0.035983506590127945
train/alpha,19567,1786560085.273051,0.03593624755740166
train/alpha,19586,1786560087.625724,0.035867564380168915
train/alpha,19608,1786560090.263301,0.035783980041742325
train/alpha,19621,1786560091.821759,0.035735055804252625
train/alpha,19638,1786560093.829025,0.03567734733223915
train/alpha,19655,1786560095.819436,0.03561805933713913
train/alpha,19672,1786560097.790597,0.0355590283870697
train/alpha,19693,1786560100.231630,0.03548504039645195
train/alpha,19705,1786560101.619335,0.03543969616293907
train/alpha,19726,1786560103.989818,0.03535992279648781
train/alpha,19738,1786560105.335630,0.03531729802489281
train/alpha,19754,1786560107.089501,0.035260871052742004
train/alpha,19769,1786560109.411188,0.03520937263965607
train/alpha,19789,1786560111.729678,0.03514225780963898
train/alpha,19808,1786560113.947711,0.03508072718977928
train/alpha,19831,1786560116.611485,0.03500776365399361
train/alpha,19848,1786560118.530725,0.03495604917407036
train/alpha,19871,1786560121.129859,0.0348755344748497
train/alpha,19890,1786560123.264941,0.0348091796040535
train/alpha,19904,1786560124.832560,0.034758493304252625
train/alpha,19922,1786560126.817618,0.034695807844400406
train/alpha,19939,1786560128.646446,0.03463530167937279
train/alpha,19956,1786560130.448505,0.0345744825899601
train/alpha,19974,1786560132.289781,0.03450985252857208
train/alpha,20000,1786560135.510251,0.03443072736263275
train/alpha_loss,1502,1786557712.839885,-5.379477500915527
train/alpha_loss,1522,1786557714.532376,-5.39688777923584
train/alpha_loss,1546,1786557716.569473,-5.461967468261719
train/alpha_loss,1565,1786557718.131768,-5.488781452178955
train/alpha_loss,1582,1786557719.514422,-5.476388931274414
train/alpha_loss,1599,1786557721.435905,-5.484868049621582
train/alpha_loss,1618,1786557723.656540,-5.419379234313965
train/alpha_loss,1632,1786557725.299151,-5.497108459472656
train/alpha_loss,1649,1786557727.295874,-5.41339111328125
train/alpha_loss,1667,1786557729.470778,-5.465944766998291
train/alpha_loss,1698,1786557733.269323,-5.533760070800781
train/alpha_loss,1714,1786557737.678407,-5.464608192443848
train/alpha_loss,1729,1786557740.678693,-5.462179183959961
train/alpha_loss,1748,1786557744.423721,-5.492881774902344
train/alpha_loss,1762,1786557747.133780,-5.573247909545898
train/alpha_loss,1781,1786557750.825500,-5.482587814331055
train/alpha_loss,1801,1786557756.339638,-5.505624771118164
train/alpha_loss,1814,1786557758.538771,-5.475473880767822
train/alpha_loss,1829,1786557761.083142,-5.54776668548584
train/alpha_loss,1842,1786557763.347744,-5.485837459564209
train/alpha_loss,1863,1786557766.980331,-5.47503137588501
train/alpha_loss,1887,1786557771.198471,-5.526942253112793
train/alpha_loss,1907,1786557774.692879,-5.50097131729126
train/alpha_loss,1925,1786557777.801749,-5.5864081382751465
train/alpha_loss,1944,1786557781.066783,-5.7075934410095215
train/alpha_loss,1966,1786557784.494659,-5.546637535095215
train/alpha_loss,1993,1786557787.619087,-5.482708930969238
train/alpha_loss,2013,1786557789.967238,-5.468050956726074
train/alpha_loss,2039,1786557792.786000,-5.713281154632568
train/alpha_loss,2052,1786557796.512084,-5.592426776885986
train/alpha_loss,2075,1786557800.408242,-5.56858491897583
train/alpha_loss,2091,1786557803.146093,-5.542605400085449
train/alpha_loss,2111,1786557806.469475,-5.641604423522949
train/alpha_loss,2129,1786557810.368915,-5.555123329162598
train/alpha_loss,2152,1786557813.869767,-5.512275218963623
train/alpha_loss,2169,1786557816.522978,-5.538049697875977
train/alpha_loss,2187,1786557819.355701,-5.680509567260742
train/alpha_loss,2207,1786557822.572932,-5.775107383728027
train/alpha_loss,2228,1786557828.784302,-5.686030387878418
train/alpha_loss,2249,1786557832.761437,-5.636690139770508
train/alpha_loss,2268,1786557836.502975,-5.6316351890563965
train/alpha_loss,2289,1786557840.736034,-5.669225215911865
train/alpha_loss,2308,1786557844.728484,-5.694825649261475
train/alpha_loss,2329,1786557847.275533,-5.654356002807617
train/alpha_loss,2349,1786557849.682061,-5.730293273925781
train/alpha_loss,2361,1786557851.172157,-5.769979000091553
train/alpha_loss,2375,1786557852.959920,-5.686052322387695
train/alpha_loss,2393,1786557855.232756,-5.6737165451049805
train/alpha_loss,2407,1786557857.029724,-5.825440406799316
train/alpha_loss,2425,1786557859.340843,-5.627822399139404
train/alpha_loss,2437,1786557860.827705,-5.679739952087402
train/alpha_loss,2453,1786557862.640044,-5.720697402954102
train/alpha_loss,2477,1786557865.290312,-5.699347972869873
train/alpha_loss,2495,1786557867.310972,-5.6471333503723145
train/alpha_loss,2511,1786557869.068337,-5.600590705871582
train/alpha_loss,2534,1786557871.715236,-5.60219669342041
train/alpha_loss,2556,1786557874.247267,-5.603165149688721
train/alpha_loss,2573,1786557876.150728,-5.709329605102539
train/alpha_loss,2588,1786557877.882103,-5.728394985198975
train/alpha_loss,2602,1786557879.442543,-5.551894187927246
train/alpha_loss,2618,1786557881.204071,-5.522178649902344
train/alpha_loss,2643,1786557883.927611,-5.586830139160156
train/alpha_loss,2656,1786557885.383147,-5.569838523864746
train/alpha_loss,2674,1786557887.426486,-5.313713550567627
train/alpha_loss,2690,1786557889.147399,-5.499054908752441
train/alpha_loss,2711,1786557891.402324,-5.465449333190918
train/alpha_loss,2726,1786557893.087868,-5.407002925872803
train/alpha_loss,2746,1786557895.266045,-5.555895805358887
train/alpha_loss,2761,1786557896.904419,-5.45075798034668
train/alpha_loss,2772,1786557898.151168,-5.56464147567749
train/alpha_loss,2786,1786557899.707599,-5.3039422035217285
train/alpha_loss,2811,1786557902.516187,-5.298920631408691
train/alpha_loss,2830,1786557904.576574,-5.265476703643799
train/alpha_loss,2843,1786557905.946075,-5.427491188049316
train/alpha_loss,2861,1786557907.858880,-5.411221981048584
train/alpha_loss,2881,1786557909.985309,-5.131251335144043
train/alpha_loss,2899,1786557911.914671,-5.169047832489014
train/alpha_loss,2911,1786557913.150624,-5.274799823760986
train/alpha_loss,2927,1786557914.827172,-5.06259298324585
train/alpha_loss,2944,1786557916.593672,-5.317340850830078
train/alpha_loss,2962,1786557918.474374,-5.164974689483643
train/alpha_loss,2977,1786557920.024212,-5.400168418884277
train/alpha_loss,2997,1786557922.049207,-5.0021867752075195
train/alpha_loss,3026,1786557924.967367,-5.2690324783325195
train/alpha_loss,3043,1786557926.726225,-5.023288249969482
train/alpha_loss,3067,1786557929.158704,-5.459665298461914
train/alpha_loss,3082,1786557930.660969,-5.2251667976379395
train/alpha_loss,3102,1786557932.683748,-5.111296653747559
train/alpha_loss,3115,1786557934.014526,-4.820974349975586
train/alpha_loss,3128,1786557935.315883,-5.319705963134766
train/alpha_loss,3143,1786557936.824245,-5.037930488586426
train/alpha_loss,3159,1786557938.430960,-5.022096633911133
train/alpha_loss,3180,1786557940.532323,-4.768130302429199
train/alpha_loss,3197,1786557942.224912,-5.3990631103515625
train/alpha_loss,3217,1786557944.199700,-4.631040096282959
train/alpha_loss,3230,1786557945.514081,-5.183180332183838
train/alpha_loss,3247,1786557947.248915,-5.1195831298828125
train/alpha_loss,3259,1786557948.471007,-4.853899002075195
train/alpha_loss,3274,1786557950.000282,-5.588314533233643
train/alpha_loss,3290,1786557951.606229,-4.466829299926758
train/alpha_loss,3309,1786557953.510516,-4.945279121398926
train/alpha_loss,3327,1786557955.436813,-5.051388740539551
train/alpha_loss,3356,1786557959.106592,-4.445272445678711
train/alpha_loss,3372,1786557961.249097,-4.752602577209473
train/alpha_loss,3392,1786557964.021179,-4.86772346496582
train/alpha_loss,3407,1786557966.106557,-4.660602569580078
train/alpha_loss,3430,1786557969.426454,-4.979606628417969
train/alpha_loss,3449,1786557972.109766,-4.6373209953308105
train/alpha_loss,3468,1786557974.804537,-4.513224124908447
train/alpha_loss,3494,1786557978.424659,-5.298423767089844
train/alpha_loss,3513,1786557981.471096,-5.211256980895996
train/alpha_loss,3528,1786557983.523489,-5.365874290466309
train/alpha_loss,3544,1786557985.671028,-4.793537616729736
train/alpha_loss,3555,1786557987.087011,-4.755056381225586
train/alpha_loss,3571,1786557989.163795,-4.798542022705078
train/alpha_loss,3595,1786557992.280685,-5.006821155548096
train/alpha_loss,3612,1786557994.440190,-4.744882583618164
train/alpha_loss,3634,1786557997.252708,-4.47859001159668
train/alpha_loss,3657,1786558000.151316,-4.935540199279785
train/alpha_loss,3678,1786558002.779666,-4.95482063293457
train/alpha_loss,3706,1786558006.231755,-5.05615234375
train/alpha_loss,3722,1786558008.187411,-4.700464248657227
train/alpha_loss,3733,1786558009.545696,-5.040637016296387
train/alpha_loss,3747,1786558011.274152,-4.838221549987793
train/alpha_loss,3761,1786558013.013848,-4.698446273803711
train/alpha_loss,3783,1786558015.797874,-5.403259754180908
train/alpha_loss,3803,1786558018.271888,-4.638653755187988
train/alpha_loss,3822,1786558020.550709,-4.926684856414795
train/alpha_loss,3840,1786558022.689512,-4.811110496520996
train/alpha_loss,3866,1786558025.784224,-4.675044536590576
train/alpha_loss,3886,1786558028.129140,-4.851489067077637
train/alpha_loss,3906,1786558030.472694,-5.361753940582275
train/alpha_loss,3924,1786558032.573829,-4.8476057052612305
train/alpha_loss,3948,1786558035.333355,-5.142515182495117
train/alpha_loss,3961,1786558036.818547,-4.856412887573242
train/alpha_loss,3975,1786558038.397924,-4.828502178192139
train/alpha_loss,3989,1786558039.951277,-4.656537055969238
train/alpha_loss,4003,1786558041.583258,-4.918355941772461
train/alpha_loss,4029,1786558044.521165,-5.355808734893799
train/alpha_loss,4047,1786558046.501154,-4.795831680297852
train/alpha_loss,4064,1786558048.336011,-5.069226264953613
train/alpha_loss,4080,1786558050.002811,-4.916706085205078
train/alpha_loss,4103,1786558053.264786,-4.751486778259277
train/alpha_loss,4122,1786558056.524354,-4.911474227905273
train/alpha_loss,4148,1786558061.575844,-4.767520904541016
train/alpha_loss,4165,1786558063.668626,-4.824180603027344
train/alpha_loss,4189,1786558066.664436,-4.606038570404053
train/alpha_loss,4209,1786558069.106167,-5.1045756340026855
train/alpha_loss,4232,1786558071.888070,-4.5112738609313965
train/alpha_loss,4256,1786558074.747435,-4.956552505493164
train/alpha_loss,4278,1786558077.367565,-4.767570495605469
train/alpha_loss,4310,1786558081.109432,-4.7340288162231445
train/alpha_loss,4328,1786558083.181298,-4.627261161804199
train/alpha_loss,4348,1786558085.458530,-4.47652006149292
train/alpha_loss,4363,1786558087.176898,-4.714394569396973
train/alpha_loss,4381,1786558089.172045,-4.921680450439453
train/alpha_loss,4397,1786558090.938329,-4.757024765014648
train/alpha_loss,4418,1786558093.224764,-4.503891944885254
train/alpha_loss,4435,1786558094.969542,-5.054312705993652
train/alpha_loss,4453,1786558097.662372,-5.161121845245361
train/alpha_loss,4467,1786558099.613547,-5.0322041511535645
train/alpha_loss,4487,1786558102.517690,-5.183663368225098
train/alpha_loss,4506,1786558105.391370,-4.8105692863464355
train/alpha_loss,4530,1786558109.067713,-5.265484809875488
train/alpha_loss,4547,1786558111.651710,-4.898224830627441
train/alpha_loss,4564,1786558114.319042,-5.314553260803223
train/alpha_loss,4588,1786558118.073981,-5.780064582824707
train/alpha_loss,4607,1786558120.997912,-5.349163055419922
train/alpha_loss,4633,1786558125.022620,-4.80764627456665
train/alpha_loss,4655,1786558128.353732,-5.03925895690918
train/alpha_loss,4672,1786558130.990279,-4.821852207183838
train/alpha_loss,4690,1786558133.800938,-5.039745330810547
train/alpha_loss,4705,1786558136.051394,-5.1846513748168945
train/alpha_loss,4722,1786558138.564353,-5.070988655090332
train/alpha_loss,4751,1786558142.967599,-4.8516387939453125
train/alpha_loss,4771,1786558145.903659,-5.228887557983398
train/alpha_loss,4794,1786558149.259977,-5.64121150970459
train/alpha_loss,4809,1786558151.468570,-5.345640182495117
train/alpha_loss,4834,1786558155.134618,-5.2403974533081055
train/alpha_loss,4847,1786558157.036481,-5.550323486328125
train/alpha_loss,4868,1786558160.092356,-5.296406269073486
train/alpha_loss,4882,1786558162.137012,-5.271847724914551
train/alpha_loss,4910,1786558166.167016,-5.323174476623535
train/alpha_loss,4925,1786558168.317890,-5.114846706390381
train/alpha_loss,4936,1786558169.853237,-5.221358299255371
train/alpha_loss,4952,1786558172.076433,-4.615462303161621
train/alpha_loss,4974,1786558175.165747,-5.499227046966553
train/alpha_loss,4988,1786558177.166258,-5.407084941864014
train/alpha_loss,5009,1786558180.150597,-5.218554496765137
train/alpha_loss,5028,1786558182.885199,-5.115693092346191
train/alpha_loss,5043,1786558185.065057,-5.349971294403076
train/alpha_loss,5061,1786558187.614097,-5.06078577041626
train/alpha_loss,5081,1786558190.430100,-5.38618278503418
train/alpha_loss,5100,1786558193.171429,-5.242125034332275
train/alpha_loss,5122,1786558196.372565,-5.7015862464904785
train/alpha_loss,5147,1786558199.969137,-5.609726428985596
train/alpha_loss,5168,1786558202.912026,-4.798388957977295
train/alpha_loss,5183,1786558205.032882,-5.426186561584473
train/alpha_loss,5196,1786558206.888327,-5.464413642883301
train/alpha_loss,5214,1786558209.598683,-4.834943771362305
train/alpha_loss,5226,1786558211.495524,-4.805042266845703
train/alpha_loss,5249,1786558214.741724,-5.180384635925293
train/alpha_loss,5267,1786558217.124784,-5.030158996582031
train/alpha_loss,5283,1786558219.225243,-5.299626350402832
train/alpha_loss,5298,1786558221.167416,-5.047614574432373
train/alpha_loss,5312,1786558222.966063,-5.654490947723389
train/alpha_loss,5330,1786558225.301494,-4.966500282287598
train/alpha_loss,5349,1786558228.032233,-5.596752166748047
train/alpha_loss,5364,1786558230.069072,-4.9597320556640625
train/alpha_loss,5389,1786558233.435923,-5.118677616119385
train/alpha_loss,5403,1786558235.399055,-5.497208595275879
train/alpha_loss,5422,1786558237.951314,-5.222734451293945
train/alpha_loss,5434,1786558239.542739,-5.595382213592529
train/alpha_loss,5449,1786558241.547959,-5.243330001831055
train/alpha_loss,5465,1786558243.680228,-5.283063888549805
train/alpha_loss,5482,1786558246.079105,-5.031580924987793
train/alpha_loss,5502,1786558248.915501,-5.875723838806152
train/alpha_loss,5520,1786558252.167006,-4.851665496826172
train/alpha_loss,5537,1786558255.028414,-5.637951850891113
train/alpha_loss,5553,1786558257.711536,-5.1226725578308105
train/alpha_loss,5566,1786558259.877262,-5.299014091491699
train/alpha_loss,5584,1786558262.915457,-5.533688545227051
train/alpha_loss,5600,1786558265.589524,-5.35573673248291
train/alpha_loss,5617,1786558268.412680,-5.821374416351318
train/alpha_loss,5641,1786558272.393122,-4.996182441711426
train/alpha_loss,5662,1786558275.877919,-5.6895294189453125
train/alpha_loss,5679,1786558278.702531,-5.006871223449707
train/alpha_loss,5701,1786558282.351071,-5.950341701507568
train/alpha_loss,5715,1786558284.637124,-5.344006061553955
train/alpha_loss,5730,1786558287.109504,-5.052281379699707
train/alpha_loss,5748,1786558290.047954,-5.18777322769165
train/alpha_loss,5763,1786558292.447058,-5.523141860961914
train/alpha_loss,5780,1786558295.210614,-5.424696922302246
train/alpha_loss,5798,1786558298.100065,-5.507709980010986
train/alpha_loss,5812,1786558300.328687,-5.684305191040039
train/alpha_loss,5832,1786558303.533949,-5.048130989074707
train/alpha_loss,5862,1786558308.414930,-5.514428615570068
train/alpha_loss,5874,1786558310.390029,-5.205414772033691
train/alpha_loss,5892,1786558313.317446,-5.098848342895508
train/alpha_loss,5919,1786558317.602720,-5.649799346923828
train/alpha_loss,5939,1786558320.758082,-5.179996013641357
train/alpha_loss,5955,1786558323.261925,-5.474076271057129
train/alpha_loss,5974,1786558326.293131,-5.324869155883789
train/alpha_loss,5990,1786558328.826903,-5.344347953796387
train/alpha_loss,6023,1786558333.963993,-5.483381271362305
train/alpha_loss,6038,1786558336.181068,-5.63778829574585
train/alpha_loss,6061,1786558339.727257,-5.163207054138184
train/alpha_loss,6084,1786558342.399104,-5.724415302276611
train/alpha_loss,6098,1786558344.023076,-5.274735450744629
train/alpha_loss,6113,1786558345.718447,-5.561273097991943
train/alpha_loss,6133,1786558347.934490,-5.059669494628906
train/alpha_loss,6153,1786558350.093398,-5.201892375946045
train/alpha_loss,6175,1786558352.332541,-5.333902359008789
train/alpha_loss,6188,1786558353.602290,-5.316930770874023
train/alpha_loss,6205,1786558355.242378,-5.34026575088501
train/alpha_loss,6223,1786558356.960973,-5.318187713623047
train/alpha_loss,6242,1786558358.786435,-5.26149845123291
train/alpha_loss,6264,1786558360.904500,-5.506109714508057
train/alpha_loss,6276,1786558362.072421,-5.460383415222168
train/alpha_loss,6298,1786558364.218805,-5.468214988708496
train/alpha_loss,6313,1786558365.692600,-5.553379535675049
train/alpha_loss,6326,1786558366.997356,-5.324002265930176
train/alpha_loss,6338,1786558368.222343,-5.552760124206543
train/alpha_loss,6354,1786558369.860265,-5.343228340148926
train/alpha_loss,6368,1786558371.348348,-5.754558086395264
train/alpha_loss,6383,1786558372.956473,-5.945313453674316
train/alpha_loss,6401,1786558374.887331,-5.1590681076049805
train/alpha_loss,6416,1786558376.478481,-5.089817047119141
train/alpha_loss,6440,1786558378.974466,-5.701699733734131
train/alpha_loss,6456,1786558380.660178,-5.192963600158691
train/alpha_loss,6478,1786558382.961166,-5.079051971435547
train/alpha_loss,6490,1786558384.206425,-5.539711952209473
train/alpha_loss,6508,1786558386.093118,-5.026824474334717
train/alpha_loss,6530,1786558388.414623,-5.449100971221924
train/alpha_loss,6549,1786558390.445840,-5.600237846374512
train/alpha_loss,6565,1786558392.162588,-5.3827805519104
train/alpha_loss,6588,1786558394.689219,-5.708763122558594
train/alpha_loss,6614,1786558397.526683,-5.479908466339111
train/alpha_loss,6629,1786558399.248811,-5.553991317749023
train/alpha_loss,6642,1786558400.636017,-5.682433128356934
train/alpha_loss,6658,1786558402.316733,-5.288234710693359
train/alpha_loss,6678,1786558404.296088,-5.214240074157715
train/alpha_loss,6699,1786558406.346346,-5.021569728851318
train/alpha_loss,6728,1786558412.074539,-4.774954795837402
train/alpha_loss,6746,1786558414.617200,-5.548619747161865
train/alpha_loss,6762,1786558416.786863,-5.258467197418213
train/alpha_loss,6778,1786558420.922911,-5.438871383666992
train/alpha_loss,6792,1786558423.322912,-5.1660895347595215
train/alpha_loss,6819,1786558427.934936,-5.456722259521484
train/alpha_loss,6840,1786558431.661011,-5.332736968994141
train/alpha_loss,6863,1786558435.570903,-5.75647497177124
train/alpha_loss,6879,1786558438.210475,-5.202116012573242
train/alpha_loss,6892,1786558440.319516,-5.2601823806762695
train/alpha_loss,6913,1786558443.689035,-5.455794334411621
train/alpha_loss,6928,1786558446.483715,-5.401386737823486
train/alpha_loss,6942,1786558448.398692,-5.687567710876465
train/alpha_loss,6957,1786558450.401759,-5.214912414550781
train/alpha_loss,6985,1786558454.121271,-5.775674819946289
train/alpha_loss,6997,1786558455.715919,-5.17423677444458
train/alpha_loss,7024,1786558459.332057,-5.1112060546875
train/alpha_loss,7039,1786558461.337190,-5.627800941467285
train/alpha_loss,7057,1786558463.718882,-5.592099666595459
train/alpha_loss,7071,1786558465.539712,-5.201869010925293
train/alpha_loss,7093,1786558468.381868,-5.113735198974609
train/alpha_loss,7111,1786558470.668823,-5.618472099304199
train/alpha_loss,7131,1786558473.220940,-5.581971168518066
train/alpha_loss,7150,1786558475.652973,-5.59399938583374
train/alpha_loss,7166,1786558477.703639,-5.099466323852539
train/alpha_loss,7178,1786558479.236869,-5.569668769836426
train/alpha_loss,7190,1786558480.791658,-5.580809116363525
train/alpha_loss,7207,1786558482.987756,-5.734652042388916
train/alpha_loss,7232,1786558486.214591,-5.551862716674805
train/alpha_loss,7256,1786558489.340556,-5.349246978759766
train/alpha_loss,7273,1786558491.549732,-5.382116317749023
train/alpha_loss,7288,1786558493.550244,-5.7850141525268555
train/alpha_loss,7303,1786558495.529587,-5.3504719734191895
train/alpha_loss,7319,1786558497.647717,-5.771604061126709
train/alpha_loss,7335,1786558499.783389,-4.959625720977783
train/alpha_loss,7353,1786558504.315886,-5.624476909637451
train/alpha_loss,7377,1786558508.101696,-5.3622636795043945
train/alpha_loss,7393,1786558510.644486,-5.773576736450195
train/alpha_loss,7412,1786558513.611937,-5.386812210083008
train/alpha_loss,7430,1786558516.429785,-5.722175121307373
train/alpha_loss,7444,1786558518.591233,-6.012685775756836
train/alpha_loss,7462,1786558521.376311,-5.828157424926758
train/alpha_loss,7483,1786558524.601809,-5.850350379943848
train/alpha_loss,7504,1786558527.794225,-5.350037097930908
train/alpha_loss,7524,1786558530.816127,-5.682951927185059
train/alpha_loss,7541,1786558533.402846,-5.3782525062561035
train/alpha_loss,7558,1786558535.977693,-5.240744590759277
train/alpha_loss,7577,1786558538.787817,-5.783883571624756
train/alpha_loss,7592,1786558541.073991,-5.865350723266602
train/alpha_loss,7608,1786558543.420550,-5.437678337097168
train/alpha_loss,7633,1786558546.942059,-5.375633239746094
train/alpha_loss,7646,1786558548.837747,-5.138236999511719
train/alpha_loss,7662,1786558551.131056,-5.684918403625488
train/alpha_loss,7686,1786558554.647516,-5.642518997192383
train/alpha_loss,7709,1786558557.599687,-5.549140930175781
train/alpha_loss,7729,1786558560.595168,-5.538119792938232
train/alpha_loss,7744,1786558562.752821,-5.696358680725098
train/alpha_loss,7770,1786558566.012953,-5.230547904968262
train/alpha_loss,7794,1786558569.042947,-5.106123924255371
train/alpha_loss,7807,1786558570.574452,-6.069089889526367
train/alpha_loss,7828,1786558573.044319,-5.630147933959961
train/alpha_loss,7842,1786558574.677490,-5.825425148010254
train/alpha_loss,7862,1786558577.014169,-5.251192092895508
train/alpha_loss,7882,1786558579.371667,-5.998006820678711
train/alpha_loss,7909,1786558582.431663,-5.70072078704834
train/alpha_loss,7926,1786558584.341247,-5.6349005699157715
train/alpha_loss,7948,1786558586.805249,-5.66165828704834
train/alpha_loss,7964,1786558588.559965,-5.543990612030029
train/alpha_loss,7980,1786558590.309853,-5.901084899902344
train/alpha_loss,8005,1786558593.628225,-5.699326038360596
train/alpha_loss,8024,1786558596.101146,-5.814678192138672
train/alpha_loss,8043,1786558598.527904,-5.615359306335449
train/alpha_loss,8062,1786558600.885793,-5.298919200897217
train/alpha_loss,8081,1786558603.224443,-5.564279556274414
train/alpha_loss,8098,1786558605.297764,-4.982870101928711
train/alpha_loss,8116,1786558607.423444,-6.414358139038086
train/alpha_loss,8138,1786558609.963013,-5.7109174728393555
train/alpha_loss,8157,1786558612.037272,-4.912535190582275
train/alpha_loss,8177,1786558614.132202,-5.5724287033081055
train/alpha_loss,8197,1786558616.230681,-5.838345527648926
train/alpha_loss,8215,1786558618.112074,-5.8575873374938965
train/alpha_loss,8231,1786558619.792403,-5.506626129150391
train/alpha_loss,8254,1786558622.204267,-5.6243367195129395
train/alpha_loss,8276,1786558624.541995,-5.456159591674805
train/alpha_loss,8295,1786558626.612192,-5.95998477935791
train/alpha_loss,8314,1786558628.720039,-5.863460540771484
train/alpha_loss,8329,1786558630.395930,-5.837197303771973
train/alpha_loss,8346,1786558632.326883,-5.725639343261719
train/alpha_loss,8361,1786558634.025249,-5.715500831604004
train/alpha_loss,8375,1786558635.605098,-5.103542327880859
train/alpha_loss,8390,1786558637.290947,-5.775762557983398
train/alpha_loss,8409,1786558639.434272,-5.189273834228516
train/alpha_loss,8424,1786558641.113075,-5.798819541931152
train/alpha_loss,8451,1786558644.114235,-5.701498985290527
train/alpha_loss,8469,1786558646.084226,-5.035845756530762
train/alpha_loss,8481,1786558647.406181,-5.359365463256836
train/alpha_loss,8499,1786558649.434674,-5.625060081481934
train/alpha_loss,8518,1786558651.577786,-4.697193145751953
train/alpha_loss,8533,1786558653.281800,-5.150128364562988
train/alpha_loss,8553,1786558655.552563,-5.993660926818848
train/alpha_loss,8574,1786558657.856009,-5.40914249420166
train/alpha_loss,8589,1786558659.497578,-5.880897521972656
train/alpha_loss,8618,1786558662.536833,-4.872767448425293
train/alpha_loss,8635,1786558664.235875,-5.126999855041504
train/alpha_loss,8654,1786558666.602101,-6.0536346435546875
train/alpha_loss,8672,1786558668.618834,-5.169177532196045
train/alpha_loss,8688,1786558670.410383,-5.20200777053833
train/alpha_loss,8704,1786558672.219629,-5.62117862701416
train/alpha_loss,8720,1786558674.441289,-5.2855143547058105
train/alpha_loss,8743,1786558677.527935,-5.269152641296387
train/alpha_loss,8761,1786558679.931350,-4.737940788269043
train/alpha_loss,8785,1786558683.132958,-5.432659149169922
train/alpha_loss,8801,1786558685.264272,-5.107095718383789
train/alpha_loss,8821,1786558687.905607,-5.522639274597168
train/alpha_loss,8835,1786558689.751017,-5.105742454528809
train/alpha_loss,8856,1786558692.494102,-4.636444091796875
train/alpha_loss,8874,1786558694.829003,-5.762213230133057
train/alpha_loss,8895,1786558697.456439,-5.543811798095703
train/alpha_loss,8911,1786558699.425267,-5.792658805847168
train/alpha_loss,8933,1786558702.130960,-5.350009441375732
train/alpha_loss,8945,1786558703.614247,-5.8321404457092285
train/alpha_loss,8973,1786558707.066806,-5.622446060180664
train/alpha_loss,8986,1786558708.674896,-5.920437812805176
train/alpha_loss,9012,1786558711.851990,-5.701798439025879
train/alpha_loss,9032,1786558714.259407,-4.9029998779296875
train/alpha_loss,9047,1786558716.067760,-5.695699691772461
train/alpha_loss,9062,1786558717.875328,-4.3584303855896
train/alpha_loss,9080,1786558720.016374,-5.437727451324463
train/alpha_loss,9106,1786558723.073206,-5.819923400878906
train/alpha_loss,9134,1786558726.281390,-5.608862400054932
train/alpha_loss,9150,1786558728.085448,-5.302236557006836
train/alpha_loss,9167,1786558729.972974,-5.834385871887207
train/alpha_loss,9184,1786558731.848448,-5.588859558105469
train/alpha_loss,9212,1786558734.975063,-4.91515588760376
train/alpha_loss,9226,1786558736.547533,-5.166477203369141
train/alpha_loss,9245,1786558738.690071,-4.745987892150879
train/alpha_loss,9268,1786558741.280882,-5.814152717590332
train/alpha_loss,9285,1786558743.196227,-4.699101448059082
train/alpha_loss,9299,1786558744.797247,-5.192212104797363
train/alpha_loss,9322,1786558747.455011,-4.986906051635742
train/alpha_loss,9346,1786558750.205589,-5.507519721984863
train/alpha_loss,9360,1786558751.823745,-5.130679130554199
train/alpha_loss,9375,1786558753.582118,-5.461191654205322
train/alpha_loss,9387,1786558754.990715,-5.280076503753662
train/alpha_loss,9409,1786558757.517698,-4.9485626220703125
train/alpha_loss,9427,1786558759.958679,-5.562593460083008
train/alpha_loss,9448,1786558762.478047,-4.721289157867432
train/alpha_loss,9464,1786558764.418848,-5.079198837280273
train/alpha_loss,9487,1786558767.178601,-5.375556468963623
train/alpha_loss,9503,1786558769.091583,-4.885326862335205
train/alpha_loss,9517,1786558770.771818,-5.679398536682129
train/alpha_loss,9535,1786558772.900971,-6.0849809646606445
train/alpha_loss,9555,1786558775.270519,-5.8394975662231445
train/alpha_loss,9579,1786558778.102821,-5.157302379608154
train/alpha_loss,9596,1786558780.099674,-5.456378936767578
train/alpha_loss,9616,1786558782.451958,-6.05772590637207
train/alpha_loss,9630,1786558784.052538,-4.86849308013916
train/alpha_loss,9653,1786558786.657205,-5.334702968597412
train/alpha_loss,9669,1786558788.477188,-5.155476093292236
train/alpha_loss,9688,1786558790.579426,-5.3561811447143555
train/alpha_loss,9710,1786558793.061931,-4.967710494995117
train/alpha_loss,9726,1786558794.799923,-5.407384872436523
train/alpha_loss,9741,1786558796.421684,-5.18803071975708
train/alpha_loss,9764,1786558798.926652,-5.641458988189697
train/alpha_loss,9777,1786558800.351999,-5.769680023193359
train/alpha_loss,9796,1786558802.439216,-5.038094997406006
train/alpha_loss,9820,1786558805.158105,-4.657664775848389
train/alpha_loss,9838,1786558807.144000,-4.766641139984131
train/alpha_loss,9858,1786558809.395061,-5.4172468185424805
train/alpha_loss,9881,1786558812.093136,-5.718513488769531
train/alpha_loss,9901,1786558814.433354,-5.595818519592285
train/alpha_loss,9915,1786558816.128923,-5.146517753601074
train/alpha_loss,9929,1786558817.852469,-5.382053375244141
train/alpha_loss,9946,1786558819.920097,-4.952587127685547
train/alpha_loss,9968,1786558822.571106,-5.199154376983643
train/alpha_loss,9987,1786558824.886289,-4.526589393615723
train/alpha_loss,10003,1786558826.982989,-5.002051830291748
train/alpha_loss,10026,1786558829.754851,-4.693034648895264
train/alpha_loss,10041,1786558831.552875,-5.397192478179932
train/alpha_loss,10062,1786558834.103405,-5.062744140625
train/alpha_loss,10086,1786558836.985791,-5.385643005371094
train/alpha_loss,10104,1786558841.405417,-5.587987899780273
train/alpha_loss,10124,1786558844.710397,-5.644336700439453
train/alpha_loss,10148,1786558848.673956,-5.916863441467285
train/alpha_loss,10164,1786558851.363316,-5.466084957122803
train/alpha_loss,10184,1786558854.655763,-5.671289443969727
train/alpha_loss,10204,1786558858.006020,-5.409345626831055
train/alpha_loss,10226,1786558861.846061,-5.784090042114258
train/alpha_loss,10243,1786558864.311399,-5.206252574920654
train/alpha_loss,10257,1786558866.325856,-6.20672607421875
train/alpha_loss,10275,1786558868.803163,-5.023496627807617
train/alpha_loss,10290,1786558870.855860,-4.6657023429870605
train/alpha_loss,10310,1786558873.431468,-5.722370624542236
train/alpha_loss,10335,1786558876.765976,-4.569758415222168
train/alpha_loss,10352,1786558878.964854,-5.224651336669922
train/alpha_loss,10372,1786558881.499316,-5.064652919769287
train/alpha_loss,10387,1786558883.369458,-4.950497627258301
train/alpha_loss,10406,1786558885.703995,-5.017784118652344
train/alpha_loss,10429,1786558888.429780,-5.351113796234131
train/alpha_loss,10445,1786558890.234658,-5.162862777709961
train/alpha_loss,10464,1786558892.334459,-6.015239238739014
train/alpha_loss,10478,1786558893.871185,-5.7035017013549805
train/alpha_loss,10494,1786558895.573802,-5.070272445678711
train/alpha_loss,10505,1786558896.731555,-5.432307243347168
train/alpha_loss,10526,1786558898.926690,-5.454469680786133
train/alpha_loss,10545,1786558900.868199,-5.140377521514893
train/alpha_loss,10566,1786558902.992420,-5.61761474609375
train/alpha_loss,10591,1786558905.486746,-5.4130401611328125
train/alpha_loss,10610,1786558907.379067,-5.423725605010986
train/alpha_loss,10627,1786558909.039606,-4.573011875152588
train/alpha_loss,10641,1786558910.404546,-5.034419059753418
train/alpha_loss,10662,1786558912.445952,-4.649055004119873
train/alpha_loss,10678,1786558913.997127,-4.236811637878418
train/alpha_loss,10698,1786558915.956110,-4.784845352172852
train/alpha_loss,10721,1786558918.226936,-5.955662250518799
train/alpha_loss,10738,1786558919.910037,-5.40245246887207
train/alpha_loss,10754,1786558921.786027,-5.020211219787598
train/alpha_loss,10772,1786558923.359945,-5.324413776397705
train/alpha_loss,10796,1786558925.406098,-6.23749303817749
train/alpha_loss,10810,1786558926.561927,-5.098720550537109
train/alpha_loss,10824,1786558927.698750,-4.952017784118652
train/alpha_loss,10838,1786558931.077813,-6.09779691696167
train/alpha_loss,10862,1786558934.097639,-5.223186492919922
train/alpha_loss,10883,1786558936.811134,-5.856086730957031
train/alpha_loss,10901,1786558939.160690,-5.214964389801025
train/alpha_loss,10914,1786558940.880497,-5.496932506561279
train/alpha_loss,10932,1786558943.226256,-5.0261335372924805
train/alpha_loss,10945,1786558944.904137,-5.642238616943359
train/alpha_loss,10968,1786558947.700207,-6.214662075042725
train/alpha_loss,10981,1786558949.310207,-5.56030797958374
train/alpha_loss,10999,1786558951.557478,-5.362168788909912
train/alpha_loss,11018,1786558953.779370,-5.297915458679199
train/alpha_loss,11035,1786558955.826015,-4.796146392822266
train/alpha_loss,11050,1786558957.553115,-5.690903663635254
train/alpha_loss,11070,1786558959.848137,-5.993008613586426
train/alpha_loss,11090,1786558962.146106,-5.224432468414307
train/alpha_loss,11111,1786558964.546996,-5.270310401916504
train/alpha_loss,11125,1786558966.146771,-5.803924560546875
train/alpha_loss,11140,1786558967.839805,-5.654096603393555
train/alpha_loss,11155,1786558969.519173,-5.711251258850098
train/alpha_loss,11174,1786558971.666061,-5.512651443481445
train/alpha_loss,11186,1786558973.019217,-6.119306564331055
train/alpha_loss,11203,1786558974.875385,-5.462228775024414
train/alpha_loss,11222,1786558976.904244,-5.6799516677856445
train/alpha_loss,11240,1786558978.786443,-5.063762664794922
train/alpha_loss,11263,1786558982.866675,-5.699178218841553
train/alpha_loss,11276,1786558985.061057,-5.62554407119751
train/alpha_loss,11296,1786558988.442085,-5.172760009765625
train/alpha_loss,11311,1786558991.001189,-6.204092979431152
train/alpha_loss,11329,1786558994.034628,-5.384518146514893
train/alpha_loss,11352,1786558997.905838,-5.563709259033203
train/alpha_loss,11365,1786559000.085634,-5.431852340698242
train/alpha_loss,11383,1786559003.107224,-4.65156364440918
train/alpha_loss,11402,1786559006.263933,-4.660624027252197
train/alpha_loss,11427,1786559010.357723,-6.013550758361816
train/alpha_loss,11446,1786559013.546514,-5.119283676147461
train/alpha_loss,11463,1786559016.560633,-4.105380058288574
train/alpha_loss,11484,1786559020.076158,-4.750649452209473
train/alpha_loss,11502,1786559022.553982,-5.145505428314209
train/alpha_loss,11519,1786559024.855011,-5.111700057983398
train/alpha_loss,11541,1786559027.794892,-5.291601657867432
train/alpha_loss,11560,1786559030.340834,-5.266903877258301
train/alpha_loss,11581,1786559033.070997,-5.938966274261475
train/alpha_loss,11595,1786559034.860856,-5.539350509643555
train/alpha_loss,11609,1786559036.601301,-5.291243553161621
train/alpha_loss,11625,1786559038.825891,-5.071280002593994
train/alpha_loss,11643,1786559040.907666,-4.425652980804443
train/alpha_loss,11661,1786559042.961137,-5.427886962890625
train/alpha_loss,11678,1786559044.928112,-5.695518493652344
train/alpha_loss,11701,1786559047.646881,-5.742566108703613
train/alpha_loss,11717,1786559049.555317,-4.891101837158203
train/alpha_loss,11733,1786559051.449170,-5.625077247619629
train/alpha_loss,11746,1786559053.029589,-5.391190052032471
train/alpha_loss,11766,1786559056.061960,-5.1265668869018555
train/alpha_loss,11785,1786559058.568812,-5.162524223327637
train/alpha_loss,11804,1786559060.988787,-5.00568962097168
train/alpha_loss,11829,1786559064.214859,-4.071097373962402
train/alpha_loss,11844,1786559066.261861,-5.064816951751709
train/alpha_loss,11862,1786559068.228840,-5.613457679748535
train/alpha_loss,11889,1786559071.197688,-4.360461235046387
train/alpha_loss,11907,1786559073.147157,-5.219371795654297
train/alpha_loss,11925,1786559075.125021,-5.495887756347656
train/alpha_loss,11950,1786559077.885185,-5.12996768951416
train/alpha_loss,11971,1786559080.123868,-4.788848876953125
train/alpha_loss,11992,1786559082.278061,-5.1995649337768555
train/alpha_loss,12013,1786559084.516077,-4.778936862945557
train/alpha_loss,12032,1786559086.418832,-5.743102073669434
train/alpha_loss,12048,1786559088.027712,-5.338255882263184
train/alpha_loss,12065,1786559089.762303,-4.751644134521484
train/alpha_loss,12079,1786559091.175076,-4.7121357917785645
train/alpha_loss,12104,1786559093.655838,-5.900393962860107
train/alpha_loss,12118,1786559095.012636,-5.036198139190674
train/alpha_loss,12136,1786559096.952044,-4.428034782409668
train/alpha_loss,12150,1786559098.826144,-4.755226135253906
train/alpha_loss,12164,1786559100.332714,-5.0162882804870605
train/alpha_loss,12178,1786559101.776515,-4.899259090423584
train/alpha_loss,12199,1786559103.927546,-5.235027313232422
train/alpha_loss,12212,1786559105.177015,-4.906219005584717
train/alpha_loss,12230,1786559106.886678,-4.250462532043457
train/alpha_loss,12249,1786559108.719312,-5.022911071777344
train/alpha_loss,12275,1786559112.671446,-4.315483093261719
train/alpha_loss,12286,1786559114.029434,-5.837174415588379
train/alpha_loss,12307,1786559116.615508,-5.354968070983887
train/alpha_loss,12332,1786559119.637974,-4.466491222381592
train/alpha_loss,12351,1786559121.888740,-5.8358473777771
train/alpha_loss,12365,1786559123.542434,-4.81227970123291
train/alpha_loss,12385,1786559125.868852,-4.753028392791748
train/alpha_loss,12410,1786559128.746488,-5.163595199584961
train/alpha_loss,12428,1786559130.782947,-5.272106170654297
train/alpha_loss,12450,1786559133.225082,-4.562202453613281
train/alpha_loss,12460,1786559134.314718,-4.071192741394043
train/alpha_loss,12480,1786559136.844068,-5.009283065795898
train/alpha_loss,12495,1786559138.803000,-4.957128524780273
train/alpha_loss,12525,1786559142.698972,-5.303501129150391
train/alpha_loss,12538,1786559144.355666,-4.590230941772461
train/alpha_loss,12558,1786559146.912454,-5.5031867027282715
train/alpha_loss,12571,1786559148.588630,-4.84761905670166
train/alpha_loss,12588,1786559150.750413,-5.229822158813477
train/alpha_loss,12607,1786559153.184100,-5.055206298828125
train/alpha_loss,12623,1786559155.231255,-5.01737117767334
train/alpha_loss,12645,1786559158.061821,-4.8130035400390625
train/alpha_loss,12666,1786559160.765081,-5.203225135803223
train/alpha_loss,12685,1786559163.229835,-4.673837184906006
train/alpha_loss,12700,1786559165.208923,-5.507108688354492
train/alpha_loss,12718,1786559167.583011,-5.127028465270996
train/alpha_loss,12736,1786559169.982804,-4.948976993560791
train/alpha_loss,12753,1786559172.609482,-5.180561542510986
train/alpha_loss,12777,1786559175.788095,-5.257713794708252
train/alpha_loss,12792,1786559177.758972,-5.869545936584473
train/alpha_loss,12807,1786559179.736341,-6.025008201599121
train/alpha_loss,12823,1786559181.827231,-5.976095199584961
train/alpha_loss,12842,1786559184.302905,-5.086068153381348
train/alpha_loss,12863,1786559187.058636,-5.66636848449707
train/alpha_loss,12884,1786559189.748374,-5.409895896911621
train/alpha_loss,12903,1786559192.157813,-5.716610431671143
train/alpha_loss,12923,1786559194.659153,-5.078558921813965
train/alpha_loss,12938,1786559196.521580,-5.479800224304199
train/alpha_loss,12955,1786559198.644645,-6.017097473144531
train/alpha_loss,12979,1786559201.682709,-6.009899139404297
train/alpha_loss,13002,1786559204.641971,-5.37076473236084
train/alpha_loss,13021,1786559207.080028,-5.031047821044922
train/alpha_loss,13040,1786559209.470792,-3.95806622505188
train/alpha_loss,13058,1786559211.632642,-6.065302848815918
train/alpha_loss,13071,1786559215.429121,-5.862382888793945
train/alpha_loss,13099,1786559220.048425,-5.542569160461426
train/alpha_loss,13131,1786559225.283749,-4.681418418884277
train/alpha_loss,13151,1786559228.504948,-4.741176605224609
train/alpha_loss,13166,1786559230.876201,-4.774893760681152
train/alpha_loss,13183,1786559233.635355,-5.309306621551514
train/alpha_loss,13208,1786559237.739846,-5.488925933837891
train/alpha_loss,13228,1786559240.994532,-5.23178243637085
train/alpha_loss,13240,1786559242.900634,-5.114880084991455
train/alpha_loss,13257,1786559245.550870,-5.369651794433594
train/alpha_loss,13271,1786559247.737914,-5.9475998878479
train/alpha_loss,13294,1786559251.317809,-5.70229434967041
train/alpha_loss,13315,1786559254.578165,-5.028276443481445
train/alpha_loss,13330,1786559256.860270,-4.799871921539307
train/alpha_loss,13358,1786559261.132689,-5.416388511657715
train/alpha_loss,13373,1786559263.401601,-5.176507949829102
train/alpha_loss,13393,1786559266.413994,-5.728159427642822
train/alpha_loss,13405,1786559268.188394,-5.624701023101807
train/alpha_loss,13425,1786559271.054743,-4.663168430328369
train/alpha_loss,13438,1786559272.837102,-4.845241546630859
train/alpha_loss,13453,1786559274.885654,-5.06756591796875
train/alpha_loss,13469,1786559277.034835,-5.863518238067627
train/alpha_loss,13484,1786559279.016236,-5.099137306213379
train/alpha_loss,13508,1786559282.139189,-4.399264335632324
train/alpha_loss,13524,1786559284.195735,-5.133745193481445
train/alpha_loss,13540,1786559286.175027,-4.669403553009033
train/alpha_loss,13557,1786559288.066224,-6.409550189971924
train/alpha_loss,13572,1786559291.505159,-5.321455955505371
train/alpha_loss,13584,1786559293.321456,-5.1576642990112305
train/alpha_loss,13599,1786559295.560443,-4.238011837005615
train/alpha_loss,13613,1786559297.653927,-5.446905136108398
train/alpha_loss,13633,1786559300.610006,-5.003569602966309
train/alpha_loss,13655,1786559303.881319,-3.8395934104919434
train/alpha_loss,13672,1786559306.395768,-4.317779541015625
train/alpha_loss,13692,1786559309.292579,-5.440042495727539
train/alpha_loss,13716,1786559312.762110,-4.652380466461182
train/alpha_loss,13736,1786559315.628116,-4.120718479156494
train/alpha_loss,13755,1786559318.311128,-4.130791664123535
train/alpha_loss,13771,1786559320.564720,-4.432940483093262
train/alpha_loss,13790,1786559323.259385,-4.593156814575195
train/alpha_loss,13812,1786559326.371578,-4.149054050445557
train/alpha_loss,13827,1786559328.520778,-4.341297149658203
train/alpha_loss,13840,1786559330.398550,-4.904969215393066
train/alpha_loss,13857,1786559332.859574,-5.147809982299805
train/alpha_loss,13877,1786559335.732651,-4.544459819793701
train/alpha_loss,13897,1786559338.588783,-5.567944526672363
train/alpha_loss,13912,1786559340.700265,-4.814874172210693
train/alpha_loss,13930,1786559343.209663,-5.024917125701904
train/alpha_loss,13949,1786559345.849897,-4.133248329162598
train/alpha_loss,13962,1786559347.619697,-4.4623637199401855
train/alpha_loss,13974,1786559349.270067,-3.2265214920043945
train/alpha_loss,13995,1786559352.152117,-5.269272804260254
train/alpha_loss,14009,1786559356.179324,-5.410363674163818
train/alpha_loss,14025,1786559359.457313,-4.405118942260742
train/alpha_loss,14040,1786559362.509325,-4.809255599975586
train/alpha_loss,14056,1786559365.740654,-5.32932710647583
train/alpha_loss,14078,1786559370.127327,-5.691527843475342
train/alpha_loss,14092,1786559372.843992,-5.119381904602051
train/alpha_loss,14120,1786559378.202098,-4.882217884063721
train/alpha_loss,14143,1786559382.521297,-4.626429557800293
train/alpha_loss,14160,1786559385.664868,-4.061785697937012
train/alpha_loss,14187,1786559390.609752,-4.398900985717773
train/alpha_loss,14203,1786559393.541476,-6.047440528869629
train/alpha_loss,14220,1786559396.657489,-6.487120151519775
train/alpha_loss,14234,1786559399.203972,-4.793572902679443
train/alpha_loss,14254,1786559402.847755,-4.84166955947876
train/alpha_loss,14278,1786559407.196325,-5.484979629516602
train/alpha_loss,14306,1786559412.289585,-5.15826416015625
train/alpha_loss,14329,1786559416.470838,-4.996793270111084
train/alpha_loss,14350,1786559420.246675,-5.364077568054199
train/alpha_loss,14367,1786559422.977201,-5.91373348236084
train/alpha_loss,14387,1786559425.827920,-5.189111709594727
train/alpha_loss,14409,1786559428.877233,-5.494277000427246
train/alpha_loss,14434,1786559432.827223,-5.309223651885986
train/alpha_loss,14449,1786559435.495354,-6.336997985839844
train/alpha_loss,14466,1786559438.043727,-5.3608903884887695
train/alpha_loss,14486,1786559440.468561,-5.010375022888184
train/alpha_loss,14508,1786559443.154080,-5.678831100463867
train/alpha_loss,14522,1786559444.882128,-5.741119861602783
train/alpha_loss,14551,1786559448.401986,-4.977047920227051
train/alpha_loss,14573,1786559451.041860,-6.442085266113281
train/alpha_loss,14585,1786559452.475725,-5.359575271606445
train/alpha_loss,14606,1786559454.996859,-4.721324920654297
train/alpha_loss,14620,1786559456.666596,-5.127279281616211
train/alpha_loss,14636,1786559458.529432,-4.907889366149902
train/alpha_loss,14657,1786559460.952888,-5.390527725219727
train/alpha_loss,14673,1786559462.774728,-4.365757942199707
train/alpha_loss,14690,1786559464.712426,-5.293764114379883
train/alpha_loss,14705,1786559466.384648,-4.438729763031006
train/alpha_loss,14724,1786559468.517277,-5.94340181350708
train/alpha_loss,14745,1786559470.852538,-5.192044734954834
train/alpha_loss,14761,1786559472.579275,-5.378009796142578
train/alpha_loss,14779,1786559474.447300,-5.2529754638671875
train/alpha_loss,14801,1786559476.814282,-5.679739475250244
train/alpha_loss,14820,1786559478.795556,-6.53024435043335
train/alpha_loss,14851,1786559481.905866,-5.544376373291016
train/alpha_loss,14864,1786559483.162698,-5.181570053100586
train/alpha_loss,14878,1786559484.516045,-4.648434162139893
train/alpha_loss,14902,1786559486.711078,-5.6209917068481445
train/alpha_loss,14914,1786559487.825015,-4.195125579833984
train/alpha_loss,14934,1786559491.528911,-4.696010589599609
train/alpha_loss,14948,1786559493.107476,-4.6240553855896
train/alpha_loss,14973,1786559495.882753,-6.4600958824157715
train/alpha_loss,14987,1786559497.392297,-4.289658546447754
train/alpha_loss,15001,1786559498.777034,-4.677339553833008
train/alpha_loss,15019,1786559500.633759,-4.800953388214111
train/alpha_loss,15047,1786559503.406599,-4.910161018371582
train/alpha_loss,15066,1786559506.185992,-5.4947509765625
train/alpha_loss,15084,1786559508.581743,-4.884963035583496
train/alpha_loss,15099,1786559510.595416,-4.93080997467041
train/alpha_loss,15118,1786559513.136908,-5.576807975769043
train/alpha_loss,15143,1786559516.510256,-5.090311050415039
train/alpha_loss,15156,1786559518.249022,-5.752044677734375
train/alpha_loss,15173,1786559520.506246,-5.221981048583984
train/alpha_loss,15194,1786559523.272713,-6.095692157745361
train/alpha_loss,15206,1786559524.866874,-5.1426544189453125
train/alpha_loss,15225,1786559527.337907,-5.525294303894043
train/alpha_loss,15243,1786559529.658290,-4.017293930053711
train/alpha_loss,15257,1786559531.442986,-5.067943572998047
train/alpha_loss,15278,1786559534.064829,-5.731753826141357
train/alpha_loss,15295,1786559536.164773,-5.183895587921143
train/alpha_loss,15313,1786559538.386148,-4.8343658447265625
train/alpha_loss,15331,1786559540.600335,-5.478949546813965
train/alpha_loss,15354,1786559543.407682,-3.6899211406707764
train/alpha_loss,15369,1786559545.233415,-6.0451507568359375
train/alpha_loss,15383,1786559546.951695,-5.4138946533203125
train/alpha_loss,15410,1786559550.284786,-4.962569236755371
train/alpha_loss,15432,1786559553.040736,-5.302370548248291
train/alpha_loss,15451,1786559555.401630,-5.485506057739258
train/alpha_loss,15469,1786559557.649270,-4.9466705322265625
train/alpha_loss,15488,1786559560.043103,-4.387134075164795
train/alpha_loss,15502,1786559563.735498,-4.937106132507324
train/alpha_loss,15523,1786559567.202595,-4.918728828430176
train/alpha_loss,15546,1786559570.965132,-5.254889488220215
train/alpha_loss,15558,1786559572.927021,-4.890659809112549
train/alpha_loss,15575,1786559575.723560,-4.219778060913086
train/alpha_loss,15597,1786559579.301529,-5.217425346374512
train/alpha_loss,15614,1786559582.049941,-4.448503017425537
train/alpha_loss,15628,1786559584.324681,-4.145320892333984
train/alpha_loss,15649,1786559587.722298,-5.791262626647949
train/alpha_loss,15668,1786559590.762793,-4.492441654205322
train/alpha_loss,15690,1786559594.234872,-5.821061134338379
train/alpha_loss,15708,1786559597.064392,-5.086421966552734
train/alpha_loss,15731,1786559600.714906,-4.2540507316589355
train/alpha_loss,15746,1786559603.106892,-5.155396461486816
train/alpha_loss,15761,1786559605.471997,-4.918063163757324
train/alpha_loss,15783,1786559609.133132,-4.932788848876953
train/alpha_loss,15813,1786559613.181514,-4.780777931213379
train/alpha_loss,15834,1786559615.948219,-4.9729437828063965
train/alpha_loss,15848,1786559617.799976,-4.66837215423584
train/alpha_loss,15861,1786559619.515154,-3.6910886764526367
train/alpha_loss,15880,1786559621.992717,-4.189055442810059
train/alpha_loss,15898,1786559624.327685,-4.702731609344482
train/alpha_loss,15916,1786559626.616518,-3.946415662765503
train/alpha_loss,15943,1786559630.008144,-4.744649410247803
train/alpha_loss,15956,1786559631.652882,-5.707395553588867
train/alpha_loss,15967,1786559633.157869,-3.946486473083496
train/alpha_loss,15982,1786559635.075887,-4.742729187011719
train/alpha_loss,16000,1786559637.393514,-3.8134560585021973
train/alpha_loss,16018,1786559639.829074,-4.630531311035156
train/alpha_loss,16034,1786559641.856072,-5.253190994262695
train/alpha_loss,16050,1786559643.869004,-5.688231468200684
train/alpha_loss,16073,1786559646.726444,-4.584623336791992
train/alpha_loss,16093,1786559649.183192,-3.881026268005371
train/alpha_loss,16106,1786559650.767482,-4.221340179443359
train/alpha_loss,16123,1786559652.778621,-3.836772918701172
train/alpha_loss,16148,1786559655.698136,-5.596397399902344
train/alpha_loss,16161,1786559657.188384,-4.465456008911133
train/alpha_loss,16175,1786559658.823889,-4.183342933654785
train/alpha_loss,16201,1786559661.833925,-4.760608196258545
train/alpha_loss,16221,1786559664.153210,-5.287930011749268
train/alpha_loss,16239,1786559666.224934,-3.867774486541748
train/alpha_loss,16259,1786559668.512121,-4.967833518981934
train/alpha_loss,16279,1786559670.783925,-4.679040908813477
train/alpha_loss,16304,1786559673.676966,-5.277889251708984
train/alpha_loss,16321,1786559675.615134,-5.17770528793335
train/alpha_loss,16347,1786559678.654000,-5.312138080596924
train/alpha_loss,16365,1786559680.783652,-5.304923057556152
train/alpha_loss,16386,1786559683.243098,-4.673571586608887
train/alpha_loss,16401,1786559684.958314,-5.271605491638184
train/alpha_loss,16421,1786559687.862435,-5.749059677124023
train/alpha_loss,16439,1786559690.287893,-5.000497817993164
train/alpha_loss,16453,1786559692.099215,-4.695017337799072
train/alpha_loss,16482,1786559695.805823,-5.31583309173584
train/alpha_loss,16499,1786559697.951566,-6.80142879486084
train/alpha_loss,16513,1786559699.627414,-5.818809509277344
train/alpha_loss,16536,1786559702.366764,-5.283374786376953
train/alpha_loss,16554,1786559704.442655,-5.01284646987915
train/alpha_loss,16572,1786559706.450916,-5.380087852478027
train/alpha_loss,16598,1786559709.215467,-4.45387077331543
train/alpha_loss,16624,1786559711.950449,-6.584168434143066
train/alpha_loss,16637,1786559713.310102,-5.558291435241699
train/alpha_loss,16657,1786559715.400871,-5.567025661468506
train/alpha_loss,16673,1786559717.082545,-5.988101482391357
train/alpha_loss,16695,1786559719.452258,-5.614450931549072
train/alpha_loss,16710,1786559721.099500,-6.006606578826904
train/alpha_loss,16730,1786559723.333682,-5.895711898803711
train/alpha_loss,16750,1786559725.620360,-6.070069313049316
train/alpha_loss,16766,1786559727.447442,-5.65183687210083
train/alpha_loss,16788,1786559729.938838,-5.464885711669922
train/alpha_loss,16802,1786559731.514529,-6.796560764312744
train/alpha_loss,16823,1786559733.877628,-5.634563446044922
train/alpha_loss,16845,1786559736.313644,-5.68673849105835
train/alpha_loss,16859,1786559737.870574,-6.667963981628418
train/alpha_loss,16877,1786559739.889056,-5.120047569274902
train/alpha_loss,16900,1786559742.506764,-5.3748321533203125
train/alpha_loss,16915,1786559744.243868,-4.903200149536133
train/alpha_loss,16934,1786559746.439539,-4.650918006896973
train/alpha_loss,16949,1786559748.122132,-5.252787113189697
train/alpha_loss,16973,1786559750.811797,-6.407527923583984
train/alpha_loss,16995,1786559755.358424,-6.668354034423828
train/alpha_loss,17015,1786559757.941882,-6.838989734649658
train/alpha_loss,17032,1786559760.118245,-6.360466003417969
train/alpha_loss,17047,1786559762.077809,-5.521340847015381
train/alpha_loss,17060,1786559763.779927,-5.938499450683594
train/alpha_loss,17076,1786559765.787439,-5.767765045166016
train/alpha_loss,17100,1786559768.694523,-6.442604064941406
train/alpha_loss,17117,1786559770.708755,-4.404959201812744
train/alpha_loss,17141,1786559775.702378,-5.564889907836914
train/alpha_loss,17164,1786559779.084033,-6.257490158081055
train/alpha_loss,17182,1786559781.658707,-5.080730438232422
train/alpha_loss,17207,1786559785.371835,-5.1084089279174805
train/alpha_loss,17223,1786559787.442797,-5.062873840332031
train/alpha_loss,17241,1786559789.762093,-5.238799571990967
train/alpha_loss,17258,1786559791.945830,-5.755533695220947
train/alpha_loss,17282,1786559795.035302,-5.281747817993164
train/alpha_loss,17297,1786559796.913977,-5.895092487335205
train/alpha_loss,17316,1786559799.372087,-6.187884330749512
train/alpha_loss,17337,1786559802.074486,-4.938337802886963
train/alpha_loss,17354,1786559804.256936,-4.693906784057617
train/alpha_loss,17373,1786559806.653924,-6.480077743530273
train/alpha_loss,17391,1786559808.889699,-4.94904899597168
train/alpha_loss,17412,1786559811.448207,-4.3827738761901855
train/alpha_loss,17430,1786559813.676723,-4.894034385681152
train/alpha_loss,17445,1786559815.587179,-5.133936882019043
train/alpha_loss,17468,1786559818.428867,-4.606653213500977
train/alpha_loss,17486,1786559820.642911,-4.924162864685059
train/alpha_loss,17506,1786559823.077102,-4.882472515106201
train/alpha_loss,17521,1786559824.888167,-4.632887840270996
train/alpha_loss,17532,1786559826.204070,-4.3126935958862305
train/alpha_loss,17558,1786559829.199300,-4.296964645385742
train/alpha_loss,17568,1786559830.352814,-5.287436485290527
train/alpha_loss,17592,1786559833.102728,-4.164341926574707
train/alpha_loss,17607,1786559834.816157,-4.22552490234375
train/alpha_loss,17619,1786559836.175877,-5.135673522949219
train/alpha_loss,17634,1786559837.877566,-4.301633834838867
train/alpha_loss,17649,1786559839.560117,-3.7225351333618164
train/alpha_loss,17668,1786559841.669823,-4.773530006408691
train/alpha_loss,17682,1786559843.233479,-4.736879348754883
train/alpha_loss,17698,1786559844.979170,-4.690184593200684
train/alpha_loss,17713,1786559846.612100,-4.3997111320495605
train/alpha_loss,17735,1786559849.031667,-4.349117755889893
train/alpha_loss,17751,1786559850.776980,-5.028939247131348
train/alpha_loss,17774,1786559853.235223,-5.470041275024414
train/alpha_loss,17790,1786559854.966691,-5.990135192871094
train/alpha_loss,17816,1786559857.774318,-5.254918575286865
train/alpha_loss,17845,1786559860.890635,-6.025277614593506
train/alpha_loss,17864,1786559862.945177,-4.742160797119141
train/alpha_loss,17887,1786559865.426976,-4.964173793792725
train/alpha_loss,17900,1786559866.806063,-4.614163875579834
train/alpha_loss,17918,1786559868.682234,-4.7990899085998535
train/alpha_loss,17937,1786559870.651630,-4.655642509460449
train/alpha_loss,17955,1786559872.511348,-4.721124172210693
train/alpha_loss,17970,1786559874.068113,-4.877832412719727
train/alpha_loss,17985,1786559875.658755,-5.252482891082764
train/alpha_loss,18004,1786559877.767611,-3.6325442790985107
train/alpha_loss,18026,1786559880.056160,-3.767791748046875
train/alpha_loss,18047,1786559882.230804,-4.7076826095581055
train/alpha_loss,18066,1786559884.241863,-4.537413120269775
train/alpha_loss,18079,1786559885.642432,-4.287615776062012
train/alpha_loss,18096,1786559887.435478,-4.225162506103516
train/alpha_loss,18118,1786559889.760858,-4.417949199676514
train/alpha_loss,18136,1786559891.682378,-5.431135177612305
train/alpha_loss,18154,1786559893.643481,-5.181103706359863
train/alpha_loss,18173,1786559895.771199,-4.074630260467529
train/alpha_loss,18185,1786559897.101961,-5.193731307983398
train/alpha_loss,18209,1786559900.345962,-4.972177028656006
train/alpha_loss,18224,1786559902.192166,-4.655472755432129
train/alpha_loss,18238,1786559903.900090,-5.101707935333252
train/alpha_loss,18256,1786559906.112484,-4.845519065856934
train/alpha_loss,18279,1786559908.884893,-3.491672992706299
train/alpha_loss,18294,1786559910.605611,-4.39823055267334
train/alpha_loss,18307,1786559912.074754,-5.0669708251953125
train/alpha_loss,18333,1786559915.110502,-4.23950719833374
train/alpha_loss,18349,1786559916.914840,-5.489267349243164
train/alpha_loss,18369,1786559922.195169,-3.8653552532196045
train/alpha_loss,18388,1786559925.390308,-3.516371011734009
train/alpha_loss,18408,1786559928.734117,-4.483652114868164
train/alpha_loss,18428,1786559931.993407,-4.550899028778076
train/alpha_loss,18445,1786559934.681539,-3.650148391723633
train/alpha_loss,18457,1786559936.574146,-5.050518989562988
train/alpha_loss,18473,1786559939.081968,-5.549927711486816
train/alpha_loss,18487,1786559941.250052,-4.140726089477539
train/alpha_loss,18505,1786559944.037351,-4.332718849182129
train/alpha_loss,18517,1786559945.877341,-4.758884429931641
train/alpha_loss,18532,1786559948.168710,-4.149630546569824
train/alpha_loss,18549,1786559950.754033,-5.913747310638428
train/alpha_loss,18576,1786559954.889090,-4.762772560119629
train/alpha_loss,18595,1786559957.771486,-5.2076921463012695
train/alpha_loss,18618,1786559960.919090,-5.92045783996582
train/alpha_loss,18632,1786559962.898374,-5.614054203033447
train/alpha_loss,18654,1786559966.030419,-5.493269920349121
train/alpha_loss,18670,1786559968.184416,-6.0451202392578125
train/alpha_loss,18690,1786559970.794876,-5.622480869293213
train/alpha_loss,18709,1786559973.534902,-5.272476673126221
train/alpha_loss,18735,1786559977.388201,-5.069099426269531
train/alpha_loss,18751,1786559979.555544,-5.507362365722656
train/alpha_loss,18770,1786559982.131740,-5.634127616882324
train/alpha_loss,18796,1786559985.582692,-4.502113342285156
train/alpha_loss,18825,1786559989.380780,-6.226873874664307
train/alpha_loss,18844,1786559991.870014,-4.868123531341553
train/alpha_loss,18859,1786559993.858311,-4.4335737228393555
train/alpha_loss,18879,1786559996.586505,-4.850659370422363
train/alpha_loss,18898,1786559999.082904,-4.644284248352051
train/alpha_loss,18923,1786560002.412640,-3.939602851867676
train/alpha_loss,18942,1786560005.382182,-4.231318473815918
train/alpha_loss,18963,1786560007.751844,-3.8945536613464355
train/alpha_loss,18984,1786560010.116784,-3.7349886894226074
train/alpha_loss,19004,1786560012.363952,-4.625761985778809
train/alpha_loss,19022,1786560014.379976,-3.6616454124450684
train/alpha_loss,19038,1786560016.131083,-4.593183994293213
train/alpha_loss,19054,1786560017.874756,-4.291265487670898
train/alpha_loss,19074,1786560020.065603,-4.49960994720459
train/alpha_loss,19090,1786560021.851575,-5.866267681121826
train/alpha_loss,19108,1786560023.826933,-4.665902137756348
train/alpha_loss,19124,1786560025.570499,-4.909954071044922
train/alpha_loss,19138,1786560027.105552,-4.954831600189209
train/alpha_loss,19159,1786560029.426806,-4.950562477111816
train/alpha_loss,19180,1786560031.765301,-2.2065908908843994
train/alpha_loss,19193,1786560033.235551,-3.110673189163208
train/alpha_loss,19209,1786560035.085723,-4.122925281524658
train/alpha_loss,19227,1786560037.437547,-4.078738212585449
train/alpha_loss,19240,1786560038.770954,-4.710069179534912
train/alpha_loss,19258,1786560040.591829,-1.9805357456207275
train/alpha_loss,19281,1786560042.873374,-3.7832021713256836
train/alpha_loss,19304,1786560045.148340,-3.569552421569824
train/alpha_loss,19323,1786560046.975905,-3.00270676612854
train/alpha_loss,19338,1786560048.398903,-4.710300445556641
train/alpha_loss,19362,1786560053.042978,-4.064571857452393
train/alpha_loss,19376,1786560055.324106,-4.944456100463867
train/alpha_loss,19396,1786560058.577703,-3.807826042175293
train/alpha_loss,19419,1786560062.334225,-4.748872756958008
train/alpha_loss,19432,1786560064.472960,-5.878321170806885
train/alpha_loss,19452,1786560067.785107,-3.711987018585205
train/alpha_loss,19470,1786560070.753205,-3.1310689449310303
train/alpha_loss,19493,1786560074.401765,-4.259632587432861
train/alpha_loss,19512,1786560077.246274,-4.60207462310791
train/alpha_loss,19534,1786560080.727368,-3.643341541290283
train/alpha_loss,19554,1786560083.439269,-5.781429290771484
train/alpha_loss,19567,1786560085.273044,-5.014981269836426
train/alpha_loss,19586,1786560087.625716,-5.489171028137207
train/alpha_loss,19608,1786560090.263294,-5.420167922973633
train/alpha_loss,19621,1786560091.821752,-5.212548732757568
train/alpha_loss,19638,1786560093.829017,-5.098292350769043
train/alpha_loss,19655,1786560095.819429,-5.065279006958008
train/alpha_loss,19672,1786560097.790587,-4.582149505615234
train/alpha_loss,19693,1786560100.231623,-5.599340438842773
train/alpha_loss,19705,1786560101.619328,-5.6531572341918945
train/alpha_loss,19726,1786560103.989811,-5.597750663757324
train/alpha_loss,19738,1786560105.335624,-5.04427433013916
train/alpha_loss,19754,1786560107.089494,-5.350420951843262
train/alpha_loss,19769,1786560109.411181,-6.1432013511657715
train/alpha_loss,19789,1786560111.729671,-3.873202323913574
train/alpha_loss,19808,1786560113.947704,-3.920499801635742
train/alpha_loss,19831,1786560116.611477,-4.162859916687012
train/alpha_loss,19848,1786560118.530718,-5.5689544677734375
train/alpha_loss,19871,1786560121.129852,-4.850729942321777
train/alpha_loss,19890,1786560123.264934,-5.965526580810547
train/alpha_loss,19904,1786560124.832553,-4.957709312438965
train/alpha_loss,19922,1786560126.817611,-5.295022964477539
train/alpha_loss,19939,1786560128.646439,-5.563364028930664
train/alpha_loss,19956,1786560130.448498,-6.254039287567139
train/alpha_loss,19974,1786560132.289774,-4.868488311767578
train/alpha_loss,20000,1786560135.510243,-4.7544355392456055
train/avg_q,1502,1786557712.839899,0.1030944287776947
train/avg_q,1522,1786557714.532390,0.060339316725730896
train/avg_q,1546,1786557716.569487,-0.00040787411853671074
train/avg_q,1565,1786557718.131782,0.04121260344982147
train/avg_q,1582,1786557719.514436,-0.09800104796886444
train/avg_q,1599,1786557721.435919,0.00247076153755188
train/avg_q,1618,1786557723.656554,-0.23535116016864777
train/avg_q,1632,1786557725.299166,-0.026768585667014122
train/avg_q,1649,1786557727.295888,-0.10409577190876007
train/avg_q,1667,1786557729.470791,-0.07955978810787201
train/avg_q,1698,1786557733.269339,0.12772972881793976
train/avg_q,1714,1786557737.678422,-0.23457908630371094
train/avg_q,1729,1786557740.678706,-0.22660288214683533
train/avg_q,1748,1786557744.423736,-0.4307650625705719
train/avg_q,1762,1786557747.133794,-0.4327212870121002
train/avg_q,1781,1786557750.825515,-0.4248449504375458
train/avg_q,1801,1786557756.339653,-0.1517629772424698
train/avg_q,1814,1786557758.538785,-0.3044479787349701
train/avg_q,1829,1786557761.083156,-0.5818859338760376
train/avg_q,1842,1786557763.347759,-0.20822671055793762
train/avg_q,1863,1786557766.980345,-0.03505577892065048
train/avg_q,1887,1786557771.198486,0.061876580119132996
train/avg_q,1907,1786557774.692894,-0.4126574695110321
train/avg_q,1925,1786557777.801764,-0.2911340296268463
train/avg_q,1944,1786557781.066802,-0.07739154249429703
train/avg_q,1966,1786557784.494673,-0.35788291692733765
train/avg_q,1993,1786557787.619103,0.16492928564548492
train/avg_q,2013,1786557789.967253,-0.5899771451950073
train/avg_q,2039,1786557792.786013,-0.4398888349533081
train/avg_q,2052,1786557796.512098,-0.37418079376220703
train/avg_q,2075,1786557800.408256,-0.575301468372345
train/avg_q,2091,1786557803.146108,-0.287745863199234
train/avg_q,2111,1786557806.469489,-0.565252959728241
train/avg_q,2129,1786557810.368929,-0.5068901777267456
train/avg_q,2152,1786557813.869781,-0.9394952058792114
train/avg_q,2169,1786557816.522996,-0.6224005222320557
train/avg_q,2187,1786557819.355715,-0.18135297298431396
train/avg_q,2207,1786557822.572947,-0.5192774534225464
train/avg_q,2228,1786557828.784317,-0.38485559821128845
train/avg_q,2249,1786557832.761452,-0.9615775346755981
train/avg_q,2268,1786557836.502993,-0.012404561042785645
train/avg_q,2289,1786557840.736049,-0.3744659423828125
train/avg_q,2308,1786557844.728498,-1.152706503868103
train/avg_q,2329,1786557847.275548,-0.5904620289802551
train/avg_q,2349,1786557849.682076,-0.861629068851471
train/avg_q,2361,1786557851.172171,-1.0931541919708252
train/avg_q,2375,1786557852.959935,-1.5002045631408691
train/avg_q,2393,1786557855.232770,-0.7121002078056335
train/avg_q,2407,1786557857.029738,-1.4570051431655884
train/avg_q,2425,1786557859.340859,-1.2148668766021729
train/avg_q,2437,1786557860.827719,-0.36370962858200073
train/avg_q,2453,1786557862.640059,-1.4855461120605469
train/avg_q,2477,1786557865.290326,-0.6044781804084778
train/avg_q,2495,1786557867.310989,-0.549407958984375
train/avg_q,2511,1786557869.068351,-0.5357537269592285
train/avg_q,2534,1786557871.715252,-0.9916486740112305
train/avg_q,2556,1786557874.247282,-0.20199358463287354
train/avg_q,2573,1786557876.150743,-1.6018036603927612
train/avg_q,2588,1786557877.882117,-0.19375355541706085
train/avg_q,2602,1786557879.442558,-1.0378000736236572
train/avg_q,2618,1786557881.204085,-1.0010119676589966
train/avg_q,2643,1786557883.927626,0.2289012372493744
train/avg_q,2656,1786557885.383162,-1.0280765295028687
train/avg_q,2674,1786557887.426501,-2.2006430625915527
train/avg_q,2690,1786557889.147413,-1.5306532382965088
train/avg_q,2711,1786557891.402339,-0.6818630695343018
train/avg_q,2726,1786557893.087890,-1.517166018486023
train/avg_q,2746,1786557895.266059,-0.8181884288787842
train/avg_q,2761,1786557896.904434,-0.4139637351036072
train/avg_q,2772,1786557898.151183,-1.759962558746338
train/avg_q,2786,1786557899.707613,-0.36655956506729126
train/avg_q,2811,1786557902.516202,-0.3471079468727112
train/avg_q,2830,1786557904.576588,-0.5207120180130005
train/avg_q,2843,1786557905.946091,-0.7116122245788574
train/avg_q,2861,1786557907.858893,-0.711638331413269
train/avg_q,2881,1786557909.985324,-0.4934007227420807
train/avg_q,2899,1786557911.914685,-1.5028367042541504
train/avg_q,2911,1786557913.150639,-0.9623917937278748
train/avg_q,2927,1786557914.827188,-0.4815708100795746
train/avg_q,2944,1786557916.593686,-0.10545587539672852
train/avg_q,2962,1786557918.474388,-0.22805345058441162
train/avg_q,2977,1786557920.024226,-1.0272290706634521
train/avg_q,2997,1786557922.049222,-0.7395391464233398
train/avg_q,3026,1786557924.967381,-0.25680458545684814
train/avg_q,3043,1786557926.726239,-0.5608280897140503
train/avg_q,3067,1786557929.158719,-1.1332473754882812
train/avg_q,3082,1786557930.660986,-0.7539530992507935
train/avg_q,3102,1786557932.683763,-0.5537846088409424
train/avg_q,3115,1786557934.014541,-0.7668326497077942
train/avg_q,3128,1786557935.315898,-1.2882583141326904
train/avg_q,3143,1786557936.824259,-0.223474383354187
train/avg_q,3159,1786557938.430973,-0.8417102098464966
train/avg_q,3180,1786557940.532338,-0.9874246120452881
train/avg_q,3197,1786557942.224927,-0.6294407844543457
train/avg_q,3217,1786557944.199714,-0.4788356125354767
train/avg_q,3230,1786557945.514095,-0.6320855617523193
train/avg_q,3247,1786557947.248929,-0.1853109896183014
train/avg_q,3259,1786557948.471021,0.016858190298080444
train/avg_q,3274,1786557950.000297,-0.2879173755645752
train/avg_q,3290,1786557951.606245,-1.2261937856674194
train/avg_q,3309,1786557953.510530,-0.31607893109321594
train/avg_q,3327,1786557955.436827,-0.07665115594863892
train/avg_q,3356,1786557959.106607,-1.2168054580688477
train/avg_q,3372,1786557961.249113,-0.3996993899345398
train/avg_q,3392,1786557964.021193,-0.5937338471412659
train/avg_q,3407,1786557966.106571,-0.8897117972373962
train/avg_q,3430,1786557969.426468,0.6382068395614624
train/avg_q,3449,1786557972.109781,-0.7816727161407471
train/avg_q,3468,1786557974.804552,0.45730143785476685
train/avg_q,3494,1786557978.424673,-0.007928445935249329
train/avg_q,3513,1786557981.471111,0.8724021911621094
train/avg_q,3528,1786557983.523503,-0.07278497517108917
train/avg_q,3544,1786557985.671043,-0.4057440757751465
train/avg_q,3555,1786557987.087026,-0.8190717101097107
train/avg_q,3571,1786557989.163809,0.1227022111415863
train/avg_q,3595,1786557992.280699,-0.9183522462844849
train/avg_q,3612,1786557994.440204,0.2526440918445587
train/avg_q,3634,1786557997.252722,-0.897477924823761
train/avg_q,3657,1786558000.151332,0.4243084788322449
train/avg_q,3678,1786558002.779679,0.6234204769134521
train/avg_q,3706,1786558006.231769,0.2763988971710205
train/avg_q,3722,1786558008.187426,-1.1640830039978027
train/avg_q,3733,1786558009.545711,0.663629412651062
train/avg_q,3747,1786558011.274166,-1.1414518356323242
train/avg_q,3761,1786558013.013863,-0.8408890962600708
train/avg_q,3783,1786558015.797888,0.7461919188499451
train/avg_q,3803,1786558018.271902,-0.1574852019548416
train/avg_q,3822,1786558020.550724,-1.1092902421951294
train/avg_q,3840,1786558022.689526,0.3612365126609802
train/avg_q,3866,1786558025.784238,-0.7252837419509888
train/avg_q,3886,1786558028.129155,-0.2200337052345276
train/avg_q,3906,1786558030.472708,1.1456162929534912
train/avg_q,3924,1786558032.573843,0.679894208908081
train/avg_q,3948,1786558035.333369,1.2127835750579834
train/avg_q,3961,1786558036.818562,0.47241517901420593
train/avg_q,3975,1786558038.397939,-0.2295193374156952
train/avg_q,3989,1786558039.951291,1.5906063318252563
train/avg_q,4003,1786558041.583273,-1.1601483821868896
train/avg_q,4029,1786558044.521181,1.019487738609314
train/avg_q,4047,1786558046.501168,1.674460768699646
train/avg_q,4064,1786558048.336026,0.1483648419380188
train/avg_q,4080,1786558050.002825,1.4009931087493896
train/avg_q,4103,1786558053.264801,1.5647664070129395
train/avg_q,4122,1786558056.524368,0.6571653485298157
train/avg_q,4148,1786558061.575860,0.6506314277648926
train/avg_q,4165,1786558063.668640,-0.04707154631614685
train/avg_q,4189,1786558066.664450,1.0525808334350586
train/avg_q,4209,1786558069.106182,1.8166927099227905
train/avg_q,4232,1786558071.888084,0.34278541803359985
train/avg_q,4256,1786558074.747449,0.5844977498054504
train/avg_q,4278,1786558077.367579,0.6333985328674316
train/avg_q,4310,1786558081.109448,1.0510690212249756
train/avg_q,4328,1786558083.181313,0.6236963868141174
train/avg_q,4348,1786558085.458544,0.9012823700904846
train/avg_q,4363,1786558087.176912,0.9118362069129944
train/avg_q,4381,1786558089.172059,0.7845051288604736
train/avg_q,4397,1786558090.938342,1.6367762088775635
train/avg_q,4418,1786558093.224782,1.112547516822815
train/avg_q,4435,1786558094.969556,0.8946338891983032
train/avg_q,4453,1786558097.662389,1.7727891206741333
train/avg_q,4467,1786558099.613561,1.8599461317062378
train/avg_q,4487,1786558102.517704,2.3521976470947266
train/avg_q,4506,1786558105.391384,1.2803430557250977
train/avg_q,4530,1786558109.067727,1.519217848777771
train/avg_q,4547,1786558111.651724,0.5815421342849731
train/avg_q,4564,1786558114.319056,1.6574382781982422
train/avg_q,4588,1786558118.073997,3.0503644943237305
train/avg_q,4607,1786558120.997927,2.4954192638397217
train/avg_q,4633,1786558125.022635,1.5725164413452148
train/avg_q,4655,1786558128.353746,0.8666161298751831
train/avg_q,4672,1786558130.990294,2.289423942565918
train/avg_q,4690,1786558133.800953,3.047837734222412
train/avg_q,4705,1786558136.051408,-0.28495192527770996
train/avg_q,4722,1786558138.564368,2.6541976928710938
train/avg_q,4751,1786558142.967615,1.723358392715454
train/avg_q,4771,1786558145.903673,3.0861799716949463
train/avg_q,4794,1786558149.259994,2.5006790161132812
train/avg_q,4809,1786558151.468583,2.9813754558563232
train/avg_q,4834,1786558155.134632,0.9759740829467773
train/avg_q,4847,1786558157.036496,2.279053211212158
train/avg_q,4868,1786558160.092369,1.991053819656372
train/avg_q,4882,1786558162.137028,2.7092251777648926
train/avg_q,4910,1786558166.167029,2.6417455673217773
train/avg_q,4925,1786558168.317904,1.5840318202972412
train/avg_q,4936,1786558169.853258,2.6421101093292236
train/avg_q,4952,1786558172.076447,1.454007863998413
train/avg_q,4974,1786558175.165761,1.8266422748565674
train/avg_q,4988,1786558177.166272,3.2454607486724854
train/avg_q,5009,1786558180.150611,3.6404356956481934
train/avg_q,5028,1786558182.885214,3.2051525115966797
train/avg_q,5043,1786558185.065072,3.312812089920044
train/avg_q,5061,1786558187.614111,1.5447046756744385
train/avg_q,5081,1786558190.430115,2.8318092823028564
train/avg_q,5100,1786558193.171443,1.6570324897766113
train/avg_q,5122,1786558196.372579,3.7240278720855713
train/avg_q,5147,1786558199.969151,3.6720399856567383
train/avg_q,5168,1786558202.912040,2.986363410949707
train/avg_q,5183,1786558205.032896,2.224728584289551
train/avg_q,5196,1786558206.888345,3.782886028289795
train/avg_q,5214,1786558209.598698,3.1546497344970703
train/avg_q,5226,1786558211.495538,1.7708114385604858
train/avg_q,5249,1786558214.741738,3.590216636657715
train/avg_q,5267,1786558217.124798,1.8026790618896484
train/avg_q,5283,1786558219.225258,2.716507911682129
train/avg_q,5298,1786558221.167429,1.6140787601470947
train/avg_q,5312,1786558222.966078,2.957130193710327
train/avg_q,5330,1786558225.301508,0.8433251976966858
train/avg_q,5349,1786558228.032248,4.497052192687988
train/avg_q,5364,1786558230.069087,3.4113097190856934
train/avg_q,5389,1786558233.435937,4.3697004318237305
train/avg_q,5403,1786558235.399070,2.398688793182373
train/avg_q,5422,1786558237.951329,3.0978188514709473
train/avg_q,5434,1786558239.542754,2.5546841621398926
train/avg_q,5449,1786558241.547974,2.012721300125122
train/avg_q,5465,1786558243.680243,3.044994831085205
train/avg_q,5482,1786558246.079120,2.8769707679748535
train/avg_q,5502,1786558248.915515,4.308864116668701
train/avg_q,5520,1786558252.167020,4.753195285797119
train/avg_q,5537,1786558255.028429,1.7555179595947266
train/avg_q,5553,1786558257.711550,2.3446669578552246
train/avg_q,5566,1786558259.877276,1.8871231079101562
train/avg_q,5584,1786558262.915472,2.0667967796325684
train/avg_q,5600,1786558265.589538,2.8614063262939453
train/avg_q,5617,1786558268.412694,3.7760868072509766
train/avg_q,5641,1786558272.393136,2.3197107315063477
train/avg_q,5662,1786558275.877933,3.2934045791625977
train/avg_q,5679,1786558278.702545,2.3508541584014893
train/avg_q,5701,1786558282.351085,4.376408576965332
train/avg_q,5715,1786558284.637138,2.4045989513397217
train/avg_q,5730,1786558287.109518,3.873617649078369
train/avg_q,5748,1786558290.047969,3.725585460662842
train/avg_q,5763,1786558292.447073,3.466069221496582
train/avg_q,5780,1786558295.210629,3.2488884925842285
train/avg_q,5798,1786558298.100110,3.0065746307373047
train/avg_q,5812,1786558300.328701,3.1350879669189453
train/avg_q,5832,1786558303.533963,3.324064016342163
train/avg_q,5862,1786558308.414944,1.9639966487884521
train/avg_q,5874,1786558310.390043,4.87329626083374
train/avg_q,5892,1786558313.317461,2.130479574203491
train/avg_q,5919,1786558317.602734,2.8303070068359375
train/avg_q,5939,1786558320.758100,5.560027599334717
train/avg_q,5955,1786558323.261940,4.213192939758301
train/avg_q,5974,1786558326.293145,3.5490221977233887
train/avg_q,5990,1786558328.826918,4.190867900848389
train/avg_q,6023,1786558333.964008,4.2329630851745605
train/avg_q,6038,1786558336.181083,3.2582595348358154
train/avg_q,6061,1786558339.727273,2.944883346557617
train/avg_q,6084,1786558342.399119,4.204782485961914
train/avg_q,6098,1786558344.023091,2.8983120918273926
train/avg_q,6113,1786558345.718462,3.111487865447998
train/avg_q,6133,1786558347.934505,3.984773635864258
train/avg_q,6153,1786558350.093422,3.141873836517334
train/avg_q,6175,1786558352.332556,2.0812056064605713
train/avg_q,6188,1786558353.602304,3.3484909534454346
train/avg_q,6205,1786558355.242392,4.95153284072876
train/avg_q,6223,1786558356.960990,5.274085998535156
train/avg_q,6242,1786558358.786449,3.6429951190948486
train/avg_q,6264,1786558360.904515,3.4468138217926025
train/avg_q,6276,1786558362.072436,4.360438346862793
train/avg_q,6298,1786558364.218819,5.0874786376953125
train/avg_q,6313,1786558365.692616,3.3838460445404053
train/avg_q,6326,1786558366.997371,3.2676241397857666
train/avg_q,6338,1786558368.222362,3.6741220951080322
train/avg_q,6354,1786558369.860280,2.139688491821289
train/avg_q,6368,1786558371.348363,3.4839415550231934
train/avg_q,6383,1786558372.956487,4.0105767250061035
train/avg_q,6401,1786558374.887345,4.0815534591674805
train/avg_q,6416,1786558376.478495,5.3510637283325195
train/avg_q,6440,1786558378.974480,6.0974884033203125
train/avg_q,6456,1786558380.660193,5.549293518066406
train/avg_q,6478,1786558382.961181,5.158449172973633
train/avg_q,6490,1786558384.206440,5.046504020690918
train/avg_q,6508,1786558386.093134,4.3905110359191895
train/avg_q,6530,1786558388.414637,3.3954596519470215
train/avg_q,6549,1786558390.445855,7.024265289306641
train/avg_q,6565,1786558392.162602,4.461299419403076
train/avg_q,6588,1786558394.689234,6.0364227294921875
train/avg_q,6614,1786558397.526698,6.334188938140869
train/avg_q,6629,1786558399.248825,6.154604911804199
train/avg_q,6642,1786558400.636032,4.871613502502441
train/avg_q,6658,1786558402.316747,3.8602285385131836
train/avg_q,6678,1786558404.296102,4.550032615661621
train/avg_q,6699,1786558406.346360,4.762716293334961
train/avg_q,6728,1786558412.074553,5.708391189575195
train/avg_q,6746,1786558414.617215,6.429718017578125
train/avg_q,6762,1786558416.786877,5.486420631408691
train/avg_q,6778,1786558420.922925,4.445199012756348
train/avg_q,6792,1786558423.322926,6.398218631744385
train/avg_q,6819,1786558427.934951,5.375252723693848
train/avg_q,6840,1786558431.661025,3.782973289489746
train/avg_q,6863,1786558435.570918,6.119548797607422
train/avg_q,6879,1786558438.210489,5.9065961837768555
train/avg_q,6892,1786558440.319530,5.692774772644043
train/avg_q,6913,1786558443.689050,5.438347816467285
train/avg_q,6928,1786558446.483729,5.545282363891602
train/avg_q,6942,1786558448.398706,7.5237932205200195
train/avg_q,6957,1786558450.401773,5.057426452636719
train/avg_q,6985,1786558454.121290,6.45389986038208
train/avg_q,6997,1786558455.715933,4.437125205993652
train/avg_q,7024,1786558459.332072,3.87869930267334
train/avg_q,7039,1786558461.337205,5.908453941345215
train/avg_q,7057,1786558463.718897,5.290046215057373
train/avg_q,7071,1786558465.539727,5.66536808013916
train/avg_q,7093,1786558468.381883,7.487949848175049
train/avg_q,7111,1786558470.668837,7.650827407836914
train/avg_q,7131,1786558473.220954,4.848694801330566
train/avg_q,7150,1786558475.652994,4.552656173706055
train/avg_q,7166,1786558477.703653,5.422985076904297
train/avg_q,7178,1786558479.236884,5.3521318435668945
train/avg_q,7190,1786558480.791672,5.093221664428711
train/avg_q,7207,1786558482.987771,4.600543975830078
train/avg_q,7232,1786558486.214605,7.059386253356934
train/avg_q,7256,1786558489.340571,4.190674781799316
train/avg_q,7273,1786558491.549747,5.681841850280762
train/avg_q,7288,1786558493.550262,4.012060165405273
train/avg_q,7303,1786558495.529602,6.195155143737793
train/avg_q,7319,1786558497.647732,6.7876386642456055
train/avg_q,7335,1786558499.783403,7.555049896240234
train/avg_q,7353,1786558504.315900,6.1796674728393555
train/avg_q,7377,1786558508.101711,6.439805030822754
train/avg_q,7393,1786558510.644500,5.494143486022949
train/avg_q,7412,1786558513.611951,6.689443588256836
train/avg_q,7430,1786558516.429799,5.487016677856445
train/avg_q,7444,1786558518.591248,6.643126487731934
train/avg_q,7462,1786558521.376325,7.863770961761475
train/avg_q,7483,1786558524.601824,7.262641429901123
train/avg_q,7504,1786558527.794239,7.019939422607422
train/avg_q,7524,1786558530.816142,5.597487449645996
train/avg_q,7541,1786558533.402861,8.037115097045898
train/avg_q,7558,1786558535.977707,7.756663799285889
train/avg_q,7577,1786558538.787832,6.482308387756348
train/avg_q,7592,1786558541.074006,6.248771667480469
train/avg_q,7608,1786558543.420563,6.47346830368042
train/avg_q,7633,1786558546.942076,5.995492935180664
train/avg_q,7646,1786558548.837762,5.950922012329102
train/avg_q,7662,1786558551.131072,6.562755584716797
train/avg_q,7686,1786558554.647530,5.990042686462402
train/avg_q,7709,1786558557.599701,5.921625137329102
train/avg_q,7729,1786558560.595186,7.80169677734375
train/avg_q,7744,1786558562.752836,8.246750831604004
train/avg_q,7770,1786558566.012967,7.120361804962158
train/avg_q,7794,1786558569.042962,5.741028785705566
train/avg_q,7807,1786558570.574465,4.817927360534668
train/avg_q,7828,1786558573.044337,6.794334888458252
train/avg_q,7842,1786558574.677505,8.785958290100098
train/avg_q,7862,1786558577.014184,5.9965386390686035
train/avg_q,7882,1786558579.371681,9.168511390686035
train/avg_q,7909,1786558582.431677,9.13630485534668
train/avg_q,7926,1786558584.341262,3.7808587551116943
train/avg_q,7948,1786558586.805264,5.1899237632751465
train/avg_q,7964,1786558588.559980,7.076423168182373
train/avg_q,7980,1786558590.309867,8.042847633361816
train/avg_q,8005,1786558593.628239,8.485397338867188
train/avg_q,8024,1786558596.101160,7.741799354553223
train/avg_q,8043,1786558598.527919,6.223747730255127
train/avg_q,8062,1786558600.885808,6.212771415710449
train/avg_q,8081,1786558603.224457,5.898928642272949
train/avg_q,8098,1786558605.297778,6.377784252166748
train/avg_q,8116,1786558607.423458,5.527507781982422
train/avg_q,8138,1786558609.963027,5.204077243804932
train/avg_q,8157,1786558612.037287,7.360304355621338
train/avg_q,8177,1786558614.132217,6.487868309020996
train/avg_q,8197,1786558616.230695,10.517783164978027
train/avg_q,8215,1786558618.112092,4.980355262756348
train/avg_q,8231,1786558619.792417,7.4987473487854
train/avg_q,8254,1786558622.204281,6.011797904968262
train/avg_q,8276,1786558624.542009,8.959871292114258
train/avg_q,8295,1786558626.612206,5.035269737243652
train/avg_q,8314,1786558628.720054,5.3383989334106445
train/avg_q,8329,1786558630.395944,7.605096817016602
train/avg_q,8346,1786558632.326898,7.957707405090332
train/avg_q,8361,1786558634.025263,5.444510459899902
train/avg_q,8375,1786558635.605112,8.891400337219238
train/avg_q,8390,1786558637.290961,6.678103446960449
train/avg_q,8409,1786558639.434286,6.560333251953125
train/avg_q,8424,1786558641.113089,7.0424299240112305
train/avg_q,8451,1786558644.114249,9.967733383178711
train/avg_q,8469,1786558646.084240,9.576761245727539
train/avg_q,8481,1786558647.406196,7.277993202209473
train/avg_q,8499,1786558649.434688,8.265621185302734
train/avg_q,8518,1786558651.577801,7.032434463500977
train/avg_q,8533,1786558653.281814,9.001081466674805
train/avg_q,8553,1786558655.552577,9.97701644897461
train/avg_q,8574,1786558657.856022,9.849279403686523
train/avg_q,8589,1786558659.497591,7.915534973144531
train/avg_q,8618,1786558662.536847,8.219409942626953
train/avg_q,8635,1786558664.235890,5.181097030639648
train/avg_q,8654,1786558666.602116,8.845531463623047
train/avg_q,8672,1786558668.618848,6.741157054901123
train/avg_q,8688,1786558670.410397,10.725929260253906
train/avg_q,8704,1786558672.219643,9.071533203125
train/avg_q,8720,1786558674.441304,7.475263595581055
train/avg_q,8743,1786558677.527949,7.827929973602295
train/avg_q,8761,1786558679.931364,6.392380714416504
train/avg_q,8785,1786558683.132972,6.9381914138793945
train/avg_q,8801,1786558685.264286,6.714101791381836
train/avg_q,8821,1786558687.905622,7.431390285491943
train/avg_q,8835,1786558689.751032,8.998969078063965
train/avg_q,8856,1786558692.494117,7.841620445251465
train/avg_q,8874,1786558694.829017,9.391822814941406
train/avg_q,8895,1786558697.456454,6.489223003387451
train/avg_q,8911,1786558699.425281,9.55898380279541
train/avg_q,8933,1786558702.130973,9.33419418334961
train/avg_q,8945,1786558703.614261,7.580257415771484
train/avg_q,8973,1786558707.066820,9.87141227722168
train/avg_q,8986,1786558708.674910,9.059967041015625
train/avg_q,9012,1786558711.852005,7.6660661697387695
train/avg_q,9032,1786558714.259421,9.181876182556152
train/avg_q,9047,1786558716.067774,7.7359724044799805
train/avg_q,9062,1786558717.875342,8.526372909545898
train/avg_q,9080,1786558720.016388,9.917539596557617
train/avg_q,9106,1786558723.073220,8.700733184814453
train/avg_q,9134,1786558726.281405,9.067157745361328
train/avg_q,9150,1786558728.085462,9.441046714782715
train/avg_q,9167,1786558729.972991,9.96981143951416
train/avg_q,9184,1786558731.848462,11.140961647033691
train/avg_q,9212,1786558734.975077,7.634476661682129
train/avg_q,9226,1786558736.547548,7.576805591583252
train/avg_q,9245,1786558738.690085,11.0796537399292
train/avg_q,9268,1786558741.280896,8.51838493347168
train/avg_q,9285,1786558743.196241,10.499340057373047
train/avg_q,9299,1786558744.797261,5.174832344055176
train/avg_q,9322,1786558747.455025,9.946829795837402
train/avg_q,9346,1786558750.205603,8.838530540466309
train/avg_q,9360,1786558751.823760,7.612670421600342
train/avg_q,9375,1786558753.582132,7.197038173675537
train/avg_q,9387,1786558754.990728,7.733902931213379
train/avg_q,9409,1786558757.517712,8.724828720092773
train/avg_q,9427,1786558759.958693,10.847936630249023
train/avg_q,9448,1786558762.478063,7.491604804992676
train/avg_q,9464,1786558764.418863,9.69024658203125
train/avg_q,9487,1786558767.178616,8.719409942626953
train/avg_q,9503,1786558769.091597,8.78753662109375
train/avg_q,9517,1786558770.771832,7.924995422363281
train/avg_q,9535,1786558772.900990,6.462357044219971
train/avg_q,9555,1786558775.270533,11.852783203125
train/avg_q,9579,1786558778.102836,12.692648887634277
train/avg_q,9596,1786558780.099689,11.665632247924805
train/avg_q,9616,1786558782.451973,9.17957592010498
train/avg_q,9630,1786558784.052553,8.911913871765137
train/avg_q,9653,1786558786.657220,10.206422805786133
train/avg_q,9669,1786558788.477203,11.020462989807129
train/avg_q,9688,1786558790.579441,11.527081489562988
train/avg_q,9710,1786558793.061946,12.53610610961914
train/avg_q,9726,1786558794.799938,8.253378868103027
train/avg_q,9741,1786558796.421699,8.713420867919922
train/avg_q,9764,1786558798.926672,9.05492877960205
train/avg_q,9777,1786558800.352014,10.486835479736328
train/avg_q,9796,1786558802.439231,8.909465789794922
train/avg_q,9820,1786558805.158120,10.139098167419434
train/avg_q,9838,1786558807.144013,8.781662940979004
train/avg_q,9858,1786558809.395078,6.533596992492676
train/avg_q,9881,1786558812.093152,10.348194122314453
train/avg_q,9901,1786558814.433369,9.266935348510742
train/avg_q,9915,1786558816.128937,9.108402252197266
train/avg_q,9929,1786558817.852484,11.385480880737305
train/avg_q,9946,1786558819.920112,8.586565971374512
train/avg_q,9968,1786558822.571121,12.714151382446289
train/avg_q,9987,1786558824.886307,13.650647163391113
train/avg_q,10003,1786558826.983002,10.26745891571045
train/avg_q,10026,1786558829.754865,9.95235824584961
train/avg_q,10041,1786558831.552889,12.135802268981934
train/avg_q,10062,1786558834.103420,7.050543308258057
train/avg_q,10086,1786558836.985805,9.35666275024414
train/avg_q,10104,1786558841.405432,8.8143892288208
train/avg_q,10124,1786558844.710411,11.756586074829102
train/avg_q,10148,1786558848.673970,5.854053974151611
train/avg_q,10164,1786558851.363330,6.234671115875244
train/avg_q,10184,1786558854.655777,10.744900703430176
train/avg_q,10204,1786558858.006034,6.241379737854004
train/avg_q,10226,1786558861.846075,10.466503143310547
train/avg_q,10243,1786558864.311413,11.45047378540039
train/avg_q,10257,1786558866.325871,9.117378234863281
train/avg_q,10275,1786558868.803178,7.413697719573975
train/avg_q,10290,1786558870.855877,8.108747482299805
train/avg_q,10310,1786558873.431481,7.033270359039307
train/avg_q,10335,1786558876.765997,10.83432388305664
train/avg_q,10352,1786558878.964867,9.722883224487305
train/avg_q,10372,1786558881.499330,12.72048568725586
train/avg_q,10387,1786558883.369472,12.34127426147461
train/avg_q,10406,1786558885.704009,10.438861846923828
train/avg_q,10429,1786558888.429794,11.152074813842773
train/avg_q,10445,1786558890.234671,9.418045997619629
train/avg_q,10464,1786558892.334473,9.514619827270508
train/avg_q,10478,1786558893.871199,11.027363777160645
train/avg_q,10494,1786558895.573816,9.578329086303711
train/avg_q,10505,1786558896.731569,9.693229675292969
train/avg_q,10526,1786558898.926704,12.851319313049316
train/avg_q,10545,1786558900.868214,11.932356834411621
train/avg_q,10566,1786558902.992435,12.138893127441406
train/avg_q,10591,1786558905.486760,12.87876033782959
train/avg_q,10610,1786558907.379081,10.353256225585938
train/avg_q,10627,1786558909.039619,11.5986328125
train/avg_q,10641,1786558910.404559,13.045989990234375
train/avg_q,10662,1786558912.445966,12.841468811035156
train/avg_q,10678,1786558913.997140,12.971768379211426
train/avg_q,10698,1786558915.956124,9.064624786376953
train/avg_q,10721,1786558918.226951,10.604782104492188
train/avg_q,10738,1786558919.910052,9.95712661743164
train/avg_q,10754,1786558921.786042,11.339011192321777
train/avg_q,10772,1786558923.359960,6.41801643371582
train/avg_q,10796,1786558925.406112,8.081192016601562
train/avg_q,10810,1786558926.561942,9.25451946258545
train/avg_q,10824,1786558927.698765,10.594412803649902
train/avg_q,10838,1786558931.077826,6.244195938110352
train/avg_q,10862,1786558934.097653,9.55487060546875
train/avg_q,10883,1786558936.811149,10.968323707580566
train/avg_q,10901,1786558939.160704,11.458833694458008
train/avg_q,10914,1786558940.880511,7.464897632598877
train/avg_q,10932,1786558943.226271,9.425237655639648
train/avg_q,10945,1786558944.904151,11.087888717651367
train/avg_q,10968,1786558947.700221,9.103184700012207
train/avg_q,10981,1786558949.310223,12.580333709716797
train/avg_q,10999,1786558951.557493,11.94399642944336
train/avg_q,11018,1786558953.779385,11.604994773864746
train/avg_q,11035,1786558955.826030,10.858548164367676
train/avg_q,11050,1786558957.553130,6.895303726196289
train/avg_q,11070,1786558959.848153,8.29082202911377
train/avg_q,11090,1786558962.146121,10.550300598144531
train/avg_q,11111,1786558964.547010,11.305871963500977
train/avg_q,11125,1786558966.146785,11.97421646118164
train/avg_q,11140,1786558967.839828,8.948596000671387
train/avg_q,11155,1786558969.519187,8.04046630859375
train/avg_q,11174,1786558971.666076,10.348848342895508
train/avg_q,11186,1786558973.019232,13.723420143127441
train/avg_q,11203,1786558974.875400,9.589075088500977
train/avg_q,11222,1786558976.904258,8.231100082397461
train/avg_q,11240,1786558978.786458,6.930606365203857
train/avg_q,11263,1786558982.866689,10.649703979492188
train/avg_q,11276,1786558985.061072,7.798184871673584
train/avg_q,11296,1786558988.442099,8.125710487365723
train/avg_q,11311,1786558991.001204,8.922233581542969
train/avg_q,11329,1786558994.034643,11.503114700317383
train/avg_q,11352,1786558997.905853,11.203407287597656
train/avg_q,11365,1786559000.085648,8.279874801635742
train/avg_q,11383,1786559003.107244,10.788899421691895
train/avg_q,11402,1786559006.263948,9.936721801757812
train/avg_q,11427,1786559010.357737,4.73049259185791
train/avg_q,11446,1786559013.546528,9.535669326782227
train/avg_q,11463,1786559016.560647,9.558002471923828
train/avg_q,11484,1786559020.076173,8.425823211669922
train/avg_q,11502,1786559022.553999,13.329475402832031
train/avg_q,11519,1786559024.855026,9.26169204711914
train/avg_q,11541,1786559027.794906,10.410321235656738
train/avg_q,11560,1786559030.340849,5.719400882720947
train/avg_q,11581,1786559033.071011,9.877912521362305
train/avg_q,11595,1786559034.860870,10.777188301086426
train/avg_q,11609,1786559036.601317,9.228992462158203
train/avg_q,11625,1786559038.825905,9.000914573669434
train/avg_q,11643,1786559040.907681,11.734551429748535
train/avg_q,11661,1786559042.961151,11.594072341918945
train/avg_q,11678,1786559044.928127,14.619207382202148
train/avg_q,11701,1786559047.646895,9.542728424072266
train/avg_q,11717,1786559049.555331,8.937288284301758
train/avg_q,11733,1786559051.449185,10.432587623596191
train/avg_q,11746,1786559053.029603,11.44770622253418
train/avg_q,11766,1786559056.061975,12.453286170959473
train/avg_q,11785,1786559058.568826,4.637949466705322
train/avg_q,11804,1786559060.988801,10.915821075439453
train/avg_q,11829,1786559064.214873,11.779541969299316
train/avg_q,11844,1786559066.261875,9.247039794921875
train/avg_q,11862,1786559068.228854,8.662313461303711
train/avg_q,11889,1786559071.197702,12.1227445602417
train/avg_q,11907,1786559073.147171,12.225003242492676
train/avg_q,11925,1786559075.125035,12.089871406555176
train/avg_q,11950,1786559077.885199,9.47320556640625
train/avg_q,11971,1786559080.123883,6.932431697845459
train/avg_q,11992,1786559082.278076,15.817116737365723
train/avg_q,12013,1786559084.516091,11.576353073120117
train/avg_q,12032,1786559086.418846,9.864645004272461
train/avg_q,12048,1786559088.027726,9.672786712646484
train/avg_q,12065,1786559089.762321,13.351628303527832
train/avg_q,12079,1786559091.175090,8.66996955871582
train/avg_q,12104,1786559093.655851,13.161406517028809
train/avg_q,12118,1786559095.012650,14.262955665588379
train/avg_q,12136,1786559096.952058,8.112804412841797
train/avg_q,12150,1786559098.826159,11.910242080688477
train/avg_q,12164,1786559100.332729,12.419962882995605
train/avg_q,12178,1786559101.776529,9.997537612915039
train/avg_q,12199,1786559103.927560,12.503809928894043
train/avg_q,12212,1786559105.177029,7.177891731262207
train/avg_q,12230,1786559106.886691,8.06721305847168
train/avg_q,12249,1786559108.719326,11.543818473815918
train/avg_q,12275,1786559112.671460,9.757092475891113
train/avg_q,12286,1786559114.029449,12.021915435791016
train/avg_q,12307,1786559116.615522,11.576301574707031
train/avg_q,12332,1786559119.637995,12.077126502990723
train/avg_q,12351,1786559121.888754,6.80264139175415
train/avg_q,12365,1786559123.542448,10.777718544006348
train/avg_q,12385,1786559125.868866,11.199228286743164
train/avg_q,12410,1786559128.746501,13.241752624511719
train/avg_q,12428,1786559130.782961,9.189727783203125
train/avg_q,12450,1786559133.225097,11.659215927124023
train/avg_q,12460,1786559134.314732,10.552007675170898
train/avg_q,12480,1786559136.844082,12.463909149169922
train/avg_q,12495,1786559138.803015,11.597837448120117
train/avg_q,12525,1786559142.698989,11.364191055297852
train/avg_q,12538,1786559144.355680,13.228190422058105
train/avg_q,12558,1786559146.912469,9.244199752807617
train/avg_q,12571,1786559148.588645,10.422913551330566
train/avg_q,12588,1786559150.750427,12.868358612060547
train/avg_q,12607,1786559153.184114,9.117067337036133
train/avg_q,12623,1786559155.231269,9.692394256591797
train/avg_q,12645,1786559158.061836,16.99620246887207
train/avg_q,12666,1786559160.765096,12.728872299194336
train/avg_q,12685,1786559163.229848,6.715689659118652
train/avg_q,12700,1786559165.208937,11.337900161743164
train/avg_q,12718,1786559167.583024,7.813715934753418
train/avg_q,12736,1786559169.982820,4.848911762237549
train/avg_q,12753,1786559172.609496,7.2247138023376465
train/avg_q,12777,1786559175.788110,13.382634162902832
train/avg_q,12792,1786559177.758993,12.428247451782227
train/avg_q,12807,1786559179.736356,9.502592086791992
train/avg_q,12823,1786559181.827246,11.719873428344727
train/avg_q,12842,1786559184.302920,14.018754959106445
train/avg_q,12863,1786559187.058650,10.993340492248535
train/avg_q,12884,1786559189.748388,9.315959930419922
train/avg_q,12903,1786559192.157827,11.636397361755371
train/avg_q,12923,1786559194.659168,11.849693298339844
train/avg_q,12938,1786559196.521594,10.440946578979492
train/avg_q,12955,1786559198.644659,11.390144348144531
train/avg_q,12979,1786559201.682723,9.63785171508789
train/avg_q,13002,1786559204.641988,8.175146102905273
train/avg_q,13021,1786559207.080042,8.737954139709473
train/avg_q,13040,1786559209.470807,10.481409072875977
train/avg_q,13058,1786559211.632656,9.775039672851562
train/avg_q,13071,1786559215.429145,10.565990447998047
train/avg_q,13099,1786559220.048440,8.186834335327148
train/avg_q,13131,1786559225.283763,7.066924095153809
train/avg_q,13151,1786559228.504962,9.866338729858398
train/avg_q,13166,1786559230.876216,11.75016975402832
train/avg_q,13183,1786559233.635370,12.211175918579102
train/avg_q,13208,1786559237.739861,13.170347213745117
train/avg_q,13228,1786559240.994546,11.501861572265625
train/avg_q,13240,1786559242.900648,7.202228546142578
train/avg_q,13257,1786559245.550884,6.432405471801758
train/avg_q,13271,1786559247.737929,11.381808280944824
train/avg_q,13294,1786559251.317823,11.668524742126465
train/avg_q,13315,1786559254.578179,11.240676879882812
train/avg_q,13330,1786559256.860284,9.916548728942871
train/avg_q,13358,1786559261.132704,8.649478912353516
train/avg_q,13373,1786559263.401615,10.216724395751953
train/avg_q,13393,1786559266.414009,12.525579452514648
train/avg_q,13405,1786559268.188408,14.508413314819336
train/avg_q,13425,1786559271.054758,13.685590744018555
train/avg_q,13438,1786559272.837118,10.515686988830566
train/avg_q,13453,1786559274.885669,13.188447952270508
train/avg_q,13469,1786559277.034850,9.489822387695312
train/avg_q,13484,1786559279.016250,11.089071273803711
train/avg_q,13508,1786559282.139204,12.665979385375977
train/avg_q,13524,1786559284.195750,10.112070083618164
train/avg_q,13540,1786559286.175042,10.252897262573242
train/avg_q,13557,1786559288.066242,7.906286716461182
train/avg_q,13572,1786559291.505173,9.003549575805664
train/avg_q,13584,1786559293.321470,13.18305778503418
train/avg_q,13599,1786559295.560458,12.802780151367188
train/avg_q,13613,1786559297.653941,10.79630184173584
train/avg_q,13633,1786559300.610020,13.128024101257324
train/avg_q,13655,1786559303.881333,11.487907409667969
train/avg_q,13672,1786559306.395783,12.038976669311523
train/avg_q,13692,1786559309.292593,12.640852928161621
train/avg_q,13716,1786559312.762125,10.012443542480469
train/avg_q,13736,1786559315.628131,9.552837371826172
train/avg_q,13755,1786559318.311143,12.204017639160156
train/avg_q,13771,1786559320.564733,13.198105812072754
train/avg_q,13790,1786559323.259399,11.3460693359375
train/avg_q,13812,1786559326.371593,6.938911437988281
train/avg_q,13827,1786559328.520792,14.309937477111816
train/avg_q,13840,1786559330.398564,14.065037727355957
train/avg_q,13857,1786559332.859588,10.914868354797363
train/avg_q,13877,1786559335.732665,14.2474946975708
train/avg_q,13897,1786559338.588797,14.202974319458008
train/avg_q,13912,1786559340.700280,9.173173904418945
train/avg_q,13930,1786559343.209677,10.475034713745117
train/avg_q,13949,1786559345.849911,11.776543617248535
train/avg_q,13962,1786559347.619711,13.750643730163574
train/avg_q,13974,1786559349.270082,14.801864624023438
train/avg_q,13995,1786559352.152132,10.004793167114258
train/avg_q,14009,1786559356.179338,16.766759872436523
train/avg_q,14025,1786559359.457327,12.395806312561035
train/avg_q,14040,1786559362.509340,14.071937561035156
train/avg_q,14056,1786559365.740668,15.057655334472656
train/avg_q,14078,1786559370.127342,11.657203674316406
train/avg_q,14092,1786559372.844006,11.144355773925781
train/avg_q,14120,1786559378.202112,14.832393646240234
train/avg_q,14143,1786559382.521312,7.043221473693848
train/avg_q,14160,1786559385.664882,12.218191146850586
train/avg_q,14187,1786559390.609767,5.756048202514648
train/avg_q,14203,1786559393.541490,11.811062812805176
train/avg_q,14220,1786559396.657503,10.037972450256348
train/avg_q,14234,1786559399.203991,12.16387939453125
train/avg_q,14254,1786559402.847769,7.055136680603027
train/avg_q,14278,1786559407.196339,10.661190032958984
train/avg_q,14306,1786559412.289599,13.631784439086914
train/avg_q,14329,1786559416.470853,7.272288799285889
train/avg_q,14350,1786559420.246689,8.481637954711914
train/avg_q,14367,1786559422.977216,9.269213676452637
train/avg_q,14387,1786559425.827935,7.320876121520996
train/avg_q,14409,1786559428.877247,13.350412368774414
train/avg_q,14434,1786559432.827237,9.664665222167969
train/avg_q,14449,1786559435.495368,13.854110717773438
train/avg_q,14466,1786559438.043741,10.318805694580078
train/avg_q,14486,1786559440.468576,14.8587007522583
train/avg_q,14508,1786559443.154094,13.926424026489258
train/avg_q,14522,1786559444.882144,14.236190795898438
train/avg_q,14551,1786559448.402001,10.217474937438965
train/avg_q,14573,1786559451.041874,6.580357551574707
train/avg_q,14585,1786559452.475740,11.260300636291504
train/avg_q,14606,1786559454.996873,8.523481369018555
train/avg_q,14620,1786559456.666611,12.18638801574707
train/avg_q,14636,1786559458.529447,10.24206256866455
train/avg_q,14657,1786559460.952905,11.086851119995117
train/avg_q,14673,1786559462.774744,8.483283996582031
train/avg_q,14690,1786559464.712440,7.3111186027526855
train/avg_q,14705,1786559466.384663,11.94642448425293
train/avg_q,14724,1786559468.517292,15.912016868591309
train/avg_q,14745,1786559470.852552,9.393425941467285
train/avg_q,14761,1786559472.579290,16.20987319946289
train/avg_q,14779,1786559474.447315,12.68271255493164
train/avg_q,14801,1786559476.814298,13.493367195129395
train/avg_q,14820,1786559478.795570,9.633666038513184
train/avg_q,14851,1786559481.905880,8.512605667114258
train/avg_q,14864,1786559483.162712,9.449150085449219
train/avg_q,14878,1786559484.516071,12.780427932739258
train/avg_q,14902,1786559486.711092,7.232150077819824
train/avg_q,14914,1786559487.825029,5.441166877746582
train/avg_q,14934,1786559491.528925,12.439371109008789
train/avg_q,14948,1786559493.107490,10.683416366577148
train/avg_q,14973,1786559495.882766,10.030353546142578
train/avg_q,14987,1786559497.392311,13.034215927124023
train/avg_q,15001,1786559498.777048,13.749510765075684
train/avg_q,15019,1786559500.633773,9.465470314025879
train/avg_q,15047,1786559503.406613,9.526464462280273
train/avg_q,15066,1786559506.186006,12.044509887695312
train/avg_q,15084,1786559508.581757,13.416491508483887
train/avg_q,15099,1786559510.595430,10.062434196472168
train/avg_q,15118,1786559513.136921,14.133609771728516
train/avg_q,15143,1786559516.510271,12.528173446655273
train/avg_q,15156,1786559518.249036,14.698473930358887
train/avg_q,15173,1786559520.506261,10.268609046936035
train/avg_q,15194,1786559523.272727,12.626764297485352
train/avg_q,15206,1786559524.866887,14.545816421508789
train/avg_q,15225,1786559527.337922,15.648784637451172
train/avg_q,15243,1786559529.658311,12.843099594116211
train/avg_q,15257,1786559531.443001,11.876638412475586
train/avg_q,15278,1786559534.064844,12.886730194091797
train/avg_q,15295,1786559536.164787,7.218013286590576
train/avg_q,15313,1786559538.386162,14.186076164245605
train/avg_q,15331,1786559540.600349,11.213817596435547
train/avg_q,15354,1786559543.407697,10.52512264251709
train/avg_q,15369,1786559545.233430,7.803084850311279
train/avg_q,15383,1786559546.951708,12.397202491760254
train/avg_q,15410,1786559550.284800,13.607471466064453
train/avg_q,15432,1786559553.040751,13.634140014648438
train/avg_q,15451,1786559555.401644,14.345178604125977
train/avg_q,15469,1786559557.649284,13.894282341003418
train/avg_q,15488,1786559560.043117,9.648338317871094
train/avg_q,15502,1786559563.735513,8.728952407836914
train/avg_q,15523,1786559567.202609,15.189484596252441
train/avg_q,15546,1786559570.965146,8.817731857299805
train/avg_q,15558,1786559572.927036,10.795299530029297
train/avg_q,15575,1786559575.723575,13.010704040527344
train/avg_q,15597,1786559579.301544,9.999656677246094
train/avg_q,15614,1786559582.049955,19.03522491455078
train/avg_q,15628,1786559584.324695,11.983875274658203
train/avg_q,15649,1786559587.722312,13.940451622009277
train/avg_q,15668,1786559590.762807,7.324979782104492
train/avg_q,15690,1786559594.234886,11.506733894348145
train/avg_q,15708,1786559597.064406,12.79621696472168
train/avg_q,15731,1786559600.714921,9.406492233276367
train/avg_q,15746,1786559603.106906,10.723047256469727
train/avg_q,15761,1786559605.472011,7.329109191894531
train/avg_q,15783,1786559609.133146,10.042798042297363
train/avg_q,15813,1786559613.181528,11.11983871459961
train/avg_q,15834,1786559615.948233,11.178327560424805
train/avg_q,15848,1786559617.799992,18.770248413085938
train/avg_q,15861,1786559619.515168,7.763659954071045
train/avg_q,15880,1786559621.992732,12.698127746582031
train/avg_q,15898,1786559624.327699,10.19940185546875
train/avg_q,15916,1786559626.616533,14.408695220947266
train/avg_q,15943,1786559630.008159,12.331485748291016
train/avg_q,15956,1786559631.652897,10.825847625732422
train/avg_q,15967,1786559633.157884,13.860112190246582
train/avg_q,15982,1786559635.075902,17.23253059387207
train/avg_q,16000,1786559637.393528,13.71239948272705
train/avg_q,16018,1786559639.829088,12.5177583694458
train/avg_q,16034,1786559641.856086,7.7908148765563965
train/avg_q,16050,1786559643.869018,12.121678352355957
train/avg_q,16073,1786559646.726460,15.784019470214844
train/avg_q,16093,1786559649.183206,7.249129295349121
train/avg_q,16106,1786559650.767496,3.7525761127471924
train/avg_q,16123,1786559652.778635,9.28924560546875
train/avg_q,16148,1786559655.698153,9.80125617980957
train/avg_q,16161,1786559657.188398,13.598703384399414
train/avg_q,16175,1786559658.823903,19.657514572143555
train/avg_q,16201,1786559661.833940,12.576828956604004
train/avg_q,16221,1786559664.153224,10.729604721069336
train/avg_q,16239,1786559666.224948,8.559619903564453
train/avg_q,16259,1786559668.512136,13.712014198303223
train/avg_q,16279,1786559670.783940,9.214991569519043
train/avg_q,16304,1786559673.676980,9.397210121154785
train/avg_q,16321,1786559675.615149,15.152421951293945
train/avg_q,16347,1786559678.654014,12.714990615844727
train/avg_q,16365,1786559680.783666,9.071308135986328
train/avg_q,16386,1786559683.243112,15.113492965698242
train/avg_q,16401,1786559684.958329,12.59973430633545
train/avg_q,16421,1786559687.862454,9.21479320526123
train/avg_q,16439,1786559690.287907,10.76098918914795
train/avg_q,16453,1786559692.099229,12.15237045288086
train/avg_q,16482,1786559695.805838,11.582036018371582
train/avg_q,16499,1786559697.951580,7.10501766204834
train/avg_q,16513,1786559699.627428,10.267557144165039
train/avg_q,16536,1786559702.366779,17.353422164916992
train/avg_q,16554,1786559704.442670,12.800813674926758
train/avg_q,16572,1786559706.450931,7.221447467803955
train/avg_q,16598,1786559709.215481,9.699586868286133
train/avg_q,16624,1786559711.950462,11.678607940673828
train/avg_q,16637,1786559713.310117,11.618544578552246
train/avg_q,16657,1786559715.400887,10.396036148071289
train/avg_q,16673,1786559717.082559,11.711734771728516
train/avg_q,16695,1786559719.452272,8.361010551452637
train/avg_q,16710,1786559721.099513,13.035608291625977
train/avg_q,16730,1786559723.333696,17.312654495239258
train/avg_q,16750,1786559725.620374,11.476981163024902
train/avg_q,16766,1786559727.447456,15.601991653442383
train/avg_q,16788,1786559729.938852,15.003990173339844
train/avg_q,16802,1786559731.514543,11.574237823486328
train/avg_q,16823,1786559733.877645,13.01450252532959
train/avg_q,16845,1786559736.313658,10.903013229370117
train/avg_q,16859,1786559737.870588,17.923906326293945
train/avg_q,16877,1786559739.889070,14.04547119140625
train/avg_q,16900,1786559742.506778,12.875924110412598
train/avg_q,16915,1786559744.243882,12.915054321289062
train/avg_q,16934,1786559746.439553,13.330889701843262
train/avg_q,16949,1786559748.122146,12.496223449707031
train/avg_q,16973,1786559750.811811,15.595968246459961
train/avg_q,16995,1786559755.358438,13.871190071105957
train/avg_q,17015,1786559757.941896,11.393518447875977
train/avg_q,17032,1786559760.118259,10.833649635314941
train/avg_q,17047,1786559762.077824,8.764337539672852
train/avg_q,17060,1786559763.779943,14.89396858215332
train/avg_q,17076,1786559765.787453,12.80466079711914
train/avg_q,17100,1786559768.694537,19.75094985961914
train/avg_q,17117,1786559770.708769,15.9501314163208
train/avg_q,17141,1786559775.702393,11.597732543945312
train/avg_q,17164,1786559779.084052,11.152008056640625
train/avg_q,17182,1786559781.658723,14.647075653076172
train/avg_q,17207,1786559785.371850,15.311676979064941
train/avg_q,17223,1786559787.442810,9.460978507995605
train/avg_q,17241,1786559789.762110,15.367576599121094
train/avg_q,17258,1786559791.945844,9.758223533630371
train/avg_q,17282,1786559795.035316,13.096778869628906
train/avg_q,17297,1786559796.913995,12.895709037780762
train/avg_q,17316,1786559799.372102,13.605367660522461
train/avg_q,17337,1786559802.074501,12.557269096374512
train/avg_q,17354,1786559804.256950,15.33530330657959
train/avg_q,17373,1786559806.653937,8.9182710647583
train/avg_q,17391,1786559808.889714,12.571303367614746
train/avg_q,17412,1786559811.448221,8.395837783813477
train/avg_q,17430,1786559813.676737,9.968647003173828
train/avg_q,17445,1786559815.587194,7.253451347351074
train/avg_q,17468,1786559818.428881,14.292534828186035
train/avg_q,17486,1786559820.642925,16.90079116821289
train/avg_q,17506,1786559823.077116,13.108537673950195
train/avg_q,17521,1786559824.888182,5.992525577545166
train/avg_q,17532,1786559826.204083,11.34499740600586
train/avg_q,17558,1786559829.199314,5.515661239624023
train/avg_q,17568,1786559830.352828,8.346376419067383
train/avg_q,17592,1786559833.102742,12.667741775512695
train/avg_q,17607,1786559834.816172,13.4616060256958
train/avg_q,17619,1786559836.175891,10.418872833251953
train/avg_q,17634,1786559837.877579,15.10269832611084
train/avg_q,17649,1786559839.560131,12.44262981414795
train/avg_q,17668,1786559841.669840,14.874320983886719
train/avg_q,17682,1786559843.233494,13.989676475524902
train/avg_q,17698,1786559844.979185,7.8837738037109375
train/avg_q,17713,1786559846.612114,12.880468368530273
train/avg_q,17735,1786559849.031681,6.668278694152832
train/avg_q,17751,1786559850.776999,13.028958320617676
train/avg_q,17774,1786559853.235237,8.904775619506836
train/avg_q,17790,1786559854.966704,15.337037086486816
train/avg_q,17816,1786559857.774332,7.893373966217041
train/avg_q,17845,1786559860.890649,6.564448356628418
train/avg_q,17864,1786559862.945191,14.378669738769531
train/avg_q,17887,1786559865.426995,15.849136352539062
train/avg_q,17900,1786559866.806077,12.095441818237305
train/avg_q,17918,1786559868.682248,14.41679573059082
train/avg_q,17937,1786559870.651644,9.059117317199707
train/avg_q,17955,1786559872.511363,7.558704376220703
train/avg_q,17970,1786559874.068129,14.97623062133789
train/avg_q,17985,1786559875.658769,10.297757148742676
train/avg_q,18004,1786559877.767625,18.256704330444336
train/avg_q,18026,1786559880.056174,8.577144622802734
train/avg_q,18047,1786559882.230818,9.444051742553711
train/avg_q,18066,1786559884.241877,12.880531311035156
train/avg_q,18079,1786559885.642446,11.312469482421875
train/avg_q,18096,1786559887.435492,10.702852249145508
train/avg_q,18118,1786559889.760872,14.522018432617188
train/avg_q,18136,1786559891.682393,6.123187065124512
train/avg_q,18154,1786559893.643495,5.849893569946289
train/avg_q,18173,1786559895.771214,17.74993133544922
train/avg_q,18185,1786559897.101976,10.915392875671387
train/avg_q,18209,1786559900.345976,7.084099292755127
train/avg_q,18224,1786559902.192180,9.131362915039062
train/avg_q,18238,1786559903.900104,12.192358016967773
train/avg_q,18256,1786559906.112499,11.322938919067383
train/avg_q,18279,1786559908.884907,12.727148056030273
train/avg_q,18294,1786559910.605625,6.260629653930664
train/avg_q,18307,1786559912.074769,11.788063049316406
train/avg_q,18333,1786559915.110517,11.626461029052734
train/avg_q,18349,1786559916.914854,7.989983558654785
train/avg_q,18369,1786559922.195184,14.001473426818848
train/avg_q,18388,1786559925.390322,10.675798416137695
train/avg_q,18408,1786559928.734132,8.69759750366211
train/avg_q,18428,1786559931.993421,14.406804084777832
train/avg_q,18445,1786559934.681553,9.86172866821289
train/avg_q,18457,1786559936.574160,5.230820178985596
train/avg_q,18473,1786559939.081982,13.071775436401367
train/avg_q,18487,1786559941.250067,8.638854026794434
train/avg_q,18505,1786559944.037366,9.920204162597656
train/avg_q,18517,1786559945.877355,12.223196029663086
train/avg_q,18532,1786559948.168725,11.77891731262207
train/avg_q,18549,1786559950.754047,9.280921936035156
train/avg_q,18576,1786559954.889105,9.343233108520508
train/avg_q,18595,1786559957.771501,15.295533180236816
train/avg_q,18618,1786559960.919106,8.430274963378906
train/avg_q,18632,1786559962.898388,9.599475860595703
train/avg_q,18654,1786559966.030434,14.639601707458496
train/avg_q,18670,1786559968.184429,11.090888977050781
train/avg_q,18690,1786559970.794890,4.3112053871154785
train/avg_q,18709,1786559973.534916,6.941359043121338
train/avg_q,18735,1786559977.388227,5.052308082580566
train/avg_q,18751,1786559979.555558,6.144667625427246
train/avg_q,18770,1786559982.131754,7.584267616271973
train/avg_q,18796,1786559985.582706,12.543722152709961
train/avg_q,18825,1786559989.380795,8.441822052001953
train/avg_q,18844,1786559991.870028,5.476428031921387
train/avg_q,18859,1786559993.858325,11.075326919555664
train/avg_q,18879,1786559996.586519,10.237876892089844
train/avg_q,18898,1786559999.082918,12.005270004272461
train/avg_q,18923,1786560002.412654,9.58764362335205
train/avg_q,18942,1786560005.382196,12.510472297668457
train/avg_q,18963,1786560007.751859,3.647892713546753
train/avg_q,18984,1786560010.116798,7.257059097290039
train/avg_q,19004,1786560012.363966,8.472330093383789
train/avg_q,19022,1786560014.379994,6.939435005187988
train/avg_q,19038,1786560016.131098,10.029211044311523
train/avg_q,19054,1786560017.874771,7.189018249511719
train/avg_q,19074,1786560020.065617,9.787590026855469
train/avg_q,19090,1786560021.851588,9.80330753326416
train/avg_q,19108,1786560023.826947,8.469160079956055
train/avg_q,19124,1786560025.570514,8.134612083435059
train/avg_q,19138,1786560027.105566,12.194337844848633
train/avg_q,19159,1786560029.426821,9.415322303771973
train/avg_q,19180,1786560031.765316,12.525311470031738
train/avg_q,19193,1786560033.235565,3.9990172386169434
train/avg_q,19209,1786560035.085736,10.639806747436523
train/avg_q,19227,1786560037.437562,7.370636940002441
train/avg_q,19240,1786560038.770970,8.902078628540039
train/avg_q,19258,1786560040.591844,15.428611755371094
train/avg_q,19281,1786560042.873388,7.78455114364624
train/avg_q,19304,1786560045.148356,9.217996597290039
train/avg_q,19323,1786560046.975919,8.704390525817871
train/avg_q,19338,1786560048.398918,6.817713260650635
train/avg_q,19362,1786560053.042994,6.005745887756348
train/avg_q,19376,1786560055.324122,9.291610717773438
train/avg_q,19396,1786560058.577718,13.74295425415039
train/avg_q,19419,1786560062.334239,8.47061824798584
train/avg_q,19432,1786560064.472974,5.262983798980713
train/avg_q,19452,1786560067.785121,13.872339248657227
train/avg_q,19470,1786560070.753219,8.461664199829102
train/avg_q,19493,1786560074.401780,11.464252471923828
train/avg_q,19512,1786560077.246290,10.807896614074707
train/avg_q,19534,1786560080.727382,4.19807243347168
train/avg_q,19554,1786560083.439284,15.317305564880371
train/avg_q,19567,1786560085.273058,13.313578605651855
train/avg_q,19586,1786560087.625730,13.04246997833252
train/avg_q,19608,1786560090.263308,5.986560821533203
train/avg_q,19621,1786560091.821766,11.329483032226562
train/avg_q,19638,1786560093.829032,12.18395709991455
train/avg_q,19655,1786560095.819443,8.68208122253418
train/avg_q,19672,1786560097.790607,5.508974075317383
train/avg_q,19693,1786560100.231637,12.300320625305176
train/avg_q,19705,1786560101.619342,10.929963111877441
train/avg_q,19726,1786560103.989825,5.203470230102539
train/avg_q,19738,1786560105.335637,8.823307037353516
train/avg_q,19754,1786560107.089508,6.4385833740234375
train/avg_q,19769,1786560109.411196,4.3552093505859375
train/avg_q,19789,1786560111.729686,3.1516599655151367
train/avg_q,19808,1786560113.947718,14.419546127319336
train/avg_q,19831,1786560116.611492,13.327657699584961
train/avg_q,19848,1786560118.530731,6.888197898864746
train/avg_q,19871,1786560121.129866,6.724347114562988
train/avg_q,19890,1786560123.264948,5.660722732543945
train/avg_q,19904,1786560124.832567,7.4072370529174805
train/avg_q,19922,1786560126.817625,13.392212867736816
train/avg_q,19939,1786560128.646453,8.790840148925781
train/avg_q,19956,1786560130.448512,8.189483642578125
train/avg_q,19974,1786560132.289788,12.294967651367188
train/avg_q,20000,1786560135.510257,4.135160446166992
train/critic_1_loss,1502,1786557712.839868,2.2391357421875
train/critic_1_loss,1522,1786557714.532357,2.0721490383148193
train/critic_1_loss,1546,1786557716.569454,0.14992119371891022
train/critic_1_loss,1565,1786557718.131749,2.024996757507324
train/critic_1_loss,1582,1786557719.514406,0.09672925621271133
train/critic_1_loss,1599,1786557721.435888,0.06254999339580536
train/critic_1_loss,1618,1786557723.656523,1.709719181060791
train/critic_1_loss,1632,1786557725.299133,1.3644440174102783
train/critic_1_loss,1649,1786557727.295857,0.23964816331863403
train/critic_1_loss,1667,1786557729.470760,0.1431668996810913
train/critic_1_loss,1698,1786557733.269305,0.11584530025720596
train/critic_1_loss,1714,1786557737.678387,0.2978060841560364
train/critic_1_loss,1729,1786557740.678676,1.0799150466918945
train/critic_1_loss,1748,1786557744.423704,1.678238034248352
train/critic_1_loss,1762,1786557747.133762,0.958997368812561
train/critic_1_loss,1781,1786557750.825483,1.4614406824111938
train/critic_1_loss,1801,1786557756.339620,0.18333466351032257
train/critic_1_loss,1814,1786557758.538754,0.8902584314346313
train/critic_1_loss,1829,1786557761.083123,1.939375877380371
train/critic_1_loss,1842,1786557763.347727,0.3346385657787323
train/critic_1_loss,1863,1786557766.980312,0.1345728188753128
train/critic_1_loss,1887,1786557771.198453,0.18045856058597565
train/critic_1_loss,1907,1786557774.692862,0.2717663645744324
train/critic_1_loss,1925,1786557777.801732,0.14231190085411072
train/critic_1_loss,1944,1786557781.066762,0.2630355656147003
train/critic_1_loss,1966,1786557784.494641,0.3387290835380554
train/critic_1_loss,1993,1786557787.619067,0.13886284828186035
train/critic_1_loss,2013,1786557789.967219,0.27197638154029846
train/critic_1_loss,2039,1786557792.785979,0.11074797064065933
train/critic_1_loss,2052,1786557796.512066,1.0569934844970703
train/critic_1_loss,2075,1786557800.408224,0.3247578740119934
train/critic_1_loss,2091,1786557803.146071,0.2749898433685303
train/critic_1_loss,2111,1786557806.469459,0.20415470004081726
train/critic_1_loss,2129,1786557810.368898,0.193541020154953
train/critic_1_loss,2152,1786557813.869750,1.1540865898132324
train/critic_1_loss,2169,1786557816.522961,0.1863124966621399
train/critic_1_loss,2187,1786557819.355683,0.16196399927139282
train/critic_1_loss,2207,1786557822.572915,0.10864986479282379
train/critic_1_loss,2228,1786557828.784283,0.3074045777320862
train/critic_1_loss,2249,1786557832.761420,0.22936701774597168
train/critic_1_loss,2268,1786557836.502958,0.19562673568725586
train/critic_1_loss,2289,1786557840.736017,0.12069586664438248
train/critic_1_loss,2308,1786557844.728464,0.4385955333709717
train/critic_1_loss,2329,1786557847.275515,0.22073525190353394
train/critic_1_loss,2349,1786557849.682043,0.3511715531349182
train/critic_1_loss,2361,1786557851.172136,0.3047809898853302
train/critic_1_loss,2375,1786557852.959902,0.19545534253120422
train/critic_1_loss,2393,1786557855.232738,0.1394682377576828
train/critic_1_loss,2407,1786557857.029707,1.5556585788726807
train/critic_1_loss,2425,1786557859.340824,0.2216840237379074
train/critic_1_loss,2437,1786557860.827688,0.49907177686691284
train/critic_1_loss,2453,1786557862.640027,0.37989169359207153
train/critic_1_loss,2477,1786557865.290294,0.3577958345413208
train/critic_1_loss,2495,1786557867.310954,0.2361428588628769
train/critic_1_loss,2511,1786557869.068320,0.352741539478302
train/critic_1_loss,2534,1786557871.715208,0.22324088215827942
train/critic_1_loss,2556,1786557874.247248,0.18467359244823456
train/critic_1_loss,2573,1786557876.150711,0.14671184122562408
train/critic_1_loss,2588,1786557877.882086,0.2536512315273285
train/critic_1_loss,2602,1786557879.442524,0.1283358335494995
train/critic_1_loss,2618,1786557881.204052,0.1717735081911087
train/critic_1_loss,2643,1786557883.927593,0.2390306442975998
train/critic_1_loss,2656,1786557885.383129,0.3577538728713989
train/critic_1_loss,2674,1786557887.426469,0.4234744608402252
train/critic_1_loss,2690,1786557889.147381,0.21044698357582092
train/critic_1_loss,2711,1786557891.402307,0.570406973361969
train/critic_1_loss,2726,1786557893.087843,0.4654991626739502
train/critic_1_loss,2746,1786557895.266026,0.1889307200908661
train/critic_1_loss,2761,1786557896.904402,0.38524261116981506
train/critic_1_loss,2772,1786557898.151145,0.5652425289154053
train/critic_1_loss,2786,1786557899.707582,0.23155656456947327
train/critic_1_loss,2811,1786557902.516166,0.3033987283706665
train/critic_1_loss,2830,1786557904.576555,0.21876245737075806
train/critic_1_loss,2843,1786557905.946055,0.5536059737205505
train/critic_1_loss,2861,1786557907.858863,0.4237341284751892
train/critic_1_loss,2881,1786557909.985290,0.32314562797546387
train/critic_1_loss,2899,1786557911.914653,0.2439674586057663
train/critic_1_loss,2911,1786557913.150607,0.3512410819530487
train/critic_1_loss,2927,1786557914.827152,0.5042589902877808
train/critic_1_loss,2944,1786557916.593654,0.3311535120010376
train/critic_1_loss,2962,1786557918.474356,0.5164535045623779
train/critic_1_loss,2977,1786557920.024194,0.5041799545288086
train/critic_1_loss,2997,1786557922.049189,0.5310753583908081
train/critic_1_loss,3026,1786557924.967350,0.6146683096885681
train/critic_1_loss,3043,1786557926.726206,0.5066537857055664
train/critic_1_loss,3067,1786557929.158685,0.4816552996635437
train/critic_1_loss,3082,1786557930.660950,0.4648199677467346
train/critic_1_loss,3102,1786557932.683728,0.2676268219947815
train/critic_1_loss,3115,1786557934.014507,0.39642220735549927
train/critic_1_loss,3128,1786557935.315864,0.2737978994846344
train/critic_1_loss,3143,1786557936.824227,1.3977479934692383
train/critic_1_loss,3159,1786557938.430942,0.4228189289569855
train/critic_1_loss,3180,1786557940.532302,0.4145445227622986
train/critic_1_loss,3197,1786557942.224895,0.46220046281814575
train/critic_1_loss,3217,1786557944.199682,0.7627831697463989
train/critic_1_loss,3230,1786557945.514062,0.31597378849983215
train/critic_1_loss,3247,1786557947.248897,0.895573616027832
train/critic_1_loss,3259,1786557948.470988,0.471578449010849
train/critic_1_loss,3274,1786557950.000263,0.38428282737731934
train/critic_1_loss,3290,1786557951.606210,0.43014341592788696
train/critic_1_loss,3309,1786557953.510499,0.6346511244773865
train/critic_1_loss,3327,1786557955.436795,0.9061686992645264
train/critic_1_loss,3356,1786557959.106572,0.7622131109237671
train/critic_1_loss,3372,1786557961.249055,0.6295270919799805
train/critic_1_loss,3392,1786557964.021161,0.35935014486312866
train/critic_1_loss,3407,1786557966.106539,0.5294837355613708
train/critic_1_loss,3430,1786557969.426436,0.8178824782371521
train/critic_1_loss,3449,1786557972.109747,0.8213241696357727
train/critic_1_loss,3468,1786557974.804518,0.4468867778778076
train/critic_1_loss,3494,1786557978.424643,0.7313008904457092
train/critic_1_loss,3513,1786557981.471078,0.5206270813941956
train/critic_1_loss,3528,1786557983.523472,0.8416942358016968
train/critic_1_loss,3544,1786557985.671011,1.1294386386871338
train/critic_1_loss,3555,1786557987.086994,0.3602985143661499
train/critic_1_loss,3571,1786557989.163778,0.6559330224990845
train/critic_1_loss,3595,1786557992.280667,1.5794878005981445
train/critic_1_loss,3612,1786557994.440173,0.4312373995780945
train/critic_1_loss,3634,1786557997.252689,2.530327081680298
train/critic_1_loss,3657,1786558000.151299,1.0049405097961426
train/critic_1_loss,3678,1786558002.779648,0.8648883104324341
train/critic_1_loss,3706,1786558006.231738,0.5883660316467285
train/critic_1_loss,3722,1786558008.187393,0.791674017906189
train/critic_1_loss,3733,1786558009.545678,0.5123923420906067
train/critic_1_loss,3747,1786558011.274129,0.9520803689956665
train/critic_1_loss,3761,1786558013.013831,0.6306296586990356
train/critic_1_loss,3783,1786558015.797857,0.3925344944000244
train/critic_1_loss,3803,1786558018.271869,1.0060579776763916
train/critic_1_loss,3822,1786558020.550693,0.346879780292511
train/critic_1_loss,3840,1786558022.689495,0.651436984539032
train/critic_1_loss,3866,1786558025.784207,0.5545979738235474
train/critic_1_loss,3886,1786558028.129122,1.3230514526367188
train/critic_1_loss,3906,1786558030.472675,0.5771811008453369
train/critic_1_loss,3924,1786558032.573811,1.0227620601654053
train/critic_1_loss,3948,1786558035.333338,0.46435546875
train/critic_1_loss,3961,1786558036.818530,0.5644928216934204
train/critic_1_loss,3975,1786558038.397907,0.4598008096218109
train/critic_1_loss,3989,1786558039.951259,0.7777746915817261
train/critic_1_loss,4003,1786558041.583241,1.102464199066162
train/critic_1_loss,4029,1786558044.521148,0.7487497329711914
train/critic_1_loss,4047,1786558046.501137,0.3360893726348877
train/critic_1_loss,4064,1786558048.335994,0.5784481167793274
train/critic_1_loss,4080,1786558050.002793,0.705451488494873
train/critic_1_loss,4103,1786558053.264769,0.6634599566459656
train/critic_1_loss,4122,1786558056.524336,1.0427196025848389
train/critic_1_loss,4148,1786558061.575825,0.8182269334793091
train/critic_1_loss,4165,1786558063.668608,0.9417274594306946
train/critic_1_loss,4189,1786558066.664418,0.9208543300628662
train/critic_1_loss,4209,1786558069.106149,0.4980963170528412
train/critic_1_loss,4232,1786558071.888052,3.6645450592041016
train/critic_1_loss,4256,1786558074.747417,0.6207273006439209
train/critic_1_loss,4278,1786558077.367547,0.8847907185554504
train/critic_1_loss,4310,1786558081.109411,1.6330289840698242
train/critic_1_loss,4328,1786558083.181281,0.6857134103775024
train/critic_1_loss,4348,1786558085.458513,0.8711574077606201
train/critic_1_loss,4363,1786558087.176882,0.801775336265564
train/critic_1_loss,4381,1786558089.172028,1.1446813344955444
train/critic_1_loss,4397,1786558090.938312,0.7124804854393005
train/critic_1_loss,4418,1786558093.224745,0.9647986888885498
train/critic_1_loss,4435,1786558094.969524,0.9077911376953125
train/critic_1_loss,4453,1786558097.662354,2.457740306854248
train/critic_1_loss,4467,1786558099.613529,2.1294143199920654
train/critic_1_loss,4487,1786558102.517672,0.5247014760971069
train/critic_1_loss,4506,1786558105.391353,0.8499701023101807
train/critic_1_loss,4530,1786558109.067696,0.5480437278747559
train/critic_1_loss,4547,1786558111.651691,1.177832007408142
train/critic_1_loss,4564,1786558114.319026,0.6942130923271179
train/critic_1_loss,4588,1786558118.073963,0.46807894110679626
train/critic_1_loss,4607,1786558120.997895,0.7973617911338806
train/critic_1_loss,4633,1786558125.022603,1.01235830783844
train/critic_1_loss,4655,1786558128.353715,2.2868542671203613
train/critic_1_loss,4672,1786558130.990262,1.8370682001113892
train/critic_1_loss,4690,1786558133.800921,0.513239860534668
train/critic_1_loss,4705,1786558136.051375,1.1253774166107178
train/critic_1_loss,4722,1786558138.564336,0.4442647695541382
train/critic_1_loss,4751,1786558142.967579,3.409917116165161
train/critic_1_loss,4771,1786558145.903642,0.37381893396377563
train/critic_1_loss,4794,1786558149.259960,0.5460986495018005
train/critic_1_loss,4809,1786558151.468553,0.4727175533771515
train/critic_1_loss,4834,1786558155.134601,2.097087860107422
train/critic_1_loss,4847,1786558157.036463,0.4092767536640167
train/critic_1_loss,4868,1786558160.092339,0.6623235940933228
train/critic_1_loss,4882,1786558162.136994,0.4312112331390381
train/critic_1_loss,4910,1786558166.166999,1.4896785020828247
train/critic_1_loss,4925,1786558168.317871,2.3971681594848633
train/critic_1_loss,4936,1786558169.853212,0.9245662093162537
train/critic_1_loss,4952,1786558172.076417,1.2008839845657349
train/critic_1_loss,4974,1786558175.165730,1.856757402420044
train/critic_1_loss,4988,1786558177.166240,0.38916242122650146
train/critic_1_loss,5009,1786558180.150579,0.5676378011703491
train/critic_1_loss,5028,1786558182.885180,0.7367148995399475
train/critic_1_loss,5043,1786558185.065040,0.6227346658706665
train/critic_1_loss,5061,1786558187.614080,0.7201539874076843
train/critic_1_loss,5081,1786558190.430083,0.5005216002464294
train/critic_1_loss,5100,1786558193.171411,0.7698376774787903
train/critic_1_loss,5122,1786558196.372546,0.8722440004348755
train/critic_1_loss,5147,1786558199.969120,2.472731351852417
train/critic_1_loss,5168,1786558202.912008,0.9198081493377686
train/critic_1_loss,5183,1786558205.032864,0.7930135130882263
train/critic_1_loss,5196,1786558206.888308,1.5101487636566162
train/critic_1_loss,5214,1786558209.598665,0.4010978937149048
train/critic_1_loss,5226,1786558211.495507,0.5288553237915039
train/critic_1_loss,5249,1786558214.741705,0.6808264851570129
train/critic_1_loss,5267,1786558217.124766,1.7234983444213867
train/critic_1_loss,5283,1786558219.225225,0.6253930926322937
train/critic_1_loss,5298,1786558221.167397,0.8779262900352478
train/critic_1_loss,5312,1786558222.966045,0.5459309816360474
train/critic_1_loss,5330,1786558225.301476,0.7028409242630005
train/critic_1_loss,5349,1786558228.032216,0.35817331075668335
train/critic_1_loss,5364,1786558230.069054,3.3704304695129395
train/critic_1_loss,5389,1786558233.435905,0.41321131587028503
train/critic_1_loss,5403,1786558235.399037,0.8639898300170898
train/critic_1_loss,5422,1786558237.951297,0.573512077331543
train/critic_1_loss,5434,1786558239.542721,1.3097025156021118
train/critic_1_loss,5449,1786558241.547941,1.1251920461654663
train/critic_1_loss,5465,1786558243.680208,0.654920220375061
train/critic_1_loss,5482,1786558246.079085,0.4926808476448059
train/critic_1_loss,5502,1786558248.915482,1.4538054466247559
train/critic_1_loss,5520,1786558252.166980,3.2927515506744385
train/critic_1_loss,5537,1786558255.028395,0.9757893085479736
train/critic_1_loss,5553,1786558257.711519,0.9754884839057922
train/critic_1_loss,5566,1786558259.877243,1.9925978183746338
train/critic_1_loss,5584,1786558262.915438,0.771917998790741
train/critic_1_loss,5600,1786558265.589506,0.8027867674827576
train/critic_1_loss,5617,1786558268.412661,0.878875195980072
train/critic_1_loss,5641,1786558272.393104,0.7059822082519531
train/critic_1_loss,5662,1786558275.877900,0.7414172291755676
train/critic_1_loss,5679,1786558278.702513,0.7104166746139526
train/critic_1_loss,5701,1786558282.351053,0.3930298686027527
train/critic_1_loss,5715,1786558284.637105,0.7729003429412842
train/critic_1_loss,5730,1786558287.109487,0.5225876569747925
train/critic_1_loss,5748,1786558290.047936,2.4084010124206543
train/critic_1_loss,5763,1786558292.447039,1.3851985931396484
train/critic_1_loss,5780,1786558295.210597,0.6393879652023315
train/critic_1_loss,5798,1786558298.100012,0.7698476910591125
train/critic_1_loss,5812,1786558300.328670,0.9905420541763306
train/critic_1_loss,5832,1786558303.533930,0.5711029171943665
train/critic_1_loss,5862,1786558308.414913,0.7580960392951965
train/critic_1_loss,5874,1786558310.390011,0.7981612682342529
train/critic_1_loss,5892,1786558313.317429,2.7467808723449707
train/critic_1_loss,5919,1786558317.602703,0.33165717124938965
train/critic_1_loss,5939,1786558320.758064,0.6881548762321472
train/critic_1_loss,5955,1786558323.261907,0.39085859060287476
train/critic_1_loss,5974,1786558326.293114,0.8807776570320129
train/critic_1_loss,5990,1786558328.826885,0.7238432765007019
train/critic_1_loss,6023,1786558333.963972,0.4452883005142212
train/critic_1_loss,6038,1786558336.181050,0.7674547433853149
train/critic_1_loss,6061,1786558339.727239,1.209014892578125
train/critic_1_loss,6084,1786558342.399083,0.4429209232330322
train/critic_1_loss,6098,1786558344.023058,1.0882012844085693
train/critic_1_loss,6113,1786558345.718429,0.8521633148193359
train/critic_1_loss,6133,1786558347.934473,0.8154776096343994
train/critic_1_loss,6153,1786558350.093374,1.113558292388916
train/critic_1_loss,6175,1786558352.332522,1.0385135412216187
train/critic_1_loss,6188,1786558353.602271,0.6319807171821594
train/critic_1_loss,6205,1786558355.242361,1.7104167938232422
train/critic_1_loss,6223,1786558356.960955,2.480515718460083
train/critic_1_loss,6242,1786558358.786417,0.9182878732681274
train/critic_1_loss,6264,1786558360.904482,1.216137170791626
train/critic_1_loss,6276,1786558362.072404,0.7801607847213745
train/critic_1_loss,6298,1786558364.218788,0.5812721252441406
train/critic_1_loss,6313,1786558365.692580,0.7973591685295105
train/critic_1_loss,6326,1786558366.997337,0.694106936454773
train/critic_1_loss,6338,1786558368.222325,0.4075984060764313
train/critic_1_loss,6354,1786558369.860246,0.6656746864318848
train/critic_1_loss,6368,1786558371.348331,0.536516547203064
train/critic_1_loss,6383,1786558372.956456,0.8284651637077332
train/critic_1_loss,6401,1786558374.887312,0.6054352521896362
train/critic_1_loss,6416,1786558376.478463,2.176396131515503
train/critic_1_loss,6440,1786558378.974448,1.2090027332305908
train/critic_1_loss,6456,1786558380.660160,0.42861831188201904
train/critic_1_loss,6478,1786558382.961144,0.6401240825653076
train/critic_1_loss,6490,1786558384.206407,0.8353797197341919
train/critic_1_loss,6508,1786558386.093098,0.4906786382198334
train/critic_1_loss,6530,1786558388.414604,2.2612290382385254
train/critic_1_loss,6549,1786558390.445822,0.45144370198249817
train/critic_1_loss,6565,1786558392.162570,1.0167906284332275
train/critic_1_loss,6588,1786558394.689201,1.2594375610351562
train/critic_1_loss,6614,1786558397.526666,0.9405843615531921
train/critic_1_loss,6629,1786558399.248793,1.258871078491211
train/critic_1_loss,6642,1786558400.635998,1.7915971279144287
train/critic_1_loss,6658,1786558402.316716,0.8632745742797852
train/critic_1_loss,6678,1786558404.296069,1.5856602191925049
train/critic_1_loss,6699,1786558406.346328,0.5587205290794373
train/critic_1_loss,6728,1786558412.074521,1.313974380493164
train/critic_1_loss,6746,1786558414.617183,0.7581499814987183
train/critic_1_loss,6762,1786558416.786845,0.8641564846038818
train/critic_1_loss,6778,1786558420.922894,1.631227731704712
train/critic_1_loss,6792,1786558423.322894,0.46745821833610535
train/critic_1_loss,6819,1786558427.934917,0.5302972793579102
train/critic_1_loss,6840,1786558431.660993,0.769342303276062
train/critic_1_loss,6863,1786558435.570885,1.0114187002182007
train/critic_1_loss,6879,1786558438.210457,2.7098045349121094
train/critic_1_loss,6892,1786558440.319498,3.062732696533203
train/critic_1_loss,6913,1786558443.689016,0.9082261323928833
train/critic_1_loss,6928,1786558446.483697,1.5017703771591187
train/critic_1_loss,6942,1786558448.398674,0.40723174810409546
train/critic_1_loss,6957,1786558450.401742,0.868091344833374
train/critic_1_loss,6985,1786558454.121236,1.3888739347457886
train/critic_1_loss,6997,1786558455.715901,0.8481869697570801
train/critic_1_loss,7024,1786558459.332038,1.1043686866760254
train/critic_1_loss,7039,1786558461.337172,1.0794787406921387
train/critic_1_loss,7057,1786558463.718864,0.6152377724647522
train/critic_1_loss,7071,1786558465.539694,0.7100174427032471
train/critic_1_loss,7093,1786558468.381850,1.0182396173477173
train/critic_1_loss,7111,1786558470.668805,1.1564915180206299
train/critic_1_loss,7131,1786558473.220922,0.8127250671386719
train/critic_1_loss,7150,1786558475.652955,0.6204437017440796
train/critic_1_loss,7166,1786558477.703622,1.072824239730835
train/critic_1_loss,7178,1786558479.236851,2.7803282737731934
train/critic_1_loss,7190,1786558480.791641,0.789989709854126
train/critic_1_loss,7207,1786558482.987739,0.9131618142127991
train/critic_1_loss,7232,1786558486.214572,0.7491379976272583
train/critic_1_loss,7256,1786558489.340538,0.7663670182228088
train/critic_1_loss,7273,1786558491.549714,1.690359115600586
train/critic_1_loss,7288,1786558493.550226,1.0734732151031494
train/critic_1_loss,7303,1786558495.529568,0.8903451561927795
train/critic_1_loss,7319,1786558497.647699,2.5728061199188232
train/critic_1_loss,7335,1786558499.783371,0.9843344688415527
train/critic_1_loss,7353,1786558504.315868,0.6835940480232239
train/critic_1_loss,7377,1786558508.101679,1.1307528018951416
train/critic_1_loss,7393,1786558510.644469,0.6586141586303711
train/critic_1_loss,7412,1786558513.611918,0.6010520458221436
train/critic_1_loss,7430,1786558516.429768,0.6738085746765137
train/critic_1_loss,7444,1786558518.591215,1.6810321807861328
train/critic_1_loss,7462,1786558521.376293,0.9915968179702759
train/critic_1_loss,7483,1786558524.601791,0.993053138256073
train/critic_1_loss,7504,1786558527.794208,1.6940820217132568
train/critic_1_loss,7524,1786558530.816109,0.752452552318573
train/critic_1_loss,7541,1786558533.402827,1.6621794700622559
train/critic_1_loss,7558,1786558535.977674,0.786501407623291
train/critic_1_loss,7577,1786558538.787798,0.7599542140960693
train/critic_1_loss,7592,1786558541.073971,3.2809906005859375
train/critic_1_loss,7608,1786558543.420532,0.6600500345230103
train/critic_1_loss,7633,1786558546.942042,1.0452978610992432
train/critic_1_loss,7646,1786558548.837730,3.5211193561553955
train/critic_1_loss,7662,1786558551.131039,0.5441606044769287
train/critic_1_loss,7686,1786558554.647499,0.9629569053649902
train/critic_1_loss,7709,1786558557.599670,1.7676880359649658
train/critic_1_loss,7729,1786558560.595149,1.5264033079147339
train/critic_1_loss,7744,1786558562.752804,0.49021583795547485
train/critic_1_loss,7770,1786558566.012935,1.2009344100952148
train/critic_1_loss,7794,1786558569.042930,0.8784313797950745
train/critic_1_loss,7807,1786558570.574435,0.8841803073883057
train/critic_1_loss,7828,1786558573.044300,0.5266427993774414
train/critic_1_loss,7842,1786558574.677473,0.43008849024772644
train/critic_1_loss,7862,1786558577.014151,0.7868894338607788
train/critic_1_loss,7882,1786558579.371650,1.0262305736541748
train/critic_1_loss,7909,1786558582.431645,0.6502410173416138
train/critic_1_loss,7926,1786558584.341229,2.6954240798950195
train/critic_1_loss,7948,1786558586.805232,2.0337419509887695
train/critic_1_loss,7964,1786558588.559948,1.6114939451217651
train/critic_1_loss,7980,1786558590.309836,1.3669054508209229
train/critic_1_loss,8005,1786558593.628208,1.5888464450836182
train/critic_1_loss,8024,1786558596.101128,1.8647764921188354
train/critic_1_loss,8043,1786558598.527887,0.747403621673584
train/critic_1_loss,8062,1786558600.885775,1.6205263137817383
train/critic_1_loss,8081,1786558603.224423,1.0688871145248413
train/critic_1_loss,8098,1786558605.297747,0.87786865234375
train/critic_1_loss,8116,1786558607.423426,1.03403902053833
train/critic_1_loss,8138,1786558609.962994,1.637310266494751
train/critic_1_loss,8157,1786558612.037255,3.609889507293701
train/critic_1_loss,8177,1786558614.132185,4.042500972747803
train/critic_1_loss,8197,1786558616.230663,0.9944633841514587
train/critic_1_loss,8215,1786558618.112056,1.5103141069412231
train/critic_1_loss,8231,1786558619.792385,1.8127492666244507
train/critic_1_loss,8254,1786558622.204249,1.1511738300323486
train/critic_1_loss,8276,1786558624.541975,1.346831202507019
train/critic_1_loss,8295,1786558626.612175,2.841918706893921
train/critic_1_loss,8314,1786558628.720020,1.231870412826538
train/critic_1_loss,8329,1786558630.395911,1.4478394985198975
train/critic_1_loss,8346,1786558632.326866,5.371348857879639
train/critic_1_loss,8361,1786558634.025219,3.72375226020813
train/critic_1_loss,8375,1786558635.605078,1.5934984683990479
train/critic_1_loss,8390,1786558637.290929,1.2376245260238647
train/critic_1_loss,8409,1786558639.434254,1.3487927913665771
train/critic_1_loss,8424,1786558641.113058,1.3496296405792236
train/critic_1_loss,8451,1786558644.114217,0.7203495502471924
train/critic_1_loss,8469,1786558646.084206,0.449405699968338
train/critic_1_loss,8481,1786558647.406163,1.1342185735702515
train/critic_1_loss,8499,1786558649.434656,2.318652629852295
train/critic_1_loss,8518,1786558651.577769,3.002269744873047
train/critic_1_loss,8533,1786558653.281782,1.4053404331207275
train/critic_1_loss,8553,1786558655.552545,1.239101767539978
train/critic_1_loss,8574,1786558657.855992,1.7707009315490723
train/critic_1_loss,8589,1786558659.497560,1.9745521545410156
train/critic_1_loss,8618,1786558662.536815,1.2777765989303589
train/critic_1_loss,8635,1786558664.235857,1.1789928674697876
train/critic_1_loss,8654,1786558666.602081,0.8355591893196106
train/critic_1_loss,8672,1786558668.618816,1.7217679023742676
train/critic_1_loss,8688,1786558670.410365,1.3655328750610352
train/critic_1_loss,8704,1786558672.219612,1.301220178604126
train/critic_1_loss,8720,1786558674.441270,3.653400421142578
train/critic_1_loss,8743,1786558677.527917,0.708135187625885
train/critic_1_loss,8761,1786558679.931333,1.384413719177246
train/critic_1_loss,8785,1786558683.132940,1.1457195281982422
train/critic_1_loss,8801,1786558685.264255,1.7367805242538452
train/critic_1_loss,8821,1786558687.905590,1.2794662714004517
train/critic_1_loss,8835,1786558689.750999,2.4343631267547607
train/critic_1_loss,8856,1786558692.494084,1.1603233814239502
train/critic_1_loss,8874,1786558694.828986,2.5893361568450928
train/critic_1_loss,8895,1786558697.456421,1.1458048820495605
train/critic_1_loss,8911,1786558699.425248,17.884864807128906
train/critic_1_loss,8933,1786558702.130942,2.4772465229034424
train/critic_1_loss,8945,1786558703.614229,2.0368518829345703
train/critic_1_loss,8973,1786558707.066789,1.2865254878997803
train/critic_1_loss,8986,1786558708.674878,0.9563115835189819
train/critic_1_loss,9012,1786558711.851969,3.588958263397217
train/critic_1_loss,9032,1786558714.259390,0.838959276676178
train/critic_1_loss,9047,1786558716.067743,1.4587841033935547
train/critic_1_loss,9062,1786558717.875310,1.0767991542816162
train/critic_1_loss,9080,1786558720.016357,2.23451566696167
train/critic_1_loss,9106,1786558723.073189,0.9295348525047302
train/critic_1_loss,9134,1786558726.281371,1.4111053943634033
train/critic_1_loss,9150,1786558728.085431,3.0238585472106934
train/critic_1_loss,9167,1786558729.972956,1.1468772888183594
train/critic_1_loss,9184,1786558731.848431,7.2252516746521
train/critic_1_loss,9212,1786558734.975045,0.6120064854621887
train/critic_1_loss,9226,1786558736.547516,0.9431268572807312
train/critic_1_loss,9245,1786558738.690054,1.9295309782028198
train/critic_1_loss,9268,1786558741.280865,0.9064048528671265
train/critic_1_loss,9285,1786558743.196208,0.8101947903633118
train/critic_1_loss,9299,1786558744.797230,1.5475162267684937
train/critic_1_loss,9322,1786558747.454993,4.092704772949219
train/critic_1_loss,9346,1786558750.205571,1.7451061010360718
train/critic_1_loss,9360,1786558751.823727,4.4885430335998535
train/critic_1_loss,9375,1786558753.582100,17.37788200378418
train/critic_1_loss,9387,1786558754.990698,0.898643970489502
train/critic_1_loss,9409,1786558757.517680,1.3563363552093506
train/critic_1_loss,9427,1786558759.958663,2.896888494491577
train/critic_1_loss,9448,1786558762.478029,1.345869779586792
train/critic_1_loss,9464,1786558764.418830,2.176745653152466
train/critic_1_loss,9487,1786558767.178583,1.2100253105163574
train/critic_1_loss,9503,1786558769.091566,2.3871254920959473
train/critic_1_loss,9517,1786558770.771800,0.7766505479812622
train/critic_1_loss,9535,1786558772.900953,2.048208236694336
train/critic_1_loss,9555,1786558775.270501,1.3835945129394531
train/critic_1_loss,9579,1786558778.102803,1.3041749000549316
train/critic_1_loss,9596,1786558780.099656,0.9405839443206787
train/critic_1_loss,9616,1786558782.451941,0.9744369983673096
train/critic_1_loss,9630,1786558784.052519,1.7421674728393555
train/critic_1_loss,9653,1786558786.657187,5.7545623779296875
train/critic_1_loss,9669,1786558788.477170,0.9206372499465942
train/critic_1_loss,9688,1786558790.579407,2.3107807636260986
train/critic_1_loss,9710,1786558793.061914,0.7718871831893921
train/critic_1_loss,9726,1786558794.799906,2.1390223503112793
train/critic_1_loss,9741,1786558796.421667,2.3540267944335938
train/critic_1_loss,9764,1786558798.926634,1.8725693225860596
train/critic_1_loss,9777,1786558800.351979,1.997536540031433
train/critic_1_loss,9796,1786558802.439198,2.255183696746826
train/critic_1_loss,9820,1786558805.158087,1.4057090282440186
train/critic_1_loss,9838,1786558807.143977,1.8323458433151245
train/critic_1_loss,9858,1786558809.395040,0.83677077293396
train/critic_1_loss,9881,1786558812.093117,1.2102322578430176
train/critic_1_loss,9901,1786558814.433337,0.8819184303283691
train/critic_1_loss,9915,1786558816.128905,1.1126179695129395
train/critic_1_loss,9929,1786558817.852450,1.0210474729537964
train/critic_1_loss,9946,1786558819.920079,1.8700820207595825
train/critic_1_loss,9968,1786558822.571088,1.199460506439209
train/critic_1_loss,9987,1786558824.886271,1.422162413597107
train/critic_1_loss,10003,1786558826.982968,1.8289930820465088
train/critic_1_loss,10026,1786558829.754835,9.734325408935547
train/critic_1_loss,10041,1786558831.552858,0.840038537979126
train/critic_1_loss,10062,1786558834.103387,3.5234761238098145
train/critic_1_loss,10086,1786558836.985774,2.0040602684020996
train/critic_1_loss,10104,1786558841.405400,1.476304531097412
train/critic_1_loss,10124,1786558844.710377,0.8551384210586548
train/critic_1_loss,10148,1786558848.673938,1.3836054801940918
train/critic_1_loss,10164,1786558851.363299,1.618830919265747
train/critic_1_loss,10184,1786558854.655746,1.3947328329086304
train/critic_1_loss,10204,1786558858.006002,3.072437047958374
train/critic_1_loss,10226,1786558861.846043,3.1270594596862793
train/critic_1_loss,10243,1786558864.311380,1.6680982112884521
train/critic_1_loss,10257,1786558866.325839,1.6142725944519043
train/critic_1_loss,10275,1786558868.803146,2.6955554485321045
train/critic_1_loss,10290,1786558870.855843,3.342453718185425
train/critic_1_loss,10310,1786558873.431451,5.834997177124023
train/critic_1_loss,10335,1786558876.765959,1.5454736948013306
train/critic_1_loss,10352,1786558878.964837,3.784602642059326
train/critic_1_loss,10372,1786558881.499299,2.5541391372680664
train/critic_1_loss,10387,1786558883.369441,4.341151714324951
train/critic_1_loss,10406,1786558885.703975,3.991847038269043
train/critic_1_loss,10429,1786558888.429762,1.0414656400680542
train/critic_1_loss,10445,1786558890.234640,2.0197062492370605
train/critic_1_loss,10464,1786558892.334442,2.6641244888305664
train/critic_1_loss,10478,1786558893.871167,0.5429503917694092
train/critic_1_loss,10494,1786558895.573785,1.457648754119873
train/critic_1_loss,10505,1786558896.731537,9.940513610839844
train/critic_1_loss,10526,1786558898.926672,1.5140559673309326
train/critic_1_loss,10545,1786558900.868181,2.1794321537017822
train/critic_1_loss,10566,1786558902.992404,1.2675118446350098
train/critic_1_loss,10591,1786558905.486729,2.3879241943359375
train/critic_1_loss,10610,1786558907.379047,1.8302955627441406
train/critic_1_loss,10627,1786558909.039590,1.6578493118286133
train/critic_1_loss,10641,1786558910.404529,4.472808837890625
train/critic_1_loss,10662,1786558912.445936,5.986461639404297
train/critic_1_loss,10678,1786558913.997110,1.446791648864746
train/critic_1_loss,10698,1786558915.956091,6.789172172546387
train/critic_1_loss,10721,1786558918.226919,3.3698678016662598
train/critic_1_loss,10738,1786558919.910020,0.8088929057121277
train/critic_1_loss,10754,1786558921.786010,1.3249677419662476
train/critic_1_loss,10772,1786558923.359928,2.2518115043640137
train/critic_1_loss,10796,1786558925.406080,1.5820307731628418
train/critic_1_loss,10810,1786558926.561909,1.4693681001663208
train/critic_1_loss,10824,1786558927.698733,4.448291778564453
train/critic_1_loss,10838,1786558931.077795,1.9678245782852173
train/critic_1_loss,10862,1786558934.097620,1.872133731842041
train/critic_1_loss,10883,1786558936.811115,1.7888634204864502
train/critic_1_loss,10901,1786558939.160672,1.9333486557006836
train/critic_1_loss,10914,1786558940.880478,2.636652946472168
train/critic_1_loss,10932,1786558943.226226,1.648149847984314
train/critic_1_loss,10945,1786558944.904119,1.7094234228134155
train/critic_1_loss,10968,1786558947.700190,2.5020859241485596
train/critic_1_loss,10981,1786558949.310189,2.1100635528564453
train/critic_1_loss,10999,1786558951.557461,1.5854145288467407
train/critic_1_loss,11018,1786558953.779352,1.7554556131362915
train/critic_1_loss,11035,1786558955.825997,1.7146637439727783
train/critic_1_loss,11050,1786558957.553097,1.3654916286468506
train/critic_1_loss,11070,1786558959.848116,1.586570143699646
train/critic_1_loss,11090,1786558962.146088,3.179745674133301
train/critic_1_loss,11111,1786558964.546975,2.9554197788238525
train/critic_1_loss,11125,1786558966.146753,0.8470495939254761
train/critic_1_loss,11140,1786558967.839779,4.424582004547119
train/critic_1_loss,11155,1786558969.519156,5.108631134033203
train/critic_1_loss,11174,1786558971.666044,2.3435442447662354
train/critic_1_loss,11186,1786558973.019200,1.107663631439209
train/critic_1_loss,11203,1786558974.875367,4.314544200897217
train/critic_1_loss,11222,1786558976.904227,2.75569486618042
train/critic_1_loss,11240,1786558978.786426,1.5009353160858154
train/critic_1_loss,11263,1786558982.866657,9.623247146606445
train/critic_1_loss,11276,1786558985.061029,1.4707250595092773
train/critic_1_loss,11296,1786558988.442067,0.7371799945831299
train/critic_1_loss,11311,1786558991.001170,0.9427599310874939
train/critic_1_loss,11329,1786558994.034611,4.168451309204102
train/critic_1_loss,11352,1786558997.905820,2.5427823066711426
train/critic_1_loss,11365,1786559000.085616,2.2275352478027344
train/critic_1_loss,11383,1786559003.107204,1.3383312225341797
train/critic_1_loss,11402,1786559006.263916,12.472768783569336
train/critic_1_loss,11427,1786559010.357705,1.489447832107544
train/critic_1_loss,11446,1786559013.546494,4.490867614746094
train/critic_1_loss,11463,1786559016.560615,1.6256424188613892
train/critic_1_loss,11484,1786559020.076139,2.4194633960723877
train/critic_1_loss,11502,1786559022.553963,7.605880260467529
train/critic_1_loss,11519,1786559024.854993,6.377171516418457
train/critic_1_loss,11541,1786559027.794874,5.007940292358398
train/critic_1_loss,11560,1786559030.340816,1.7250823974609375
train/critic_1_loss,11581,1786559033.070977,1.054868459701538
train/critic_1_loss,11595,1786559034.860839,1.9612557888031006
train/critic_1_loss,11609,1786559036.601283,2.195164203643799
train/critic_1_loss,11625,1786559038.825873,1.6262212991714478
train/critic_1_loss,11643,1786559040.907649,2.0603530406951904
train/critic_1_loss,11661,1786559042.961119,1.8027111291885376
train/critic_1_loss,11678,1786559044.928092,1.8764493465423584
train/critic_1_loss,11701,1786559047.646863,1.840381383895874
train/critic_1_loss,11717,1786559049.555299,3.386176824569702
train/critic_1_loss,11733,1786559051.449152,2.04410982131958
train/critic_1_loss,11746,1786559053.029571,1.4551331996917725
train/critic_1_loss,11766,1786559056.061941,3.289152145385742
train/critic_1_loss,11785,1786559058.568795,1.418035626411438
train/critic_1_loss,11804,1786559060.988769,8.200881958007812
train/critic_1_loss,11829,1786559064.214840,3.574998378753662
train/critic_1_loss,11844,1786559066.261844,4.202392578125
train/critic_1_loss,11862,1786559068.228823,3.5366039276123047
train/critic_1_loss,11889,1786559071.197671,3.645719528198242
train/critic_1_loss,11907,1786559073.147136,4.179283142089844
train/critic_1_loss,11925,1786559075.125002,3.035144090652466
train/critic_1_loss,11950,1786559077.885167,1.6817855834960938
train/critic_1_loss,11971,1786559080.123849,1.5635294914245605
train/critic_1_loss,11992,1786559082.278042,3.874444007873535
train/critic_1_loss,12013,1786559084.516059,3.114311933517456
train/critic_1_loss,12032,1786559086.418814,2.750227928161621
train/critic_1_loss,12048,1786559088.027694,2.630603075027466
train/critic_1_loss,12065,1786559089.762285,5.5222578048706055
train/critic_1_loss,12079,1786559091.175033,2.2812671661376953
train/critic_1_loss,12104,1786559093.655821,6.78969669342041
train/critic_1_loss,12118,1786559095.012619,1.862642526626587
train/critic_1_loss,12136,1786559096.952027,1.5005125999450684
train/critic_1_loss,12150,1786559098.826127,1.6118180751800537
train/critic_1_loss,12164,1786559100.332697,5.502182960510254
train/critic_1_loss,12178,1786559101.776498,2.527482509613037
train/critic_1_loss,12199,1786559103.927528,2.211798667907715
train/critic_1_loss,12212,1786559105.176996,7.767486572265625
train/critic_1_loss,12230,1786559106.886660,2.498332977294922
train/critic_1_loss,12249,1786559108.719295,4.777393341064453
train/critic_1_loss,12275,1786559112.671428,1.1903281211853027
train/critic_1_loss,12286,1786559114.029418,1.163869857788086
train/critic_1_loss,12307,1786559116.615492,3.3340978622436523
train/critic_1_loss,12332,1786559119.637956,2.590249538421631
train/critic_1_loss,12351,1786559121.888721,4.018475532531738
train/critic_1_loss,12365,1786559123.542416,3.1583871841430664
train/critic_1_loss,12385,1786559125.868833,1.9313406944274902
train/critic_1_loss,12410,1786559128.746470,4.038358211517334
train/critic_1_loss,12428,1786559130.782928,3.838494300842285
train/critic_1_loss,12450,1786559133.225063,4.785357475280762
train/critic_1_loss,12460,1786559134.314701,1.446636438369751
train/critic_1_loss,12480,1786559136.844048,0.8469117879867554
train/critic_1_loss,12495,1786559138.802980,1.2198736667633057
train/critic_1_loss,12525,1786559142.698954,1.343653678894043
train/critic_1_loss,12538,1786559144.355648,3.3397750854492188
train/critic_1_loss,12558,1786559146.912436,20.519729614257812
train/critic_1_loss,12571,1786559148.588613,5.697261810302734
train/critic_1_loss,12588,1786559150.750395,3.2811965942382812
train/critic_1_loss,12607,1786559153.184083,6.062302112579346
train/critic_1_loss,12623,1786559155.231237,7.568088054656982
train/critic_1_loss,12645,1786559158.061803,2.6513962745666504
train/critic_1_loss,12666,1786559160.765063,2.573274612426758
train/critic_1_loss,12685,1786559163.229818,3.361515760421753
train/critic_1_loss,12700,1786559165.208906,4.206710338592529
train/critic_1_loss,12718,1786559167.582993,2.5850865840911865
train/critic_1_loss,12736,1786559169.982786,3.188016891479492
train/critic_1_loss,12753,1786559172.609464,7.438645839691162
train/critic_1_loss,12777,1786559175.788075,4.6108856201171875
train/critic_1_loss,12792,1786559177.758955,3.223459243774414
train/critic_1_loss,12807,1786559179.736324,1.8405996561050415
train/critic_1_loss,12823,1786559181.827214,3.3079183101654053
train/critic_1_loss,12842,1786559184.302888,3.893019914627075
train/critic_1_loss,12863,1786559187.058618,10.412320137023926
train/critic_1_loss,12884,1786559189.748357,1.9430598020553589
train/critic_1_loss,12903,1786559192.157794,4.824528694152832
train/critic_1_loss,12923,1786559194.659134,2.7391562461853027
train/critic_1_loss,12938,1786559196.521561,1.835283637046814
train/critic_1_loss,12955,1786559198.644628,3.424440622329712
train/critic_1_loss,12979,1786559201.682690,4.645681858062744
train/critic_1_loss,13002,1786559204.641954,7.734589576721191
train/critic_1_loss,13021,1786559207.080012,2.4351072311401367
train/critic_1_loss,13040,1786559209.470774,6.561005592346191
train/critic_1_loss,13058,1786559211.632626,5.037777900695801
train/critic_1_loss,13071,1786559215.429103,2.6957201957702637
train/critic_1_loss,13099,1786559220.048408,5.230806350708008
train/critic_1_loss,13131,1786559225.283731,2.4188246726989746
train/critic_1_loss,13151,1786559228.504931,3.050259590148926
train/critic_1_loss,13166,1786559230.876183,3.9624080657958984
train/critic_1_loss,13183,1786559233.635339,2.9398069381713867
train/critic_1_loss,13208,1786559237.739827,1.5121889114379883
train/critic_1_loss,13228,1786559240.994514,2.408210039138794
train/critic_1_loss,13240,1786559242.900616,4.3192267417907715
train/critic_1_loss,13257,1786559245.550852,8.56679630279541
train/critic_1_loss,13271,1786559247.737897,2.850567102432251
train/critic_1_loss,13294,1786559251.317792,2.487260103225708
train/critic_1_loss,13315,1786559254.578148,5.0340986251831055
train/critic_1_loss,13330,1786559256.860252,2.0495996475219727
train/critic_1_loss,13358,1786559261.132671,10.657106399536133
train/critic_1_loss,13373,1786559263.401583,9.63293743133545
train/critic_1_loss,13393,1786559266.413971,1.1982479095458984
train/critic_1_loss,13405,1786559268.188377,2.730522632598877
train/critic_1_loss,13425,1786559271.054724,5.672226905822754
train/critic_1_loss,13438,1786559272.837084,6.3485822677612305
train/critic_1_loss,13453,1786559274.885637,7.507269859313965
train/critic_1_loss,13469,1786559277.034817,6.9190897941589355
train/critic_1_loss,13484,1786559279.016219,4.546842098236084
train/critic_1_loss,13508,1786559282.139171,3.2241313457489014
train/critic_1_loss,13524,1786559284.195718,4.964071273803711
train/critic_1_loss,13540,1786559286.175010,27.574583053588867
train/critic_1_loss,13557,1786559288.066205,8.30353832244873
train/critic_1_loss,13572,1786559291.505140,2.25701904296875
train/critic_1_loss,13584,1786559293.321438,8.477933883666992
train/critic_1_loss,13599,1786559295.560426,9.095073699951172
train/critic_1_loss,13613,1786559297.653910,4.241451263427734
train/critic_1_loss,13633,1786559300.609988,6.447740077972412
train/critic_1_loss,13655,1786559303.881301,5.55308723449707
train/critic_1_loss,13672,1786559306.395750,5.790180206298828
train/critic_1_loss,13692,1786559309.292561,9.246570587158203
train/critic_1_loss,13716,1786559312.762091,5.597728729248047
train/critic_1_loss,13736,1786559315.628098,10.131693840026855
train/critic_1_loss,13755,1786559318.311110,8.192322731018066
train/critic_1_loss,13771,1786559320.564703,3.8947901725769043
train/critic_1_loss,13790,1786559323.259368,1.8394936323165894
train/critic_1_loss,13812,1786559326.371559,5.776745796203613
train/critic_1_loss,13827,1786559328.520761,7.566384792327881
train/critic_1_loss,13840,1786559330.398532,5.171482563018799
train/critic_1_loss,13857,1786559332.859555,5.829877853393555
train/critic_1_loss,13877,1786559335.732635,2.606501817703247
train/critic_1_loss,13897,1786559338.588767,3.48624849319458
train/critic_1_loss,13912,1786559340.700247,3.1643102169036865
train/critic_1_loss,13930,1786559343.209645,1.4320259094238281
train/critic_1_loss,13949,1786559345.849879,6.064354419708252
train/critic_1_loss,13962,1786559347.619679,2.587583065032959
train/critic_1_loss,13974,1786559349.270050,7.998106479644775
train/critic_1_loss,13995,1786559352.152090,5.315394401550293
train/critic_1_loss,14009,1786559356.179303,1.8332639932632446
train/critic_1_loss,14025,1786559359.457295,3.7691831588745117
train/critic_1_loss,14040,1786559362.509308,6.182889938354492
train/critic_1_loss,14056,1786559365.740636,2.923746109008789
train/critic_1_loss,14078,1786559370.127310,5.4761433601379395
train/critic_1_loss,14092,1786559372.843972,3.417901039123535
train/critic_1_loss,14120,1786559378.202079,2.8840465545654297
train/critic_1_loss,14143,1786559382.521279,6.0492353439331055
train/critic_1_loss,14160,1786559385.664850,5.194412708282471
train/critic_1_loss,14187,1786559390.609734,5.654780387878418
train/critic_1_loss,14203,1786559393.541458,2.2924883365631104
train/critic_1_loss,14220,1786559396.657471,5.848303318023682
train/critic_1_loss,14234,1786559399.203954,6.7279863357543945
train/critic_1_loss,14254,1786559402.847738,8.109378814697266
train/critic_1_loss,14278,1786559407.196304,4.605475425720215
train/critic_1_loss,14306,1786559412.289566,7.614875793457031
train/critic_1_loss,14329,1786559416.470819,5.951881408691406
train/critic_1_loss,14350,1786559420.246658,7.574526786804199
train/critic_1_loss,14367,1786559422.977182,2.286757707595825
train/critic_1_loss,14387,1786559425.827903,11.189724922180176
train/critic_1_loss,14409,1786559428.877215,3.100740909576416
train/critic_1_loss,14434,1786559432.827206,8.168212890625
train/critic_1_loss,14449,1786559435.495337,18.70087432861328
train/critic_1_loss,14466,1786559438.043710,3.8517301082611084
train/critic_1_loss,14486,1786559440.468544,2.6192846298217773
train/critic_1_loss,14508,1786559443.154061,11.96757698059082
train/critic_1_loss,14522,1786559444.882109,2.633436918258667
train/critic_1_loss,14551,1786559448.401966,4.9147233963012695
train/critic_1_loss,14573,1786559451.041842,4.520813941955566
train/critic_1_loss,14585,1786559452.475706,9.842308044433594
train/critic_1_loss,14606,1786559454.996842,4.42125129699707
train/critic_1_loss,14620,1786559456.666578,2.4061193466186523
train/critic_1_loss,14636,1786559458.529414,22.36590576171875
train/critic_1_loss,14657,1786559460.952870,9.684446334838867
train/critic_1_loss,14673,1786559462.774710,5.001181125640869
train/critic_1_loss,14690,1786559464.712408,5.774706840515137
train/critic_1_loss,14705,1786559466.384631,4.17500114440918
train/critic_1_loss,14724,1786559468.517259,3.7768683433532715
train/critic_1_loss,14745,1786559470.852520,4.130527496337891
train/critic_1_loss,14761,1786559472.579257,7.2773637771606445
train/critic_1_loss,14779,1786559474.447282,6.036336421966553
train/critic_1_loss,14801,1786559476.814263,3.567474603652954
train/critic_1_loss,14820,1786559478.795538,4.821005821228027
train/critic_1_loss,14851,1786559481.905849,12.9837646484375
train/critic_1_loss,14864,1786559483.162680,8.519118309020996
train/critic_1_loss,14878,1786559484.516027,3.756228446960449
train/critic_1_loss,14902,1786559486.711061,3.7068333625793457
train/critic_1_loss,14914,1786559487.824997,21.070974349975586
train/critic_1_loss,14934,1786559491.528895,4.26446008682251
train/critic_1_loss,14948,1786559493.107459,10.798249244689941
train/critic_1_loss,14973,1786559495.882735,7.428718090057373
train/critic_1_loss,14987,1786559497.392279,5.414366722106934
train/critic_1_loss,15001,1786559498.777016,8.24354076385498
train/critic_1_loss,15019,1786559500.633742,11.349271774291992
train/critic_1_loss,15047,1786559503.406581,3.481811761856079
train/critic_1_loss,15066,1786559506.185971,3.1021265983581543
train/critic_1_loss,15084,1786559508.581727,5.493595123291016
train/critic_1_loss,15099,1786559510.595399,5.6628522872924805
train/critic_1_loss,15118,1786559513.136890,12.008039474487305
train/critic_1_loss,15143,1786559516.510237,8.773824691772461
train/critic_1_loss,15156,1786559518.249005,8.12880802154541
train/critic_1_loss,15173,1786559520.506227,10.854052543640137
train/critic_1_loss,15194,1786559523.272696,3.8012709617614746
train/critic_1_loss,15206,1786559524.866858,5.162199974060059
train/critic_1_loss,15225,1786559527.337889,1.6004328727722168
train/critic_1_loss,15243,1786559529.658265,8.85379409790039
train/critic_1_loss,15257,1786559531.442967,3.290343761444092
train/critic_1_loss,15278,1786559534.064811,5.287317752838135
train/critic_1_loss,15295,1786559536.164754,8.51220417022705
train/critic_1_loss,15313,1786559538.386131,2.1520438194274902
train/critic_1_loss,15331,1786559540.600318,3.623264789581299
train/critic_1_loss,15354,1786559543.407664,7.207934379577637
train/critic_1_loss,15369,1786559545.233398,7.803687572479248
train/critic_1_loss,15383,1786559546.951678,7.463331699371338
train/critic_1_loss,15410,1786559550.284768,8.806716918945312
train/critic_1_loss,15432,1786559553.040717,7.22953987121582
train/critic_1_loss,15451,1786559555.401613,6.6129150390625
train/critic_1_loss,15469,1786559557.649252,2.1786508560180664
train/critic_1_loss,15488,1786559560.043084,3.3063340187072754
train/critic_1_loss,15502,1786559563.735482,9.66251277923584
train/critic_1_loss,15523,1786559567.202577,3.0764479637145996
train/critic_1_loss,15546,1786559570.965112,2.171388626098633
train/critic_1_loss,15558,1786559572.927003,3.4659829139709473
train/critic_1_loss,15575,1786559575.723542,7.205073356628418
train/critic_1_loss,15597,1786559579.301510,6.157519340515137
train/critic_1_loss,15614,1786559582.049924,3.161379814147949
train/critic_1_loss,15628,1786559584.324663,2.8568334579467773
train/critic_1_loss,15649,1786559587.722281,2.229280710220337
train/critic_1_loss,15668,1786559590.762775,4.8825788497924805
train/critic_1_loss,15690,1786559594.234855,18.916980743408203
train/critic_1_loss,15708,1786559597.064374,4.995218276977539
train/critic_1_loss,15731,1786559600.714888,10.266512870788574
train/critic_1_loss,15746,1786559603.106874,7.236963748931885
train/critic_1_loss,15761,1786559605.471977,5.816624164581299
train/critic_1_loss,15783,1786559609.133113,4.959747314453125
train/critic_1_loss,15813,1786559613.181498,3.231065273284912
train/critic_1_loss,15834,1786559615.948201,20.600963592529297
train/critic_1_loss,15848,1786559617.799959,6.80666971206665
train/critic_1_loss,15861,1786559619.515136,10.561281204223633
train/critic_1_loss,15880,1786559621.992699,3.952265977859497
train/critic_1_loss,15898,1786559624.327669,17.13772201538086
train/critic_1_loss,15916,1786559626.616501,11.096733093261719
train/critic_1_loss,15943,1786559630.008127,5.42841100692749
train/critic_1_loss,15956,1786559631.652864,16.0163516998291
train/critic_1_loss,15967,1786559633.157852,9.283440589904785
train/critic_1_loss,15982,1786559635.075870,6.217977523803711
train/critic_1_loss,16000,1786559637.393497,11.46962833404541
train/critic_1_loss,16018,1786559639.829055,4.655786514282227
train/critic_1_loss,16034,1786559641.856055,4.581150531768799
train/critic_1_loss,16050,1786559643.868984,4.375450134277344
train/critic_1_loss,16073,1786559646.726405,9.767403602600098
train/critic_1_loss,16093,1786559649.183174,9.329377174377441
train/critic_1_loss,16106,1786559650.767464,10.574702262878418
train/critic_1_loss,16123,1786559652.778605,13.898458480834961
train/critic_1_loss,16148,1786559655.698116,5.268581390380859
train/critic_1_loss,16161,1786559657.188366,16.31753921508789
train/critic_1_loss,16175,1786559658.823871,2.817877769470215
train/critic_1_loss,16201,1786559661.833907,17.5736083984375
train/critic_1_loss,16221,1786559664.153192,4.052585601806641
train/critic_1_loss,16239,1786559666.224916,8.196026802062988
train/critic_1_loss,16259,1786559668.512103,7.63047981262207
train/critic_1_loss,16279,1786559670.783908,3.755413293838501
train/critic_1_loss,16304,1786559673.676950,4.420651435852051
train/critic_1_loss,16321,1786559675.615117,3.0864784717559814
train/critic_1_loss,16347,1786559678.653978,8.280566215515137
train/critic_1_loss,16365,1786559680.783635,7.0621256828308105
train/critic_1_loss,16386,1786559683.243079,23.71384620666504
train/critic_1_loss,16401,1786559684.958297,8.608436584472656
train/critic_1_loss,16421,1786559687.862417,5.503528118133545
train/critic_1_loss,16439,1786559690.287875,3.570486545562744
train/critic_1_loss,16453,1786559692.099197,5.669731140136719
train/critic_1_loss,16482,1786559695.805805,9.511480331420898
train/critic_1_loss,16499,1786559697.951549,30.437713623046875
train/critic_1_loss,16513,1786559699.627398,9.13809871673584
train/critic_1_loss,16536,1786559702.366747,4.482428073883057
train/critic_1_loss,16554,1786559704.442637,8.161569595336914
train/critic_1_loss,16572,1786559706.450897,4.337871551513672
train/critic_1_loss,16598,1786559709.215450,15.42125129699707
train/critic_1_loss,16624,1786559711.950431,4.483460903167725
train/critic_1_loss,16637,1786559713.310082,3.373480796813965
train/critic_1_loss,16657,1786559715.400853,5.956661224365234
train/critic_1_loss,16673,1786559717.082529,2.0291013717651367
train/critic_1_loss,16695,1786559719.452240,11.516746520996094
train/critic_1_loss,16710,1786559721.099484,5.88755464553833
train/critic_1_loss,16730,1786559723.333664,5.171239852905273
train/critic_1_loss,16750,1786559725.620343,8.159453392028809
train/critic_1_loss,16766,1786559727.447423,4.261216163635254
train/critic_1_loss,16788,1786559729.938821,8.422584533691406
train/critic_1_loss,16802,1786559731.514512,21.574569702148438
train/critic_1_loss,16823,1786559733.877610,4.667652130126953
train/critic_1_loss,16845,1786559736.313626,8.055635452270508
train/critic_1_loss,16859,1786559737.870558,3.455883502960205
train/critic_1_loss,16877,1786559739.889038,2.942681312561035
train/critic_1_loss,16900,1786559742.506746,9.743474006652832
train/critic_1_loss,16915,1786559744.243851,4.126870632171631
train/critic_1_loss,16934,1786559746.439522,2.3255701065063477
train/critic_1_loss,16949,1786559748.122114,6.52105712890625
train/critic_1_loss,16973,1786559750.811779,7.841039657592773
train/critic_1_loss,16995,1786559755.358407,3.5348799228668213
train/critic_1_loss,17015,1786559757.941864,2.6260056495666504
train/critic_1_loss,17032,1786559760.118227,3.2244434356689453
train/critic_1_loss,17047,1786559762.077790,3.452223539352417
train/critic_1_loss,17060,1786559763.779910,8.549500465393066
train/critic_1_loss,17076,1786559765.787422,6.814422130584717
train/critic_1_loss,17100,1786559768.694505,6.193268299102783
train/critic_1_loss,17117,1786559770.708738,5.281572341918945
train/critic_1_loss,17141,1786559775.702360,2.5859646797180176
train/critic_1_loss,17164,1786559779.084015,8.345697402954102
train/critic_1_loss,17182,1786559781.658689,5.130856513977051
train/critic_1_loss,17207,1786559785.371818,2.599412441253662
train/critic_1_loss,17223,1786559787.442780,8.328972816467285
train/critic_1_loss,17241,1786559789.762076,10.628751754760742
train/critic_1_loss,17258,1786559791.945813,28.141204833984375
train/critic_1_loss,17282,1786559795.035284,2.4130125045776367
train/critic_1_loss,17297,1786559796.913959,7.197709560394287
train/critic_1_loss,17316,1786559799.372069,5.017746448516846
train/critic_1_loss,17337,1786559802.074468,6.205460548400879
train/critic_1_loss,17354,1786559804.256918,2.7704737186431885
train/critic_1_loss,17373,1786559806.653907,43.16569519042969
train/critic_1_loss,17391,1786559808.889682,27.58751106262207
train/critic_1_loss,17412,1786559811.448189,19.788644790649414
train/critic_1_loss,17430,1786559813.676706,27.278295516967773
train/critic_1_loss,17445,1786559815.587162,6.809921741485596
train/critic_1_loss,17468,1786559818.428850,3.5414068698883057
train/critic_1_loss,17486,1786559820.642894,5.197511672973633
train/critic_1_loss,17506,1786559823.077084,4.899013519287109
train/critic_1_loss,17521,1786559824.888149,7.24320650100708
train/critic_1_loss,17532,1786559826.204051,13.401159286499023
train/critic_1_loss,17558,1786559829.199282,2.448367118835449
train/critic_1_loss,17568,1786559830.352797,27.122547149658203
train/critic_1_loss,17592,1786559833.102710,6.6805572509765625
train/critic_1_loss,17607,1786559834.816140,5.900763988494873
train/critic_1_loss,17619,1786559836.175860,2.2744038105010986
train/critic_1_loss,17634,1786559837.877549,5.934453010559082
train/critic_1_loss,17649,1786559839.560098,16.849090576171875
train/critic_1_loss,17668,1786559841.669806,5.443436622619629
train/critic_1_loss,17682,1786559843.233462,2.7826285362243652
train/critic_1_loss,17698,1786559844.979152,16.445022583007812
train/critic_1_loss,17713,1786559846.612082,7.399355411529541
train/critic_1_loss,17735,1786559849.031651,7.076428413391113
train/critic_1_loss,17751,1786559850.776963,4.490691184997559
train/critic_1_loss,17774,1786559853.235205,5.4141764640808105
train/critic_1_loss,17790,1786559854.966674,25.31182098388672
train/critic_1_loss,17816,1786559857.774300,31.892290115356445
train/critic_1_loss,17845,1786559860.890617,5.011500358581543
train/critic_1_loss,17864,1786559862.945158,2.4999680519104004
train/critic_1_loss,17887,1786559865.426958,5.756572723388672
train/critic_1_loss,17900,1786559866.806046,3.7191860675811768
train/critic_1_loss,17918,1786559868.682216,11.802582740783691
train/critic_1_loss,17937,1786559870.651614,5.711528778076172
train/critic_1_loss,17955,1786559872.511331,7.9388957023620605
train/critic_1_loss,17970,1786559874.068095,13.596476554870605
train/critic_1_loss,17985,1786559875.658738,4.180412769317627
train/critic_1_loss,18004,1786559877.767593,13.515399932861328
train/critic_1_loss,18026,1786559880.056142,11.340108871459961
train/critic_1_loss,18047,1786559882.230786,3.859829902648926
train/critic_1_loss,18066,1786559884.241846,3.7065513134002686
train/critic_1_loss,18079,1786559885.642415,6.281800270080566
train/critic_1_loss,18096,1786559887.435461,10.872495651245117
train/critic_1_loss,18118,1786559889.760841,4.8712615966796875
train/critic_1_loss,18136,1786559891.682360,7.071592330932617
train/critic_1_loss,18154,1786559893.643463,9.653332710266113
train/critic_1_loss,18173,1786559895.771180,17.412975311279297
train/critic_1_loss,18185,1786559897.101945,9.816957473754883
train/critic_1_loss,18209,1786559900.345944,20.958404541015625
train/critic_1_loss,18224,1786559902.192148,4.483972549438477
train/critic_1_loss,18238,1786559903.900071,7.135743618011475
train/critic_1_loss,18256,1786559906.112467,7.613317489624023
train/critic_1_loss,18279,1786559908.884875,24.929950714111328
train/critic_1_loss,18294,1786559910.605594,5.048771381378174
train/critic_1_loss,18307,1786559912.074737,4.8877716064453125
train/critic_1_loss,18333,1786559915.110485,7.661057949066162
train/critic_1_loss,18349,1786559916.914821,14.828749656677246
train/critic_1_loss,18369,1786559922.195150,6.493284225463867
train/critic_1_loss,18388,1786559925.390290,5.258296489715576
train/critic_1_loss,18408,1786559928.734096,8.230307579040527
train/critic_1_loss,18428,1786559931.993390,9.214295387268066
train/critic_1_loss,18445,1786559934.681520,3.295944929122925
train/critic_1_loss,18457,1786559936.574128,7.159582614898682
train/critic_1_loss,18473,1786559939.081950,22.894922256469727
train/critic_1_loss,18487,1786559941.250034,5.822587966918945
train/critic_1_loss,18505,1786559944.037333,7.891949653625488
train/critic_1_loss,18517,1786559945.877324,2.406806230545044
train/critic_1_loss,18532,1786559948.168693,5.6328020095825195
train/critic_1_loss,18549,1786559950.754015,6.870382308959961
train/critic_1_loss,18576,1786559954.889072,4.019222259521484
train/critic_1_loss,18595,1786559957.771469,5.417511463165283
train/critic_1_loss,18618,1786559960.919073,2.8679473400115967
train/critic_1_loss,18632,1786559962.898356,14.395150184631348
train/critic_1_loss,18654,1786559966.030402,26.79256820678711
train/critic_1_loss,18670,1786559968.184398,6.196118354797363
train/critic_1_loss,18690,1786559970.794851,17.16644859313965
train/critic_1_loss,18709,1786559973.534884,10.500808715820312
train/critic_1_loss,18735,1786559977.388184,23.003517150878906
train/critic_1_loss,18751,1786559979.555526,4.5102458000183105
train/critic_1_loss,18770,1786559982.131722,6.762418746948242
train/critic_1_loss,18796,1786559985.582675,5.441997051239014
train/critic_1_loss,18825,1786559989.380763,8.209063529968262
train/critic_1_loss,18844,1786559991.869997,19.568389892578125
train/critic_1_loss,18859,1786559993.858294,6.711814880371094
train/critic_1_loss,18879,1786559996.586487,7.8077802658081055
train/critic_1_loss,18898,1786559999.082886,6.142451286315918
train/critic_1_loss,18923,1786560002.412622,34.690460205078125
train/critic_1_loss,18942,1786560005.382164,3.693176746368408
train/critic_1_loss,18963,1786560007.751825,12.281280517578125
train/critic_1_loss,18984,1786560010.116766,19.924121856689453
train/critic_1_loss,19004,1786560012.363933,3.9847970008850098
train/critic_1_loss,19022,1786560014.379956,3.810211181640625
train/critic_1_loss,19038,1786560016.131065,9.415904998779297
train/critic_1_loss,19054,1786560017.874739,7.497583389282227
train/critic_1_loss,19074,1786560020.065586,8.575689315795898
train/critic_1_loss,19090,1786560021.851558,8.922049522399902
train/critic_1_loss,19108,1786560023.826916,7.229386329650879
train/critic_1_loss,19124,1786560025.570482,19.761606216430664
train/critic_1_loss,19138,1786560027.105535,21.893707275390625
train/critic_1_loss,19159,1786560029.426788,25.22810935974121
train/critic_1_loss,19180,1786560031.765282,4.844881057739258
train/critic_1_loss,19193,1786560033.235533,4.402536392211914
train/critic_1_loss,19209,1786560035.085705,5.353318691253662
train/critic_1_loss,19227,1786560037.437530,5.713296890258789
train/critic_1_loss,19240,1786560038.770936,4.4000420570373535
train/critic_1_loss,19258,1786560040.591811,3.3885459899902344
train/critic_1_loss,19281,1786560042.873355,4.66290283203125
train/critic_1_loss,19304,1786560045.148321,4.857242584228516
train/critic_1_loss,19323,1786560046.975888,3.3474457263946533
train/critic_1_loss,19338,1786560048.398886,5.66693639755249
train/critic_1_loss,19362,1786560053.042961,5.685777187347412
train/critic_1_loss,19376,1786560055.324088,3.1002955436706543
train/critic_1_loss,19396,1786560058.577685,7.319218635559082
train/critic_1_loss,19419,1786560062.334207,9.798260688781738
train/critic_1_loss,19432,1786560064.472940,2.7392966747283936
train/critic_1_loss,19452,1786560067.785088,3.2268776893615723
train/critic_1_loss,19470,1786560070.753186,3.0625133514404297
train/critic_1_loss,19493,1786560074.401747,7.084957122802734
train/critic_1_loss,19512,1786560077.246255,4.443550109863281
train/critic_1_loss,19534,1786560080.727350,11.95240306854248
train/critic_1_loss,19554,1786560083.439250,8.648252487182617
train/critic_1_loss,19567,1786560085.273026,5.301641464233398
train/critic_1_loss,19586,1786560087.625699,24.64702606201172
train/critic_1_loss,19608,1786560090.263274,4.73174524307251
train/critic_1_loss,19621,1786560091.821734,15.883426666259766
train/critic_1_loss,19638,1786560093.828999,14.621454238891602
train/critic_1_loss,19655,1786560095.819412,15.11370849609375
train/critic_1_loss,19672,1786560097.790563,4.044585227966309
train/critic_1_loss,19693,1786560100.231606,44.910682678222656
train/critic_1_loss,19705,1786560101.619310,4.164162635803223
train/critic_1_loss,19726,1786560103.989794,4.863462448120117
train/critic_1_loss,19738,1786560105.335606,7.7690324783325195
train/critic_1_loss,19754,1786560107.089476,14.880064964294434
train/critic_1_loss,19769,1786560109.411163,10.998376846313477
train/critic_1_loss,19789,1786560111.729655,4.418672561645508
train/critic_1_loss,19808,1786560113.947688,3.3557839393615723
train/critic_1_loss,19831,1786560116.611460,11.233985900878906
train/critic_1_loss,19848,1786560118.530701,4.116693496704102
train/critic_1_loss,19871,1786560121.129834,3.7551119327545166
train/critic_1_loss,19890,1786560123.264916,5.855737686157227
train/critic_1_loss,19904,1786560124.832537,12.863105773925781
train/critic_1_loss,19922,1786560126.817594,10.853431701660156
train/critic_1_loss,19939,1786560128.646421,42.25550842285156
train/critic_1_loss,19956,1786560130.448482,9.48730754852295
train/critic_1_loss,19974,1786560132.289756,9.921039581298828
train/critic_1_loss,20000,1786560135.510225,3.3182826042175293
train/critic_2_loss,1502,1786557712.839878,2.2390618324279785
train/critic_2_loss,1522,1786557714.532368,2.061732053756714
train/critic_2_loss,1546,1786557716.569464,0.11332792043685913
train/critic_2_loss,1565,1786557718.131760,1.839784860610962
train/critic_2_loss,1582,1786557719.514415,0.1171005368232727
train/critic_2_loss,1599,1786557721.435898,0.060111574828624725
train/critic_2_loss,1618,1786557723.656533,1.6393334865570068
train/critic_2_loss,1632,1786557725.299143,1.3719645738601685
train/critic_2_loss,1649,1786557727.295867,0.14199744164943695
train/critic_2_loss,1667,1786557729.470770,0.0983896479010582
train/critic_2_loss,1698,1786557733.269315,0.1527654379606247
train/critic_2_loss,1714,1786557737.678399,0.381833016872406
train/critic_2_loss,1729,1786557740.678685,1.3474764823913574
train/critic_2_loss,1748,1786557744.423714,2.2232699394226074
train/critic_2_loss,1762,1786557747.133772,1.3812471628189087
train/critic_2_loss,1781,1786557750.825492,1.61726975440979
train/critic_2_loss,1801,1786557756.339630,0.1582758128643036
train/critic_2_loss,1814,1786557758.538764,0.9043079018592834
train/critic_2_loss,1829,1786557761.083134,2.0966107845306396
train/critic_2_loss,1842,1786557763.347737,0.07941046357154846
train/critic_2_loss,1863,1786557766.980322,0.24802228808403015
train/critic_2_loss,1887,1786557771.198463,0.19274164736270905
train/critic_2_loss,1907,1786557774.692872,0.3358699679374695
train/critic_2_loss,1925,1786557777.801742,0.13069021701812744
train/critic_2_loss,1944,1786557781.066772,0.18679383397102356
train/critic_2_loss,1966,1786557784.494651,0.2650006115436554
train/critic_2_loss,1993,1786557787.619076,0.1189323216676712
train/critic_2_loss,2013,1786557789.967231,0.3164561986923218
train/critic_2_loss,2039,1786557792.785992,0.12921112775802612
train/critic_2_loss,2052,1786557796.512076,0.668302595615387
train/critic_2_loss,2075,1786557800.408234,0.09375601261854172
train/critic_2_loss,2091,1786557803.146085,0.1416168212890625
train/critic_2_loss,2111,1786557806.469468,0.2149646133184433
train/critic_2_loss,2129,1786557810.368907,0.2593013644218445
train/critic_2_loss,2152,1786557813.869760,1.3009116649627686
train/critic_2_loss,2169,1786557816.522971,0.19897449016571045
train/critic_2_loss,2187,1786557819.355693,0.16887256503105164
train/critic_2_loss,2207,1786557822.572925,0.13730552792549133
train/critic_2_loss,2228,1786557828.784294,0.2051776647567749
train/critic_2_loss,2249,1786557832.761430,0.40485405921936035
train/critic_2_loss,2268,1786557836.502968,0.24177074432373047
train/critic_2_loss,2289,1786557840.736027,0.1771460622549057
train/critic_2_loss,2308,1786557844.728475,0.29412662982940674
train/critic_2_loss,2329,1786557847.275526,0.26175832748413086
train/critic_2_loss,2349,1786557849.682054,0.28608259558677673
train/critic_2_loss,2361,1786557851.172146,0.09818761050701141
train/critic_2_loss,2375,1786557852.959913,0.21078437566757202
train/critic_2_loss,2393,1786557855.232749,0.22345201671123505
train/critic_2_loss,2407,1786557857.029716,1.6039600372314453
train/critic_2_loss,2425,1786557859.340835,0.321653813123703
train/critic_2_loss,2437,1786557860.827698,0.41622331738471985
train/critic_2_loss,2453,1786557862.640036,0.4794806241989136
train/critic_2_loss,2477,1786557865.290304,0.37258100509643555
train/critic_2_loss,2495,1786557867.310964,0.18171454966068268
train/critic_2_loss,2511,1786557869.068329,0.3738361895084381
train/critic_2_loss,2534,1786557871.715218,0.21569643914699554
train/critic_2_loss,2556,1786557874.247259,0.37755751609802246
train/critic_2_loss,2573,1786557876.150721,0.29165756702423096
train/critic_2_loss,2588,1786557877.882095,0.2769348919391632
train/critic_2_loss,2602,1786557879.442535,0.3905004560947418
train/critic_2_loss,2618,1786557881.204063,0.33334746956825256
train/critic_2_loss,2643,1786557883.927603,0.2805277705192566
train/critic_2_loss,2656,1786557885.383139,0.2651601731777191
train/critic_2_loss,2674,1786557887.426479,0.28229862451553345
train/critic_2_loss,2690,1786557889.147391,0.48044994473457336
train/critic_2_loss,2711,1786557891.402317,0.3933325409889221
train/critic_2_loss,2726,1786557893.087857,0.27384525537490845
train/critic_2_loss,2746,1786557895.266037,0.3984862267971039
train/critic_2_loss,2761,1786557896.904412,0.3871912360191345
train/critic_2_loss,2772,1786557898.151159,0.8043856620788574
train/critic_2_loss,2786,1786557899.707592,0.49300557374954224
train/critic_2_loss,2811,1786557902.516177,0.3366115689277649
train/critic_2_loss,2830,1786557904.576566,0.30295756459236145
train/critic_2_loss,2843,1786557905.946066,0.49178141355514526
train/critic_2_loss,2861,1786557907.858873,0.3257001042366028
train/critic_2_loss,2881,1786557909.985301,0.29803231358528137
train/critic_2_loss,2899,1786557911.914663,0.31197500228881836
train/critic_2_loss,2911,1786557913.150617,0.5035173892974854
train/critic_2_loss,2927,1786557914.827164,0.5370819568634033
train/critic_2_loss,2944,1786557916.593664,0.508547306060791
train/critic_2_loss,2962,1786557918.474366,0.34200018644332886
train/critic_2_loss,2977,1786557920.024204,0.19772949814796448
train/critic_2_loss,2997,1786557922.049199,0.802925705909729
train/critic_2_loss,3026,1786557924.967359,0.26067376136779785
train/critic_2_loss,3043,1786557926.726217,0.17946189641952515
train/critic_2_loss,3067,1786557929.158696,0.7339199781417847
train/critic_2_loss,3082,1786557930.660961,0.4153892397880554
train/critic_2_loss,3102,1786557932.683740,0.23150700330734253
train/critic_2_loss,3115,1786557934.014518,0.52171790599823
train/critic_2_loss,3128,1786557935.315874,0.8702142834663391
train/critic_2_loss,3143,1786557936.824237,1.266918659210205
train/critic_2_loss,3159,1786557938.430952,0.3582625687122345
train/critic_2_loss,3180,1786557940.532315,0.5387040376663208
train/critic_2_loss,3197,1786557942.224905,0.4761231243610382
train/critic_2_loss,3217,1786557944.199693,0.46411508321762085
train/critic_2_loss,3230,1786557945.514073,0.34949684143066406
train/critic_2_loss,3247,1786557947.248907,1.0219426155090332
train/critic_2_loss,3259,1786557948.470999,0.6583822965621948
train/critic_2_loss,3274,1786557950.000274,0.34663528203964233
train/critic_2_loss,3290,1786557951.606220,0.3637910485267639
train/critic_2_loss,3309,1786557953.510509,0.523061990737915
train/critic_2_loss,3327,1786557955.436805,0.5420612692832947
train/critic_2_loss,3356,1786557959.106584,0.504449725151062
train/critic_2_loss,3372,1786557961.249065,0.5436092615127563
train/critic_2_loss,3392,1786557964.021171,0.4609966278076172
train/critic_2_loss,3407,1786557966.106550,0.6524916291236877
train/critic_2_loss,3430,1786557969.426446,0.7209577560424805
train/critic_2_loss,3449,1786557972.109758,1.02939772605896
train/critic_2_loss,3468,1786557974.804529,0.5529541373252869
train/critic_2_loss,3494,1786557978.424652,0.6344568729400635
train/critic_2_loss,3513,1786557981.471088,0.3899150788784027
train/critic_2_loss,3528,1786557983.523482,0.8190591335296631
train/critic_2_loss,3544,1786557985.671021,0.9058887362480164
train/critic_2_loss,3555,1786557987.087004,0.3578276038169861
train/critic_2_loss,3571,1786557989.163788,0.6129478216171265
train/critic_2_loss,3595,1786557992.280677,0.8579185009002686
train/critic_2_loss,3612,1786557994.440183,0.45004594326019287
train/critic_2_loss,3634,1786557997.252700,2.8372018337249756
train/critic_2_loss,3657,1786558000.151309,0.28314095735549927
train/critic_2_loss,3678,1786558002.779658,0.3190411627292633
train/critic_2_loss,3706,1786558006.231748,1.3340325355529785
train/critic_2_loss,3722,1786558008.187403,0.6532111167907715
train/critic_2_loss,3733,1786558009.545689,1.1740305423736572
train/critic_2_loss,3747,1786558011.274140,0.45054811239242554
train/critic_2_loss,3761,1786558013.013841,0.7529150247573853
train/critic_2_loss,3783,1786558015.797867,0.6725257635116577
train/critic_2_loss,3803,1786558018.271879,0.4847564399242401
train/critic_2_loss,3822,1786558020.550702,0.8139289617538452
train/critic_2_loss,3840,1786558022.689504,0.23250652849674225
train/critic_2_loss,3866,1786558025.784216,1.438459873199463
train/critic_2_loss,3886,1786558028.129132,0.8951021432876587
train/critic_2_loss,3906,1786558030.472686,0.4833890199661255
train/critic_2_loss,3924,1786558032.573821,1.2408536672592163
train/critic_2_loss,3948,1786558035.333348,0.4428214132785797
train/critic_2_loss,3961,1786558036.818539,0.4193874001502991
train/critic_2_loss,3975,1786558038.397917,0.7266169786453247
train/critic_2_loss,3989,1786558039.951270,0.4959167540073395
train/critic_2_loss,4003,1786558041.583251,0.6578487157821655
train/critic_2_loss,4029,1786558044.521158,0.9739949107170105
train/critic_2_loss,4047,1786558046.501147,0.4413842260837555
train/critic_2_loss,4064,1786558048.336004,1.786679744720459
train/critic_2_loss,4080,1786558050.002803,0.3143802881240845
train/critic_2_loss,4103,1786558053.264779,0.45212188363075256
train/critic_2_loss,4122,1786558056.524346,1.814935326576233
train/critic_2_loss,4148,1786558061.575836,0.5965801477432251
train/critic_2_loss,4165,1786558063.668618,1.6345746517181396
train/critic_2_loss,4189,1786558066.664428,0.8695160746574402
train/critic_2_loss,4209,1786558069.106160,0.6138727068901062
train/critic_2_loss,4232,1786558071.888062,3.3150415420532227
train/critic_2_loss,4256,1786558074.747427,0.6340792179107666
train/critic_2_loss,4278,1786558077.367557,1.0399994850158691
train/critic_2_loss,4310,1786558081.109422,1.816892147064209
train/critic_2_loss,4328,1786558083.181291,0.5927547216415405
train/critic_2_loss,4348,1786558085.458522,0.7216532826423645
train/critic_2_loss,4363,1786558087.176892,0.9413838982582092
train/critic_2_loss,4381,1786558089.172038,0.7509151697158813
train/critic_2_loss,4397,1786558090.938322,0.4759367108345032
train/critic_2_loss,4418,1786558093.224756,0.5503461360931396
train/critic_2_loss,4435,1786558094.969534,0.5449289679527283
train/critic_2_loss,4453,1786558097.662364,2.1278486251831055
train/critic_2_loss,4467,1786558099.613539,1.90937077999115
train/critic_2_loss,4487,1786558102.517682,0.5745261311531067
train/critic_2_loss,4506,1786558105.391362,1.335364818572998
train/critic_2_loss,4530,1786558109.067706,1.4407111406326294
train/critic_2_loss,4547,1786558111.651701,1.4659894704818726
train/critic_2_loss,4564,1786558114.319035,0.6172102093696594
train/critic_2_loss,4588,1786558118.073973,0.6452217102050781
train/critic_2_loss,4607,1786558120.997905,0.6318998336791992
train/critic_2_loss,4633,1786558125.022613,0.5184316039085388
train/critic_2_loss,4655,1786558128.353725,2.3454811573028564
train/critic_2_loss,4672,1786558130.990272,1.6410865783691406
train/critic_2_loss,4690,1786558133.800931,0.6329444646835327
train/critic_2_loss,4705,1786558136.051386,0.6613106727600098
train/critic_2_loss,4722,1786558138.564346,2.6877541542053223
train/critic_2_loss,4751,1786558142.967591,2.133303642272949
train/critic_2_loss,4771,1786558145.903651,1.1676002740859985
train/critic_2_loss,4794,1786558149.259970,0.9460095167160034
train/critic_2_loss,4809,1786558151.468562,0.4631882309913635
train/critic_2_loss,4834,1786558155.134611,1.7174478769302368
train/critic_2_loss,4847,1786558157.036474,0.9620712995529175
train/critic_2_loss,4868,1786558160.092348,1.5602914094924927
train/critic_2_loss,4882,1786558162.137004,0.631801962852478
train/critic_2_loss,4910,1786558166.167008,0.7594252824783325
train/critic_2_loss,4925,1786558168.317882,2.3290793895721436
train/critic_2_loss,4936,1786558169.853226,1.0406502485275269
train/critic_2_loss,4952,1786558172.076426,1.440248727798462
train/critic_2_loss,4974,1786558175.165740,1.3178023099899292
train/critic_2_loss,4988,1786558177.166250,0.7713513374328613
train/critic_2_loss,5009,1786558180.150590,0.757929801940918
train/critic_2_loss,5028,1786558182.885191,0.4758758544921875
train/critic_2_loss,5043,1786558185.065049,0.5265301465988159
train/critic_2_loss,5061,1786558187.614089,1.3624622821807861
train/critic_2_loss,5081,1786558190.430093,0.8372008800506592
train/critic_2_loss,5100,1786558193.171421,0.8827817440032959
train/critic_2_loss,5122,1786558196.372556,0.9460594058036804
train/critic_2_loss,5147,1786558199.969130,1.7057273387908936
train/critic_2_loss,5168,1786558202.912019,1.1039130687713623
train/critic_2_loss,5183,1786558205.032875,0.8871614933013916
train/critic_2_loss,5196,1786558206.888319,0.8705127239227295
train/critic_2_loss,5214,1786558209.598675,0.3707506060600281
train/critic_2_loss,5226,1786558211.495517,0.8671870827674866
train/critic_2_loss,5249,1786558214.741716,0.7011744976043701
train/critic_2_loss,5267,1786558217.124776,1.9650641679763794
train/critic_2_loss,5283,1786558219.225235,0.9949881434440613
train/critic_2_loss,5298,1786558221.167408,0.6284217834472656
train/critic_2_loss,5312,1786558222.966055,1.434417963027954
train/critic_2_loss,5330,1786558225.301486,0.6205743551254272
train/critic_2_loss,5349,1786558228.032226,0.49445706605911255
train/critic_2_loss,5364,1786558230.069065,3.314145088195801
train/critic_2_loss,5389,1786558233.435916,0.5599258542060852
train/critic_2_loss,5403,1786558235.399047,3.076831102371216
train/critic_2_loss,5422,1786558237.951306,0.47190597653388977
train/critic_2_loss,5434,1786558239.542731,0.6763590574264526
train/critic_2_loss,5449,1786558241.547951,1.1296615600585938
train/critic_2_loss,5465,1786558243.680220,0.8352299928665161
train/critic_2_loss,5482,1786558246.079096,0.7836471199989319
train/critic_2_loss,5502,1786558248.915493,1.6185909509658813
train/critic_2_loss,5520,1786558252.166996,2.0514655113220215
train/critic_2_loss,5537,1786558255.028407,1.7928407192230225
train/critic_2_loss,5553,1786558257.711528,0.9161828756332397
train/critic_2_loss,5566,1786558259.877254,1.5249000787734985
train/critic_2_loss,5584,1786558262.915449,0.6367135047912598
train/critic_2_loss,5600,1786558265.589516,0.623239278793335
train/critic_2_loss,5617,1786558268.412672,0.9692052602767944
train/critic_2_loss,5641,1786558272.393114,0.43795162439346313
train/critic_2_loss,5662,1786558275.877911,0.8103771209716797
train/critic_2_loss,5679,1786558278.702523,0.6302589178085327
train/critic_2_loss,5701,1786558282.351063,0.43076300621032715
train/critic_2_loss,5715,1786558284.637116,0.6567021608352661
train/critic_2_loss,5730,1786558287.109497,0.7359009385108948
train/critic_2_loss,5748,1786558290.047946,1.9932737350463867
train/critic_2_loss,5763,1786558292.447048,2.208902597427368
train/critic_2_loss,5780,1786558295.210607,1.05454683303833
train/critic_2_loss,5798,1786558298.100040,0.7024208307266235
train/critic_2_loss,5812,1786558300.328679,1.4146485328674316
train/critic_2_loss,5832,1786558303.533940,0.8264672756195068
train/critic_2_loss,5862,1786558308.414923,0.6886330842971802
train/critic_2_loss,5874,1786558310.390022,0.6540694832801819
train/critic_2_loss,5892,1786558313.317439,2.0355498790740967
train/critic_2_loss,5919,1786558317.602713,0.4267244338989258
train/critic_2_loss,5939,1786558320.758075,0.41855674982070923
train/critic_2_loss,5955,1786558323.261917,0.9906541109085083
train/critic_2_loss,5974,1786558326.293123,0.8975852727890015
train/critic_2_loss,5990,1786558328.826895,1.1436042785644531
train/critic_2_loss,6023,1786558333.963985,0.43645814061164856
train/critic_2_loss,6038,1786558336.181060,0.7333674430847168
train/critic_2_loss,6061,1786558339.727249,1.6287548542022705
train/critic_2_loss,6084,1786558342.399096,1.0002737045288086
train/critic_2_loss,6098,1786558344.023068,0.8449089527130127
train/critic_2_loss,6113,1786558345.718439,0.8040035963058472
train/critic_2_loss,6133,1786558347.934482,0.5690256953239441
train/critic_2_loss,6153,1786558350.093387,1.086430549621582
train/critic_2_loss,6175,1786558352.332533,1.3266745805740356
train/critic_2_loss,6188,1786558353.602282,1.1834371089935303
train/critic_2_loss,6205,1786558355.242371,0.9811699986457825
train/critic_2_loss,6223,1786558356.960966,2.4109320640563965
train/critic_2_loss,6242,1786558358.786427,1.0407423973083496
train/critic_2_loss,6264,1786558360.904493,0.802770733833313
train/critic_2_loss,6276,1786558362.072414,0.6288140416145325
train/critic_2_loss,6298,1786558364.218797,0.5611288547515869
train/critic_2_loss,6313,1786558365.692591,3.028972625732422
train/critic_2_loss,6326,1786558366.997348,0.5599755644798279
train/critic_2_loss,6338,1786558368.222335,0.4341230094432831
train/critic_2_loss,6354,1786558369.860256,0.894521951675415
train/critic_2_loss,6368,1786558371.348341,0.8956705927848816
train/critic_2_loss,6383,1786558372.956466,0.49634936451911926
train/critic_2_loss,6401,1786558374.887322,1.001206874847412
train/critic_2_loss,6416,1786558376.478473,2.312469244003296
train/critic_2_loss,6440,1786558378.974458,0.4687435030937195
train/critic_2_loss,6456,1786558380.660170,0.6461130380630493
train/critic_2_loss,6478,1786558382.961158,0.5283399224281311
train/critic_2_loss,6490,1786558384.206417,0.500597357749939
train/critic_2_loss,6508,1786558386.093111,0.700209379196167
train/critic_2_loss,6530,1786558388.414614,2.509674310684204
train/critic_2_loss,6549,1786558390.445832,0.36672672629356384
train/critic_2_loss,6565,1786558392.162580,0.7180700898170471
train/critic_2_loss,6588,1786558394.689211,0.7330604195594788
train/critic_2_loss,6614,1786558397.526676,1.4870176315307617
train/critic_2_loss,6629,1786558399.248803,1.8782081604003906
train/critic_2_loss,6642,1786558400.636009,1.915834903717041
train/critic_2_loss,6658,1786558402.316726,1.5130107402801514
train/critic_2_loss,6678,1786558404.296079,0.7734025716781616
train/critic_2_loss,6699,1786558406.346339,1.0960932970046997
train/critic_2_loss,6728,1786558412.074531,2.8750813007354736
train/critic_2_loss,6746,1786558414.617193,1.1012094020843506
train/critic_2_loss,6762,1786558416.786855,1.094989538192749
train/critic_2_loss,6778,1786558420.922904,1.1396187543869019
train/critic_2_loss,6792,1786558423.322904,0.4039248526096344
train/critic_2_loss,6819,1786558427.934927,0.780567467212677
train/critic_2_loss,6840,1786558431.661004,0.7325571179389954
train/critic_2_loss,6863,1786558435.570895,1.14254629611969
train/critic_2_loss,6879,1786558438.210467,5.992552757263184
train/critic_2_loss,6892,1786558440.319508,2.3830878734588623
train/critic_2_loss,6913,1786558443.689028,1.0737723112106323
train/critic_2_loss,6928,1786558446.483707,1.0357139110565186
train/critic_2_loss,6942,1786558448.398685,0.4182664155960083
train/critic_2_loss,6957,1786558450.401752,0.701930046081543
train/critic_2_loss,6985,1786558454.121249,1.0821151733398438
train/critic_2_loss,6997,1786558455.715911,0.4717830419540405
train/critic_2_loss,7024,1786558459.332049,1.4007741212844849
train/critic_2_loss,7039,1786558461.337182,0.9223964214324951
train/critic_2_loss,7057,1786558463.718874,0.5538442730903625
train/critic_2_loss,7071,1786558465.539704,0.5723553895950317
train/critic_2_loss,7093,1786558468.381860,0.8303914070129395
train/critic_2_loss,7111,1786558470.668815,2.0385289192199707
train/critic_2_loss,7131,1786558473.220932,1.7158243656158447
train/critic_2_loss,7150,1786558475.652965,0.8453935384750366
train/critic_2_loss,7166,1786558477.703632,0.832904577255249
train/critic_2_loss,7178,1786558479.236862,2.4611921310424805
train/critic_2_loss,7190,1786558480.791651,1.2188681364059448
train/critic_2_loss,7207,1786558482.987749,1.6857582330703735
train/critic_2_loss,7232,1786558486.214583,0.6477134823799133
train/critic_2_loss,7256,1786558489.340548,1.8183631896972656
train/critic_2_loss,7273,1786558491.549724,1.4827107191085815
train/critic_2_loss,7288,1786558493.550236,0.751073956489563
train/critic_2_loss,7303,1786558495.529579,0.7418304681777954
train/critic_2_loss,7319,1786558497.647709,2.0605101585388184
train/critic_2_loss,7335,1786558499.783381,1.0418295860290527
train/critic_2_loss,7353,1786558504.315878,0.5269185304641724
train/critic_2_loss,7377,1786558508.101689,0.7864078283309937
train/critic_2_loss,7393,1786558510.644479,1.5835844278335571
train/critic_2_loss,7412,1786558513.611928,1.0976066589355469
train/critic_2_loss,7430,1786558516.429778,1.0840787887573242
train/critic_2_loss,7444,1786558518.591225,1.387596607208252
train/critic_2_loss,7462,1786558521.376304,1.2102999687194824
train/critic_2_loss,7483,1786558524.601801,0.6154512763023376
train/critic_2_loss,7504,1786558527.794218,0.9537699222564697
train/critic_2_loss,7524,1786558530.816119,1.2032357454299927
train/critic_2_loss,7541,1786558533.402838,1.639775276184082
train/critic_2_loss,7558,1786558535.977685,0.4495009481906891
train/critic_2_loss,7577,1786558538.787809,0.6927050352096558
train/critic_2_loss,7592,1786558541.073980,0.9530062675476074
train/critic_2_loss,7608,1786558543.420542,0.6309322118759155
train/critic_2_loss,7633,1786558546.942052,0.4696212410926819
train/critic_2_loss,7646,1786558548.837739,0.7962298393249512
train/critic_2_loss,7662,1786558551.131049,0.5672615766525269
train/critic_2_loss,7686,1786558554.647508,0.6890419721603394
train/critic_2_loss,7709,1786558557.599679,0.8473291397094727
train/critic_2_loss,7729,1786558560.595160,0.6358123421669006
train/critic_2_loss,7744,1786558562.752813,0.4064345955848694
train/critic_2_loss,7770,1786558566.012946,1.1032524108886719
train/critic_2_loss,7794,1786558569.042940,1.1248058080673218
train/critic_2_loss,7807,1786558570.574445,3.598947048187256
train/critic_2_loss,7828,1786558573.044311,0.8307334780693054
train/critic_2_loss,7842,1786558574.677483,1.066283941268921
train/critic_2_loss,7862,1786558577.014161,0.4935874938964844
train/critic_2_loss,7882,1786558579.371660,0.8154774308204651
train/critic_2_loss,7909,1786558582.431656,1.0316581726074219
train/critic_2_loss,7926,1786558584.341239,2.5712265968322754
train/critic_2_loss,7948,1786558586.805242,1.806702971458435
train/critic_2_loss,7964,1786558588.559958,1.061111330986023
train/critic_2_loss,7980,1786558590.309846,0.8139219284057617
train/critic_2_loss,8005,1786558593.628217,0.9008150696754456
train/critic_2_loss,8024,1786558596.101138,1.9578723907470703
train/critic_2_loss,8043,1786558598.527897,0.8783928155899048
train/critic_2_loss,8062,1786558600.885785,1.275019884109497
train/critic_2_loss,8081,1786558603.224435,1.7376607656478882
train/critic_2_loss,8098,1786558605.297757,1.5209617614746094
train/critic_2_loss,8116,1786558607.423436,1.4544413089752197
train/critic_2_loss,8138,1786558609.963006,1.1399261951446533
train/critic_2_loss,8157,1786558612.037265,2.7452900409698486
train/critic_2_loss,8177,1786558614.132195,1.6584835052490234
train/critic_2_loss,8197,1786558616.230673,0.7959365844726562
train/critic_2_loss,8215,1786558618.112066,1.2206201553344727
train/critic_2_loss,8231,1786558619.792395,1.0154571533203125
train/critic_2_loss,8254,1786558622.204259,1.5683939456939697
train/critic_2_loss,8276,1786558624.541988,1.557547926902771
train/critic_2_loss,8295,1786558626.612185,8.585567474365234
train/critic_2_loss,8314,1786558628.720031,1.7379205226898193
train/critic_2_loss,8329,1786558630.395922,19.414020538330078
train/critic_2_loss,8346,1786558632.326876,4.135946750640869
train/critic_2_loss,8361,1786558634.025229,3.1677870750427246
train/critic_2_loss,8375,1786558635.605089,1.4950132369995117
train/critic_2_loss,8390,1786558637.290939,2.410186290740967
train/critic_2_loss,8409,1786558639.434265,1.0317689180374146
train/critic_2_loss,8424,1786558641.113068,0.9559392333030701
train/critic_2_loss,8451,1786558644.114227,0.7950487732887268
train/critic_2_loss,8469,1786558646.084217,1.329016923904419
train/critic_2_loss,8481,1786558647.406173,4.134580612182617
train/critic_2_loss,8499,1786558649.434666,3.870110273361206
train/critic_2_loss,8518,1786558651.577779,1.8297187089920044
train/critic_2_loss,8533,1786558653.281792,0.7863503098487854
train/critic_2_loss,8553,1786558655.552555,1.1813454627990723
train/critic_2_loss,8574,1786558657.856002,2.0490150451660156
train/critic_2_loss,8589,1786558659.497570,2.3047738075256348
train/critic_2_loss,8618,1786558662.536825,0.7384253740310669
train/critic_2_loss,8635,1786558664.235868,1.4028609991073608
train/critic_2_loss,8654,1786558666.602093,1.2389836311340332
train/critic_2_loss,8672,1786558668.618826,0.710731029510498
train/critic_2_loss,8688,1786558670.410375,0.6281119585037231
train/critic_2_loss,8704,1786558672.219622,1.3036463260650635
train/critic_2_loss,8720,1786558674.441281,3.469360589981079
train/critic_2_loss,8743,1786558677.527927,1.3522217273712158
train/critic_2_loss,8761,1786558679.931342,1.0376975536346436
train/critic_2_loss,8785,1786558683.132950,1.5319814682006836
train/critic_2_loss,8801,1786558685.264264,1.6671772003173828
train/critic_2_loss,8821,1786558687.905600,2.117648124694824
train/critic_2_loss,8835,1786558689.751010,1.9551470279693604
train/critic_2_loss,8856,1786558692.494094,1.8166145086288452
train/critic_2_loss,8874,1786558694.828995,1.0573134422302246
train/critic_2_loss,8895,1786558697.456431,0.7513015270233154
train/critic_2_loss,8911,1786558699.425257,3.519162893295288
train/critic_2_loss,8933,1786558702.130952,2.7645606994628906
train/critic_2_loss,8945,1786558703.614239,3.4634037017822266
train/critic_2_loss,8973,1786558707.066799,1.1962006092071533
train/critic_2_loss,8986,1786558708.674888,0.8139331340789795
train/critic_2_loss,9012,1786558711.851980,2.4646146297454834
train/critic_2_loss,9032,1786558714.259399,1.5374772548675537
train/critic_2_loss,9047,1786558716.067752,1.3021018505096436
train/critic_2_loss,9062,1786558717.875320,1.6094648838043213
train/critic_2_loss,9080,1786558720.016366,1.5429461002349854
train/critic_2_loss,9106,1786558723.073199,1.014432668685913
train/critic_2_loss,9134,1786558726.281382,0.6671754121780396
train/critic_2_loss,9150,1786558728.085440,2.011704683303833
train/critic_2_loss,9167,1786558729.972966,1.3258213996887207
train/critic_2_loss,9184,1786558731.848440,3.047595977783203
train/critic_2_loss,9212,1786558734.975055,1.816977620124817
train/critic_2_loss,9226,1786558736.547526,1.6313316822052002
train/critic_2_loss,9245,1786558738.690063,1.632098913192749
train/critic_2_loss,9268,1786558741.280874,2.9020023345947266
train/critic_2_loss,9285,1786558743.196219,2.0205588340759277
train/critic_2_loss,9299,1786558744.797240,1.0875983238220215
train/critic_2_loss,9322,1786558747.455003,3.9755358695983887
train/critic_2_loss,9346,1786558750.205581,3.972750186920166
train/critic_2_loss,9360,1786558751.823737,3.7541394233703613
train/critic_2_loss,9375,1786558753.582110,16.006816864013672
train/critic_2_loss,9387,1786558754.990707,0.8904953598976135
train/critic_2_loss,9409,1786558757.517690,1.4990754127502441
train/critic_2_loss,9427,1786558759.958672,3.0555758476257324
train/critic_2_loss,9448,1786558762.478039,5.016271591186523
train/critic_2_loss,9464,1786558764.418840,2.560636520385742
train/critic_2_loss,9487,1786558767.178593,0.6093974113464355
train/critic_2_loss,9503,1786558769.091576,2.7654240131378174
train/critic_2_loss,9517,1786558770.771810,2.0761988162994385
train/critic_2_loss,9535,1786558772.900964,3.4792943000793457
train/critic_2_loss,9555,1786558775.270511,2.307250499725342
train/critic_2_loss,9579,1786558778.102813,1.4021813869476318
train/critic_2_loss,9596,1786558780.099667,1.0473387241363525
train/critic_2_loss,9616,1786558782.451950,2.753308057785034
train/critic_2_loss,9630,1786558784.052530,1.4495508670806885
train/critic_2_loss,9653,1786558786.657197,2.072998046875
train/critic_2_loss,9669,1786558788.477180,0.7981579303741455
train/critic_2_loss,9688,1786558790.579418,1.6160709857940674
train/critic_2_loss,9710,1786558793.061924,1.738565444946289
train/critic_2_loss,9726,1786558794.799916,2.0193395614624023
train/critic_2_loss,9741,1786558796.421676,2.6698265075683594
train/critic_2_loss,9764,1786558798.926644,1.577017903327942
train/critic_2_loss,9777,1786558800.351992,4.638282299041748
train/critic_2_loss,9796,1786558802.439208,2.752807378768921
train/critic_2_loss,9820,1786558805.158097,3.835247039794922
train/critic_2_loss,9838,1786558807.143991,0.9338961839675903
train/critic_2_loss,9858,1786558809.395050,0.8448641300201416
train/critic_2_loss,9881,1786558812.093127,1.4307332038879395
train/critic_2_loss,9901,1786558814.433347,2.3769943714141846
train/critic_2_loss,9915,1786558816.128915,1.7103294134140015
train/critic_2_loss,9929,1786558817.852461,1.1285873651504517
train/critic_2_loss,9946,1786558819.920089,4.299108982086182
train/critic_2_loss,9968,1786558822.571098,0.959760844707489
train/critic_2_loss,9987,1786558824.886281,1.5779309272766113
train/critic_2_loss,10003,1786558826.982978,1.5770901441574097
train/critic_2_loss,10026,1786558829.754844,7.379439353942871
train/critic_2_loss,10041,1786558831.552867,1.5598913431167603
train/critic_2_loss,10062,1786558834.103398,4.125670433044434
train/critic_2_loss,10086,1786558836.985784,4.362144470214844
train/critic_2_loss,10104,1786558841.405410,1.8342530727386475
train/critic_2_loss,10124,1786558844.710388,1.3908107280731201
train/critic_2_loss,10148,1786558848.673949,2.651961326599121
train/critic_2_loss,10164,1786558851.363309,1.1616125106811523
train/critic_2_loss,10184,1786558854.655756,1.3395127058029175
train/critic_2_loss,10204,1786558858.006012,2.058457374572754
train/critic_2_loss,10226,1786558861.846053,3.6774768829345703
train/critic_2_loss,10243,1786558864.311390,4.348505020141602
train/critic_2_loss,10257,1786558866.325849,2.30320143699646
train/critic_2_loss,10275,1786558868.803156,1.5458691120147705
train/critic_2_loss,10290,1786558870.855853,1.4381794929504395
train/critic_2_loss,10310,1786558873.431460,4.660061836242676
train/critic_2_loss,10335,1786558876.765969,1.7550971508026123
train/critic_2_loss,10352,1786558878.964847,2.0115408897399902
train/critic_2_loss,10372,1786558881.499309,3.1920838356018066
train/critic_2_loss,10387,1786558883.369451,8.135810852050781
train/critic_2_loss,10406,1786558885.703987,1.8565114736557007
train/critic_2_loss,10429,1786558888.429772,1.0840022563934326
train/critic_2_loss,10445,1786558890.234650,2.593851089477539
train/critic_2_loss,10464,1786558892.334451,2.43422794342041
train/critic_2_loss,10478,1786558893.871177,1.3570438623428345
train/critic_2_loss,10494,1786558895.573795,1.4859379529953003
train/critic_2_loss,10505,1786558896.731548,2.7147583961486816
train/critic_2_loss,10526,1786558898.926682,0.7179346084594727
train/critic_2_loss,10545,1786558900.868191,1.172792911529541
train/critic_2_loss,10566,1786558902.992414,2.0484986305236816
train/critic_2_loss,10591,1786558905.486739,2.4427430629730225
train/critic_2_loss,10610,1786558907.379057,1.7677627801895142
train/critic_2_loss,10627,1786558909.039599,1.846968412399292
train/critic_2_loss,10641,1786558910.404538,2.7366206645965576
train/critic_2_loss,10662,1786558912.445945,5.513824939727783
train/critic_2_loss,10678,1786558913.997120,2.6589183807373047
train/critic_2_loss,10698,1786558915.956102,1.9952667951583862
train/critic_2_loss,10721,1786558918.226929,4.884346961975098
train/critic_2_loss,10738,1786558919.910030,0.9336168766021729
train/critic_2_loss,10754,1786558921.786020,1.5449848175048828
train/critic_2_loss,10772,1786558923.359938,1.6295183897018433
train/critic_2_loss,10796,1786558925.406090,1.0606576204299927
train/critic_2_loss,10810,1786558926.561920,1.7489336729049683
train/critic_2_loss,10824,1786558927.698743,1.8407903909683228
train/critic_2_loss,10838,1786558931.077805,1.6733522415161133
train/critic_2_loss,10862,1786558934.097631,1.0860873460769653
train/critic_2_loss,10883,1786558936.811126,1.889938473701477
train/critic_2_loss,10901,1786558939.160682,2.6549549102783203
train/critic_2_loss,10914,1786558940.880489,3.5323734283447266
train/critic_2_loss,10932,1786558943.226236,1.5627368688583374
train/critic_2_loss,10945,1786558944.904129,2.229362726211548
train/critic_2_loss,10968,1786558947.700199,1.0636882781982422
train/critic_2_loss,10981,1786558949.310199,5.063137054443359
train/critic_2_loss,10999,1786558951.557471,1.3600916862487793
train/critic_2_loss,11018,1786558953.779363,2.536586284637451
train/critic_2_loss,11035,1786558955.826008,1.672497034072876
train/critic_2_loss,11050,1786558957.553108,1.5700757503509521
train/critic_2_loss,11070,1786558959.848130,1.9741547107696533
train/critic_2_loss,11090,1786558962.146098,6.833897113800049
train/critic_2_loss,11111,1786558964.546988,5.127326011657715
train/critic_2_loss,11125,1786558966.146763,0.7148387432098389
train/critic_2_loss,11140,1786558967.839795,3.8688507080078125
train/critic_2_loss,11155,1786558969.519166,4.430759429931641
train/critic_2_loss,11174,1786558971.666054,0.8322175741195679
train/critic_2_loss,11186,1786558973.019210,2.315809965133667
train/critic_2_loss,11203,1786558974.875377,2.7335474491119385
train/critic_2_loss,11222,1786558976.904236,4.042637825012207
train/critic_2_loss,11240,1786558978.786436,1.2125051021575928
train/critic_2_loss,11263,1786558982.866667,1.9971768856048584
train/critic_2_loss,11276,1786558985.061040,3.6635754108428955
train/critic_2_loss,11296,1786558988.442077,0.8482719659805298
train/critic_2_loss,11311,1786558991.001181,2.5718228816986084
train/critic_2_loss,11329,1786558994.034621,6.6313066482543945
train/critic_2_loss,11352,1786558997.905830,1.682823896408081
train/critic_2_loss,11365,1786559000.085626,4.904745101928711
train/critic_2_loss,11383,1786559003.107214,2.371671676635742
train/critic_2_loss,11402,1786559006.263926,5.088070392608643
train/critic_2_loss,11427,1786559010.357715,1.5482804775238037
train/critic_2_loss,11446,1786559013.546506,1.6990458965301514
train/critic_2_loss,11463,1786559016.560625,1.599074125289917
train/critic_2_loss,11484,1786559020.076150,2.836489677429199
train/critic_2_loss,11502,1786559022.553974,5.568434715270996
train/critic_2_loss,11519,1786559024.855004,1.899902105331421
train/critic_2_loss,11541,1786559027.794884,4.089625358581543
train/critic_2_loss,11560,1786559030.340826,3.7659382820129395
train/critic_2_loss,11581,1786559033.070989,1.2049087285995483
train/critic_2_loss,11595,1786559034.860849,1.578145146369934
train/critic_2_loss,11609,1786559036.601294,2.045581340789795
train/critic_2_loss,11625,1786559038.825883,1.4581313133239746
train/critic_2_loss,11643,1786559040.907659,1.539499044418335
train/critic_2_loss,11661,1786559042.961129,1.484681487083435
train/critic_2_loss,11678,1786559044.928102,1.327161192893982
train/critic_2_loss,11701,1786559047.646873,1.820227026939392
train/critic_2_loss,11717,1786559049.555309,2.330401659011841
train/critic_2_loss,11733,1786559051.449162,4.901289939880371
train/critic_2_loss,11746,1786559053.029581,2.735926628112793
train/critic_2_loss,11766,1786559056.061951,1.771468997001648
train/critic_2_loss,11785,1786559058.568805,1.0482776165008545
train/critic_2_loss,11804,1786559060.988779,3.5821948051452637
train/critic_2_loss,11829,1786559064.214851,1.326648235321045
train/critic_2_loss,11844,1786559066.261854,4.7377028465271
train/critic_2_loss,11862,1786559068.228832,2.9863524436950684
train/critic_2_loss,11889,1786559071.197681,1.8022739887237549
train/critic_2_loss,11907,1786559073.147146,6.431408882141113
train/critic_2_loss,11925,1786559075.125013,4.266290664672852
train/critic_2_loss,11950,1786559077.885177,2.3673059940338135
train/critic_2_loss,11971,1786559080.123860,4.074670791625977
train/critic_2_loss,11992,1786559082.278053,2.5326735973358154
train/critic_2_loss,12013,1786559084.516069,2.481261968612671
train/critic_2_loss,12032,1786559086.418824,6.558616638183594
train/critic_2_loss,12048,1786559088.027704,1.6709356307983398
train/critic_2_loss,12065,1786559089.762295,5.077148914337158
train/critic_2_loss,12079,1786559091.175068,2.4077553749084473
train/critic_2_loss,12104,1786559093.655830,3.670151472091675
train/critic_2_loss,12118,1786559095.012629,2.1303563117980957
train/critic_2_loss,12136,1786559096.952037,3.159684181213379
train/critic_2_loss,12150,1786559098.826137,1.794523000717163
train/critic_2_loss,12164,1786559100.332707,4.885749816894531
train/critic_2_loss,12178,1786559101.776507,1.0157978534698486
train/critic_2_loss,12199,1786559103.927539,2.5927064418792725
train/critic_2_loss,12212,1786559105.177007,9.075530052185059
train/critic_2_loss,12230,1786559106.886670,2.2968528270721436
train/critic_2_loss,12249,1786559108.719305,6.024738788604736
train/critic_2_loss,12275,1786559112.671438,1.6278316974639893
train/critic_2_loss,12286,1786559114.029427,1.6116211414337158
train/critic_2_loss,12307,1786559116.615501,2.1402437686920166
train/critic_2_loss,12332,1786559119.637966,1.8192360401153564
train/critic_2_loss,12351,1786559121.888732,1.3394376039505005
train/critic_2_loss,12365,1786559123.542426,3.6926684379577637
train/critic_2_loss,12385,1786559125.868844,2.533993721008301
train/critic_2_loss,12410,1786559128.746480,3.553671360015869
train/critic_2_loss,12428,1786559130.782938,1.993727445602417
train/critic_2_loss,12450,1786559133.225074,2.7012720108032227
train/critic_2_loss,12460,1786559134.314711,5.09759521484375
train/critic_2_loss,12480,1786559136.844060,1.0930700302124023
train/critic_2_loss,12495,1786559138.802993,3.2184858322143555
train/critic_2_loss,12525,1786559142.698965,1.9547666311264038
train/critic_2_loss,12538,1786559144.355658,7.6346354484558105
train/critic_2_loss,12558,1786559146.912446,21.93452262878418
train/critic_2_loss,12571,1786559148.588623,4.7159953117370605
train/critic_2_loss,12588,1786559150.750406,3.2234883308410645
train/critic_2_loss,12607,1786559153.184093,2.6058242321014404
train/critic_2_loss,12623,1786559155.231247,2.732069969177246
train/critic_2_loss,12645,1786559158.061813,2.541356325149536
train/critic_2_loss,12666,1786559160.765073,4.418425559997559
train/critic_2_loss,12685,1786559163.229827,1.1719090938568115
train/critic_2_loss,12700,1786559165.208916,4.3529582023620605
train/critic_2_loss,12718,1786559167.583003,2.3266804218292236
train/critic_2_loss,12736,1786559169.982796,3.3113787174224854
train/critic_2_loss,12753,1786559172.609474,5.594501972198486
train/critic_2_loss,12777,1786559175.788086,3.1499428749084473
train/critic_2_loss,12792,1786559177.758965,1.5365511178970337
train/critic_2_loss,12807,1786559179.736334,3.6008338928222656
train/critic_2_loss,12823,1786559181.827224,6.673610210418701
train/critic_2_loss,12842,1786559184.302898,1.8321738243103027
train/critic_2_loss,12863,1786559187.058628,5.723426342010498
train/critic_2_loss,12884,1786559189.748366,1.9706196784973145
train/critic_2_loss,12903,1786559192.157804,2.8544740676879883
train/critic_2_loss,12923,1786559194.659145,1.6359881162643433
train/critic_2_loss,12938,1786559196.521572,1.6513848304748535
train/critic_2_loss,12955,1786559198.644638,2.2797021865844727
train/critic_2_loss,12979,1786559201.682701,3.5790722370147705
train/critic_2_loss,13002,1786559204.641964,4.74509859085083
train/critic_2_loss,13021,1786559207.080021,3.105226993560791
train/critic_2_loss,13040,1786559209.470784,7.981997013092041
train/critic_2_loss,13058,1786559211.632635,5.668544769287109
train/critic_2_loss,13071,1786559215.429113,4.524549961090088
train/critic_2_loss,13099,1786559220.048418,3.5815341472625732
train/critic_2_loss,13131,1786559225.283741,4.264904975891113
train/critic_2_loss,13151,1786559228.504941,3.8343420028686523
train/critic_2_loss,13166,1786559230.876193,2.566396474838257
train/critic_2_loss,13183,1786559233.635349,2.8124146461486816
train/critic_2_loss,13208,1786559237.739838,2.7988178730010986
train/critic_2_loss,13228,1786559240.994524,2.6613287925720215
train/critic_2_loss,13240,1786559242.900627,1.9738152027130127
train/critic_2_loss,13257,1786559245.550862,2.0900845527648926
train/critic_2_loss,13271,1786559247.737907,2.5235185623168945
train/critic_2_loss,13294,1786559251.317802,2.9777097702026367
train/critic_2_loss,13315,1786559254.578158,9.672791481018066
train/critic_2_loss,13330,1786559256.860262,12.792221069335938
train/critic_2_loss,13358,1786559261.132681,2.7916929721832275
train/critic_2_loss,13373,1786559263.401594,7.422745704650879
train/critic_2_loss,13393,1786559266.413981,2.9183578491210938
train/critic_2_loss,13405,1786559268.188387,3.9047467708587646
train/critic_2_loss,13425,1786559271.054735,5.808253288269043
train/critic_2_loss,13438,1786559272.837095,3.7553577423095703
train/critic_2_loss,13453,1786559274.885647,5.614835739135742
train/critic_2_loss,13469,1786559277.034827,14.322493553161621
train/critic_2_loss,13484,1786559279.016228,3.012319564819336
train/critic_2_loss,13508,1786559282.139181,3.926236152648926
train/critic_2_loss,13524,1786559284.195728,3.9849939346313477
train/critic_2_loss,13540,1786559286.175020,16.900121688842773
train/critic_2_loss,13557,1786559288.066216,7.49580717086792
train/critic_2_loss,13572,1786559291.505151,4.739748954772949
train/critic_2_loss,13584,1786559293.321448,7.091270446777344
train/critic_2_loss,13599,1786559295.560436,9.1907958984375
train/critic_2_loss,13613,1786559297.653919,2.1048738956451416
train/critic_2_loss,13633,1786559300.609998,4.643391132354736
train/critic_2_loss,13655,1786559303.881311,2.349914789199829
train/critic_2_loss,13672,1786559306.395760,3.71044659614563
train/critic_2_loss,13692,1786559309.292571,15.64140796661377
train/critic_2_loss,13716,1786559312.762101,3.169541358947754
train/critic_2_loss,13736,1786559315.628108,14.225172996520996
train/critic_2_loss,13755,1786559318.311120,5.529397964477539
train/critic_2_loss,13771,1786559320.564713,7.912664413452148
train/critic_2_loss,13790,1786559323.259378,4.749724864959717
train/critic_2_loss,13812,1786559326.371570,2.6615965366363525
train/critic_2_loss,13827,1786559328.520770,6.0981597900390625
train/critic_2_loss,13840,1786559330.398542,4.316755294799805
train/critic_2_loss,13857,1786559332.859566,8.256850242614746
train/critic_2_loss,13877,1786559335.732644,2.6952078342437744
train/critic_2_loss,13897,1786559338.588776,2.025993824005127
train/critic_2_loss,13912,1786559340.700258,1.3726251125335693
train/critic_2_loss,13930,1786559343.209655,2.2317681312561035
train/critic_2_loss,13949,1786559345.849890,10.098407745361328
train/critic_2_loss,13962,1786559347.619689,2.2795748710632324
train/critic_2_loss,13974,1786559349.270060,4.595347881317139
train/critic_2_loss,13995,1786559352.152108,2.5165517330169678
train/critic_2_loss,14009,1786559356.179317,21.578514099121094
train/critic_2_loss,14025,1786559359.457305,2.0718250274658203
train/critic_2_loss,14040,1786559362.509318,7.098919868469238
train/critic_2_loss,14056,1786559365.740646,1.158139705657959
train/critic_2_loss,14078,1786559370.127319,3.5583577156066895
train/critic_2_loss,14092,1786559372.843982,4.9266357421875
train/critic_2_loss,14120,1786559378.202090,5.6437177658081055
train/critic_2_loss,14143,1786559382.521289,6.0274200439453125
train/critic_2_loss,14160,1786559385.664860,6.220000743865967
train/critic_2_loss,14187,1786559390.609744,11.080842971801758
train/critic_2_loss,14203,1786559393.541468,3.625277519226074
train/critic_2_loss,14220,1786559396.657481,7.501936912536621
train/critic_2_loss,14234,1786559399.203964,2.1172096729278564
train/critic_2_loss,14254,1786559402.847748,5.33078145980835
train/critic_2_loss,14278,1786559407.196317,2.7116386890411377
train/critic_2_loss,14306,1786559412.289577,4.673091888427734
train/critic_2_loss,14329,1786559416.470829,9.575127601623535
train/critic_2_loss,14350,1786559420.246667,5.616657257080078
train/critic_2_loss,14367,1786559422.977193,2.7800045013427734
train/critic_2_loss,14387,1786559425.827913,15.54128360748291
train/critic_2_loss,14409,1786559428.877225,5.070321083068848
train/critic_2_loss,14434,1786559432.827215,5.636835098266602
train/critic_2_loss,14449,1786559435.495346,3.9291865825653076
train/critic_2_loss,14466,1786559438.043720,5.906457901000977
train/critic_2_loss,14486,1786559440.468554,3.723135232925415
train/critic_2_loss,14508,1786559443.154072,10.348966598510742
train/critic_2_loss,14522,1786559444.882120,3.652198076248169
train/critic_2_loss,14551,1786559448.401975,7.981909275054932
train/critic_2_loss,14573,1786559451.041852,1.9314595460891724
train/critic_2_loss,14585,1786559452.475717,9.51170539855957
train/critic_2_loss,14606,1786559454.996851,5.930354118347168
train/critic_2_loss,14620,1786559456.666588,3.208881139755249
train/critic_2_loss,14636,1786559458.529424,17.309045791625977
train/critic_2_loss,14657,1786559460.952880,18.404056549072266
train/critic_2_loss,14673,1786559462.774720,10.528559684753418
train/critic_2_loss,14690,1786559464.712418,1.9078843593597412
train/critic_2_loss,14705,1786559466.384640,5.559055328369141
train/critic_2_loss,14724,1786559468.517269,2.385653018951416
train/critic_2_loss,14745,1786559470.852530,5.813628196716309
train/critic_2_loss,14761,1786559472.579267,6.160679340362549
train/critic_2_loss,14779,1786559474.447292,4.8956780433654785
train/critic_2_loss,14801,1786559476.814274,2.9128808975219727
train/critic_2_loss,14820,1786559478.795548,8.00482177734375
train/critic_2_loss,14851,1786559481.905859,10.944936752319336
train/critic_2_loss,14864,1786559483.162690,6.2646331787109375
train/critic_2_loss,14878,1786559484.516038,5.358844757080078
train/critic_2_loss,14902,1786559486.711071,3.287229061126709
train/critic_2_loss,14914,1786559487.825007,5.58637809753418
train/critic_2_loss,14934,1786559491.528904,5.331947326660156
train/critic_2_loss,14948,1786559493.107469,23.39119529724121
train/critic_2_loss,14973,1786559495.882745,3.6523241996765137
train/critic_2_loss,14987,1786559497.392289,7.81263542175293
train/critic_2_loss,15001,1786559498.777027,3.621305227279663
train/critic_2_loss,15019,1786559500.633752,15.858491897583008
train/critic_2_loss,15047,1786559503.406591,2.4978256225585938
train/critic_2_loss,15066,1786559506.185981,2.9913179874420166
train/critic_2_loss,15084,1786559508.581736,4.481663703918457
train/critic_2_loss,15099,1786559510.595409,3.6303865909576416
train/critic_2_loss,15118,1786559513.136900,2.538905143737793
train/critic_2_loss,15143,1786559516.510248,3.1422295570373535
train/critic_2_loss,15156,1786559518.249015,7.8668293952941895
train/critic_2_loss,15173,1786559520.506238,10.807392120361328
train/critic_2_loss,15194,1786559523.272706,9.318887710571289
train/critic_2_loss,15206,1786559524.866867,3.209928512573242
train/critic_2_loss,15225,1786559527.337899,3.6443872451782227
train/critic_2_loss,15243,1786559529.658279,11.291196823120117
train/critic_2_loss,15257,1786559531.442976,8.545602798461914
train/critic_2_loss,15278,1786559534.064821,4.616189956665039
train/critic_2_loss,15295,1786559536.164764,6.361852645874023
train/critic_2_loss,15313,1786559538.386140,3.760047674179077
train/critic_2_loss,15331,1786559540.600328,3.5585312843322754
train/critic_2_loss,15354,1786559543.407674,9.038117408752441
train/critic_2_loss,15369,1786559545.233407,6.0630340576171875
train/critic_2_loss,15383,1786559546.951687,6.956070899963379
train/critic_2_loss,15410,1786559550.284778,16.151885986328125
train/critic_2_loss,15432,1786559553.040728,17.924882888793945
train/critic_2_loss,15451,1786559555.401622,11.898792266845703
train/critic_2_loss,15469,1786559557.649262,7.311548233032227
train/critic_2_loss,15488,1786559560.043095,2.2305402755737305
train/critic_2_loss,15502,1786559563.735491,9.831090927124023
train/critic_2_loss,15523,1786559567.202588,3.2499144077301025
train/critic_2_loss,15546,1786559570.965123,5.538067817687988
train/critic_2_loss,15558,1786559572.927014,17.13223648071289
train/critic_2_loss,15575,1786559575.723552,3.130302667617798
train/critic_2_loss,15597,1786559579.301521,7.526149749755859
train/critic_2_loss,15614,1786559582.049934,3.566756248474121
train/critic_2_loss,15628,1786559584.324673,4.90382194519043
train/critic_2_loss,15649,1786559587.722291,2.318103790283203
train/critic_2_loss,15668,1786559590.762785,2.062994956970215
train/critic_2_loss,15690,1786559594.234865,14.158016204833984
train/critic_2_loss,15708,1786559597.064384,3.8492395877838135
train/critic_2_loss,15731,1786559600.714898,13.27294921875
train/critic_2_loss,15746,1786559603.106884,2.031977653503418
train/critic_2_loss,15761,1786559605.471989,5.010532379150391
train/critic_2_loss,15783,1786559609.133124,5.0398149490356445
train/critic_2_loss,15813,1786559613.181507,7.739467144012451
train/critic_2_loss,15834,1786559615.948212,19.503734588623047
train/critic_2_loss,15848,1786559617.799969,5.518533229827881
train/critic_2_loss,15861,1786559619.515146,7.420835494995117
train/critic_2_loss,15880,1786559621.992709,4.684146881103516
train/critic_2_loss,15898,1786559624.327678,42.94944763183594
train/critic_2_loss,15916,1786559626.616511,7.555605411529541
train/critic_2_loss,15943,1786559630.008137,4.139760971069336
train/critic_2_loss,15956,1786559631.652874,20.78084945678711
train/critic_2_loss,15967,1786559633.157862,14.026281356811523
train/critic_2_loss,15982,1786559635.075880,3.77504301071167
train/critic_2_loss,16000,1786559637.393507,9.073354721069336
train/critic_2_loss,16018,1786559639.829066,3.0275039672851562
train/critic_2_loss,16034,1786559641.856065,3.8003053665161133
train/critic_2_loss,16050,1786559643.868997,25.143695831298828
train/critic_2_loss,16073,1786559646.726435,6.2939772605896
train/critic_2_loss,16093,1786559649.183184,4.505599498748779
train/critic_2_loss,16106,1786559650.767475,5.335549831390381
train/critic_2_loss,16123,1786559652.778614,10.696937561035156
train/critic_2_loss,16148,1786559655.698127,8.732706069946289
train/critic_2_loss,16161,1786559657.188376,5.5052080154418945
train/critic_2_loss,16175,1786559658.823881,3.8159117698669434
train/critic_2_loss,16201,1786559661.833917,13.263158798217773
train/critic_2_loss,16221,1786559664.153203,4.2430620193481445
train/critic_2_loss,16239,1786559666.224926,8.491288185119629
train/critic_2_loss,16259,1786559668.512113,6.193945407867432
train/critic_2_loss,16279,1786559670.783918,4.444705009460449
train/critic_2_loss,16304,1786559673.676959,3.407381296157837
train/critic_2_loss,16321,1786559675.615127,7.936901569366455
train/critic_2_loss,16347,1786559678.653992,9.615865707397461
train/critic_2_loss,16365,1786559680.783645,18.665327072143555
train/critic_2_loss,16386,1786559683.243090,13.942909240722656
train/critic_2_loss,16401,1786559684.958307,5.600396156311035
train/critic_2_loss,16421,1786559687.862427,7.327696323394775
train/critic_2_loss,16439,1786559690.287885,2.8003270626068115
train/critic_2_loss,16453,1786559692.099207,3.6278772354125977
train/critic_2_loss,16482,1786559695.805815,5.708640098571777
train/critic_2_loss,16499,1786559697.951559,32.681968688964844
train/critic_2_loss,16513,1786559699.627407,12.153448104858398
train/critic_2_loss,16536,1786559702.366757,8.172262191772461
train/critic_2_loss,16554,1786559704.442647,7.176876068115234
train/critic_2_loss,16572,1786559706.450908,11.45569896697998
train/critic_2_loss,16598,1786559709.215460,24.64206314086914
train/critic_2_loss,16624,1786559711.950441,2.600254535675049
train/critic_2_loss,16637,1786559713.310094,2.5369672775268555
train/critic_2_loss,16657,1786559715.400864,5.937853813171387
train/critic_2_loss,16673,1786559717.082538,4.226085662841797
train/critic_2_loss,16695,1786559719.452250,10.85481071472168
train/critic_2_loss,16710,1786559721.099493,7.54496955871582
train/critic_2_loss,16730,1786559723.333674,4.899592399597168
train/critic_2_loss,16750,1786559725.620353,15.986261367797852
train/critic_2_loss,16766,1786559727.447434,2.4017529487609863
train/critic_2_loss,16788,1786559729.938831,4.671748161315918
train/critic_2_loss,16802,1786559731.514522,11.778365135192871
train/critic_2_loss,16823,1786559733.877621,7.369007110595703
train/critic_2_loss,16845,1786559736.313637,3.6871304512023926
train/critic_2_loss,16859,1786559737.870568,4.599682331085205
train/critic_2_loss,16877,1786559739.889048,9.3776273727417
train/critic_2_loss,16900,1786559742.506756,7.270545959472656
train/critic_2_loss,16915,1786559744.243860,4.299691677093506
train/critic_2_loss,16934,1786559746.439532,4.020183086395264
train/critic_2_loss,16949,1786559748.122124,7.998594284057617
train/critic_2_loss,16973,1786559750.811790,13.49258804321289
train/critic_2_loss,16995,1786559755.358416,2.984907865524292
train/critic_2_loss,17015,1786559757.941874,3.7153797149658203
train/critic_2_loss,17032,1786559760.118237,9.346776008605957
train/critic_2_loss,17047,1786559762.077802,4.045334815979004
train/critic_2_loss,17060,1786559763.779920,5.210249900817871
train/critic_2_loss,17076,1786559765.787432,7.105780601501465
train/critic_2_loss,17100,1786559768.694515,4.69284200668335
train/critic_2_loss,17117,1786559770.708748,2.332376003265381
train/critic_2_loss,17141,1786559775.702370,5.326833724975586
train/critic_2_loss,17164,1786559779.084026,5.365921974182129
train/critic_2_loss,17182,1786559781.658700,5.179339408874512
train/critic_2_loss,17207,1786559785.371827,3.0653843879699707
train/critic_2_loss,17223,1786559787.442790,11.493377685546875
train/critic_2_loss,17241,1786559789.762086,9.568924903869629
train/critic_2_loss,17258,1786559791.945823,4.372554779052734
train/critic_2_loss,17282,1786559795.035294,4.789449214935303
train/critic_2_loss,17297,1786559796.913970,17.015695571899414
train/critic_2_loss,17316,1786559799.372079,3.5829482078552246
train/critic_2_loss,17337,1786559802.074478,3.518312692642212
train/critic_2_loss,17354,1786559804.256928,4.251544952392578
train/critic_2_loss,17373,1786559806.653917,33.30445861816406
train/critic_2_loss,17391,1786559808.889692,37.125186920166016
train/critic_2_loss,17412,1786559811.448200,21.995361328125
train/critic_2_loss,17430,1786559813.676716,28.93747329711914
train/critic_2_loss,17445,1786559815.587172,5.40056848526001
train/critic_2_loss,17468,1786559818.428860,5.364426136016846
train/critic_2_loss,17486,1786559820.642904,5.201651096343994
train/critic_2_loss,17506,1786559823.077094,2.6857082843780518
train/critic_2_loss,17521,1786559824.888159,8.494720458984375
train/critic_2_loss,17532,1786559826.204062,3.523681879043579
train/critic_2_loss,17558,1786559829.199292,2.3265645503997803
train/critic_2_loss,17568,1786559830.352807,6.515214443206787
train/critic_2_loss,17592,1786559833.102720,3.746910810470581
train/critic_2_loss,17607,1786559834.816150,32.26070022583008
train/critic_2_loss,17619,1786559836.175870,2.5383989810943604
train/critic_2_loss,17634,1786559837.877559,9.831615447998047
train/critic_2_loss,17649,1786559839.560109,11.5849609375
train/critic_2_loss,17668,1786559841.669816,3.9875473976135254
train/critic_2_loss,17682,1786559843.233472,9.021047592163086
train/critic_2_loss,17698,1786559844.979162,8.988659858703613
train/critic_2_loss,17713,1786559846.612092,5.846999168395996
train/critic_2_loss,17735,1786559849.031660,2.785588026046753
train/critic_2_loss,17751,1786559850.776973,7.15684700012207
train/critic_2_loss,17774,1786559853.235215,11.611886978149414
train/critic_2_loss,17790,1786559854.966683,18.73101234436035
train/critic_2_loss,17816,1786559857.774310,23.180694580078125
train/critic_2_loss,17845,1786559860.890627,18.274629592895508
train/critic_2_loss,17864,1786559862.945168,3.4702203273773193
train/critic_2_loss,17887,1786559865.426968,2.6485795974731445
train/critic_2_loss,17900,1786559866.806056,16.428041458129883
train/critic_2_loss,17918,1786559868.682227,11.069921493530273
train/critic_2_loss,17937,1786559870.651623,7.568963050842285
train/critic_2_loss,17955,1786559872.511341,5.929256439208984
train/critic_2_loss,17970,1786559874.068105,8.807640075683594
train/critic_2_loss,17985,1786559875.658748,11.550298690795898
train/critic_2_loss,18004,1786559877.767603,6.596588611602783
train/critic_2_loss,18026,1786559880.056152,3.7098026275634766
train/critic_2_loss,18047,1786559882.230797,4.25466251373291
train/critic_2_loss,18066,1786559884.241856,8.995573997497559
train/critic_2_loss,18079,1786559885.642425,8.83564567565918
train/critic_2_loss,18096,1786559887.435471,4.986270427703857
train/critic_2_loss,18118,1786559889.760851,3.859342098236084
train/critic_2_loss,18136,1786559891.682371,5.841669082641602
train/critic_2_loss,18154,1786559893.643474,18.269811630249023
train/critic_2_loss,18173,1786559895.771191,2.30523943901062
train/critic_2_loss,18185,1786559897.101954,5.79583740234375
train/critic_2_loss,18209,1786559900.345954,12.150444984436035
train/critic_2_loss,18224,1786559902.192158,2.02242112159729
train/critic_2_loss,18238,1786559903.900081,8.031481742858887
train/critic_2_loss,18256,1786559906.112476,2.3322818279266357
train/critic_2_loss,18279,1786559908.884885,14.785773277282715
train/critic_2_loss,18294,1786559910.605603,4.636318206787109
train/critic_2_loss,18307,1786559912.074746,3.3450794219970703
train/critic_2_loss,18333,1786559915.110494,7.163322925567627
train/critic_2_loss,18349,1786559916.914831,12.50984001159668
train/critic_2_loss,18369,1786559922.195161,6.317137241363525
train/critic_2_loss,18388,1786559925.390300,3.958519220352173
train/critic_2_loss,18408,1786559928.734109,4.254034996032715
train/critic_2_loss,18428,1786559931.993400,14.140615463256836
train/critic_2_loss,18445,1786559934.681531,2.4933176040649414
train/critic_2_loss,18457,1786559936.574138,8.266488075256348
train/critic_2_loss,18473,1786559939.081960,24.88036346435547
train/critic_2_loss,18487,1786559941.250044,13.146989822387695
train/critic_2_loss,18505,1786559944.037344,6.447070121765137
train/critic_2_loss,18517,1786559945.877334,5.148468494415283
train/critic_2_loss,18532,1786559948.168703,6.303873062133789
train/critic_2_loss,18549,1786559950.754025,6.753321647644043
train/critic_2_loss,18576,1786559954.889082,1.7568507194519043
train/critic_2_loss,18595,1786559957.771478,4.786250114440918
train/critic_2_loss,18618,1786559960.919082,5.689479351043701
train/critic_2_loss,18632,1786559962.898366,5.088364601135254
train/critic_2_loss,18654,1786559966.030412,6.833165168762207
train/critic_2_loss,18670,1786559968.184408,15.828113555908203
train/critic_2_loss,18690,1786559970.794865,8.036008834838867
train/critic_2_loss,18709,1786559973.534894,4.866239547729492
train/critic_2_loss,18735,1786559977.388194,17.70442008972168
train/critic_2_loss,18751,1786559979.555536,2.082418441772461
train/critic_2_loss,18770,1786559982.131732,3.2308189868927
train/critic_2_loss,18796,1786559985.582685,7.523552417755127
train/critic_2_loss,18825,1786559989.380773,6.542527198791504
train/critic_2_loss,18844,1786559991.870007,6.304540634155273
train/critic_2_loss,18859,1786559993.858304,4.0008134841918945
train/critic_2_loss,18879,1786559996.586498,8.94853687286377
train/critic_2_loss,18898,1786559999.082896,3.9554450511932373
train/critic_2_loss,18923,1786560002.412632,45.6554069519043
train/critic_2_loss,18942,1786560005.382174,3.079261064529419
train/critic_2_loss,18963,1786560007.751836,7.91658878326416
train/critic_2_loss,18984,1786560010.116776,8.767258644104004
train/critic_2_loss,19004,1786560012.363944,2.2534384727478027
train/critic_2_loss,19022,1786560014.379967,5.875152587890625
train/critic_2_loss,19038,1786560016.131075,3.728484630584717
train/critic_2_loss,19054,1786560017.874749,9.374885559082031
train/critic_2_loss,19074,1786560020.065596,6.716494560241699
train/critic_2_loss,19090,1786560021.851568,6.919942855834961
train/critic_2_loss,19108,1786560023.826925,4.663017272949219
train/critic_2_loss,19124,1786560025.570491,8.012519836425781
train/critic_2_loss,19138,1786560027.105544,3.1714839935302734
train/critic_2_loss,19159,1786560029.426798,18.971471786499023
train/critic_2_loss,19180,1786560031.765293,6.128768444061279
train/critic_2_loss,19193,1786560033.235543,5.92210578918457
train/critic_2_loss,19209,1786560035.085716,5.789355278015137
train/critic_2_loss,19227,1786560037.437540,6.117566108703613
train/critic_2_loss,19240,1786560038.770946,5.812282562255859
train/critic_2_loss,19258,1786560040.591821,5.332460403442383
train/critic_2_loss,19281,1786560042.873366,3.2058298587799072
train/critic_2_loss,19304,1786560045.148332,3.7429957389831543
train/critic_2_loss,19323,1786560046.975898,4.532546520233154
train/critic_2_loss,19338,1786560048.398896,3.097426652908325
train/critic_2_loss,19362,1786560053.042970,5.70961856842041
train/critic_2_loss,19376,1786560055.324098,3.2634806632995605
train/critic_2_loss,19396,1786560058.577695,3.9433603286743164
train/critic_2_loss,19419,1786560062.334217,14.485204696655273
train/critic_2_loss,19432,1786560064.472951,7.238965034484863
train/critic_2_loss,19452,1786560067.785099,3.4682319164276123
train/critic_2_loss,19470,1786560070.753196,5.2427215576171875
train/critic_2_loss,19493,1786560074.401757,1.1709775924682617
train/critic_2_loss,19512,1786560077.246264,5.915299415588379
train/critic_2_loss,19534,1786560080.727360,12.054259300231934
train/critic_2_loss,19554,1786560083.439261,15.829559326171875
train/critic_2_loss,19567,1786560085.273036,7.82990026473999
train/critic_2_loss,19586,1786560087.625709,4.255558490753174
train/critic_2_loss,19608,1786560090.263285,3.0773608684539795
train/critic_2_loss,19621,1786560091.821744,22.806533813476562
train/critic_2_loss,19638,1786560093.829009,4.516909599304199
train/critic_2_loss,19655,1786560095.819422,3.556361675262451
train/critic_2_loss,19672,1786560097.790576,3.94416880607605
train/critic_2_loss,19693,1786560100.231616,6.657307147979736
train/critic_2_loss,19705,1786560101.619319,15.177203178405762
train/critic_2_loss,19726,1786560103.989803,8.824897766113281
train/critic_2_loss,19738,1786560105.335616,4.599812030792236
train/critic_2_loss,19754,1786560107.089486,2.0159389972686768
train/critic_2_loss,19769,1786560109.411174,7.851943492889404
train/critic_2_loss,19789,1786560111.729665,14.57773494720459
train/critic_2_loss,19808,1786560113.947697,9.589357376098633
train/critic_2_loss,19831,1786560116.611470,9.91844654083252
train/critic_2_loss,19848,1786560118.530710,3.304518938064575
train/critic_2_loss,19871,1786560121.129844,1.0857620239257812
train/critic_2_loss,19890,1786560123.264926,5.061720371246338
train/critic_2_loss,19904,1786560124.832546,4.086786270141602
train/critic_2_loss,19922,1786560126.817603,8.114066123962402
train/critic_2_loss,19939,1786560128.646431,16.123083114624023
train/critic_2_loss,19956,1786560130.448491,12.117720603942871
train/critic_2_loss,19974,1786560132.289766,2.7789604663848877
train/critic_2_loss,20000,1786560135.510235,3.0907726287841797
train/entropy,1502,1786557712.839906,1.342042088508606
train/entropy,1522,1786557714.532397,1.3487025499343872
train/entropy,1546,1786557716.569494,1.38404381275177
train/entropy,1565,1786557718.131789,1.3966550827026367
train/entropy,1582,1786557719.514442,1.3854284286499023
train/entropy,1599,1786557721.435925,1.3871090412139893
train/entropy,1618,1786557723.656561,1.3427433967590332
train/entropy,1632,1786557725.299175,1.3877652883529663
train/entropy,1649,1786557727.295895,1.3326826095581055
train/entropy,1667,1786557729.470798,1.361311674118042
train/entropy,1698,1786557733.269346,1.3965466022491455
train/entropy,1714,1786557737.678430,1.350804090499878
train/entropy,1729,1786557740.678713,1.3462345600128174
train/entropy,1748,1786557744.423743,1.3611314296722412
train/entropy,1762,1786557747.133801,1.4073894023895264
train/entropy,1781,1786557750.825521,1.3480689525604248
train/entropy,1801,1786557756.339659,1.3580373525619507
train/entropy,1814,1786557758.538792,1.3370037078857422
train/entropy,1829,1786557761.083163,1.3779833316802979
train/entropy,1842,1786557763.347766,1.3376384973526
train/entropy,1863,1786557766.980352,1.3268128633499146
train/entropy,1887,1786557771.198493,1.353478193283081
train/entropy,1907,1786557774.692901,1.3336812257766724
train/entropy,1925,1786557777.801771,1.381777286529541
train/entropy,1944,1786557781.066809,1.4511706829071045
train/entropy,1966,1786557784.494680,1.349404215812683
train/entropy,1993,1786557787.619110,1.3054378032684326
train/entropy,2013,1786557789.967260,1.2926479578018188
train/entropy,2039,1786557792.786020,1.4349510669708252
train/entropy,2052,1786557796.512105,1.3596738576889038
train/entropy,2075,1786557800.408263,1.3407596349716187
train/entropy,2091,1786557803.146116,1.3219993114471436
train/entropy,2111,1786557806.469496,1.3772878646850586
train/entropy,2129,1786557810.368936,1.3219432830810547
train/entropy,2152,1786557813.869788,1.2917914390563965
train/entropy,2169,1786557816.523003,1.3038253784179688
train/entropy,2187,1786557819.355722,1.385178565979004
train/entropy,2207,1786557822.572953,1.4374489784240723
train/entropy,2228,1786557828.784326,1.3801945447921753
train/entropy,2249,1786557832.761459,1.3466869592666626
train/entropy,2268,1786557836.502999,1.3399193286895752
train/entropy,2289,1786557840.736056,1.3580322265625
train/entropy,2308,1786557844.728506,1.3694064617156982
train/entropy,2329,1786557847.275555,1.3413095474243164
train/entropy,2349,1786557849.682082,1.3821897506713867
train/entropy,2361,1786557851.172178,1.4032074213027954
train/entropy,2375,1786557852.959942,1.35094153881073
train/entropy,2393,1786557855.232778,1.3401411771774292
train/entropy,2407,1786557857.029745,1.4266409873962402
train/entropy,2425,1786557859.340866,1.3068969249725342
train/entropy,2437,1786557860.827725,1.3350629806518555
train/entropy,2453,1786557862.640066,1.3559820652008057
train/entropy,2477,1786557865.290333,1.3387832641601562
train/entropy,2495,1786557867.310997,1.3047418594360352
train/entropy,2511,1786557869.068358,1.274488925933838
train/entropy,2534,1786557871.715259,1.2710894346237183
train/entropy,2556,1786557874.247289,1.2675306797027588
train/entropy,2573,1786557876.150749,1.3262138366699219
train/entropy,2588,1786557877.882124,1.3344731330871582
train/entropy,2602,1786557879.442565,1.2291738986968994
train/entropy,2618,1786557881.204093,1.2089958190917969
train/entropy,2643,1786557883.927633,1.2420042753219604
train/entropy,2656,1786557885.383170,1.2297911643981934
train/entropy,2674,1786557887.426508,1.0781725645065308
train/entropy,2690,1786557889.147421,1.1827197074890137
train/entropy,2711,1786557891.402346,1.1596037149429321
train/entropy,2726,1786557893.087900,1.1232315301895142
train/entropy,2746,1786557895.266066,1.2057321071624756
train/entropy,2761,1786557896.904441,1.1424875259399414
train/entropy,2772,1786557898.151190,1.2062162160873413
train/entropy,2786,1786557899.707620,1.053689956665039
train/entropy,2811,1786557902.516210,1.0466945171356201
train/entropy,2830,1786557904.576595,1.024362564086914
train/entropy,2843,1786557905.946099,1.1152253150939941
train/entropy,2861,1786557907.858900,1.1028730869293213
train/entropy,2881,1786557909.985330,0.9391924738883972
train/entropy,2899,1786557911.914692,0.9579920768737793
train/entropy,2911,1786557913.150645,1.0166053771972656
train/entropy,2927,1786557914.827195,0.8928020000457764
train/entropy,2944,1786557916.593693,1.0356831550598145
train/entropy,2962,1786557918.474395,0.9459214210510254
train/entropy,2977,1786557920.024234,1.07763671875
train/entropy,2997,1786557922.049229,0.8478140830993652
train/entropy,3026,1786557924.967388,0.995236337184906
train/entropy,3043,1786557926.726246,0.8530228137969971
train/entropy,3067,1786557929.158726,1.097074270248413
train/entropy,3082,1786557930.660993,0.9617576599121094
train/entropy,3102,1786557932.683770,0.8942290544509888
train/entropy,3115,1786557934.014548,0.7280250787734985
train/entropy,3128,1786557935.315905,1.008260726928711
train/entropy,3143,1786557936.824266,0.8467437028884888
train/entropy,3159,1786557938.430979,0.8354892134666443
train/entropy,3180,1786557940.532345,0.6892467141151428
train/entropy,3197,1786557942.224934,1.0425211191177368
train/entropy,3217,1786557944.199721,0.6071016788482666
train/entropy,3230,1786557945.514104,0.9160875082015991
train/entropy,3247,1786557947.248936,0.8778467178344727
train/entropy,3259,1786557948.471028,0.7268481254577637
train/entropy,3274,1786557950.000304,1.1371148824691772
train/entropy,3290,1786557951.606252,0.5054944753646851
train/entropy,3309,1786557953.510537,0.77122563123703
train/entropy,3327,1786557955.436835,0.8281817436218262
train/entropy,3356,1786557959.106614,0.485274076461792
train/entropy,3372,1786557961.249120,0.6549819707870483
train/entropy,3392,1786557964.021200,0.7165940999984741
train/entropy,3407,1786557966.106579,0.5990797281265259
train/entropy,3430,1786557969.426475,0.7738308906555176
train/entropy,3449,1786557972.109788,0.5807195901870728
train/entropy,3468,1786557974.804559,0.5092939138412476
train/entropy,3494,1786557978.424680,0.9421041011810303
train/entropy,3513,1786557981.471118,0.8909839391708374
train/entropy,3528,1786557983.523510,0.9745566844940186
train/entropy,3544,1786557985.671050,0.655177116394043
train/entropy,3555,1786557987.087033,0.6324295401573181
train/entropy,3571,1786557989.163816,0.6544116735458374
train/entropy,3595,1786557992.280706,0.7662360668182373
train/entropy,3612,1786557994.440210,0.6193057298660278
train/entropy,3634,1786557997.252729,0.46962448954582214
train/entropy,3657,1786558000.151339,0.718455970287323
train/entropy,3678,1786558002.779686,0.7262158393859863
train/entropy,3706,1786558006.231776,0.77812260389328
train/entropy,3722,1786558008.187433,0.5806385278701782
train/entropy,3733,1786558009.545718,0.7658761739730835
train/entropy,3747,1786558011.274183,0.6529199481010437
train/entropy,3761,1786558013.013870,0.5744922161102295
train/entropy,3783,1786558015.797895,0.9574881792068481
train/entropy,3803,1786558018.271909,0.5364163517951965
train/entropy,3822,1786558020.550731,0.6914029121398926
train/entropy,3840,1786558022.689533,0.6259234547615051
train/entropy,3866,1786558025.784245,0.5482816696166992
train/entropy,3886,1786558028.129162,0.6417926549911499
train/entropy,3906,1786558030.472715,0.9167824983596802
train/entropy,3924,1786558032.573850,0.6347111463546753
train/entropy,3948,1786558035.333376,0.7916756272315979
train/entropy,3961,1786558036.818569,0.634672224521637
train/entropy,3975,1786558038.397947,0.6177008152008057
train/entropy,3989,1786558039.951298,0.522747278213501
train/entropy,4003,1786558041.583280,0.6627576351165771
train/entropy,4029,1786558044.521197,0.8959075212478638
train/entropy,4047,1786558046.501175,0.5908356308937073
train/entropy,4064,1786558048.336032,0.7362678050994873
train/entropy,4080,1786558050.002832,0.6517981886863708
train/entropy,4103,1786558053.264808,0.5597697496414185
train/entropy,4122,1786558056.524375,0.6435233354568481
train/entropy,4148,1786558061.575868,0.5627086758613586
train/entropy,4165,1786558063.668648,0.5909278988838196
train/entropy,4189,1786558066.664457,0.47083908319473267
train/entropy,4209,1786558069.106200,0.7356234788894653
train/entropy,4232,1786558071.888091,0.41488611698150635
train/entropy,4256,1786558074.747456,0.650060772895813
train/entropy,4278,1786558077.367587,0.5461903214454651
train/entropy,4310,1786558081.109455,0.5242874622344971
train/entropy,4328,1786558083.181320,0.46518123149871826
train/entropy,4348,1786558085.458550,0.3825708031654358
train/entropy,4363,1786558087.176919,0.507344126701355
train/entropy,4381,1786558089.172066,0.6152653694152832
train/entropy,4397,1786558090.938349,0.5257776975631714
train/entropy,4418,1786558093.224789,0.38890549540519714
train/entropy,4435,1786558094.969563,0.6786278486251831
train/entropy,4453,1786558097.662397,0.7328259944915771
train/entropy,4467,1786558099.613568,0.6626898050308228
train/entropy,4487,1786558102.517711,0.7400846481323242
train/entropy,4506,1786558105.391391,0.5403856039047241
train/entropy,4530,1786558109.067734,0.7771939039230347
train/entropy,4547,1786558111.651731,0.5812636017799377
train/entropy,4564,1786558114.319062,0.7982153296470642
train/entropy,4588,1786558118.074004,1.0395793914794922
train/entropy,4607,1786558120.997934,0.8102521896362305
train/entropy,4633,1786558125.022641,0.5224512815475464
train/entropy,4655,1786558128.353753,0.6410366296768188
train/entropy,4672,1786558130.990301,0.5249178409576416
train/entropy,4690,1786558133.800960,0.6366410255432129
train/entropy,4705,1786558136.051415,0.7104368805885315
train/entropy,4722,1786558138.564377,0.6487030982971191
train/entropy,4751,1786558142.967623,0.5304664373397827
train/entropy,4771,1786558145.903679,0.7244795560836792
train/entropy,4794,1786558149.260001,0.9359688758850098
train/entropy,4809,1786558151.468590,0.7800335884094238
train/entropy,4834,1786558155.134639,0.7218369841575623
train/entropy,4847,1786558157.036503,0.8809008598327637
train/entropy,4868,1786558160.092376,0.7462769746780396
train/entropy,4882,1786558162.137036,0.7316431999206543
train/entropy,4910,1786558166.167036,0.7544381022453308
train/entropy,4925,1786558168.317911,0.64464271068573
train/entropy,4936,1786558169.853269,0.6982354521751404
train/entropy,4952,1786558172.076454,0.3832111954689026
train/entropy,4974,1786558175.165768,0.8364261984825134
train/entropy,4988,1786558177.166279,0.7869428396224976
train/entropy,5009,1786558180.150619,0.6869349479675293
train/entropy,5028,1786558182.885222,0.6314295530319214
train/entropy,5043,1786558185.065078,0.7499001026153564
train/entropy,5061,1786558187.614119,0.5989164113998413
train/entropy,5081,1786558190.430121,0.7632434368133545
train/entropy,5100,1786558193.171450,0.6867766976356506
train/entropy,5122,1786558196.372586,0.9190912246704102
train/entropy,5147,1786558199.969158,0.8684865236282349
train/entropy,5168,1786558202.912047,0.4511447548866272
train/entropy,5183,1786558205.032903,0.7698273658752441
train/entropy,5196,1786558206.888352,0.7875227332115173
train/entropy,5214,1786558209.598705,0.4642097055912018
train/entropy,5226,1786558211.495545,0.4475127160549164
train/entropy,5249,1786558214.741745,0.6356440782546997
train/entropy,5267,1786558217.124806,0.5569244623184204
train/entropy,5283,1786558219.225265,0.6917517185211182
train/entropy,5298,1786558221.167436,0.5618593096733093
train/entropy,5312,1786558222.966085,0.8679131269454956
train/entropy,5330,1786558225.301515,0.5167152285575867
train/entropy,5349,1786558228.032255,0.8333868384361267
train/entropy,5364,1786558230.069102,0.5089902281761169
train/entropy,5389,1786558233.435944,0.5862032175064087
train/entropy,5403,1786558235.399076,0.7755556106567383
train/entropy,5422,1786558237.951335,0.6345118880271912
train/entropy,5434,1786558239.542761,0.8208258152008057
train/entropy,5449,1786558241.547981,0.6413686871528625
train/entropy,5465,1786558243.680249,0.659249484539032
train/entropy,5482,1786558246.079128,0.5305458307266235
train/entropy,5502,1786558248.915522,0.9522084593772888
train/entropy,5520,1786558252.167027,0.4355362355709076
train/entropy,5537,1786558255.028436,0.8279248476028442
train/entropy,5553,1786558257.711557,0.5673948526382446
train/entropy,5566,1786558259.877283,0.6540493369102478
train/entropy,5584,1786558262.915479,0.7690913677215576
train/entropy,5600,1786558265.589546,0.6779204607009888
train/entropy,5617,1786558268.412702,0.9082850813865662
train/entropy,5641,1786558272.393143,0.4930647611618042
train/entropy,5662,1786558275.877940,0.8361215591430664
train/entropy,5679,1786558278.702552,0.49375611543655396
train/entropy,5701,1786558282.351092,0.9605667591094971
train/entropy,5715,1786558284.637145,0.6570309996604919
train/entropy,5730,1786558287.109525,0.5101119875907898
train/entropy,5748,1786558290.047976,0.5751703381538391
train/entropy,5763,1786558292.447080,0.7396262288093567
train/entropy,5780,1786558295.210636,0.6885749697685242
train/entropy,5798,1786558298.100132,0.7273959517478943
train/entropy,5812,1786558300.328708,0.8129055500030518
train/entropy,5832,1786558303.533970,0.4956355094909668
train/entropy,5862,1786558308.414951,0.7222087383270264
train/entropy,5874,1786558310.390049,0.5681872963905334
train/entropy,5892,1786558313.317468,0.5134243965148926
train/entropy,5919,1786558317.602741,0.7813922762870789
train/entropy,5939,1786558320.758107,0.5477045774459839
train/entropy,5955,1786558323.261947,0.6903223991394043
train/entropy,5974,1786558326.293152,0.6146560907363892
train/entropy,5990,1786558328.826925,0.6221544742584229
train/entropy,6023,1786558333.964015,0.6861791014671326
train/entropy,6038,1786558336.181090,0.7598389983177185
train/entropy,6061,1786558339.727280,0.5247225761413574
train/entropy,6084,1786558342.399127,0.7960773706436157
train/entropy,6098,1786558344.023098,0.5746908187866211
train/entropy,6113,1786558345.718469,0.7125921249389648
train/entropy,6133,1786558347.934512,0.46553462743759155
train/entropy,6153,1786558350.093432,0.5324283838272095
train/entropy,6175,1786558352.332563,0.5939927697181702
train/entropy,6188,1786558353.602311,0.5841454267501831
train/entropy,6205,1786558355.242399,0.5934024453163147
train/entropy,6223,1786558356.960998,0.5805089473724365
train/entropy,6242,1786558358.786457,0.5507813692092896
train/entropy,6264,1786558360.904522,0.6666145324707031
train/entropy,6276,1786558362.072444,0.6429662704467773
train/entropy,6298,1786558364.218826,0.6439706087112427
train/entropy,6313,1786558365.692623,0.6832340955734253
train/entropy,6326,1786558366.997379,0.5708184242248535
train/entropy,6338,1786558368.222369,0.6797505021095276
train/entropy,6354,1786558369.860287,0.5766808986663818
train/entropy,6368,1786558371.348370,0.7732092142105103
train/entropy,6383,1786558372.956494,0.863088846206665
train/entropy,6401,1786558374.887352,0.482318639755249
train/entropy,6416,1786558376.478502,0.4472627639770508
train/entropy,6440,1786558378.974487,0.7384566068649292
train/entropy,6456,1786558380.660200,0.4922475814819336
train/entropy,6478,1786558382.961189,0.43507179617881775
train/entropy,6490,1786558384.206447,0.6544442176818848
train/entropy,6508,1786558386.093142,0.40665435791015625
train/entropy,6530,1786558388.414644,0.6061493158340454
train/entropy,6549,1786558390.445862,0.6760238409042358
train/entropy,6565,1786558392.162609,0.5702278017997742
train/entropy,6588,1786558394.689241,0.7230035066604614
train/entropy,6614,1786558397.526705,0.6106600165367126
train/entropy,6629,1786558399.248832,0.6441526412963867
train/entropy,6642,1786558400.636039,0.703694760799408
train/entropy,6658,1786558402.316754,0.5142430067062378
train/entropy,6678,1786558404.296109,0.47676393389701843
train/entropy,6699,1786558406.346367,0.38295578956604004
train/entropy,6728,1786558412.074560,0.26296138763427734
train/entropy,6746,1786558414.617222,0.6275059580802917
train/entropy,6762,1786558416.786884,0.48830732703208923
train/entropy,6778,1786558420.922932,0.571792721748352
train/entropy,6792,1786558423.322933,0.441243052482605
train/entropy,6819,1786558427.934958,0.5753813982009888
train/entropy,6840,1786558431.661032,0.514406681060791
train/entropy,6863,1786558435.570925,0.7112778425216675
train/entropy,6879,1786558438.210495,0.44834578037261963
train/entropy,6892,1786558440.319537,0.47416502237319946
train/entropy,6913,1786558443.689057,0.563706636428833
train/entropy,6928,1786558446.483736,0.5364056825637817
train/entropy,6942,1786558448.398713,0.669131875038147
train/entropy,6957,1786558450.401780,0.4456862211227417
train/entropy,6985,1786558454.121300,0.705316960811615
train/entropy,6997,1786558455.715940,0.4222715497016907
train/entropy,7024,1786558459.332078,0.3898096978664398
train/entropy,7039,1786558461.337212,0.6295687556266785
train/entropy,7057,1786558463.718904,0.6107802391052246
train/entropy,7071,1786558465.539734,0.42708855867385864
train/entropy,7093,1786558468.381891,0.3835918605327606
train/entropy,7111,1786558470.668844,0.6167347431182861
train/entropy,7131,1786558473.220961,0.5973793864250183
train/entropy,7150,1786558475.653002,0.6007309556007385
train/entropy,7166,1786558477.703660,0.3691394627094269
train/entropy,7178,1786558479.236892,0.5862295627593994
train/entropy,7190,1786558480.791680,0.5899796485900879
train/entropy,7207,1786558482.987778,0.6593142151832581
train/entropy,7232,1786558486.214612,0.5716152191162109
train/entropy,7256,1786558489.340578,0.4750480353832245
train/entropy,7273,1786558491.549753,0.4882833957672119
train/entropy,7288,1786558493.550270,0.6727157831192017
train/entropy,7303,1786558495.529609,0.4702853560447693
train/entropy,7319,1786558497.647739,0.6627815961837769
train/entropy,7335,1786558499.783410,0.2865145206451416
train/entropy,7353,1786558504.315907,0.5909286737442017
train/entropy,7377,1786558508.101718,0.46745413541793823
train/entropy,7393,1786558510.644507,0.6547845602035522
train/entropy,7412,1786558513.611958,0.4748176336288452
train/entropy,7430,1786558516.429806,0.626764178276062
train/entropy,7444,1786558518.591256,0.7583693265914917
train/entropy,7462,1786558521.376332,0.6715751886367798
train/entropy,7483,1786558524.601831,0.6792237162590027
train/entropy,7504,1786558527.794246,0.44779133796691895
train/entropy,7524,1786558530.816149,0.597761332988739
train/entropy,7541,1786558533.402869,0.456597238779068
train/entropy,7558,1786558535.977714,0.39194685220718384
train/entropy,7577,1786558538.787839,0.6375777721405029
train/entropy,7592,1786558541.074013,0.6729115843772888
train/entropy,7608,1786558543.420570,0.47622057795524597
train/entropy,7633,1786558546.942084,0.44523417949676514
train/entropy,7646,1786558548.837769,0.3359035551548004
train/entropy,7662,1786558551.131079,0.5826202630996704
train/entropy,7686,1786558554.647537,0.5607338547706604
train/entropy,7709,1786558557.599709,0.5158145427703857
train/entropy,7729,1786558560.595194,0.5086562037467957
train/entropy,7744,1786558562.752843,0.5786083936691284
train/entropy,7770,1786558566.012975,0.36502766609191895
train/entropy,7794,1786558569.042971,0.30642688274383545
train/entropy,7807,1786558570.574472,0.7398535013198853
train/entropy,7828,1786558573.044344,0.5393355488777161
train/entropy,7842,1786558574.677512,0.6257985830307007
train/entropy,7862,1786558577.014191,0.3648943603038788
train/entropy,7882,1786558579.371688,0.6989228129386902
train/entropy,7909,1786558582.431684,0.5621194839477539
train/entropy,7926,1786558584.341269,0.5307049751281738
train/entropy,7948,1786558586.805271,0.5402136445045471
train/entropy,7964,1786558588.559992,0.48568031191825867
train/entropy,7980,1786558590.309873,0.6439718008041382
train/entropy,8005,1786558593.628246,0.5508028864860535
train/entropy,8024,1786558596.101168,0.6003450155258179
train/entropy,8043,1786558598.527926,0.5091291069984436
train/entropy,8062,1786558600.885814,0.36582767963409424
train/entropy,8081,1786558603.224464,0.48225125670433044
train/entropy,8098,1786558605.297785,0.22123153507709503
train/entropy,8116,1786558607.423465,0.8571432828903198
train/entropy,8138,1786558609.963035,0.5413870811462402
train/entropy,8157,1786558612.037294,0.18430909514427185
train/entropy,8177,1786558614.132224,0.47560548782348633
train/entropy,8197,1786558616.230702,0.5914499759674072
train/entropy,8215,1786558618.112099,0.5980312824249268
train/entropy,8231,1786558619.792424,0.4406987428665161
train/entropy,8254,1786558622.204288,0.49045097827911377
train/entropy,8276,1786558624.542015,0.4137363135814667
train/entropy,8295,1786558626.612213,0.6345081925392151
train/entropy,8314,1786558628.720061,0.5897520780563354
train/entropy,8329,1786558630.395950,0.576491117477417
train/entropy,8346,1786558632.326905,0.525356650352478
train/entropy,8361,1786558634.025271,0.5192025899887085
train/entropy,8375,1786558635.605119,0.24810342490673065
train/entropy,8390,1786558637.290968,0.5425889492034912
train/entropy,8409,1786558639.434295,0.28251615166664124
train/entropy,8424,1786558641.113096,0.5489662885665894
train/entropy,8451,1786558644.114256,0.503302276134491
train/entropy,8469,1786558646.084248,0.20939965546131134
train/entropy,8481,1786558647.406203,0.35017865896224976
train/entropy,8499,1786558649.434695,0.4648817181587219
train/entropy,8518,1786558651.577808,0.0566558800637722
train/entropy,8533,1786558653.281821,0.2535761296749115
train/entropy,8553,1786558655.552584,0.6204433441162109
train/entropy,8574,1786558657.856029,0.36275920271873474
train/entropy,8589,1786558659.497599,0.5672023296356201
train/entropy,8618,1786558662.536854,0.12442617118358612
train/entropy,8635,1786558664.235896,0.2336897850036621
train/entropy,8654,1786558666.602122,0.6353410482406616
train/entropy,8672,1786558668.618855,0.24859999120235443
train/entropy,8688,1786558670.410403,0.26132944226264954
train/entropy,8704,1786558672.219649,0.44190019369125366
train/entropy,8720,1786558674.441312,0.2945456802845001
train/entropy,8743,1786558677.527956,0.285283625125885
train/entropy,8761,1786558679.931370,0.05339657515287399
train/entropy,8785,1786558683.132980,0.3522980213165283
train/entropy,8801,1786558685.264293,0.20989936590194702
train/entropy,8821,1786558687.905629,0.38779494166374207
train/entropy,8835,1786558689.751039,0.2062758505344391
train/entropy,8856,1786558692.494127,0.0017884988337755203
train/entropy,8874,1786558694.829023,0.48608478903770447
train/entropy,8895,1786558697.456461,0.38988345861434937
train/entropy,8911,1786558699.425288,0.4955189526081085
train/entropy,8933,1786558702.130980,0.30278587341308594
train/entropy,8945,1786558703.614268,0.5090622901916504
train/entropy,8973,1786558707.066828,0.41598206758499146
train/entropy,8986,1786558708.674917,0.5426120162010193
train/entropy,9012,1786558711.852012,0.4460642337799072
train/entropy,9032,1786558714.259428,0.10168048739433289
train/entropy,9047,1786558716.067781,0.44009217619895935
train/entropy,9062,1786558717.875349,-0.13387393951416016
train/entropy,9080,1786558720.016396,0.3266441226005554
train/entropy,9106,1786558723.073228,0.48764297366142273
train/entropy,9134,1786558726.281412,0.3946458101272583
train/entropy,9150,1786558728.085469,0.26224449276924133
train/entropy,9167,1786558729.972998,0.4875338673591614
train/entropy,9184,1786558731.848469,0.3811536729335785
train/entropy,9212,1786558734.975084,0.0916968584060669
train/entropy,9226,1786558736.547554,0.19743220508098602
train/entropy,9245,1786558738.690093,0.017095044255256653
train/entropy,9268,1786558741.280902,0.46892619132995605
train/entropy,9285,1786558743.196248,-0.005917999893426895
train/entropy,9299,1786558744.797268,0.2021268904209137
train/entropy,9322,1786558747.455032,0.11311569064855576
train/entropy,9346,1786558750.205610,0.3315776288509369
train/entropy,9360,1786558751.823767,0.1708623468875885
train/entropy,9375,1786558753.582139,0.30932462215423584
train/entropy,9387,1786558754.990735,0.2317117154598236
train/entropy,9409,1786558757.517719,0.08982779085636139
train/entropy,9427,1786558759.958700,0.3474881052970886
train/entropy,9448,1786558762.478070,-0.009229309856891632
train/entropy,9464,1786558764.418869,0.140334814786911
train/entropy,9487,1786558767.178623,0.2631572186946869
train/entropy,9503,1786558769.091604,0.0554637685418129
train/entropy,9517,1786558770.771839,0.38826778531074524
train/entropy,9535,1786558772.900997,0.5570047497749329
train/entropy,9555,1786558775.270540,0.4518652558326721
train/entropy,9579,1786558778.102844,0.16330944001674652
train/entropy,9596,1786558780.099696,0.28723153471946716
train/entropy,9616,1786558782.451980,0.5372598767280579
train/entropy,9630,1786558784.052560,0.0379917174577713
train/entropy,9653,1786558786.657227,0.23110458254814148
train/entropy,9669,1786558788.477210,0.15473756194114685
train/entropy,9688,1786558790.579448,0.23700742423534393
train/entropy,9710,1786558793.061953,0.07298517227172852
train/entropy,9726,1786558794.799945,0.2550160884857178
train/entropy,9741,1786558796.421708,0.16221430897712708
train/entropy,9764,1786558798.926678,0.34903424978256226
train/entropy,9777,1786558800.352020,0.40115857124328613
train/entropy,9796,1786558802.439242,0.09503667056560516
train/entropy,9820,1786558805.158127,-0.06506071984767914
train/entropy,9838,1786558807.144020,-0.02121111750602722
train/entropy,9858,1786558809.395085,0.2470865547657013
train/entropy,9881,1786558812.093162,0.3698747754096985
train/entropy,9901,1786558814.433376,0.31717154383659363
train/entropy,9915,1786558816.128944,0.12991397082805634
train/entropy,9929,1786558817.852491,0.22616374492645264
train/entropy,9946,1786558819.920119,0.04717607796192169
train/entropy,9968,1786558822.571128,0.14734527468681335
train/entropy,9987,1786558824.886314,-0.1317363977432251
train/entropy,10003,1786558826.983009,0.06328875571489334
train/entropy,10026,1786558829.754872,-0.06587627530097961
train/entropy,10041,1786558831.552896,0.22305384278297424
train/entropy,10062,1786558834.103427,0.08357582986354828
train/entropy,10086,1786558836.985812,0.21436482667922974
train/entropy,10104,1786558841.405439,0.2959386110305786
train/entropy,10124,1786558844.710418,0.31722742319107056
train/entropy,10148,1786558848.673978,0.4267216920852661
train/entropy,10164,1786558851.363337,0.24039873480796814
train/entropy,10184,1786558854.655784,0.3226149380207062
train/entropy,10204,1786558858.006041,0.21356558799743652
train/entropy,10226,1786558861.846081,0.3648967146873474
train/entropy,10243,1786558864.311420,0.12724345922470093
train/entropy,10257,1786558866.325877,0.5346902012825012
train/entropy,10275,1786558868.803185,0.05003080889582634
train/entropy,10290,1786558870.855884,-0.09703455865383148
train/entropy,10310,1786558873.431488,0.33224090933799744
train/entropy,10335,1786558876.766004,-0.1392720490694046
train/entropy,10352,1786558878.964874,0.12608779966831207
train/entropy,10372,1786558881.499337,0.05941673368215561
train/entropy,10387,1786558883.369479,0.011881040409207344
train/entropy,10406,1786558885.704016,0.037788763642311096
train/entropy,10429,1786558888.429801,0.17123213410377502
train/entropy,10445,1786558890.234679,0.09358537942171097
train/entropy,10464,1786558892.334480,0.43746137619018555
train/entropy,10478,1786558893.871208,0.30984658002853394
train/entropy,10494,1786558895.573823,0.052099909633398056
train/entropy,10505,1786558896.731575,0.19771970808506012
train/entropy,10526,1786558898.926711,0.20496922731399536
train/entropy,10545,1786558900.868221,0.07649032771587372
train/entropy,10566,1786558902.992442,0.26751625537872314
train/entropy,10591,1786558905.486767,0.18288496136665344
train/entropy,10610,1786558907.379088,0.18561698496341705
train/entropy,10627,1786558909.039627,-0.15839213132858276
train/entropy,10641,1786558910.404566,0.02639150246977806
train/entropy,10662,1786558912.445972,-0.13010773062705994
train/entropy,10678,1786558913.997147,-0.296871542930603
train/entropy,10698,1786558915.956134,-0.07797284424304962
train/entropy,10721,1786558918.226957,0.3902944326400757
train/entropy,10738,1786558919.910059,0.1668371558189392
train/entropy,10754,1786558921.786049,0.012309901416301727
train/entropy,10772,1786558923.359967,0.13281428813934326
train/entropy,10796,1786558925.406119,0.49621492624282837
train/entropy,10810,1786558926.561949,0.039359934628009796
train/entropy,10824,1786558927.698771,-0.020395271480083466
train/entropy,10838,1786558931.077833,0.4363001883029938
train/entropy,10862,1786558934.097660,0.08483882248401642
train/entropy,10883,1786558936.811156,0.3355311453342438
train/entropy,10901,1786558939.160711,0.07837340235710144
train/entropy,10914,1786558940.880518,0.1896418333053589
train/entropy,10932,1786558943.226278,0.000695154070854187
train/entropy,10945,1786558944.904159,0.244808629155159
train/entropy,10968,1786558947.700228,0.4703109562397003
train/entropy,10981,1786558949.310231,0.20906910300254822
train/entropy,10999,1786558951.557500,0.12890036404132843
train/entropy,11018,1786558953.779392,0.10183915495872498
train/entropy,11035,1786558955.826037,-0.09844835102558136
train/entropy,11050,1786558957.553137,0.25507402420043945
train/entropy,11070,1786558959.848161,0.3729739189147949
train/entropy,11090,1786558962.146128,0.06703955680131912
train/entropy,11111,1786558964.547018,0.0835309624671936
train/entropy,11125,1786558966.146792,0.2932462692260742
train/entropy,11140,1786558967.839839,0.23271015286445618
train/entropy,11155,1786558969.519194,0.2539190649986267
train/entropy,11174,1786558971.666083,0.17391808331012726
train/entropy,11186,1786558973.019239,0.412000834941864
train/entropy,11203,1786558974.875407,0.15153276920318604
train/entropy,11222,1786558976.904265,0.23562559485435486
train/entropy,11240,1786558978.786465,-0.008295979350805283
train/entropy,11263,1786558982.866696,0.23959505558013916
train/entropy,11276,1786558985.061080,0.20952363312244415
train/entropy,11296,1786558988.442107,0.03008212149143219
train/entropy,11311,1786558991.001212,0.4333709478378296
train/entropy,11329,1786558994.034650,0.11040030419826508
train/entropy,11352,1786558997.905859,0.1787090003490448
train/entropy,11365,1786559000.085655,0.12596914172172546
train/entropy,11383,1786559003.107251,-0.180678129196167
train/entropy,11402,1786559006.263955,-0.17840224504470825
train/entropy,11427,1786559010.357744,0.34829482436180115
train/entropy,11446,1786559013.546535,-0.0022895019501447678
train/entropy,11463,1786559016.560654,-0.3989221453666687
train/entropy,11484,1786559020.076180,-0.1486615240573883
train/entropy,11502,1786559022.554006,0.0038688555359840393
train/entropy,11519,1786559024.855033,-0.010578252375125885
train/entropy,11541,1786559027.794913,0.05774110183119774
train/entropy,11560,1786559030.340856,0.04670112952589989
train/entropy,11581,1786559033.071018,0.30612194538116455
train/entropy,11595,1786559034.860877,0.1498854011297226
train/entropy,11609,1786559036.601324,0.0525507777929306
train/entropy,11625,1786559038.825912,-0.033920593559741974
train/entropy,11643,1786559040.907688,-0.2853473722934723
train/entropy,11661,1786559042.961159,0.10159763693809509
train/entropy,11678,1786559044.928135,0.20384109020233154
train/entropy,11701,1786559047.646902,0.2201070785522461
train/entropy,11717,1786559049.555338,-0.11021636426448822
train/entropy,11733,1786559051.449192,0.1720951348543167
train/entropy,11746,1786559053.029609,0.08075571060180664
train/entropy,11766,1786559056.061982,-0.02285531908273697
train/entropy,11785,1786559058.568833,-0.010315140709280968
train/entropy,11804,1786559060.988808,-0.0720784142613411
train/entropy,11829,1786559064.214880,-0.43339940905570984
train/entropy,11844,1786559066.261882,-0.051987115293741226
train/entropy,11862,1786559068.228861,0.15768945217132568
train/entropy,11889,1786559071.197709,-0.3256033658981323
train/entropy,11907,1786559073.147178,0.0029975473880767822
train/entropy,11925,1786559075.125042,0.1077481061220169
train/entropy,11950,1786559077.885206,-0.03444741666316986
train/entropy,11971,1786559080.123890,-0.16655918955802917
train/entropy,11992,1786559082.278083,-0.010830208659172058
train/entropy,12013,1786559084.516098,-0.1730952262878418
train/entropy,12032,1786559086.418853,0.19403024017810822
train/entropy,12048,1786559088.027733,0.03824260085821152
train/entropy,12065,1786559089.762328,-0.18676581978797913
train/entropy,12079,1786559091.175096,-0.20268961787223816
train/entropy,12104,1786559093.655858,0.24861016869544983
train/entropy,12118,1786559095.012657,-0.08164485543966293
train/entropy,12136,1786559096.952065,-0.31433677673339844
train/entropy,12150,1786559098.826166,-0.1906822919845581
train/entropy,12164,1786559100.332736,-0.09225033223628998
train/entropy,12178,1786559101.776536,-0.1376182734966278
train/entropy,12199,1786559103.927567,-0.01139187440276146
train/entropy,12212,1786559105.177036,-0.1371089220046997
train/entropy,12230,1786559106.886698,-0.3870992064476013
train/entropy,12249,1786559108.719333,-0.09518343210220337
train/entropy,12275,1786559112.671467,-0.3648928999900818
train/entropy,12286,1786559114.029455,0.21082530915737152
train/entropy,12307,1786559116.615529,0.026714403182268143
train/entropy,12332,1786559119.638004,-0.31098616123199463
train/entropy,12351,1786559121.888761,0.2054683417081833
train/entropy,12365,1786559123.542455,-0.18221652507781982
train/entropy,12385,1786559125.868873,-0.2058112621307373
train/entropy,12410,1786559128.746509,-0.05248670652508736
train/entropy,12428,1786559130.782968,-0.012792650610208511
train/entropy,12450,1786559133.225104,-0.2816757261753082
train/entropy,12460,1786559134.314739,-0.4671586751937866
train/entropy,12480,1786559136.844089,-0.11522529274225235
train/entropy,12495,1786559138.803021,-0.1358206570148468
train/entropy,12525,1786559142.698996,-0.007613569498062134
train/entropy,12538,1786559144.355687,-0.2763085961341858
train/entropy,12558,1786559146.912476,0.06516025960445404
train/entropy,12571,1786559148.588652,-0.18165472149848938
train/entropy,12588,1786559150.750435,-0.03938587009906769
train/entropy,12607,1786559153.184121,-0.10608956217765808
train/entropy,12623,1786559155.231277,-0.12137238681316376
train/entropy,12645,1786559158.061843,-0.19931793212890625
train/entropy,12666,1786559160.765111,-0.05479469522833824
train/entropy,12685,1786559163.229855,-0.2539025545120239
train/entropy,12700,1786559165.208945,0.056291088461875916
train/entropy,12718,1786559167.583031,-0.08685600757598877
train/entropy,12736,1786559169.982827,-0.15448644757270813
train/entropy,12753,1786559172.609503,-0.06928728520870209
train/entropy,12777,1786559175.788117,-0.0422467440366745
train/entropy,12792,1786559177.759002,0.18435503542423248
train/entropy,12807,1786559179.736362,0.24094200134277344
train/entropy,12823,1786559181.827252,0.22135794162750244
train/entropy,12842,1786559184.302927,-0.11086827516555786
train/entropy,12863,1786559187.058658,0.1029823049902916
train/entropy,12884,1786559189.748395,0.006117388606071472
train/entropy,12903,1786559192.157834,0.11821816116571426
train/entropy,12923,1786559194.659174,-0.11972551792860031
train/entropy,12938,1786559196.521600,0.027643587440252304
train/entropy,12955,1786559198.644666,0.22501695156097412
train/entropy,12979,1786559201.682730,0.2204204648733139
train/entropy,13002,1786559204.641996,-0.017331883311271667
train/entropy,13021,1786559207.080049,-0.14397382736206055
train/entropy,13040,1786559209.470814,-0.5407531261444092
train/entropy,13058,1786559211.632663,0.23471882939338684
train/entropy,13071,1786559215.429152,0.1589563637971878
train/entropy,13099,1786559220.048446,0.0391564667224884
train/entropy,13131,1786559225.283769,-0.27958256006240845
train/entropy,13151,1786559228.504971,-0.25883156061172485
train/entropy,13166,1786559230.876223,-0.2473713606595993
train/entropy,13183,1786559233.635377,-0.05231203883886337
train/entropy,13208,1786559237.739868,0.011870190501213074
train/entropy,13228,1786559240.994553,-0.08368127048015594
train/entropy,13240,1786559242.900654,-0.12725204229354858
train/entropy,13257,1786559245.550891,-0.03517340123653412
train/entropy,13271,1786559247.737936,0.17518074810504913
train/entropy,13294,1786559251.317830,0.08369594067335129
train/entropy,13315,1786559254.578186,-0.16398835182189941
train/entropy,13330,1786559256.860291,-0.24829578399658203
train/entropy,13358,1786559261.132710,-0.0253155454993248
train/entropy,13373,1786559263.401622,-0.11378026008605957
train/entropy,13393,1786559266.414016,0.08573666214942932
train/entropy,13405,1786559268.188415,0.047205325216054916
train/entropy,13425,1786559271.054765,-0.3039153218269348
train/entropy,13438,1786559272.837125,-0.2385006546974182
train/entropy,13453,1786559274.885676,-0.15861812233924866
train/entropy,13469,1786559277.034857,0.12945356965065002
train/entropy,13484,1786559279.016257,-0.14908738434314728
train/entropy,13508,1786559282.139211,-0.40440768003463745
train/entropy,13524,1786559284.195757,-0.13898003101348877
train/entropy,13540,1786559286.175049,-0.30821722745895386
train/entropy,13557,1786559288.066253,0.32091987133026123
train/entropy,13572,1786559291.505181,-0.07412303984165192
train/entropy,13584,1786559293.321477,-0.13423526287078857
train/entropy,13599,1786559295.560465,-0.4677664339542389
train/entropy,13613,1786559297.653948,-0.031614214181900024
train/entropy,13633,1786559300.610027,-0.19303938746452332
train/entropy,13655,1786559303.881341,-0.6143499612808228
train/entropy,13672,1786559306.395790,-0.442566841840744
train/entropy,13692,1786559309.292601,-0.038957007229328156
train/entropy,13716,1786559312.762132,-0.32428568601608276
train/entropy,13736,1786559315.628139,-0.5167818069458008
train/entropy,13755,1786559318.311151,-0.5139971971511841
train/entropy,13771,1786559320.564740,-0.40606486797332764
train/entropy,13790,1786559323.259406,-0.34941112995147705
train/entropy,13812,1786559326.371599,-0.5100153684616089
train/entropy,13827,1786559328.520799,-0.44172176718711853
train/entropy,13840,1786559330.398571,-0.24012508988380432
train/entropy,13857,1786559332.859595,-0.15401005744934082
train/entropy,13877,1786559335.732671,-0.37135231494903564
train/entropy,13897,1786559338.588804,-0.005738191306591034
train/entropy,13912,1786559340.700288,-0.27627646923065186
train/entropy,13930,1786559343.209684,-0.2020634561777115
train/entropy,13949,1786559345.849917,-0.5219377875328064
train/entropy,13962,1786559347.619718,-0.4048333466053009
train/entropy,13974,1786559349.270088,-0.84699946641922
train/entropy,13995,1786559352.152139,-0.11820439249277115
train/entropy,14009,1786559356.179345,-0.06878441572189331
train/entropy,14025,1786559359.457334,-0.42849093675613403
train/entropy,14040,1786559362.509348,-0.2852264642715454
train/entropy,14056,1786559365.740675,-0.10085702687501907
train/entropy,14078,1786559370.127348,0.026643671095371246
train/entropy,14092,1786559372.844012,-0.1780167520046234
train/entropy,14120,1786559378.202119,-0.26411575078964233
train/entropy,14143,1786559382.521319,-0.35638439655303955
train/entropy,14160,1786559385.664889,-0.5578151941299438
train/entropy,14187,1786559390.609774,-0.43952298164367676
train/entropy,14203,1786559393.541496,0.1441245973110199
train/entropy,14220,1786559396.657510,0.29863032698631287
train/entropy,14234,1786559399.204001,-0.3023095428943634
train/entropy,14254,1786559402.847776,-0.2864282429218292
train/entropy,14278,1786559407.196346,-0.060322679579257965
train/entropy,14306,1786559412.289605,-0.17773154377937317
train/entropy,14329,1786559416.470860,-0.23627997934818268
train/entropy,14350,1786559420.246696,-0.10806478559970856
train/entropy,14367,1786559422.977223,0.08452651649713516
train/entropy,14387,1786559425.827942,-0.17210999131202698
train/entropy,14409,1786559428.877254,-0.06600673496723175
train/entropy,14434,1786559432.827244,-0.13273563981056213
train/entropy,14449,1786559435.495375,0.2275392711162567
train/entropy,14466,1786559438.043748,-0.11673200875520706
train/entropy,14486,1786559440.468583,-0.24112696945667267
train/entropy,14508,1786559443.154101,-0.007988132536411285
train/entropy,14522,1786559444.882151,0.012832339853048325
train/entropy,14551,1786559448.402008,-0.2568420469760895
train/entropy,14573,1786559451.041881,0.2545402944087982
train/entropy,14585,1786559452.475747,-0.12512920796871185
train/entropy,14606,1786559454.996880,-0.34957242012023926
train/entropy,14620,1786559456.666618,-0.2084995061159134
train/entropy,14636,1786559458.529454,-0.2860628366470337
train/entropy,14657,1786559460.952913,-0.11883100867271423
train/entropy,14673,1786559462.774750,-0.47729313373565674
train/entropy,14690,1786559464.712447,-0.15466830134391785
train/entropy,14705,1786559466.384670,-0.4535100758075714
train/entropy,14724,1786559468.517300,0.06944190710783005
train/entropy,14745,1786559470.852559,-0.19344072043895721
train/entropy,14761,1786559472.579297,-0.12970298528671265
train/entropy,14779,1786559474.447322,-0.17434069514274597
train/entropy,14801,1786559476.814305,-0.027517538517713547
train/entropy,14820,1786559478.795577,0.2663348317146301
train/entropy,14851,1786559481.905886,-0.077897809445858
train/entropy,14864,1786559483.162718,-0.20449110865592957
train/entropy,14878,1786559484.516078,-0.3899884819984436
train/entropy,14902,1786559486.711110,-0.054647788405418396
train/entropy,14914,1786559487.825036,-0.5486741662025452
train/entropy,14934,1786559491.528932,-0.37640857696533203
train/entropy,14948,1786559493.107497,-0.401995450258255
train/entropy,14973,1786559495.882773,0.23073329031467438
train/entropy,14987,1786559497.392318,-0.5194556713104248
train/entropy,15001,1786559498.777055,-0.38642847537994385
train/entropy,15019,1786559500.633780,-0.34479379653930664
train/entropy,15047,1786559503.406620,-0.3087039589881897
train/entropy,15066,1786559506.186013,-0.10860983282327652
train/entropy,15084,1786559508.581764,-0.3195624053478241
train/entropy,15099,1786559510.595437,-0.30463385581970215
train/entropy,15118,1786559513.136928,-0.08377735316753387
train/entropy,15143,1786559516.510279,-0.2524651885032654
train/entropy,15156,1786559518.249042,-0.026157114654779434
train/entropy,15173,1786559520.506268,-0.20907928049564362
train/entropy,15194,1786559523.272734,0.08905960619449615
train/entropy,15206,1786559524.866894,-0.2383061647415161
train/entropy,15225,1786559527.337929,-0.10840917378664017
train/entropy,15243,1786559529.658322,-0.6255159974098206
train/entropy,15257,1786559531.443008,-0.26683735847473145
train/entropy,15278,1786559534.064851,-0.04119492694735527
train/entropy,15295,1786559536.164794,-0.22946105897426605
train/entropy,15313,1786559538.386168,-0.3498123288154602
train/entropy,15331,1786559540.600356,-0.130864679813385
train/entropy,15354,1786559543.407704,-0.7420614957809448
train/entropy,15369,1786559545.233437,0.05998630076646805
train/entropy,15383,1786559546.951715,-0.15596920251846313
train/entropy,15410,1786559550.284807,-0.31120309233665466
train/entropy,15432,1786559553.040758,-0.19681520760059357
train/entropy,15451,1786559555.401651,-0.1357380896806717
train/entropy,15469,1786559557.649291,-0.3198736608028412
train/entropy,15488,1786559560.043124,-0.5108746886253357
train/entropy,15502,1786559563.735520,-0.324937641620636
train/entropy,15523,1786559567.202616,-0.3323126435279846
train/entropy,15546,1786559570.965154,-0.21968761086463928
train/entropy,15558,1786559572.927043,-0.34369155764579773
train/entropy,15575,1786559575.723582,-0.5717161297798157
train/entropy,15597,1786559579.301551,-0.2353457510471344
train/entropy,15614,1786559582.049962,-0.49627041816711426
train/entropy,15628,1786559584.324702,-0.5993818640708923
train/entropy,15649,1786559587.722319,-0.044508982449769974
train/entropy,15668,1786559590.762814,-0.4840196371078491
train/entropy,15690,1786559594.234893,-0.03704815357923508
train/entropy,15708,1786559597.064413,-0.2857959568500519
train/entropy,15731,1786559600.714928,-0.5673350095748901
train/entropy,15746,1786559603.106913,-0.26453834772109985
train/entropy,15761,1786559605.472018,-0.34513819217681885
train/entropy,15783,1786559609.133154,-0.3412596583366394
train/entropy,15813,1786559613.181535,-0.39380067586898804
train/entropy,15834,1786559615.948240,-0.33025383949279785
train/entropy,15848,1786559617.800002,-0.4331957995891571
train/entropy,15861,1786559619.515175,-0.7616828680038452
train/entropy,15880,1786559621.992738,-0.5954033136367798
train/entropy,15898,1786559624.327706,-0.42402005195617676
train/entropy,15916,1786559626.616539,-0.6781838536262512
train/entropy,15943,1786559630.008166,-0.4120122790336609
train/entropy,15956,1786559631.652904,-0.09051001071929932
train/entropy,15967,1786559633.157891,-0.6800760626792908
train/entropy,15982,1786559635.075908,-0.4144671559333801
train/entropy,16000,1786559637.393535,-0.7258216738700867
train/entropy,16018,1786559639.829095,-0.453624963760376
train/entropy,16034,1786559641.856093,-0.2465318739414215
train/entropy,16050,1786559643.869025,-0.10225021839141846
train/entropy,16073,1786559646.726468,-0.4715691804885864
train/entropy,16093,1786559649.183213,-0.7069171667098999
train/entropy,16106,1786559650.767503,-0.5940536856651306
train/entropy,16123,1786559652.778641,-0.7227574586868286
train/entropy,16148,1786559655.698160,-0.13824138045310974
train/entropy,16161,1786559657.188405,-0.5150488615036011
train/entropy,16175,1786559658.823910,-0.6094212532043457
train/entropy,16201,1786559661.833946,-0.4187137186527252
train/entropy,16221,1786559664.153231,-0.24457880854606628
train/entropy,16239,1786559666.224954,-0.7167271375656128
train/entropy,16259,1786559668.512143,-0.3527219295501709
train/entropy,16279,1786559670.783947,-0.44938358664512634
train/entropy,16304,1786559673.676990,-0.252264142036438
train/entropy,16321,1786559675.615156,-0.2863512635231018
train/entropy,16347,1786559678.654021,-0.2432919144630432
train/entropy,16365,1786559680.783673,-0.24665480852127075
train/entropy,16386,1786559683.243119,-0.45637550950050354
train/entropy,16401,1786559684.958336,-0.25973618030548096
train/entropy,16421,1786559687.862463,-0.10344424843788147
train/entropy,16439,1786559690.287914,-0.3514200747013092
train/entropy,16453,1786559692.099236,-0.4528636038303375
train/entropy,16482,1786559695.805845,-0.24991855025291443
train/entropy,16499,1786559697.951586,0.23792129755020142
train/entropy,16513,1786559699.627434,-0.08635382354259491
train/entropy,16536,1786559702.366786,-0.26388609409332275
train/entropy,16554,1786559704.442677,-0.353773295879364
train/entropy,16572,1786559706.450938,-0.23420727252960205
train/entropy,16598,1786559709.215487,-0.5394771099090576
train/entropy,16624,1786559711.950469,0.1571972817182541
train/entropy,16637,1786559713.310125,-0.1797495186328888
train/entropy,16657,1786559715.400894,-0.17816656827926636
train/entropy,16673,1786559717.082565,-0.04144792631268501
train/entropy,16695,1786559719.452279,-0.1651047021150589
train/entropy,16710,1786559721.099520,-0.037953853607177734
train/entropy,16730,1786559723.333703,-0.07551376521587372
train/entropy,16750,1786559725.620382,-0.02004174143075943
train/entropy,16766,1786559727.447463,-0.15754581987857819
train/entropy,16788,1786559729.938859,-0.219840869307518
train/entropy,16802,1786559731.514550,0.21289625763893127
train/entropy,16823,1786559733.877653,-0.1668454259634018
train/entropy,16845,1786559736.313665,-0.15125791728496552
train/entropy,16859,1786559737.870595,0.16670125722885132
train/entropy,16877,1786559739.889077,-0.33733367919921875
train/entropy,16900,1786559742.506785,-0.2559179663658142
train/entropy,16915,1786559744.243889,-0.4097379744052887
train/entropy,16934,1786559746.439560,-0.4925006330013275
train/entropy,16949,1786559748.122153,-0.2982366681098938
train/entropy,16973,1786559750.811819,0.07422254979610443
train/entropy,16995,1786559755.358445,0.15697476267814636
train/entropy,17015,1786559757.941903,0.21053366363048553
train/entropy,17032,1786559760.118266,0.05457618087530136
train/entropy,17047,1786559762.077831,-0.2174096703529358
train/entropy,17060,1786559763.779949,-0.08355972170829773
train/entropy,17076,1786559765.787460,-0.1396373063325882
train/entropy,17100,1786559768.694544,0.07637228816747665
train/entropy,17117,1786559770.708776,-0.5811311602592468
train/entropy,17141,1786559775.702400,-0.20883509516716003
train/entropy,17164,1786559779.084059,0.012660130858421326
train/entropy,17182,1786559781.658731,-0.36670273542404175
train/entropy,17207,1786559785.371856,-0.3590419590473175
train/entropy,17223,1786559787.442817,-0.3744688034057617
train/entropy,17241,1786559789.762116,-0.3189188539981842
train/entropy,17258,1786559791.945851,-0.15411241352558136
train/entropy,17282,1786559795.035322,-0.3073621094226837
train/entropy,17297,1786559796.914002,-0.11170737445354462
train/entropy,17316,1786559799.372109,-0.01918107271194458
train/entropy,17337,1786559802.074507,-0.420272558927536
train/entropy,17354,1786559804.256957,-0.4992654025554657
train/entropy,17373,1786559806.653944,0.0705600380897522
train/entropy,17391,1786559808.889721,-0.4195373058319092
train/entropy,17412,1786559811.448228,-0.6012527942657471
train/entropy,17430,1786559813.676744,-0.43892616033554077
train/entropy,17445,1786559815.587201,-0.3631531298160553
train/entropy,17468,1786559818.428888,-0.5322007536888123
train/entropy,17486,1786559820.642932,-0.4318527281284332
train/entropy,17506,1786559823.077123,-0.44609034061431885
train/entropy,17521,1786559824.888189,-0.5261764526367188
train/entropy,17532,1786559826.204090,-0.628447413444519
train/entropy,17558,1786559829.199321,-0.6343874931335449
train/entropy,17568,1786559830.352835,-0.3200516104698181
train/entropy,17592,1786559833.102749,-0.6777386665344238
train/entropy,17607,1786559834.816179,-0.6588125228881836
train/entropy,17619,1786559836.175899,-0.3704293966293335
train/entropy,17634,1786559837.877586,-0.6356006860733032
train/entropy,17649,1786559839.560139,-0.8197115063667297
train/entropy,17668,1786559841.669847,-0.4871779680252075
train/entropy,17682,1786559843.233501,-0.49935346841812134
train/entropy,17698,1786559844.979193,-0.5148168802261353
train/entropy,17713,1786559846.612121,-0.6073489785194397
train/entropy,17735,1786559849.031688,-0.624169111251831
train/entropy,17751,1786559850.777006,-0.4098268151283264
train/entropy,17774,1786559853.235245,-0.27148041129112244
train/entropy,17790,1786559854.966711,-0.10808252543210983
train/entropy,17816,1786559857.774338,-0.3416602313518524
train/entropy,17845,1786559860.890656,-0.10040149837732315
train/entropy,17864,1786559862.945199,-0.5058221817016602
train/entropy,17887,1786559865.427002,-0.436989963054657
train/entropy,17900,1786559866.806084,-0.5477677583694458
train/entropy,17918,1786559868.682255,-0.4902934432029724
train/entropy,17937,1786559870.651651,-0.5361779928207397
train/entropy,17955,1786559872.511369,-0.5163480639457703
train/entropy,17970,1786559874.068135,-0.46775680780410767
train/entropy,17985,1786559875.658777,-0.3508034944534302
train/entropy,18004,1786559877.767632,-0.8600572347640991
train/entropy,18026,1786559880.056181,-0.8183069825172424
train/entropy,18047,1786559882.230825,-0.5243778824806213
train/entropy,18066,1786559884.241884,-0.5784764885902405
train/entropy,18079,1786559885.642453,-0.6572343111038208
train/entropy,18096,1786559887.435499,-0.6774137020111084
train/entropy,18118,1786559889.760879,-0.6179220676422119
train/entropy,18136,1786559891.682400,-0.30182456970214844
train/entropy,18154,1786559893.643502,-0.38087135553359985
train/entropy,18173,1786559895.771221,-0.7273552417755127
train/entropy,18185,1786559897.101985,-0.37835851311683655
train/entropy,18209,1786559900.345987,-0.4485456347465515
train/entropy,18224,1786559902.192187,-0.5479834079742432
train/entropy,18238,1786559903.900111,-0.4094274342060089
train/entropy,18256,1786559906.112506,-0.4900977611541748
train/entropy,18279,1786559908.884914,-0.9126569032669067
train/entropy,18294,1786559910.605632,-0.6308841705322266
train/entropy,18307,1786559912.074775,-0.42326220870018005
train/entropy,18333,1786559915.110523,-0.6816242933273315
train/entropy,18349,1786559916.914861,-0.2936641573905945
train/entropy,18369,1786559922.195192,-0.7990771532058716
train/entropy,18388,1786559925.390329,-0.9079838991165161
train/entropy,18408,1786559928.734140,-0.6082729697227478
train/entropy,18428,1786559931.993428,-0.5881561040878296
train/entropy,18445,1786559934.681560,-0.8681052923202515
train/entropy,18457,1786559936.574167,-0.4343123435974121
train/entropy,18473,1786559939.081992,-0.2802097797393799
train/entropy,18487,1786559941.250074,-0.7173910737037659
train/entropy,18505,1786559944.037373,-0.6585634350776672
train/entropy,18517,1786559945.877362,-0.5271007418632507
train/entropy,18532,1786559948.168731,-0.7162443399429321
train/entropy,18549,1786559950.754054,-0.17144176363945007
train/entropy,18576,1786559954.889112,-0.5286478996276855
train/entropy,18595,1786559957.771508,-0.3921746015548706
train/entropy,18618,1786559960.919113,-0.1734534502029419
train/entropy,18632,1786559962.898395,-0.2688058912754059
train/entropy,18654,1786559966.030441,-0.3073556423187256
train/entropy,18670,1786559968.184436,-0.13839781284332275
train/entropy,18690,1786559970.794897,-0.26977604627609253
train/entropy,18709,1786559973.534923,-0.3785109519958496
train/entropy,18735,1786559977.388234,-0.4422803819179535
train/entropy,18751,1786559979.555564,-0.3084326982498169
train/entropy,18770,1786559982.131761,-0.27049559354782104
train/entropy,18796,1786559985.582712,-0.6190595030784607
train/entropy,18825,1786559989.380802,-0.09162896871566772
train/entropy,18844,1786559991.870035,-0.5088880658149719
train/entropy,18859,1786559993.858332,-0.6425603628158569
train/entropy,18879,1786559996.586527,-0.5156655311584473
train/entropy,18898,1786559999.082925,-0.5795758366584778
train/entropy,18923,1786560002.412661,-0.7959529161453247
train/entropy,18942,1786560005.382204,-0.7074676752090454
train/entropy,18963,1786560007.751867,-0.8110131025314331
train/entropy,18984,1786560010.116805,-0.8603464961051941
train/entropy,19004,1786560012.363972,-0.5892391800880432
train/entropy,19022,1786560014.380002,-0.883751630783081
train/entropy,19038,1786560016.131104,-0.6002942323684692
train/entropy,19054,1786560017.874778,-0.6928079724311829
train/entropy,19074,1786560020.065624,-0.6300089955329895
train/entropy,19090,1786560021.851595,-0.21473607420921326
train/entropy,19108,1786560023.826955,-0.5808173418045044
train/entropy,19124,1786560025.570521,-0.5072343349456787
train/entropy,19138,1786560027.105573,-0.4941636621952057
train/entropy,19159,1786560029.426827,-0.49634045362472534
train/entropy,19180,1786560031.765323,-1.3301435708999634
train/entropy,19193,1786560033.235573,-1.0559724569320679
train/entropy,19209,1786560035.085743,-0.7492495775222778
train/entropy,19227,1786560037.437570,-0.7631627917289734
train/entropy,19240,1786560038.770977,-0.5721547603607178
train/entropy,19258,1786560040.591851,-1.3998558521270752
train/entropy,19281,1786560042.873394,-0.8541384935379028
train/entropy,19304,1786560045.148363,-0.9193841218948364
train/entropy,19323,1786560046.975926,-1.0913647413253784
train/entropy,19338,1786560048.398925,-0.5750690698623657
train/entropy,19362,1786560053.043001,-0.7710999250411987
train/entropy,19376,1786560055.324130,-0.5056105256080627
train/entropy,19396,1786560058.577725,-0.8497207164764404
train/entropy,19419,1786560062.334246,-0.5663240551948547
train/entropy,19432,1786560064.472981,-0.22604095935821533
train/entropy,19452,1786560067.785128,-0.8804116249084473
train/entropy,19470,1786560070.753226,-1.0560081005096436
train/entropy,19493,1786560074.401787,-0.7165085673332214
train/entropy,19512,1786560077.246297,-0.614059567451477
train/entropy,19534,1786560080.727389,-0.903503954410553
train/entropy,19554,1786560083.439291,-0.261014461517334
train/entropy,19567,1786560085.273065,-0.49214521050453186
train/entropy,19586,1786560087.625737,-0.3505210876464844
train/entropy,19608,1786560090.263315,-0.3723915219306946
train/entropy,19621,1786560091.821772,-0.4353862702846527
train/entropy,19638,1786560093.829039,-0.4704245924949646
train/entropy,19655,1786560095.819450,-0.4810864329338074
train/entropy,19672,1786560097.790617,-0.6266449093818665
train/entropy,19693,1786560100.231644,-0.32281696796417236
train/entropy,19705,1786560101.619349,-0.3073427677154541
train/entropy,19726,1786560103.989832,-0.3250655233860016
train/entropy,19738,1786560105.335645,-0.49122193455696106
train/entropy,19754,1786560107.089515,-0.4004160761833191
train/entropy,19769,1786560109.411202,-0.16420413553714752
train/entropy,19789,1786560111.729692,-0.8432188630104065
train/entropy,19808,1786560113.947725,-0.8297049403190613
train/entropy,19831,1786560116.611499,-0.758134126663208
train/entropy,19848,1786560118.530737,-0.33939605951309204
train/entropy,19871,1786560121.129872,-0.5545533895492554
train/entropy,19890,1786560123.264955,-0.2233656942844391
train/entropy,19904,1786560124.832573,-0.5241526961326599
train/entropy,19922,1786560126.817632,-0.42458614706993103
train/entropy,19939,1786560128.646460,-0.3456045985221863
train/entropy,19956,1786560130.448518,-0.14118614792823792
train/entropy,19974,1786560132.289794,-0.5538046360015869
train/entropy,20000,1786560135.510264,-0.5886532664299011
