tag,step,wall_time,value
action/longitudinal_max,500,1786468883.385982,0.9795204401016235
action/longitudinal_max,671,1786468901.332650,0.9869868159294128
action/longitudinal_max,921,1786468925.911792,0.996353030204773
action/longitudinal_max,1167,1786468950.003912,0.9853077530860901
action/longitudinal_max,1215,1786468958.406642,0.9567872285842896
action/longitudinal_max,1281,1786468968.202080,0.9950881600379944
action/longitudinal_max,1781,1786469018.077566,0.987810492515564
action/longitudinal_max,1825,1786469026.984156,0.9031265377998352
action/longitudinal_max,2027,1786469049.696947,0.977769672870636
action/longitudinal_max,2457,1786469089.622891,0.9935213327407837
action/longitudinal_max,2957,1786469134.390766,0.9955520629882812
action/longitudinal_max,3257,1786469162.948226,0.9711619019508362
action/longitudinal_max,3757,1786469207.034174,0.8197726607322693
action/longitudinal_max,4257,1786469252.153353,0.9632461667060852
action/longitudinal_max,4757,1786469297.397871,0.9662755131721497
action/longitudinal_max,5257,1786469342.028639,0.9636247754096985
action/longitudinal_max,5757,1786469386.520573,0.959571361541748
action/longitudinal_max,5925,1786469404.141752,0.9763549566268921
action/longitudinal_max,6036,1786469417.565676,0.9642588496208191
action/longitudinal_max,6536,1786469461.767719,0.9932685494422913
action/longitudinal_max,7036,1786469506.225879,0.8549451231956482
action/longitudinal_max,7536,1786469552.097178,0.9946966171264648
action/longitudinal_max,8036,1786469597.875215,-0.08462750166654587
action/longitudinal_max,8536,1786469642.006991,0.38892197608947754
action/longitudinal_max,9036,1786469687.081805,0.9828770160675049
action/longitudinal_max,9209,1786469705.741432,0.8960736393928528
action/longitudinal_max,9709,1786469751.034632,0.9506136775016785
action/longitudinal_max,10000,1786469779.426975,0.3343241214752197
action/longitudinal_mean,500,1786468883.385944,-0.1418529450893402
action/longitudinal_mean,671,1786468901.332618,0.05655969679355621
action/longitudinal_mean,921,1786468925.911749,0.12489558756351471
action/longitudinal_mean,1167,1786468950.003775,0.03186867758631706
action/longitudinal_mean,1215,1786468958.406607,0.35752081871032715
action/longitudinal_mean,1281,1786468968.202042,0.13909894227981567
action/longitudinal_mean,1781,1786469018.077429,0.07755394279956818
action/longitudinal_mean,1825,1786469026.984078,0.21949443221092224
action/longitudinal_mean,2027,1786469049.696750,-0.016375403851270676
action/longitudinal_mean,2457,1786469089.622847,0.022910943254828453
action/longitudinal_mean,2957,1786469134.390734,-0.11624857783317566
action/longitudinal_mean,3257,1786469162.948188,0.016655661165714264
action/longitudinal_mean,3757,1786469207.034132,-0.5173691511154175
action/longitudinal_mean,4257,1786469252.153308,-0.7287032604217529
action/longitudinal_mean,4757,1786469297.397827,-0.4833475947380066
action/longitudinal_mean,5257,1786469342.028595,-0.3091180622577667
action/longitudinal_mean,5757,1786469386.520521,-0.8418251872062683
action/longitudinal_mean,5925,1786469404.141716,0.08263041824102402
action/longitudinal_mean,6036,1786469417.565635,0.06495733559131622
action/longitudinal_mean,6536,1786469461.767681,0.047631315886974335
action/longitudinal_mean,7036,1786469506.225611,-0.5689246654510498
action/longitudinal_mean,7536,1786469552.097127,-0.0794994980096817
action/longitudinal_mean,8036,1786469597.875173,-0.9220690131187439
action/longitudinal_mean,8536,1786469642.006943,-0.9383288621902466
action/longitudinal_mean,9036,1786469687.081758,-0.3484691083431244
action/longitudinal_mean,9209,1786469705.741393,-0.527867317199707
action/longitudinal_mean,9709,1786469751.034594,-0.12929511070251465
action/longitudinal_mean,10000,1786469779.426933,-0.8188178539276123
action/longitudinal_min,500,1786468883.385974,-0.9932527542114258
action/longitudinal_min,671,1786468901.332643,-0.9550858736038208
action/longitudinal_min,921,1786468925.911783,-0.9980624318122864
action/longitudinal_min,1167,1786468950.003803,-0.983424186706543
action/longitudinal_min,1215,1786468958.406633,-0.9520661234855652
action/longitudinal_min,1281,1786468968.202070,-0.9522115588188171
action/longitudinal_min,1781,1786469018.077531,-0.9874757528305054
action/longitudinal_min,1825,1786469026.984133,-0.967860758304596
action/longitudinal_min,2027,1786469049.696917,-0.9576424956321716
action/longitudinal_min,2457,1786469089.622882,-0.9869584441184998
action/longitudinal_min,2957,1786469134.390758,-0.9827818870544434
action/longitudinal_min,3257,1786469162.948217,-0.9955791234970093
action/longitudinal_min,3757,1786469207.034164,-0.987646758556366
action/longitudinal_min,4257,1786469252.153344,-0.9972894787788391
action/longitudinal_min,4757,1786469297.397861,-0.9966901540756226
action/longitudinal_min,5257,1786469342.028630,-0.9923378229141235
action/longitudinal_min,5757,1786469386.520564,-0.9976801872253418
action/longitudinal_min,5925,1786469404.141743,-0.9713289737701416
action/longitudinal_min,6036,1786469417.565666,-0.9586642384529114
action/longitudinal_min,6536,1786469461.767710,-0.9879193305969238
action/longitudinal_min,7036,1786469506.225653,-0.996744692325592
action/longitudinal_min,7536,1786469552.097168,-0.989566445350647
action/longitudinal_min,8036,1786469597.875205,-0.9985069632530212
action/longitudinal_min,8536,1786469642.006983,-0.9979594945907593
action/longitudinal_min,9036,1786469687.081794,-0.998102605342865
action/longitudinal_min,9209,1786469705.741423,-0.9949678778648376
action/longitudinal_min,9709,1786469751.034623,-0.9936984777450562
action/longitudinal_min,10000,1786469779.426965,-0.9966230392456055
action/longitudinal_std,500,1786468883.385966,0.6180819869041443
action/longitudinal_std,671,1786468901.332634,0.59193354845047
action/longitudinal_std,921,1786468925.911771,0.5807493329048157
action/longitudinal_std,1167,1786468950.003792,0.6036121845245361
action/longitudinal_std,1215,1786468958.406623,0.5367727875709534
action/longitudinal_std,1281,1786468968.202060,0.582534909248352
action/longitudinal_std,1781,1786469018.077490,0.579544186592102
action/longitudinal_std,1825,1786469026.984110,0.5555389523506165
action/longitudinal_std,2027,1786469049.696877,0.5856627821922302
action/longitudinal_std,2457,1786469089.622868,0.6059805154800415
action/longitudinal_std,2957,1786469134.390750,0.5835610032081604
action/longitudinal_std,3257,1786469162.948206,0.6068518757820129
action/longitudinal_std,3757,1786469207.034153,0.45419421792030334
action/longitudinal_std,4257,1786469252.153331,0.4136688709259033
action/longitudinal_std,4757,1786469297.397850,0.46055689454078674
action/longitudinal_std,5257,1786469342.028618,0.5218936204910278
action/longitudinal_std,5757,1786469386.520552,0.2576560378074646
action/longitudinal_std,5925,1786469404.141733,0.5991196036338806
action/longitudinal_std,6036,1786469417.565655,0.5729060769081116
action/longitudinal_std,6536,1786469461.767700,0.5984852313995361
action/longitudinal_std,7036,1786469506.225640,0.4090510308742523
action/longitudinal_std,7536,1786469552.097155,0.5711698532104492
action/longitudinal_std,8036,1786469597.875194,0.10770952701568604
action/longitudinal_std,8536,1786469642.006972,0.09062676876783371
action/longitudinal_std,9036,1786469687.081781,0.5368972420692444
action/longitudinal_std,9209,1786469705.741412,0.4634328782558441
action/longitudinal_std,9709,1786469751.034613,0.5762043595314026
action/longitudinal_std,10000,1786469779.426954,0.21529415249824524
action/steer_max,500,1786468883.386019,0.9943759441375732
action/steer_max,671,1786468901.332679,0.9840744733810425
action/steer_max,921,1786468925.911829,0.9912367463111877
action/steer_max,1167,1786468950.004291,0.9798391461372375
action/steer_max,1215,1786468958.406677,0.9495656490325928
action/steer_max,1281,1786468968.202196,0.9800192713737488
action/steer_max,1781,1786469018.077938,0.975692093372345
action/steer_max,1825,1786469026.984356,0.9849540591239929
action/steer_max,2027,1786469049.697056,0.9654630422592163
action/steer_max,2457,1786469089.622926,0.9609732627868652
action/steer_max,2957,1786469134.390796,0.9789592623710632
action/steer_max,3257,1786469162.948263,0.995720386505127
action/steer_max,3757,1786469207.034209,0.8244640827178955
action/steer_max,4257,1786469252.153386,0.9465534687042236
action/steer_max,4757,1786469297.397907,0.9822578430175781
action/steer_max,5257,1786469342.028676,0.9909115433692932
action/steer_max,5757,1786469386.520607,0.9739339351654053
action/steer_max,5925,1786469404.141787,0.9856196045875549
action/steer_max,6036,1786469417.565817,0.9467747807502747
action/steer_max,6536,1786469461.767756,0.9956047534942627
action/steer_max,7036,1786469506.226035,0.9919036030769348
action/steer_max,7536,1786469552.097207,0.9909908771514893
action/steer_max,8036,1786469597.875249,0.9941304326057434
action/steer_max,8536,1786469642.007024,0.9955374002456665
action/steer_max,9036,1786469687.081844,0.9920179843902588
action/steer_max,9209,1786469705.741489,0.8908790349960327
action/steer_max,9709,1786469751.034666,0.992417573928833
action/steer_max,10000,1786469779.427251,0.9607378244400024
action/steer_mean,500,1786468883.385998,0.017871445044875145
action/steer_mean,671,1786468901.332658,-0.035597845911979675
action/steer_mean,921,1786468925.911802,-0.008104071952402592
action/steer_mean,1167,1786468950.004067,-0.02707515098154545
action/steer_mean,1215,1786468958.406651,0.2190917283296585
action/steer_mean,1281,1786468968.202089,0.15521447360515594
action/steer_mean,1781,1786469018.077718,0.012661060318350792
action/steer_mean,1825,1786469026.984181,0.04888758808374405
action/steer_mean,2027,1786469049.696975,-0.007638235576450825
action/steer_mean,2457,1786469089.622900,-0.09021595865488052
action/steer_mean,2957,1786469134.390773,-0.1591835469007492
action/steer_mean,3257,1786469162.948235,-0.035025689750909805
action/steer_mean,3757,1786469207.034182,-0.5140984058380127
action/steer_mean,4257,1786469252.153361,-0.6316899657249451
action/steer_mean,4757,1786469297.397880,-0.2513488531112671
action/steer_mean,5257,1786469342.028648,-0.11967344582080841
action/steer_mean,5757,1786469386.520581,-0.19060495495796204
action/steer_mean,5925,1786469404.141761,-0.14664658904075623
action/steer_mean,6036,1786469417.565685,-0.2145455777645111
action/steer_mean,6536,1786469461.767728,-0.01886131800711155
action/steer_mean,7036,1786469506.225900,0.537820041179657
action/steer_mean,7536,1786469552.097185,0.08311872184276581
action/steer_mean,8036,1786469597.875223,0.6720009446144104
action/steer_mean,8536,1786469642.006999,0.6193735599517822
action/steer_mean,9036,1786469687.081815,0.2564639151096344
action/steer_mean,9209,1786469705.741441,-0.07962842285633087
action/steer_mean,9709,1786469751.034640,0.0164682287722826
action/steer_mean,10000,1786469779.426985,-0.3441540598869324
action/steer_min,500,1786468883.386012,-0.9917988181114197
action/steer_min,671,1786468901.332672,-0.9882476329803467
action/steer_min,921,1786468925.911820,-0.9847257137298584
action/steer_min,1167,1786468950.004256,-0.9815825819969177
action/steer_min,1215,1786468958.406670,-0.8602616786956787
action/steer_min,1281,1786468968.202149,-0.9073982238769531
action/steer_min,1781,1786469018.077905,-0.9839926958084106
action/steer_min,1825,1786469026.984296,-0.9695120453834534
action/steer_min,2027,1786469049.697029,-0.9913221001625061
action/steer_min,2457,1786469089.622917,-0.9947296380996704
action/steer_min,2957,1786469134.390789,-0.9913932681083679
action/steer_min,3257,1786469162.948254,-0.9885082244873047
action/steer_min,3757,1786469207.034200,-0.9958614110946655
action/steer_min,4257,1786469252.153378,-0.9961354732513428
action/steer_min,4757,1786469297.397898,-0.9867685437202454
action/steer_min,5257,1786469342.028667,-0.9911034107208252
action/steer_min,5757,1786469386.520598,-0.987143874168396
action/steer_min,5925,1786469404.141778,-0.9867097735404968
action/steer_min,6036,1786469417.565766,-0.9928542971611023
action/steer_min,6536,1786469461.767747,-0.9988915324211121
action/steer_min,7036,1786469506.225919,-0.9437333345413208
action/steer_min,7536,1786469552.097200,-0.9970887899398804
action/steer_min,8036,1786469597.875241,-0.8115004301071167
action/steer_min,8536,1786469642.007015,-0.852149486541748
action/steer_min,9036,1786469687.081836,-0.9733959436416626
action/steer_min,9209,1786469705.741458,-0.9707039594650269
action/steer_min,9709,1786469751.034657,-0.9882217645645142
action/steer_min,10000,1786469779.427151,-0.9906495809555054
action/steer_std,500,1786468883.386004,0.6220468878746033
action/steer_std,671,1786468901.332665,0.6150888800621033
action/steer_std,921,1786468925.911811,0.5783472061157227
action/steer_std,1167,1786468950.004115,0.5878540277481079
action/steer_std,1215,1786468958.406661,0.5511931777000427
action/steer_std,1281,1786468968.202098,0.5462780594825745
action/steer_std,1781,1786469018.077765,0.5863292217254639
action/steer_std,1825,1786469026.984203,0.588878870010376
action/steer_std,2027,1786469049.697002,0.6215050220489502
action/steer_std,2457,1786469089.622908,0.5968223214149475
action/steer_std,2957,1786469134.390781,0.5794962644577026
action/steer_std,3257,1786469162.948245,0.576256513595581
action/steer_std,3757,1786469207.034191,0.4361753463745117
action/steer_std,4257,1786469252.153370,0.4063889682292938
action/steer_std,4757,1786469297.397889,0.5640330910682678
action/steer_std,5257,1786469342.028658,0.5708093047142029
action/steer_std,5757,1786469386.520590,0.5701375007629395
action/steer_std,5925,1786469404.141769,0.5545764565467834
action/steer_std,6036,1786469417.565695,0.5173773169517517
action/steer_std,6536,1786469461.767738,0.5899910926818848
action/steer_std,7036,1786469506.225910,0.457293301820755
action/steer_std,7536,1786469552.097192,0.5827085375785828
action/steer_std,8036,1786469597.875232,0.34332531690597534
action/steer_std,8536,1786469642.007007,0.37818092107772827
action/steer_std,9036,1786469687.081825,0.5466151833534241
action/steer_std,9209,1786469705.741450,0.5185896158218384
action/steer_std,9709,1786469751.034648,0.5950771570205688
action/steer_std,10000,1786469779.426994,0.48723527789115906
episode/cost,500,1786468883.384752,0.0
episode/cost,671,1786468901.331917,20.0
episode/cost,921,1786468925.911166,20.0
episode/cost,1167,1786468950.003433,20.0
episode/cost,1215,1786468958.406286,20.0
episode/cost,1281,1786468968.201493,20.0
episode/cost,1781,1786469018.077003,0.0
episode/cost,1825,1786469026.983324,20.0
episode/cost,2027,1786469049.696344,20.0
episode/cost,2457,1786469089.621887,20.0
episode/cost,2957,1786469134.390096,0.0
episode/cost,3257,1786469162.947582,20.0
episode/cost,3757,1786469207.033008,0.0
episode/cost,4257,1786469252.152237,0.0
episode/cost,4757,1786469297.396918,0.0
episode/cost,5257,1786469342.027851,0.0
episode/cost,5757,1786469386.519336,0.0
episode/cost,5925,1786469404.141065,20.0
episode/cost,6036,1786469417.564961,20.0
episode/cost,6536,1786469461.766582,0.0
episode/cost,7036,1786469506.224691,0.0
episode/cost,7536,1786469552.096313,0.0
episode/cost,8036,1786469597.874144,0.0
episode/cost,8536,1786469642.005994,0.0
episode/cost,9036,1786469687.080981,0.0
episode/cost,9209,1786469705.740899,20.0
episode/cost,9709,1786469751.033781,0.0
episode/cost,10000,1786469779.426455,0.0
episode/index,500,1786468883.384963,0.0
episode/index,671,1786468901.332245,1.0
episode/index,921,1786468925.911183,2.0
episode/index,1167,1786468950.003450,3.0
episode/index,1215,1786468958.406302,4.0
episode/index,1281,1786468968.201588,5.0
episode/index,1781,1786469018.077020,6.0
episode/index,1825,1786469026.983607,7.0
episode/index,2027,1786469049.696406,8.0
episode/index,2457,1786469089.621980,9.0
episode/index,2957,1786469134.390112,10.0
episode/index,3257,1786469162.947639,11.0
episode/index,3757,1786469207.033184,12.0
episode/index,4257,1786469252.152316,13.0
episode/index,4757,1786469297.397124,14.0
episode/index,5257,1786469342.027911,15.0
episode/index,5757,1786469386.519449,16.0
episode/index,5925,1786469404.141247,17.0
episode/index,6036,1786469417.565060,18.0
episode/index,6536,1786469461.766806,19.0
episode/index,7036,1786469506.224882,20.0
episode/index,7536,1786469552.096477,21.0
episode/index,8036,1786469597.874160,22.0
episode/index,8536,1786469642.006071,23.0
episode/index,9036,1786469687.081014,24.0
episode/index,9209,1786469705.740952,25.0
episode/index,9709,1786469751.033842,26.0
episode/index,10000,1786469779.426474,27.0
episode/length,500,1786468883.384799,500.0
episode/length,671,1786468901.332227,171.0
episode/length,921,1786468925.911175,250.0
episode/length,1167,1786468950.003443,246.0
episode/length,1215,1786468958.406295,48.0
episode/length,1281,1786468968.201540,66.0
episode/length,1781,1786469018.077012,500.0
episode/length,1825,1786469026.983496,44.0
episode/length,2027,1786469049.696378,202.0
episode/length,2457,1786469089.621934,430.0
episode/length,2957,1786469134.390105,500.0
episode/length,3257,1786469162.947611,300.0
episode/length,3757,1786469207.033165,500.0
episode/length,4257,1786469252.152258,500.0
episode/length,4757,1786469297.396968,500.0
episode/length,5257,1786469342.027884,500.0
episode/length,5757,1786469386.519396,500.0
episode/length,5925,1786469404.141228,168.0
episode/length,6036,1786469417.565014,111.0
episode/length,6536,1786469461.766758,500.0
episode/length,7036,1786469506.224702,500.0
episode/length,7536,1786469552.096458,500.0
episode/length,8036,1786469597.874153,500.0
episode/length,8536,1786469642.006034,500.0
episode/length,9036,1786469687.081003,500.0
episode/length,9209,1786469705.740926,173.0
episode/length,9709,1786469751.033792,500.0
episode/length,10000,1786469779.426466,291.0
episode/reward,500,1786468883.384614,8.748366355895996
episode/reward,671,1786468901.331898,-315.1004333496094
episode/reward,921,1786468925.911147,-283.0255126953125
episode/reward,1167,1786468950.003414,-305.29425048828125
episode/reward,1215,1786468958.406267,-187.49131774902344
episode/reward,1281,1786468968.201442,-160.46441650390625
episode/reward,1781,1786469018.076985,-92.14352416992188
episode/reward,1825,1786469026.983289,-209.86607360839844
episode/reward,2027,1786469049.696325,-336.0985107421875
episode/reward,2457,1786469089.621835,-521.549560546875
episode/reward,2957,1786469134.390078,-168.58331298828125
episode/reward,3257,1786469162.947534,-222.35086059570312
episode/reward,3757,1786469207.032990,3.040505886077881
episode/reward,4257,1786469252.152084,-91.62509155273438
episode/reward,4757,1786469297.396763,-14.040799140930176
episode/reward,5257,1786469342.027813,-58.5155029296875
episode/reward,5757,1786469386.519314,1.925253987312317
episode/reward,5925,1786469404.141047,-263.6670227050781
episode/reward,6036,1786469417.564900,-229.294677734375
episode/reward,6536,1786469461.766540,-566.3546752929688
episode/reward,7036,1786469506.224670,-11.263506889343262
episode/reward,7536,1786469552.096294,-235.10198974609375
episode/reward,8036,1786469597.874125,2.507983922958374
episode/reward,8536,1786469642.005942,1.9248803853988647
episode/reward,9036,1786469687.080843,-90.64514923095703
episode/reward,9209,1786469705.740867,-198.6844024658203
episode/reward,9709,1786469751.033760,-128.7276611328125
episode/reward,10000,1786469779.426387,1.924737572669983
episode/truncated_by_budget,500,1786468883.385008,0.0
episode/truncated_by_budget,671,1786468901.332254,0.0
episode/truncated_by_budget,921,1786468925.911190,0.0
episode/truncated_by_budget,1167,1786468950.003458,0.0
episode/truncated_by_budget,1215,1786468958.406309,0.0
episode/truncated_by_budget,1281,1786468968.201638,0.0
episode/truncated_by_budget,1781,1786469018.077027,0.0
episode/truncated_by_budget,1825,1786469026.983667,0.0
episode/truncated_by_budget,2027,1786469049.696433,0.0
episode/truncated_by_budget,2457,1786469089.622025,0.0
episode/truncated_by_budget,2957,1786469134.390119,0.0
episode/truncated_by_budget,3257,1786469162.947669,0.0
episode/truncated_by_budget,3757,1786469207.033346,0.0
episode/truncated_by_budget,4257,1786469252.152367,0.0
episode/truncated_by_budget,4757,1786469297.397172,0.0
episode/truncated_by_budget,5257,1786469342.027938,0.0
episode/truncated_by_budget,5757,1786469386.519500,0.0
episode/truncated_by_budget,5925,1786469404.141255,0.0
episode/truncated_by_budget,6036,1786469417.565104,0.0
episode/truncated_by_budget,6536,1786469461.766955,0.0
episode/truncated_by_budget,7036,1786469506.224903,0.0
episode/truncated_by_budget,7536,1786469552.096487,0.0
episode/truncated_by_budget,8036,1786469597.874259,0.0
episode/truncated_by_budget,8536,1786469642.006106,0.0
episode/truncated_by_budget,9036,1786469687.081022,0.0
episode/truncated_by_budget,9209,1786469705.740978,0.0
episode/truncated_by_budget,9709,1786469751.033878,0.0
episode/truncated_by_budget,10000,1786469779.426483,1.0
reward/collision,1,1786468842.728938,0.0
reward/collision,11,1786468843.404641,0.0
reward/collision,21,1786468844.211585,0.0
reward/collision,31,1786468845.018396,0.0
reward/collision,41,1786468845.830288,0.0
reward/collision,51,1786468846.638696,0.0
reward/collision,61,1786468847.449117,0.0
reward/collision,71,1786468848.260466,0.0
reward/collision,81,1786468849.073092,0.0
reward/collision,91,1786468849.893085,0.0
reward/collision,101,1786468850.710127,0.0
reward/collision,111,1786468851.526466,0.0
reward/collision,121,1786468852.341180,0.0
reward/collision,131,1786468853.176272,0.0
reward/collision,141,1786468854.030892,0.0
reward/collision,151,1786468854.890147,0.0
reward/collision,161,1786468855.731916,0.0
reward/collision,171,1786468856.557966,0.0
reward/collision,181,1786468857.386117,0.0
reward/collision,191,1786468858.210305,0.0
reward/collision,201,1786468859.035403,0.0
reward/collision,211,1786468859.861135,0.0
reward/collision,221,1786468860.679188,0.0
reward/collision,231,1786468861.501042,0.0
reward/collision,241,1786468862.323673,0.0
reward/collision,251,1786468863.141333,0.0
reward/collision,261,1786468863.956786,0.0
reward/collision,271,1786468864.773072,0.0
reward/collision,281,1786468865.594138,0.0
reward/collision,291,1786468866.417189,0.0
reward/collision,301,1786468867.230475,0.0
reward/collision,311,1786468868.049486,0.0
reward/collision,321,1786468868.867125,0.0
reward/collision,331,1786468869.686421,0.0
reward/collision,341,1786468870.501115,0.0
reward/collision,351,1786468871.318449,0.0
reward/collision,361,1786468872.137845,0.0
reward/collision,371,1786468872.954661,0.0
reward/collision,381,1786468873.772674,0.0
reward/collision,391,1786468874.591607,0.0
reward/collision,401,1786468875.405934,0.0
reward/collision,411,1786468876.222620,0.0
reward/collision,421,1786468877.037830,0.0
reward/collision,431,1786468877.847034,0.0
reward/collision,441,1786468878.654866,0.0
reward/collision,451,1786468879.458207,0.0
reward/collision,461,1786468880.255041,0.0
reward/collision,471,1786468881.050108,0.0
reward/collision,481,1786468881.846042,0.0
reward/collision,491,1786468882.639038,0.0
reward/collision,501,1786468887.891423,0.0
reward/collision,511,1786468888.618834,0.0
reward/collision,521,1786468889.419741,0.0
reward/collision,531,1786468890.227309,0.0
reward/collision,541,1786468891.023779,0.0
reward/collision,551,1786468891.812327,0.0
reward/collision,561,1786468892.601899,0.0
reward/collision,571,1786468893.391037,0.0
reward/collision,581,1786468894.183784,0.0
reward/collision,591,1786468894.974910,0.0
reward/collision,601,1786468895.769804,0.0
reward/collision,611,1786468896.567981,0.0
reward/collision,621,1786468897.360153,0.0
reward/collision,631,1786468898.161033,0.0
reward/collision,641,1786468898.951972,0.0
reward/collision,651,1786468899.742826,0.0
reward/collision,661,1786468900.536883,0.0
reward/collision,671,1786468901.331520,0.0
reward/collision,681,1786468906.557422,0.0
reward/collision,691,1786468907.340513,0.0
reward/collision,701,1786468908.131588,0.0
reward/collision,711,1786468908.919455,0.0
reward/collision,721,1786468909.735826,0.0
reward/collision,731,1786468910.533515,0.0
reward/collision,741,1786468911.341504,0.0
reward/collision,751,1786468912.155822,0.0
reward/collision,761,1786468912.961854,0.0
reward/collision,771,1786468913.771338,0.0
reward/collision,781,1786468914.581203,0.0
reward/collision,791,1786468915.386143,0.0
reward/collision,801,1786468916.199157,0.0
reward/collision,811,1786468916.998892,0.0
reward/collision,821,1786468917.806744,0.0
reward/collision,831,1786468918.617676,0.0
reward/collision,841,1786468919.424142,0.0
reward/collision,851,1786468920.232735,0.0
reward/collision,861,1786468921.045108,0.0
reward/collision,871,1786468921.857360,0.0
reward/collision,881,1786468922.664865,0.0
reward/collision,891,1786468923.489479,0.0
reward/collision,901,1786468924.288429,0.0
reward/collision,911,1786468925.099948,0.0
reward/collision,921,1786468925.910895,0.0
reward/collision,931,1786468931.142588,0.0
reward/collision,941,1786468931.933649,0.0
reward/collision,951,1786468932.717214,0.0
reward/collision,961,1786468933.507304,0.0
reward/collision,971,1786468934.308597,0.0
reward/collision,981,1786468935.109658,0.0
reward/collision,991,1786468935.912058,0.0
reward/collision,1001,1786468936.713455,0.0
reward/collision,1011,1786468937.516758,0.0
reward/collision,1021,1786468938.327597,0.0
reward/collision,1031,1786468939.121796,0.0
reward/collision,1041,1786468939.919930,0.0
reward/collision,1051,1786468940.717125,0.0
reward/collision,1061,1786468941.519270,0.0
reward/collision,1071,1786468942.322626,0.0
reward/collision,1081,1786468943.122428,0.0
reward/collision,1091,1786468943.920998,0.0
reward/collision,1101,1786468944.723498,0.0
reward/collision,1112,1786468945.603452,0.0
reward/collision,1122,1786468946.401653,0.0
reward/collision,1132,1786468947.205832,0.0
reward/collision,1142,1786468948.000932,0.0
reward/collision,1152,1786468948.797971,0.0
reward/collision,1162,1786468949.595076,0.0
reward/collision,1172,1786468954.811386,0.0
reward/collision,1182,1786468955.642489,0.0
reward/collision,1192,1786468956.475008,0.0
reward/collision,1202,1786468957.316221,0.0
reward/collision,1212,1786468958.154750,0.0
reward/collision,1222,1786468963.573255,0.0
reward/collision,1232,1786468964.366349,0.0
reward/collision,1242,1786468965.157951,0.0
reward/collision,1252,1786468965.941800,0.0
reward/collision,1262,1786468966.718936,0.0
reward/collision,1272,1786468967.499199,0.0
reward/collision,1282,1786468972.714751,0.0
reward/collision,1292,1786468973.440927,0.0
reward/collision,1302,1786468974.266471,0.0
reward/collision,1312,1786468975.059270,0.0
reward/collision,1322,1786468975.865733,0.0
reward/collision,1332,1786468976.678474,0.0
reward/collision,1342,1786468977.493928,0.0
reward/collision,1352,1786468978.318016,0.0
reward/collision,1362,1786468979.202856,0.0
reward/collision,1372,1786468980.175183,0.0
reward/collision,1382,1786468981.286551,0.0
reward/collision,1392,1786468982.495256,0.0
reward/collision,1402,1786468983.460390,0.0
reward/collision,1412,1786468984.435112,0.0
reward/collision,1422,1786468985.384039,0.0
reward/collision,1432,1786468986.382464,0.0
reward/collision,1442,1786468987.218914,0.0
reward/collision,1452,1786468988.057429,0.0
reward/collision,1462,1786468988.897398,0.0
reward/collision,1472,1786468989.854389,0.0
reward/collision,1482,1786468990.734875,0.0
reward/collision,1492,1786468991.580318,0.0
reward/collision,1502,1786468992.419320,0.0
reward/collision,1512,1786468993.248943,0.0
reward/collision,1522,1786468994.111305,0.0
reward/collision,1532,1786468994.977005,0.0
reward/collision,1542,1786468995.856467,0.0
reward/collision,1552,1786468996.740172,0.0
reward/collision,1562,1786468997.601407,0.0
reward/collision,1572,1786468998.458649,0.0
reward/collision,1582,1786468999.426311,0.0
reward/collision,1592,1786469000.431313,0.0
reward/collision,1602,1786469001.330264,0.0
reward/collision,1612,1786469002.181108,0.0
reward/collision,1622,1786469003.134109,0.0
reward/collision,1632,1786469004.076101,0.0
reward/collision,1642,1786469005.411269,0.0
reward/collision,1652,1786469006.457783,0.0
reward/collision,1662,1786469007.292226,0.0
reward/collision,1672,1786469008.128236,0.0
reward/collision,1682,1786469008.967758,0.0
reward/collision,1692,1786469009.798396,0.0
reward/collision,1702,1786469010.805591,0.0
reward/collision,1712,1786469011.706454,0.0
reward/collision,1722,1786469012.651165,0.0
reward/collision,1732,1786469013.557666,0.0
reward/collision,1742,1786469014.400050,0.0
reward/collision,1752,1786469015.238331,0.0
reward/collision,1762,1786469016.366349,0.0
reward/collision,1772,1786469017.316416,0.0
reward/collision,1782,1786469022.940055,0.0
reward/collision,1792,1786469023.652360,0.0
reward/collision,1802,1786469024.438522,0.0
reward/collision,1812,1786469025.225003,0.0
reward/collision,1822,1786469026.608387,0.0
reward/collision,1832,1786469033.617777,0.0
reward/collision,1842,1786469034.442208,0.0
reward/collision,1852,1786469035.254936,0.0
reward/collision,1862,1786469036.087073,0.0
reward/collision,1872,1786469036.935650,0.0
reward/collision,1882,1786469037.754388,0.0
reward/collision,1892,1786469038.562200,0.0
reward/collision,1902,1786469039.376457,0.0
reward/collision,1912,1786469040.198753,0.0
reward/collision,1922,1786469041.020906,0.0
reward/collision,1932,1786469041.848525,0.0
reward/collision,1942,1786469042.659577,0.0
reward/collision,1952,1786469043.463816,0.0
reward/collision,1962,1786469044.259108,0.0
reward/collision,1972,1786469045.054514,0.0
reward/collision,1982,1786469045.866681,0.0
reward/collision,1992,1786469046.682467,0.0
reward/collision,2002,1786469047.724292,0.0
reward/collision,2012,1786469048.444079,0.0
reward/collision,2022,1786469049.274319,0.0
reward/collision,2032,1786469054.645316,0.0
reward/collision,2042,1786469055.456782,0.0
reward/collision,2052,1786469056.280735,0.0
reward/collision,2062,1786469057.098980,0.0
reward/collision,2072,1786469057.922281,0.0
reward/collision,2082,1786469058.740472,0.0
reward/collision,2092,1786469059.569271,0.0
reward/collision,2102,1786469060.401797,0.0
reward/collision,2112,1786469061.241610,0.0
reward/collision,2122,1786469062.082943,0.0
reward/collision,2132,1786469062.918336,0.0
reward/collision,2142,1786469063.757679,0.0
reward/collision,2152,1786469064.597890,0.0
reward/collision,2162,1786469065.440486,0.0
reward/collision,2172,1786469066.271364,0.0
reward/collision,2182,1786469067.095670,0.0
reward/collision,2192,1786469067.922599,0.0
reward/collision,2202,1786469068.745719,0.0
reward/collision,2212,1786469069.570996,0.0
reward/collision,2223,1786469070.472116,0.0
reward/collision,2233,1786469071.284410,0.0
reward/collision,2243,1786469072.102014,0.0
reward/collision,2253,1786469072.913044,0.0
reward/collision,2263,1786469073.720233,0.0
reward/collision,2273,1786469074.527627,0.0
reward/collision,2283,1786469075.332501,0.0
reward/collision,2293,1786469076.138543,0.0
reward/collision,2303,1786469076.948155,0.0
reward/collision,2313,1786469077.782607,0.0
reward/collision,2323,1786469078.612396,0.0
reward/collision,2333,1786469079.439254,0.0
reward/collision,2343,1786469080.267593,0.0
reward/collision,2353,1786469081.095372,0.0
reward/collision,2363,1786469081.931253,0.0
reward/collision,2373,1786469082.755716,0.0
reward/collision,2383,1786469083.590743,0.0
reward/collision,2393,1786469084.404160,0.0
reward/collision,2403,1786469085.229453,0.0
reward/collision,2413,1786469086.045382,0.0
reward/collision,2423,1786469086.856328,0.0
reward/collision,2433,1786469087.669672,0.0
reward/collision,2443,1786469088.483313,0.0
reward/collision,2453,1786469089.296624,0.0
reward/collision,2463,1786469094.583679,0.0
reward/collision,2473,1786469095.361849,0.0
reward/collision,2483,1786469096.147774,0.0
reward/collision,2493,1786469096.924834,0.0
reward/collision,2503,1786469097.710599,0.0
reward/collision,2513,1786469098.492463,0.0
reward/collision,2523,1786469099.273526,0.0
reward/collision,2533,1786469100.060034,0.0
reward/collision,2543,1786469100.846609,0.0
reward/collision,2553,1786469101.632230,0.0
reward/collision,2563,1786469102.413795,0.0
reward/collision,2573,1786469103.200036,0.0
reward/collision,2583,1786469103.985634,0.0
reward/collision,2593,1786469104.772996,0.0
reward/collision,2603,1786469105.560244,0.0
reward/collision,2613,1786469106.357137,0.0
reward/collision,2623,1786469107.174449,0.0
reward/collision,2633,1786469107.994272,0.0
reward/collision,2643,1786469108.809169,0.0
reward/collision,2653,1786469109.619139,0.0
reward/collision,2663,1786469110.437249,0.0
reward/collision,2673,1786469111.262080,0.0
reward/collision,2683,1786469112.073121,0.0
reward/collision,2693,1786469112.888560,0.0
reward/collision,2703,1786469113.703914,0.0
reward/collision,2713,1786469114.516402,0.0
reward/collision,2723,1786469115.326964,0.0
reward/collision,2733,1786469116.133334,0.0
reward/collision,2743,1786469116.939303,0.0
reward/collision,2753,1786469117.760167,0.0
reward/collision,2763,1786469118.564492,0.0
reward/collision,2773,1786469119.369047,0.0
reward/collision,2783,1786469120.175803,0.0
reward/collision,2793,1786469120.984988,0.0
reward/collision,2803,1786469121.794409,0.0
reward/collision,2813,1786469122.605325,0.0
reward/collision,2823,1786469123.413496,0.0
reward/collision,2833,1786469124.223532,0.0
reward/collision,2843,1786469125.035844,0.0
reward/collision,2853,1786469125.854441,0.0
reward/collision,2863,1786469126.671813,0.0
reward/collision,2873,1786469127.508883,0.0
reward/collision,2883,1786469128.311915,0.0
reward/collision,2893,1786469129.139000,0.0
reward/collision,2903,1786469129.961397,0.0
reward/collision,2913,1786469130.781950,0.0
reward/collision,2923,1786469131.604379,0.0
reward/collision,2933,1786469132.422879,0.0
reward/collision,2943,1786469133.249113,0.0
reward/collision,2953,1786469134.064681,0.0
reward/collision,2963,1786469139.276142,0.0
reward/collision,2973,1786469140.070192,0.0
reward/collision,2983,1786469140.863158,0.0
reward/collision,2993,1786469141.660805,0.0
reward/collision,3003,1786469142.461197,0.0
reward/collision,3013,1786469143.256767,0.0
reward/collision,3023,1786469144.066146,0.0
reward/collision,3033,1786469144.869434,0.0
reward/collision,3043,1786469145.676407,0.0
reward/collision,3053,1786469146.484285,0.0
reward/collision,3063,1786469147.289244,0.0
reward/collision,3073,1786469148.100742,0.0
reward/collision,3083,1786469148.899766,0.0
reward/collision,3093,1786469149.710054,0.0
reward/collision,3103,1786469150.513325,0.0
reward/collision,3113,1786469151.313293,0.0
reward/collision,3123,1786469152.122380,0.0
reward/collision,3133,1786469152.935210,0.0
reward/collision,3143,1786469153.752548,0.0
reward/collision,3153,1786469154.560068,0.0
reward/collision,3163,1786469155.372736,0.0
reward/collision,3173,1786469156.188579,0.0
reward/collision,3183,1786469156.995193,0.0
reward/collision,3193,1786469157.801791,0.0
reward/collision,3203,1786469158.606314,0.0
reward/collision,3213,1786469159.410100,0.0
reward/collision,3223,1786469160.208811,0.0
reward/collision,3233,1786469161.011164,0.0
reward/collision,3243,1786469161.817827,0.0
reward/collision,3253,1786469162.623489,0.0
reward/collision,3263,1786469167.803249,0.0
reward/collision,3273,1786469168.593130,0.0
reward/collision,3283,1786469169.390788,0.0
reward/collision,3293,1786469170.174062,0.0
reward/collision,3303,1786469170.960903,0.0
reward/collision,3313,1786469171.747744,0.0
reward/collision,3323,1786469172.526379,0.0
reward/collision,3334,1786469173.379858,0.0
reward/collision,3344,1786469174.155669,0.0
reward/collision,3354,1786469174.931206,0.0
reward/collision,3364,1786469175.710068,0.0
reward/collision,3374,1786469176.485631,0.0
reward/collision,3384,1786469177.268065,0.0
reward/collision,3394,1786469178.046535,0.0
reward/collision,3404,1786469178.829466,0.0
reward/collision,3414,1786469179.622975,0.0
reward/collision,3424,1786469180.411715,0.0
reward/collision,3434,1786469181.207558,0.0
reward/collision,3444,1786469182.008916,0.0
reward/collision,3454,1786469182.815903,0.0
reward/collision,3464,1786469183.622997,0.0
reward/collision,3474,1786469184.428223,0.0
reward/collision,3484,1786469185.235910,0.0
reward/collision,3494,1786469186.046490,0.0
reward/collision,3504,1786469186.848236,0.0
reward/collision,3514,1786469187.653221,0.0
reward/collision,3524,1786469188.455169,0.0
reward/collision,3534,1786469189.256817,0.0
reward/collision,3544,1786469190.070714,0.0
reward/collision,3554,1786469190.863959,0.0
reward/collision,3564,1786469191.674218,0.0
reward/collision,3574,1786469192.467038,0.0
reward/collision,3584,1786469193.270267,0.0
reward/collision,3594,1786469194.076573,0.0
reward/collision,3604,1786469194.879709,0.0
reward/collision,3614,1786469195.679230,0.0
reward/collision,3624,1786469196.477589,0.0
reward/collision,3634,1786469197.278345,0.0
reward/collision,3644,1786469198.075894,0.0
reward/collision,3654,1786469198.873299,0.0
reward/collision,3664,1786469199.671722,0.0
reward/collision,3674,1786469200.465381,0.0
reward/collision,3684,1786469201.262288,0.0
reward/collision,3694,1786469202.064365,0.0
reward/collision,3704,1786469202.853526,0.0
reward/collision,3714,1786469203.649743,0.0
reward/collision,3724,1786469204.430875,0.0
reward/collision,3734,1786469205.220273,0.0
reward/collision,3744,1786469206.009029,0.0
reward/collision,3754,1786469206.795500,0.0
reward/collision,3764,1786469211.967750,0.0
reward/collision,3774,1786469212.776662,0.0
reward/collision,3784,1786469213.584962,0.0
reward/collision,3794,1786469214.400383,0.0
reward/collision,3804,1786469215.193108,0.0
reward/collision,3814,1786469215.998036,0.0
reward/collision,3824,1786469216.802444,0.0
reward/collision,3834,1786469217.619046,0.0
reward/collision,3844,1786469218.433403,0.0
reward/collision,3854,1786469219.244598,0.0
reward/collision,3864,1786469220.061074,0.0
reward/collision,3874,1786469220.873221,0.0
reward/collision,3884,1786469221.691617,0.0
reward/collision,3894,1786469222.513709,0.0
reward/collision,3904,1786469223.338376,0.0
reward/collision,3914,1786469224.164559,0.0
reward/collision,3924,1786469224.988448,0.0
reward/collision,3934,1786469225.816169,0.0
reward/collision,3944,1786469226.645128,0.0
reward/collision,3954,1786469227.474246,0.0
reward/collision,3964,1786469228.301707,0.0
reward/collision,3974,1786469229.132326,0.0
reward/collision,3984,1786469229.958187,0.0
reward/collision,3994,1786469230.783153,0.0
reward/collision,4004,1786469231.767744,0.0
reward/collision,4014,1786469232.581194,0.0
reward/collision,4024,1786469233.394676,0.0
reward/collision,4034,1786469234.211417,0.0
reward/collision,4044,1786469235.025896,0.0
reward/collision,4054,1786469235.843006,0.0
reward/collision,4064,1786469236.650815,0.0
reward/collision,4074,1786469237.465153,0.0
reward/collision,4084,1786469238.275532,0.0
reward/collision,4094,1786469239.080759,0.0
reward/collision,4104,1786469239.896300,0.0
reward/collision,4114,1786469240.714919,0.0
reward/collision,4124,1786469241.526869,0.0
reward/collision,4134,1786469242.333378,0.0
reward/collision,4144,1786469243.141027,0.0
reward/collision,4154,1786469243.948185,0.0
reward/collision,4164,1786469244.752461,0.0
reward/collision,4174,1786469245.560998,0.0
reward/collision,4184,1786469246.365853,0.0
reward/collision,4194,1786469247.161265,0.0
reward/collision,4204,1786469247.956202,0.0
reward/collision,4214,1786469248.746998,0.0
reward/collision,4224,1786469249.543838,0.0
reward/collision,4234,1786469250.333424,0.0
reward/collision,4244,1786469251.123434,0.0
reward/collision,4254,1786469251.919016,0.0
reward/collision,4264,1786469257.070758,0.0
reward/collision,4274,1786469257.879392,0.0
reward/collision,4284,1786469258.679493,0.0
reward/collision,4294,1786469259.483351,0.0
reward/collision,4304,1786469260.282682,0.0
reward/collision,4314,1786469261.071848,0.0
reward/collision,4324,1786469261.871583,0.0
reward/collision,4334,1786469262.678978,0.0
reward/collision,4344,1786469263.485123,0.0
reward/collision,4354,1786469264.287752,0.0
reward/collision,4364,1786469265.085309,0.0
reward/collision,4374,1786469265.883612,0.0
reward/collision,4384,1786469266.676268,0.0
reward/collision,4394,1786469267.471355,0.0
reward/collision,4404,1786469268.267083,0.0
reward/collision,4414,1786469269.059461,0.0
reward/collision,4424,1786469269.856730,0.0
reward/collision,4434,1786469270.665544,0.0
reward/collision,4445,1786469271.558077,0.0
reward/collision,4455,1786469272.371904,0.0
reward/collision,4465,1786469273.193843,0.0
reward/collision,4475,1786469274.003955,0.0
reward/collision,4485,1786469274.821924,0.0
reward/collision,4495,1786469275.649463,0.0
reward/collision,4505,1786469276.490580,0.0
reward/collision,4515,1786469277.316952,0.0
reward/collision,4525,1786469278.142580,0.0
reward/collision,4535,1786469278.971455,0.0
reward/collision,4545,1786469279.802512,0.0
reward/collision,4555,1786469280.634880,0.0
reward/collision,4565,1786469281.474915,0.0
reward/collision,4575,1786469282.299598,0.0
reward/collision,4585,1786469283.128240,0.0
reward/collision,4595,1786469283.960773,0.0
reward/collision,4605,1786469284.793138,0.0
reward/collision,4615,1786469285.619321,0.0
reward/collision,4625,1786469286.449730,0.0
reward/collision,4635,1786469287.270156,0.0
reward/collision,4645,1786469288.096227,0.0
reward/collision,4655,1786469288.920809,0.0
reward/collision,4665,1786469289.755322,0.0
reward/collision,4675,1786469290.580450,0.0
reward/collision,4685,1786469291.412481,0.0
reward/collision,4695,1786469292.243854,0.0
reward/collision,4705,1786469293.078339,0.0
reward/collision,4715,1786469293.913121,0.0
reward/collision,4725,1786469294.753606,0.0
reward/collision,4735,1786469295.585337,0.0
reward/collision,4745,1786469296.413073,0.0
reward/collision,4755,1786469297.235098,0.0
reward/collision,4765,1786469302.519479,0.0
reward/collision,4775,1786469303.308611,0.0
reward/collision,4785,1786469304.101026,0.0
reward/collision,4795,1786469304.883518,0.0
reward/collision,4805,1786469305.675927,0.0
reward/collision,4815,1786469306.454161,0.0
reward/collision,4825,1786469307.240425,0.0
reward/collision,4835,1786469308.030418,0.0
reward/collision,4845,1786469308.824372,0.0
reward/collision,4855,1786469309.618301,0.0
reward/collision,4865,1786469310.399653,0.0
reward/collision,4875,1786469311.191073,0.0
reward/collision,4885,1786469311.977823,0.0
reward/collision,4895,1786469312.764536,0.0
reward/collision,4905,1786469313.563125,0.0
reward/collision,4915,1786469314.362010,0.0
reward/collision,4925,1786469315.166129,0.0
reward/collision,4935,1786469315.981614,0.0
reward/collision,4945,1786469316.792751,0.0
reward/collision,4955,1786469317.602519,0.0
reward/collision,4965,1786469318.410635,0.0
reward/collision,4975,1786469319.219293,0.0
reward/collision,4985,1786469320.029126,0.0
reward/collision,4995,1786469320.836415,0.0
reward/collision,5005,1786469321.639426,0.0
reward/collision,5015,1786469322.443915,0.0
reward/collision,5025,1786469323.249664,0.0
reward/collision,5035,1786469324.067594,0.0
reward/collision,5045,1786469324.865971,0.0
reward/collision,5055,1786469325.679644,0.0
reward/collision,5065,1786469326.485975,0.0
reward/collision,5075,1786469327.294845,0.0
reward/collision,5085,1786469328.112418,0.0
reward/collision,5095,1786469328.913198,0.0
reward/collision,5105,1786469329.733998,0.0
reward/collision,5115,1786469330.535675,0.0
reward/collision,5125,1786469331.346133,0.0
reward/collision,5135,1786469332.160219,0.0
reward/collision,5145,1786469332.968807,0.0
reward/collision,5155,1786469333.782552,0.0
reward/collision,5165,1786469334.591791,0.0
reward/collision,5175,1786469335.402617,0.0
reward/collision,5185,1786469336.214327,0.0
reward/collision,5195,1786469337.025437,0.0
reward/collision,5205,1786469337.832439,0.0
reward/collision,5215,1786469338.640086,0.0
reward/collision,5225,1786469339.445920,0.0
reward/collision,5235,1786469340.255698,0.0
reward/collision,5245,1786469341.056895,0.0
reward/collision,5255,1786469341.867239,0.0
reward/collision,5265,1786469347.080471,0.0
reward/collision,5275,1786469347.873180,0.0
reward/collision,5285,1786469348.652960,0.0
reward/collision,5295,1786469349.444663,0.0
reward/collision,5305,1786469350.231121,0.0
reward/collision,5315,1786469351.016828,0.0
reward/collision,5325,1786469351.809242,0.0
reward/collision,5335,1786469352.618186,0.0
reward/collision,5345,1786469353.428109,0.0
reward/collision,5355,1786469354.235268,0.0
reward/collision,5365,1786469355.039076,0.0
reward/collision,5375,1786469355.852648,0.0
reward/collision,5385,1786469356.639578,0.0
reward/collision,5395,1786469357.434125,0.0
reward/collision,5405,1786469358.232344,0.0
reward/collision,5415,1786469359.034371,0.0
reward/collision,5425,1786469359.830202,0.0
reward/collision,5435,1786469360.641724,0.0
reward/collision,5445,1786469361.458126,0.0
reward/collision,5455,1786469362.270480,0.0
reward/collision,5465,1786469363.077124,0.0
reward/collision,5475,1786469363.884389,0.0
reward/collision,5485,1786469364.692049,0.0
reward/collision,5495,1786469365.498409,0.0
reward/collision,5505,1786469366.304191,0.0
reward/collision,5515,1786469367.105768,0.0
reward/collision,5525,1786469367.915517,0.0
reward/collision,5535,1786469368.717002,0.0
reward/collision,5545,1786469369.520622,0.0
reward/collision,5556,1786469370.407437,0.0
reward/collision,5566,1786469371.206950,0.0
reward/collision,5576,1786469372.006430,0.0
reward/collision,5586,1786469372.805274,0.0
reward/collision,5596,1786469373.607951,0.0
reward/collision,5606,1786469374.408948,0.0
reward/collision,5616,1786469375.210076,0.0
reward/collision,5626,1786469376.014605,0.0
reward/collision,5636,1786469376.819421,0.0
reward/collision,5646,1786469377.621477,0.0
reward/collision,5656,1786469378.422497,0.0
reward/collision,5666,1786469379.226712,0.0
reward/collision,5676,1786469380.029521,0.0
reward/collision,5686,1786469380.838580,0.0
reward/collision,5696,1786469381.649239,0.0
reward/collision,5706,1786469382.450279,0.0
reward/collision,5716,1786469383.254723,0.0
reward/collision,5726,1786469384.048825,0.0
reward/collision,5736,1786469384.847482,0.0
reward/collision,5746,1786469385.644894,0.0
reward/collision,5756,1786469386.437294,0.0
reward/collision,5766,1786469391.578419,0.0
reward/collision,5776,1786469392.388350,0.0
reward/collision,5786,1786469393.163869,0.0
reward/collision,5796,1786469393.952614,0.0
reward/collision,5806,1786469394.731955,0.0
reward/collision,5816,1786469395.523412,0.0
reward/collision,5826,1786469396.308800,0.0
reward/collision,5836,1786469397.096289,0.0
reward/collision,5846,1786469397.884252,0.0
reward/collision,5856,1786469398.671241,0.0
reward/collision,5866,1786469399.459515,0.0
reward/collision,5876,1786469400.253249,0.0
reward/collision,5886,1786469401.035549,0.0
reward/collision,5896,1786469401.822212,0.0
reward/collision,5906,1786469402.613761,0.0
reward/collision,5916,1786469403.416898,0.0
reward/collision,5926,1786469408.708333,0.0
reward/collision,5936,1786469409.415379,0.0
reward/collision,5946,1786469410.207177,0.0
reward/collision,5956,1786469410.998640,0.0
reward/collision,5966,1786469411.787574,0.0
reward/collision,5976,1786469412.572743,0.0
reward/collision,5986,1786469413.361123,0.0
reward/collision,5996,1786469414.154089,0.0
reward/collision,6006,1786469415.191718,0.0
reward/collision,6016,1786469415.987812,0.0
reward/collision,6026,1786469416.773210,0.0
reward/collision,6036,1786469417.564695,0.0
reward/collision,6046,1786469422.773329,0.0
reward/collision,6056,1786469423.571096,0.0
reward/collision,6066,1786469424.363688,0.0
reward/collision,6076,1786469425.154661,0.0
reward/collision,6086,1786469425.942680,0.0
reward/collision,6096,1786469426.730235,0.0
reward/collision,6106,1786469427.527036,0.0
reward/collision,6116,1786469428.327039,0.0
reward/collision,6126,1786469429.132885,0.0
reward/collision,6136,1786469429.936115,0.0
reward/collision,6146,1786469430.738978,0.0
reward/collision,6156,1786469431.545530,0.0
reward/collision,6166,1786469432.352858,0.0
reward/collision,6176,1786469433.149575,0.0
reward/collision,6186,1786469433.943330,0.0
reward/collision,6196,1786469434.743939,0.0
reward/collision,6206,1786469435.541162,0.0
reward/collision,6216,1786469436.346742,0.0
reward/collision,6226,1786469437.146568,0.0
reward/collision,6236,1786469437.942259,0.0
reward/collision,6246,1786469438.736303,0.0
reward/collision,6256,1786469439.535344,0.0
reward/collision,6266,1786469440.343763,0.0
reward/collision,6276,1786469441.128055,0.0
reward/collision,6286,1786469441.924766,0.0
reward/collision,6296,1786469442.721519,0.0
reward/collision,6306,1786469443.517556,0.0
reward/collision,6316,1786469444.326553,0.0
reward/collision,6326,1786469445.107080,0.0
reward/collision,6336,1786469445.913623,0.0
reward/collision,6346,1786469446.710997,0.0
reward/collision,6356,1786469447.495360,0.0
reward/collision,6366,1786469448.280503,0.0
reward/collision,6376,1786469449.070906,0.0
reward/collision,6386,1786469449.862190,0.0
reward/collision,6396,1786469450.654905,0.0
reward/collision,6406,1786469451.446754,0.0
reward/collision,6416,1786469452.243765,0.0
reward/collision,6426,1786469453.032146,0.0
reward/collision,6436,1786469453.825168,0.0
reward/collision,6446,1786469454.615339,0.0
reward/collision,6456,1786469455.413293,0.0
reward/collision,6466,1786469456.206434,0.0
reward/collision,6476,1786469456.999017,0.0
reward/collision,6486,1786469457.796274,0.0
reward/collision,6496,1786469458.590766,0.0
reward/collision,6506,1786469459.390125,0.0
reward/collision,6516,1786469460.183183,0.0
reward/collision,6526,1786469460.975560,0.0
reward/collision,6536,1786469461.766311,0.0
reward/collision,6546,1786469466.908747,0.0
reward/collision,6556,1786469467.697730,0.0
reward/collision,6566,1786469468.490141,0.0
reward/collision,6576,1786469469.266773,0.0
reward/collision,6586,1786469470.064180,0.0
reward/collision,6596,1786469470.840676,0.0
reward/collision,6606,1786469471.627142,0.0
reward/collision,6616,1786469472.415218,0.0
reward/collision,6626,1786469473.204553,0.0
reward/collision,6636,1786469473.994797,0.0
reward/collision,6646,1786469474.789057,0.0
reward/collision,6656,1786469475.586634,0.0
reward/collision,6667,1786469476.453044,0.0
reward/collision,6677,1786469477.226891,0.0
reward/collision,6687,1786469478.006854,0.0
reward/collision,6697,1786469478.776952,0.0
reward/collision,6707,1786469479.557182,0.0
reward/collision,6717,1786469480.348480,0.0
reward/collision,6727,1786469481.153785,0.0
reward/collision,6737,1786469481.947909,0.0
reward/collision,6747,1786469482.762881,0.0
reward/collision,6757,1786469483.586994,0.0
reward/collision,6767,1786469484.408411,0.0
reward/collision,6777,1786469485.226502,0.0
reward/collision,6787,1786469486.051684,0.0
reward/collision,6797,1786469486.873790,0.0
reward/collision,6807,1786469487.686729,0.0
reward/collision,6817,1786469488.508438,0.0
reward/collision,6827,1786469489.326560,0.0
reward/collision,6837,1786469490.141183,0.0
reward/collision,6847,1786469490.946041,0.0
reward/collision,6857,1786469491.760171,0.0
reward/collision,6867,1786469492.557992,0.0
reward/collision,6877,1786469493.368495,0.0
reward/collision,6887,1786469494.188746,0.0
reward/collision,6897,1786469494.993249,0.0
reward/collision,6907,1786469495.797403,0.0
reward/collision,6917,1786469496.600439,0.0
reward/collision,6927,1786469497.400916,0.0
reward/collision,6937,1786469498.202805,0.0
reward/collision,6947,1786469499.028786,0.0
reward/collision,6957,1786469499.854139,0.0
reward/collision,6967,1786469500.666700,0.0
reward/collision,6977,1786469501.473746,0.0
reward/collision,6987,1786469502.288801,0.0
reward/collision,6997,1786469503.081481,0.0
reward/collision,7007,1786469503.885400,0.0
reward/collision,7017,1786469504.697071,0.0
reward/collision,7027,1786469505.511906,0.0
reward/collision,7037,1786469510.740225,0.0
reward/collision,7047,1786469511.473622,0.0
reward/collision,7057,1786469512.281267,0.0
reward/collision,7067,1786469513.120641,0.0
reward/collision,7077,1786469513.954796,0.0
reward/collision,7087,1786469514.787520,0.0
reward/collision,7097,1786469515.589273,0.0
reward/collision,7107,1786469516.409334,0.0
reward/collision,7117,1786469517.251374,0.0
reward/collision,7127,1786469518.086428,0.0
reward/collision,7137,1786469518.902949,0.0
reward/collision,7147,1786469519.715307,0.0
reward/collision,7157,1786469520.546385,0.0
reward/collision,7167,1786469521.363061,0.0
reward/collision,7177,1786469522.192419,0.0
reward/collision,7187,1786469523.003394,0.0
reward/collision,7197,1786469523.852918,0.0
reward/collision,7207,1786469524.720422,0.0
reward/collision,7217,1786469525.575715,0.0
reward/collision,7227,1786469526.435921,0.0
reward/collision,7237,1786469527.263195,0.0
reward/collision,7247,1786469528.123120,0.0
reward/collision,7257,1786469528.940626,0.0
reward/collision,7267,1786469529.791818,0.0
reward/collision,7277,1786469530.589635,0.0
reward/collision,7287,1786469531.437985,0.0
reward/collision,7297,1786469532.272049,0.0
reward/collision,7307,1786469533.079278,0.0
reward/collision,7317,1786469533.891549,0.0
reward/collision,7327,1786469534.701095,0.0
reward/collision,7337,1786469535.511445,0.0
reward/collision,7347,1786469536.337031,0.0
reward/collision,7357,1786469537.189668,0.0
reward/collision,7367,1786469538.037308,0.0
reward/collision,7377,1786469538.862820,0.0
reward/collision,7387,1786469539.685825,0.0
reward/collision,7397,1786469540.531215,0.0
reward/collision,7407,1786469541.354202,0.0
reward/collision,7417,1786469542.169641,0.0
reward/collision,7427,1786469542.984034,0.0
reward/collision,7437,1786469543.817626,0.0
reward/collision,7447,1786469544.653735,0.0
reward/collision,7457,1786469545.488333,0.0
reward/collision,7467,1786469546.332534,0.0
reward/collision,7477,1786469547.173859,0.0
reward/collision,7487,1786469548.022685,0.0
reward/collision,7497,1786469548.832253,0.0
reward/collision,7507,1786469549.656528,0.0
reward/collision,7517,1786469550.504204,0.0
reward/collision,7527,1786469551.350859,0.0
reward/collision,7537,1786469556.851576,0.0
reward/collision,7547,1786469557.579005,0.0
reward/collision,7557,1786469558.393018,0.0
reward/collision,7567,1786469559.231273,0.0
reward/collision,7577,1786469560.044617,0.0
reward/collision,7587,1786469560.851740,0.0
reward/collision,7597,1786469561.668540,0.0
reward/collision,7607,1786469562.471491,0.0
reward/collision,7617,1786469563.284465,0.0
reward/collision,7627,1786469564.121783,0.0
reward/collision,7637,1786469564.956018,0.0
reward/collision,7647,1786469565.794114,0.0
reward/collision,7657,1786469566.628018,0.0
reward/collision,7667,1786469567.437689,0.0
reward/collision,7677,1786469568.237038,0.0
reward/collision,7687,1786469569.035755,0.0
reward/collision,7697,1786469569.839961,0.0
reward/collision,7707,1786469570.649789,0.0
reward/collision,7717,1786469571.471648,0.0
reward/collision,7727,1786469572.288267,0.0
reward/collision,7737,1786469573.111762,0.0
reward/collision,7747,1786469573.940634,0.0
reward/collision,7757,1786469574.774141,0.0
reward/collision,7767,1786469575.609415,0.0
reward/collision,7778,1786469576.527952,0.0
reward/collision,7788,1786469577.356452,0.0
reward/collision,7798,1786469578.200281,0.0
reward/collision,7808,1786469579.022014,0.0
reward/collision,7818,1786469579.856606,0.0
reward/collision,7828,1786469580.679580,0.0
reward/collision,7838,1786469581.498584,0.0
reward/collision,7848,1786469582.314865,0.0
reward/collision,7858,1786469583.134258,0.0
reward/collision,7868,1786469583.954993,0.0
reward/collision,7878,1786469584.769430,0.0
reward/collision,7888,1786469585.595240,0.0
reward/collision,7898,1786469586.420583,0.0
reward/collision,7908,1786469587.240352,0.0
reward/collision,7918,1786469588.059758,0.0
reward/collision,7928,1786469588.861499,0.0
reward/collision,7938,1786469589.665393,0.0
reward/collision,7948,1786469590.467921,0.0
reward/collision,7958,1786469591.270350,0.0
reward/collision,7968,1786469592.070687,0.0
reward/collision,7978,1786469592.873197,0.0
reward/collision,7988,1786469593.675444,0.0
reward/collision,7998,1786469594.481138,0.0
reward/collision,8008,1786469595.639325,0.0
reward/collision,8018,1786469596.438505,0.0
reward/collision,8028,1786469597.236984,0.0
reward/collision,8038,1786469602.447145,0.0
reward/collision,8048,1786469603.198823,0.0
reward/collision,8058,1786469603.984884,0.0
reward/collision,8068,1786469604.769240,0.0
reward/collision,8078,1786469605.554085,0.0
reward/collision,8088,1786469606.336756,0.0
reward/collision,8098,1786469607.120569,0.0
reward/collision,8108,1786469607.912692,0.0
reward/collision,8118,1786469608.704147,0.0
reward/collision,8128,1786469609.498361,0.0
reward/collision,8138,1786469610.300553,0.0
reward/collision,8148,1786469611.093609,0.0
reward/collision,8158,1786469611.883660,0.0
reward/collision,8168,1786469612.667596,0.0
reward/collision,8178,1786469613.453873,0.0
reward/collision,8188,1786469614.243186,0.0
reward/collision,8198,1786469615.039970,0.0
reward/collision,8208,1786469615.825238,0.0
reward/collision,8218,1786469616.610352,0.0
reward/collision,8228,1786469617.403961,0.0
reward/collision,8238,1786469618.195657,0.0
reward/collision,8248,1786469618.983807,0.0
reward/collision,8258,1786469619.777035,0.0
reward/collision,8268,1786469620.568897,0.0
reward/collision,8278,1786469621.365480,0.0
reward/collision,8288,1786469622.175017,0.0
reward/collision,8298,1786469622.957131,0.0
reward/collision,8308,1786469623.753279,0.0
reward/collision,8318,1786469624.552931,0.0
reward/collision,8328,1786469625.350363,0.0
reward/collision,8338,1786469626.150473,0.0
reward/collision,8348,1786469626.950414,0.0
reward/collision,8358,1786469627.747000,0.0
reward/collision,8368,1786469628.543408,0.0
reward/collision,8378,1786469629.340747,0.0
reward/collision,8388,1786469630.138689,0.0
reward/collision,8398,1786469630.946167,0.0
reward/collision,8408,1786469631.756958,0.0
reward/collision,8418,1786469632.566709,0.0
reward/collision,8428,1786469633.373921,0.0
reward/collision,8438,1786469634.173669,0.0
reward/collision,8448,1786469634.980292,0.0
reward/collision,8458,1786469635.769768,0.0
reward/collision,8468,1786469636.567089,0.0
reward/collision,8478,1786469637.370978,0.0
reward/collision,8488,1786469638.171097,0.0
reward/collision,8498,1786469638.970929,0.0
reward/collision,8508,1786469639.771727,0.0
reward/collision,8518,1786469640.568819,0.0
reward/collision,8528,1786469641.366550,0.0
reward/collision,8538,1786469646.613775,0.0
reward/collision,8548,1786469647.375312,0.0
reward/collision,8558,1786469648.169911,0.0
reward/collision,8568,1786469648.963516,0.0
reward/collision,8578,1786469649.770544,0.0
reward/collision,8588,1786469650.586837,0.0
reward/collision,8598,1786469651.406544,0.0
reward/collision,8608,1786469652.228637,0.0
reward/collision,8618,1786469653.054463,0.0
reward/collision,8628,1786469653.885217,0.0
reward/collision,8638,1786469654.712735,0.0
reward/collision,8648,1786469655.541530,0.0
reward/collision,8658,1786469656.369504,0.0
reward/collision,8668,1786469657.198172,0.0
reward/collision,8678,1786469658.027300,0.0
reward/collision,8688,1786469658.841884,0.0
reward/collision,8698,1786469659.645374,0.0
reward/collision,8708,1786469660.449422,0.0
reward/collision,8718,1786469661.253060,0.0
reward/collision,8728,1786469662.060217,0.0
reward/collision,8738,1786469662.872693,0.0
reward/collision,8748,1786469663.677828,0.0
reward/collision,8758,1786469664.505964,0.0
reward/collision,8768,1786469665.305812,0.0
reward/collision,8778,1786469666.119433,0.0
reward/collision,8788,1786469666.930327,0.0
reward/collision,8798,1786469667.737879,0.0
reward/collision,8808,1786469668.552609,0.0
reward/collision,8818,1786469669.357174,0.0
reward/collision,8828,1786469670.176741,0.0
reward/collision,8838,1786469670.991834,0.0
reward/collision,8848,1786469671.812490,0.0
reward/collision,8858,1786469672.630800,0.0
reward/collision,8868,1786469673.445426,0.0
reward/collision,8878,1786469674.261141,0.0
reward/collision,8889,1786469675.157028,0.0
reward/collision,8899,1786469675.973684,0.0
reward/collision,8909,1786469676.793278,0.0
reward/collision,8919,1786469677.606347,0.0
reward/collision,8929,1786469678.424281,0.0
reward/collision,8939,1786469679.241406,0.0
reward/collision,8949,1786469680.058506,0.0
reward/collision,8959,1786469680.871035,0.0
reward/collision,8969,1786469681.682307,0.0
reward/collision,8979,1786469682.488059,0.0
reward/collision,8989,1786469683.295381,0.0
reward/collision,8999,1786469684.100527,0.0
reward/collision,9009,1786469684.906151,0.0
reward/collision,9019,1786469685.712723,0.0
reward/collision,9029,1786469686.517624,0.0
reward/collision,9039,1786469691.749360,0.0
reward/collision,9049,1786469692.556449,0.0
reward/collision,9059,1786469693.370664,0.0
reward/collision,9069,1786469694.183535,0.0
reward/collision,9079,1786469695.000507,0.0
reward/collision,9089,1786469695.825463,0.0
reward/collision,9099,1786469696.638664,0.0
reward/collision,9109,1786469697.458411,0.0
reward/collision,9119,1786469698.280669,0.0
reward/collision,9129,1786469699.100467,0.0
reward/collision,9139,1786469699.923873,0.0
reward/collision,9149,1786469700.745316,0.0
reward/collision,9159,1786469701.564711,0.0
reward/collision,9169,1786469702.396812,0.0
reward/collision,9179,1786469703.226220,0.0
reward/collision,9189,1786469704.048202,0.0
reward/collision,9199,1786469704.888405,0.0
reward/collision,9209,1786469705.740729,-200.0
reward/collision,9219,1786469711.100846,0.0
reward/collision,9229,1786469711.897623,0.0
reward/collision,9239,1786469712.692744,0.0
reward/collision,9249,1786469713.496418,0.0
reward/collision,9259,1786469714.303699,0.0
reward/collision,9269,1786469715.109965,0.0
reward/collision,9279,1786469715.921284,0.0
reward/collision,9289,1786469716.728385,0.0
reward/collision,9299,1786469717.535058,0.0
reward/collision,9309,1786469718.343872,0.0
reward/collision,9319,1786469719.152292,0.0
reward/collision,9329,1786469719.957312,0.0
reward/collision,9339,1786469720.767415,0.0
reward/collision,9349,1786469721.567897,0.0
reward/collision,9359,1786469722.373328,0.0
reward/collision,9369,1786469723.183496,0.0
reward/collision,9379,1786469723.985434,0.0
reward/collision,9389,1786469724.797244,0.0
reward/collision,9399,1786469725.616652,0.0
reward/collision,9409,1786469726.431810,0.0
reward/collision,9419,1786469727.252345,0.0
reward/collision,9429,1786469728.083935,0.0
reward/collision,9439,1786469728.917366,0.0
reward/collision,9449,1786469729.755365,0.0
reward/collision,9459,1786469730.596478,0.0
reward/collision,9469,1786469731.441731,0.0
reward/collision,9479,1786469732.286852,0.0
reward/collision,9489,1786469733.131401,0.0
reward/collision,9499,1786469733.973901,0.0
reward/collision,9509,1786469734.815456,0.0
reward/collision,9519,1786469735.646366,0.0
reward/collision,9529,1786469736.471657,0.0
reward/collision,9539,1786469737.295091,0.0
reward/collision,9549,1786469738.112426,0.0
reward/collision,9559,1786469738.921849,0.0
reward/collision,9569,1786469739.740675,0.0
reward/collision,9579,1786469740.554740,0.0
reward/collision,9589,1786469741.371160,0.0
reward/collision,9599,1786469742.187141,0.0
reward/collision,9609,1786469743.001472,0.0
reward/collision,9619,1786469743.806203,0.0
reward/collision,9629,1786469744.613312,0.0
reward/collision,9639,1786469745.421811,0.0
reward/collision,9649,1786469746.220878,0.0
reward/collision,9659,1786469747.019853,0.0
reward/collision,9669,1786469747.825876,0.0
reward/collision,9679,1786469748.623291,0.0
reward/collision,9689,1786469749.426853,0.0
reward/collision,9699,1786469750.231924,0.0
reward/collision,9709,1786469751.033521,0.0
reward/collision,9719,1786469756.251179,0.0
reward/collision,9729,1786469757.044881,0.0
reward/collision,9739,1786469757.837851,0.0
reward/collision,9749,1786469758.630033,0.0
reward/collision,9759,1786469759.427659,0.0
reward/collision,9769,1786469760.223793,0.0
reward/collision,9779,1786469761.014141,0.0
reward/collision,9789,1786469761.811543,0.0
reward/collision,9799,1786469762.616251,0.0
reward/collision,9809,1786469763.409929,0.0
reward/collision,9819,1786469764.211273,0.0
reward/collision,9829,1786469765.010498,0.0
reward/collision,9839,1786469765.809869,0.0
reward/collision,9849,1786469766.608582,0.0
reward/collision,9859,1786469767.411946,0.0
reward/collision,9869,1786469768.219885,0.0
reward/collision,9879,1786469769.027238,0.0
reward/collision,9889,1786469769.841363,0.0
reward/collision,9899,1786469770.641395,0.0
reward/collision,9909,1786469771.434778,0.0
reward/collision,9919,1786469772.232394,0.0
reward/collision,9929,1786469773.026617,0.0
reward/collision,9939,1786469773.830747,0.0
reward/collision,9949,1786469774.640801,0.0
reward/collision,9959,1786469775.453778,0.0
reward/collision,9969,1786469776.277799,0.0
reward/collision,9979,1786469777.092968,0.0
reward/collision,9989,1786469777.898798,0.0
reward/collision,10000,1786469778.784834,0.0
reward/lane_centering,1,1786468842.728908,-0.0
reward/lane_centering,11,1786468843.404623,-0.0
reward/lane_centering,21,1786468844.211566,-0.0
reward/lane_centering,31,1786468845.018378,-0.0
reward/lane_centering,41,1786468845.830271,-0.0
reward/lane_centering,51,1786468846.638677,-0.0
reward/lane_centering,61,1786468847.449100,-0.0
reward/lane_centering,71,1786468848.260440,-0.0
reward/lane_centering,81,1786468849.073075,-0.0
reward/lane_centering,91,1786468849.893068,-0.0
reward/lane_centering,101,1786468850.710103,-0.0
reward/lane_centering,111,1786468851.526449,-0.0
reward/lane_centering,121,1786468852.341163,-0.0
reward/lane_centering,131,1786468853.176255,-0.0
reward/lane_centering,141,1786468854.030874,-0.0
reward/lane_centering,151,1786468854.890130,-0.0
reward/lane_centering,161,1786468855.731900,-0.0
reward/lane_centering,171,1786468856.557949,-0.0
reward/lane_centering,181,1786468857.386099,-0.0
reward/lane_centering,191,1786468858.210288,-0.0
reward/lane_centering,201,1786468859.035386,-0.0
reward/lane_centering,211,1786468859.861118,-0.0
reward/lane_centering,221,1786468860.679161,-0.0
reward/lane_centering,231,1786468861.501024,-0.0
reward/lane_centering,241,1786468862.323653,-0.0
reward/lane_centering,251,1786468863.141315,-0.0
reward/lane_centering,261,1786468863.956766,-0.0
reward/lane_centering,271,1786468864.773054,-0.0
reward/lane_centering,281,1786468865.594120,-0.0
reward/lane_centering,291,1786468866.417135,-0.0
reward/lane_centering,301,1786468867.230458,-0.0
reward/lane_centering,311,1786468868.049468,-0.0
reward/lane_centering,321,1786468868.867070,-0.0
reward/lane_centering,331,1786468869.686403,-0.0
reward/lane_centering,341,1786468870.501097,-0.0
reward/lane_centering,351,1786468871.318431,-0.0
reward/lane_centering,361,1786468872.137827,-0.0
reward/lane_centering,371,1786468872.954643,-0.0
reward/lane_centering,381,1786468873.772656,-0.0
reward/lane_centering,391,1786468874.591588,-0.0
reward/lane_centering,401,1786468875.405917,-0.0
reward/lane_centering,411,1786468876.222598,-0.0
reward/lane_centering,421,1786468877.037812,-0.0
reward/lane_centering,431,1786468877.847016,-0.0
reward/lane_centering,441,1786468878.654847,-0.0
reward/lane_centering,451,1786468879.458189,-0.0
reward/lane_centering,461,1786468880.255023,-0.0
reward/lane_centering,471,1786468881.050092,-0.0
reward/lane_centering,481,1786468881.846025,-0.0
reward/lane_centering,491,1786468882.639021,-0.0
reward/lane_centering,501,1786468887.891409,-0.0
reward/lane_centering,511,1786468888.618788,-0.0
reward/lane_centering,521,1786468889.419727,-0.0
reward/lane_centering,531,1786468890.227294,-0.0
reward/lane_centering,541,1786468891.023765,-0.0
reward/lane_centering,551,1786468891.812314,-0.0
reward/lane_centering,561,1786468892.601884,-0.32851648330688477
reward/lane_centering,571,1786468893.391023,-1.0951924324035645
reward/lane_centering,581,1786468894.183761,-0.0
reward/lane_centering,591,1786468894.974896,-1.1757525205612183
reward/lane_centering,601,1786468895.769790,-1.3867356777191162
reward/lane_centering,611,1786468896.567966,-1.4265694618225098
reward/lane_centering,621,1786468897.360139,-1.4824938774108887
reward/lane_centering,631,1786468898.161019,-1.4862209558486938
reward/lane_centering,641,1786468898.951959,-1.4931294918060303
reward/lane_centering,651,1786468899.742812,-1.4482678174972534
reward/lane_centering,661,1786468900.536869,-1.4278664588928223
reward/lane_centering,671,1786468901.331505,-1.0904277563095093
reward/lane_centering,681,1786468906.557407,-0.0
reward/lane_centering,691,1786468907.340499,-0.0
reward/lane_centering,701,1786468908.131573,-0.0
reward/lane_centering,711,1786468908.919440,-0.3549042344093323
reward/lane_centering,721,1786468909.735811,-0.2551766037940979
reward/lane_centering,731,1786468910.533501,-0.303199827671051
reward/lane_centering,741,1786468911.341489,-0.3097725510597229
reward/lane_centering,751,1786468912.155807,-0.336952269077301
reward/lane_centering,761,1786468912.961835,-0.48978811502456665
reward/lane_centering,771,1786468913.771324,-0.5060463547706604
reward/lane_centering,781,1786468914.581188,-0.533790647983551
reward/lane_centering,791,1786468915.386129,-0.614021360874176
reward/lane_centering,801,1786468916.199143,-0.6107712388038635
reward/lane_centering,811,1786468916.998878,-0.6126976609230042
reward/lane_centering,821,1786468917.806729,-0.620430052280426
reward/lane_centering,831,1786468918.617653,-0.6157265305519104
reward/lane_centering,841,1786468919.424128,-0.6183891892433167
reward/lane_centering,851,1786468920.232720,-0.6208801865577698
reward/lane_centering,861,1786468921.045094,-0.6117745041847229
reward/lane_centering,871,1786468921.857346,-0.6401672959327698
reward/lane_centering,881,1786468922.664849,-0.9382630586624146
reward/lane_centering,891,1786468923.489436,-1.423477292060852
reward/lane_centering,901,1786468924.288415,-0.710212767124176
reward/lane_centering,911,1786468925.099932,-0.8937188386917114
reward/lane_centering,921,1786468925.910880,-2.586914300918579
reward/lane_centering,931,1786468931.142574,-0.0
reward/lane_centering,941,1786468931.933634,-0.0
reward/lane_centering,951,1786468932.717200,-0.0
reward/lane_centering,961,1786468933.507290,-0.0
reward/lane_centering,971,1786468934.308583,-0.0
reward/lane_centering,981,1786468935.109643,-0.0
reward/lane_centering,991,1786468935.912044,-0.0
reward/lane_centering,1001,1786468936.713439,-0.22289329767227173
reward/lane_centering,1011,1786468937.516744,-0.0
reward/lane_centering,1021,1786468938.327553,-0.0
reward/lane_centering,1031,1786468939.121782,-0.0
reward/lane_centering,1041,1786468939.919916,-0.0
reward/lane_centering,1051,1786468940.717110,-0.0
reward/lane_centering,1061,1786468941.519255,-0.0
reward/lane_centering,1071,1786468942.322612,-0.0
reward/lane_centering,1081,1786468943.122413,-0.0
reward/lane_centering,1091,1786468943.920984,-0.0
reward/lane_centering,1101,1786468944.723483,-0.0
reward/lane_centering,1112,1786468945.603437,-0.21933037042617798
reward/lane_centering,1122,1786468946.401639,-0.27867186069488525
reward/lane_centering,1132,1786468947.205817,-0.18840837478637695
reward/lane_centering,1142,1786468948.000918,-0.1720890998840332
reward/lane_centering,1152,1786468948.797956,-0.17353105545043945
reward/lane_centering,1162,1786468949.595061,-0.7115107774734497
reward/lane_centering,1172,1786468954.811373,-0.0
reward/lane_centering,1182,1786468955.642475,-0.0
reward/lane_centering,1192,1786468956.474994,-1.4695435762405396
reward/lane_centering,1202,1786468957.316207,-0.5720367431640625
reward/lane_centering,1212,1786468958.154736,-1.392440915107727
reward/lane_centering,1222,1786468963.573241,-0.0
reward/lane_centering,1232,1786468964.366334,-0.0
reward/lane_centering,1242,1786468965.157936,-0.0
reward/lane_centering,1252,1786468965.941786,-0.0
reward/lane_centering,1262,1786468966.718920,-0.0
reward/lane_centering,1272,1786468967.499185,-1.0131796598434448
reward/lane_centering,1282,1786468972.714736,-0.0
reward/lane_centering,1292,1786468973.440912,-0.0
reward/lane_centering,1302,1786468974.266424,-0.0
reward/lane_centering,1312,1786468975.059253,-0.0
reward/lane_centering,1322,1786468975.865717,-0.0
reward/lane_centering,1332,1786468976.678457,-0.0
reward/lane_centering,1342,1786468977.493910,-0.0
reward/lane_centering,1352,1786468978.317998,-0.0
reward/lane_centering,1362,1786468979.202833,-0.11171415448188782
reward/lane_centering,1372,1786468980.175165,-1.3576252460479736
reward/lane_centering,1382,1786468981.286531,-0.7604405879974365
reward/lane_centering,1392,1786468982.495239,-1.4462188482284546
reward/lane_centering,1402,1786468983.460373,-1.1677601337432861
reward/lane_centering,1412,1786468984.435093,-0.44688671827316284
reward/lane_centering,1422,1786468985.384022,-0.039811134338378906
reward/lane_centering,1432,1786468986.382445,-0.0
reward/lane_centering,1442,1786468987.218895,-0.0
reward/lane_centering,1452,1786468988.057412,-0.0
reward/lane_centering,1462,1786468988.897380,-0.0
reward/lane_centering,1472,1786468989.854371,-0.0
reward/lane_centering,1482,1786468990.734858,-0.0
reward/lane_centering,1492,1786468991.580300,-0.0
reward/lane_centering,1502,1786468992.419306,-0.0
reward/lane_centering,1512,1786468993.248882,-0.0
reward/lane_centering,1522,1786468994.111290,-0.0
reward/lane_centering,1532,1786468994.976989,-0.0
reward/lane_centering,1542,1786468995.856452,-0.0
reward/lane_centering,1552,1786468996.740157,-0.0
reward/lane_centering,1562,1786468997.601392,-0.0
reward/lane_centering,1572,1786468998.458634,-0.0
reward/lane_centering,1582,1786468999.426295,-0.0
reward/lane_centering,1592,1786469000.431297,-0.0
reward/lane_centering,1602,1786469001.330250,-0.0
reward/lane_centering,1612,1786469002.181094,-0.0
reward/lane_centering,1622,1786469003.134094,-0.0
reward/lane_centering,1632,1786469004.076086,-0.0
reward/lane_centering,1642,1786469005.411248,-0.030190497636795044
reward/lane_centering,1652,1786469006.457740,-0.7324361801147461
reward/lane_centering,1662,1786469007.292212,-1.247497797012329
reward/lane_centering,1672,1786469008.128222,-0.983017086982727
reward/lane_centering,1682,1786469008.967743,-0.47465527057647705
reward/lane_centering,1692,1786469009.798382,-0.4722595810890198
reward/lane_centering,1702,1786469010.805577,-0.3969269394874573
reward/lane_centering,1712,1786469011.706439,-0.3261871933937073
reward/lane_centering,1722,1786469012.651151,-0.3194580674171448
reward/lane_centering,1732,1786469013.557651,-0.3119049668312073
reward/lane_centering,1742,1786469014.400036,-0.3093872666358948
reward/lane_centering,1752,1786469015.238316,-0.3115692734718323
reward/lane_centering,1762,1786469016.366331,-0.3113403916358948
reward/lane_centering,1772,1786469017.316402,-0.3005982041358948
reward/lane_centering,1782,1786469022.940041,-0.0
reward/lane_centering,1792,1786469023.652346,-0.0
reward/lane_centering,1802,1786469024.438508,-0.3146953582763672
reward/lane_centering,1812,1786469025.224989,-0.8460952043533325
reward/lane_centering,1822,1786469026.608373,-1.457277536392212
reward/lane_centering,1832,1786469033.617762,-0.33964818716049194
reward/lane_centering,1842,1786469034.442194,-0.33964818716049194
reward/lane_centering,1852,1786469035.254922,-0.33964818716049194
reward/lane_centering,1862,1786469036.087059,-0.35028934478759766
reward/lane_centering,1872,1786469036.935636,-0.35085028409957886
reward/lane_centering,1882,1786469037.754371,-0.4134909510612488
reward/lane_centering,1892,1786469038.562185,-0.5816170573234558
reward/lane_centering,1902,1786469039.376442,-0.8377702236175537
reward/lane_centering,1912,1786469040.198739,-0.7898958921432495
reward/lane_centering,1922,1786469041.020892,-0.7148109674453735
reward/lane_centering,1932,1786469041.848511,-0.6931511163711548
reward/lane_centering,1942,1786469042.659563,-0.9783729314804077
reward/lane_centering,1952,1786469043.463802,-0.9934998750686646
reward/lane_centering,1962,1786469044.259094,-0.9945759773254395
reward/lane_centering,1972,1786469045.054500,-0.9982661008834839
reward/lane_centering,1982,1786469045.866667,-0.9965202808380127
reward/lane_centering,1992,1786469046.682452,-0.9934808015823364
reward/lane_centering,2002,1786469047.724278,-0.9637899398803711
reward/lane_centering,2012,1786469048.444063,-0.9613209962844849
reward/lane_centering,2022,1786469049.274305,-0.9620803594589233
reward/lane_centering,2032,1786469054.645273,-0.0
reward/lane_centering,2042,1786469055.456768,-0.0
reward/lane_centering,2052,1786469056.280721,-0.0
reward/lane_centering,2062,1786469057.098960,-0.0
reward/lane_centering,2072,1786469057.922267,-0.0
reward/lane_centering,2082,1786469058.740458,-0.0
reward/lane_centering,2092,1786469059.569256,-0.0
reward/lane_centering,2102,1786469060.401783,-0.06565693020820618
reward/lane_centering,2112,1786469061.241596,-0.07132381200790405
reward/lane_centering,2122,1786469062.082929,-0.08395493030548096
reward/lane_centering,2132,1786469062.918322,-0.12777084112167358
reward/lane_centering,2142,1786469063.757665,-0.10030287504196167
reward/lane_centering,2152,1786469064.597876,-0.10150128602981567
reward/lane_centering,2162,1786469065.440472,-0.14350080490112305
reward/lane_centering,2172,1786469066.271350,-0.15741422772407532
reward/lane_centering,2182,1786469067.095655,-0.19857802987098694
reward/lane_centering,2192,1786469067.922585,-0.2570706009864807
reward/lane_centering,2202,1786469068.745704,-0.272849977016449
reward/lane_centering,2212,1786469069.570982,-0.30728620290756226
reward/lane_centering,2223,1786469070.472074,-1.0209697484970093
reward/lane_centering,2233,1786469071.284395,-1.0353868007659912
reward/lane_centering,2243,1786469072.101999,-1.0412445068359375
reward/lane_centering,2253,1786469072.913030,-1.0431257486343384
reward/lane_centering,2263,1786469073.720218,-1.0737497806549072
reward/lane_centering,2273,1786469074.527613,-1.0738869905471802
reward/lane_centering,2283,1786469075.332487,-1.2892427444458008
reward/lane_centering,2293,1786469076.138530,-1.2936081886291504
reward/lane_centering,2303,1786469076.948140,-1.3049343824386597
reward/lane_centering,2313,1786469077.782593,-1.3070178031921387
reward/lane_centering,2323,1786469078.612382,-1.3419921398162842
reward/lane_centering,2333,1786469079.439240,-1.378179907798767
reward/lane_centering,2343,1786469080.267580,-1.3790346384048462
reward/lane_centering,2353,1786469081.095358,-1.4531846046447754
reward/lane_centering,2363,1786469081.931239,-1.4658652544021606
reward/lane_centering,2373,1786469082.755702,-1.4954590797424316
reward/lane_centering,2383,1786469083.590727,-1.4678994417190552
reward/lane_centering,2393,1786469084.404146,-1.4590651988983154
reward/lane_centering,2403,1786469085.229439,-1.40239679813385
reward/lane_centering,2413,1786469086.045368,-1.3720284700393677
reward/lane_centering,2423,1786469086.856315,-1.3484606742858887
reward/lane_centering,2433,1786469087.669658,-1.3368444442749023
reward/lane_centering,2443,1786469088.483299,-1.3334558010101318
reward/lane_centering,2453,1786469089.296610,-1.3316622972488403
reward/lane_centering,2463,1786469094.583664,-0.0
reward/lane_centering,2473,1786469095.361835,-0.0
reward/lane_centering,2483,1786469096.147758,-0.0
reward/lane_centering,2493,1786469096.924820,-0.0
reward/lane_centering,2503,1786469097.710585,-0.0
reward/lane_centering,2513,1786469098.492449,-0.0
reward/lane_centering,2523,1786469099.273512,-0.0
reward/lane_centering,2533,1786469100.060020,-0.0
reward/lane_centering,2543,1786469100.846595,-0.0
reward/lane_centering,2553,1786469101.632216,-0.0
reward/lane_centering,2563,1786469102.413780,-0.0
reward/lane_centering,2573,1786469103.200022,-0.0
reward/lane_centering,2583,1786469103.985620,-0.0
reward/lane_centering,2593,1786469104.772982,-0.0
reward/lane_centering,2603,1786469105.560230,-0.0
reward/lane_centering,2613,1786469106.357122,-0.0
reward/lane_centering,2623,1786469107.174435,-0.0
reward/lane_centering,2633,1786469107.994259,-0.0
reward/lane_centering,2643,1786469108.809155,-0.0
reward/lane_centering,2653,1786469109.619124,-0.33673095703125
reward/lane_centering,2663,1786469110.437235,-0.5127716064453125
reward/lane_centering,2673,1786469111.262037,-0.5122833251953125
reward/lane_centering,2683,1786469112.073107,-0.49920654296875
reward/lane_centering,2693,1786469112.888538,-0.504119873046875
reward/lane_centering,2703,1786469113.703898,-0.4938507080078125
reward/lane_centering,2713,1786469114.516385,-0.4935760498046875
reward/lane_centering,2723,1786469115.326947,-0.49609375
reward/lane_centering,2733,1786469116.133318,-0.497100830078125
reward/lane_centering,2743,1786469116.939286,-0.4965667724609375
reward/lane_centering,2753,1786469117.760150,-0.496795654296875
reward/lane_centering,2763,1786469118.564476,-0.4965057373046875
reward/lane_centering,2773,1786469119.369022,-0.4927825927734375
reward/lane_centering,2783,1786469120.175787,-0.4873199462890625
reward/lane_centering,2793,1786469120.984972,-0.478912353515625
reward/lane_centering,2803,1786469121.794392,-0.6875305771827698
reward/lane_centering,2813,1786469122.605309,-0.7482758164405823
reward/lane_centering,2823,1786469123.413479,-0.7479096055030823
reward/lane_centering,2833,1786469124.223516,-0.7422028183937073
reward/lane_centering,2843,1786469125.035828,-0.7427826523780823
reward/lane_centering,2853,1786469125.854425,-0.783782958984375
reward/lane_centering,2863,1786469126.671797,-0.7839202880859375
reward/lane_centering,2873,1786469127.508835,-0.784515380859375
reward/lane_centering,2883,1786469128.311899,-0.786712646484375
reward/lane_centering,2893,1786469129.138985,-0.7276917099952698
reward/lane_centering,2903,1786469129.961332,-0.7232819199562073
reward/lane_centering,2913,1786469130.781936,-0.7084198594093323
reward/lane_centering,2923,1786469131.604365,-0.7197723984718323
reward/lane_centering,2933,1786469132.422865,-0.7192078232765198
reward/lane_centering,2943,1786469133.249099,-0.7150116562843323
reward/lane_centering,2953,1786469134.064667,-0.7062225937843323
reward/lane_centering,2963,1786469139.276128,-0.0
reward/lane_centering,2973,1786469140.070178,-0.0
reward/lane_centering,2983,1786469140.863143,-0.011469751596450806
reward/lane_centering,2993,1786469141.660790,-0.011607050895690918
reward/lane_centering,3003,1786469142.461183,-0.0021920204162597656
reward/lane_centering,3013,1786469143.256753,-0.0
reward/lane_centering,3023,1786469144.066132,-0.0
reward/lane_centering,3033,1786469144.869420,-0.0
reward/lane_centering,3043,1786469145.676393,-0.012446343898773193
reward/lane_centering,3053,1786469146.484269,-0.011240839958190918
reward/lane_centering,3063,1786469147.289230,-0.024959027767181396
reward/lane_centering,3073,1786469148.100728,-0.02018284797668457
reward/lane_centering,3083,1786469148.899751,-0.019755572080612183
reward/lane_centering,3093,1786469149.710040,-0.02297532558441162
reward/lane_centering,3103,1786469150.513312,-0.025126904249191284
reward/lane_centering,3113,1786469151.313279,-0.028438210487365723
reward/lane_centering,3123,1786469152.122366,-0.13027939200401306
reward/lane_centering,3133,1786469152.935195,-0.24629658460617065
reward/lane_centering,3143,1786469153.752525,-0.2629750967025757
reward/lane_centering,3153,1786469154.560054,-0.19955706596374512
reward/lane_centering,3163,1786469155.372722,-0.25998425483703613
reward/lane_centering,3173,1786469156.188565,-0.20941463112831116
reward/lane_centering,3183,1786469156.995179,-0.2066068947315216
reward/lane_centering,3193,1786469157.801776,-0.2432752251625061
reward/lane_centering,3203,1786469158.606300,-0.23651531338691711
reward/lane_centering,3213,1786469159.410086,-0.23538613319396973
reward/lane_centering,3223,1786469160.208797,-0.23480623960494995
reward/lane_centering,3233,1786469161.011150,-0.06495392322540283
reward/lane_centering,3243,1786469161.817812,-0.5142516493797302
reward/lane_centering,3253,1786469162.623474,-2.0151352882385254
reward/lane_centering,3263,1786469167.803235,-0.0
reward/lane_centering,3273,1786469168.593116,-0.0
reward/lane_centering,3283,1786469169.390774,-0.0
reward/lane_centering,3293,1786469170.174048,-0.0
reward/lane_centering,3303,1786469170.960889,-0.0
reward/lane_centering,3313,1786469171.747729,-0.0
reward/lane_centering,3323,1786469172.526364,-0.0
reward/lane_centering,3334,1786469173.379841,-0.0
reward/lane_centering,3344,1786469174.155653,-0.0
reward/lane_centering,3354,1786469174.931190,-0.0
reward/lane_centering,3364,1786469175.710051,-0.0
reward/lane_centering,3374,1786469176.485614,-0.0
reward/lane_centering,3384,1786469177.268049,-0.0
reward/lane_centering,3394,1786469178.046518,-0.0
reward/lane_centering,3404,1786469178.829449,-0.0
reward/lane_centering,3414,1786469179.622957,-0.0
reward/lane_centering,3424,1786469180.411698,-0.0
reward/lane_centering,3434,1786469181.207538,-0.0
reward/lane_centering,3444,1786469182.008900,-0.0
reward/lane_centering,3454,1786469182.815886,-0.0
reward/lane_centering,3464,1786469183.622980,-0.0
reward/lane_centering,3474,1786469184.428206,-0.0
reward/lane_centering,3484,1786469185.235893,-0.0
reward/lane_centering,3494,1786469186.046474,-0.0
reward/lane_centering,3504,1786469186.848219,-0.0
reward/lane_centering,3514,1786469187.653203,-0.0
reward/lane_centering,3524,1786469188.455153,-0.0
reward/lane_centering,3534,1786469189.256800,-0.0
reward/lane_centering,3544,1786469190.070668,-0.0
reward/lane_centering,3554,1786469190.863942,-0.0
reward/lane_centering,3564,1786469191.674201,-0.0
reward/lane_centering,3574,1786469192.467025,-0.0
reward/lane_centering,3584,1786469193.270254,-0.0
reward/lane_centering,3594,1786469194.076559,-0.0
reward/lane_centering,3604,1786469194.879695,-0.0
reward/lane_centering,3614,1786469195.679216,-0.0
reward/lane_centering,3624,1786469196.477575,-0.0
reward/lane_centering,3634,1786469197.278331,-0.0
reward/lane_centering,3644,1786469198.075880,-0.0
reward/lane_centering,3654,1786469198.873285,-0.0
reward/lane_centering,3664,1786469199.671708,-0.0
reward/lane_centering,3674,1786469200.465367,-0.0
reward/lane_centering,3684,1786469201.262274,-0.0
reward/lane_centering,3694,1786469202.064351,-0.0
reward/lane_centering,3704,1786469202.853512,-0.0
reward/lane_centering,3714,1786469203.649727,-0.0
reward/lane_centering,3724,1786469204.430861,-0.0
reward/lane_centering,3734,1786469205.220259,-0.0
reward/lane_centering,3744,1786469206.009016,-0.0
reward/lane_centering,3754,1786469206.795485,-0.0
reward/lane_centering,3764,1786469211.967736,-0.0
reward/lane_centering,3774,1786469212.776648,-0.0
reward/lane_centering,3784,1786469213.584948,-0.0
reward/lane_centering,3794,1786469214.400339,-0.0
reward/lane_centering,3804,1786469215.193064,-0.0
reward/lane_centering,3814,1786469215.998022,-0.14103788137435913
reward/lane_centering,3824,1786469216.802431,-0.14117449522018433
reward/lane_centering,3834,1786469217.619032,-0.14211484789848328
reward/lane_centering,3844,1786469218.433388,-0.14346453547477722
reward/lane_centering,3854,1786469219.244584,-0.14346477389335632
reward/lane_centering,3864,1786469220.061060,-0.14346477389335632
reward/lane_centering,3874,1786469220.873206,-0.14346477389335632
reward/lane_centering,3884,1786469221.691603,-0.14346477389335632
reward/lane_centering,3894,1786469222.513694,-0.14346477389335632
reward/lane_centering,3904,1786469223.338362,-0.14383217692375183
reward/lane_centering,3914,1786469224.164540,-0.14383265376091003
reward/lane_centering,3924,1786469224.988433,-0.14383265376091003
reward/lane_centering,3934,1786469225.816155,-0.14383265376091003
reward/lane_centering,3944,1786469226.645115,-0.14383265376091003
reward/lane_centering,3954,1786469227.474231,-0.14383265376091003
reward/lane_centering,3964,1786469228.301692,-0.14383265376091003
reward/lane_centering,3974,1786469229.132311,-0.14383265376091003
reward/lane_centering,3984,1786469229.958172,-0.14383265376091003
reward/lane_centering,3994,1786469230.783139,-0.14383265376091003
reward/lane_centering,4004,1786469231.767729,-0.14383265376091003
reward/lane_centering,4014,1786469232.581179,-0.14383265376091003
reward/lane_centering,4024,1786469233.394661,-0.14383265376091003
reward/lane_centering,4034,1786469234.211403,-0.14383265376091003
reward/lane_centering,4044,1786469235.025881,-0.14383265376091003
reward/lane_centering,4054,1786469235.842992,-0.14383265376091003
reward/lane_centering,4064,1786469236.650797,-0.14383265376091003
reward/lane_centering,4074,1786469237.465136,-0.14383265376091003
reward/lane_centering,4084,1786469238.275514,-0.14383265376091003
reward/lane_centering,4094,1786469239.080742,-0.14383265376091003
reward/lane_centering,4104,1786469239.896283,-0.14383265376091003
reward/lane_centering,4114,1786469240.714902,-0.14383265376091003
reward/lane_centering,4124,1786469241.526851,-0.14383265376091003
reward/lane_centering,4134,1786469242.333360,-0.14383265376091003
reward/lane_centering,4144,1786469243.141010,-0.14383265376091003
reward/lane_centering,4154,1786469243.948169,-0.14383265376091003
reward/lane_centering,4164,1786469244.752445,-0.14383265376091003
reward/lane_centering,4174,1786469245.560981,-0.14383265376091003
reward/lane_centering,4184,1786469246.365836,-0.14383265376091003
reward/lane_centering,4194,1786469247.161248,-0.14383265376091003
reward/lane_centering,4204,1786469247.956185,-0.14383265376091003
reward/lane_centering,4214,1786469248.746981,-0.14383265376091003
reward/lane_centering,4224,1786469249.543822,-0.14383265376091003
reward/lane_centering,4234,1786469250.333376,-0.14383265376091003
reward/lane_centering,4244,1786469251.123417,-0.14383265376091003
reward/lane_centering,4254,1786469251.918999,-0.14383265376091003
reward/lane_centering,4264,1786469257.070745,-0.0
reward/lane_centering,4274,1786469257.879378,-0.0
reward/lane_centering,4284,1786469258.679478,-0.0
reward/lane_centering,4294,1786469259.483337,-0.0
reward/lane_centering,4304,1786469260.282668,-0.0
reward/lane_centering,4314,1786469261.071834,-0.0
reward/lane_centering,4324,1786469261.871568,-0.0
reward/lane_centering,4334,1786469262.678964,-0.0
reward/lane_centering,4344,1786469263.485110,-0.0
reward/lane_centering,4354,1786469264.287737,-0.0
reward/lane_centering,4364,1786469265.085295,-0.0
reward/lane_centering,4374,1786469265.883599,-0.0
reward/lane_centering,4384,1786469266.676254,-0.0
reward/lane_centering,4394,1786469267.471341,-0.0
reward/lane_centering,4404,1786469268.267069,-0.0
reward/lane_centering,4414,1786469269.059447,-0.0
reward/lane_centering,4424,1786469269.856715,-0.0
reward/lane_centering,4434,1786469270.665529,-0.0
reward/lane_centering,4445,1786469271.558062,-0.0
reward/lane_centering,4455,1786469272.371890,-0.0
reward/lane_centering,4465,1786469273.193829,-0.0
reward/lane_centering,4475,1786469274.003937,-0.0
reward/lane_centering,4485,1786469274.821910,-0.0
reward/lane_centering,4495,1786469275.649449,-0.0
reward/lane_centering,4505,1786469276.490565,-0.0
reward/lane_centering,4515,1786469277.316938,-0.0
reward/lane_centering,4525,1786469278.142566,-0.0
reward/lane_centering,4535,1786469278.971441,-0.0
reward/lane_centering,4545,1786469279.802496,-0.0
reward/lane_centering,4555,1786469280.634866,-0.0
reward/lane_centering,4565,1786469281.474871,-0.0
reward/lane_centering,4575,1786469282.299584,-0.0
reward/lane_centering,4585,1786469283.128227,-0.0
reward/lane_centering,4595,1786469283.960759,-0.0
reward/lane_centering,4605,1786469284.793123,-0.0
reward/lane_centering,4615,1786469285.619307,-0.0
reward/lane_centering,4625,1786469286.449715,-0.0
reward/lane_centering,4635,1786469287.270142,-0.0
reward/lane_centering,4645,1786469288.096213,-0.0
reward/lane_centering,4655,1786469288.920794,-0.0
reward/lane_centering,4665,1786469289.755307,-0.0
reward/lane_centering,4675,1786469290.580436,-0.0
reward/lane_centering,4685,1786469291.412467,-0.0
reward/lane_centering,4695,1786469292.243840,-0.0
reward/lane_centering,4705,1786469293.078323,-0.0
reward/lane_centering,4715,1786469293.913106,-0.0
reward/lane_centering,4725,1786469294.753592,-0.0
reward/lane_centering,4735,1786469295.585322,-0.0
reward/lane_centering,4745,1786469296.413029,-0.0
reward/lane_centering,4755,1786469297.235076,-0.0
reward/lane_centering,4765,1786469302.519465,-0.0
reward/lane_centering,4775,1786469303.308596,-0.0
reward/lane_centering,4785,1786469304.101012,-0.0
reward/lane_centering,4795,1786469304.883504,-0.0
reward/lane_centering,4805,1786469305.675910,-0.0
reward/lane_centering,4815,1786469306.454145,-0.0
reward/lane_centering,4825,1786469307.240407,-0.0
reward/lane_centering,4835,1786469308.030401,-0.0
reward/lane_centering,4845,1786469308.824355,-0.0
reward/lane_centering,4855,1786469309.618284,-0.0
reward/lane_centering,4865,1786469310.399636,-0.0
reward/lane_centering,4875,1786469311.191056,-0.0
reward/lane_centering,4885,1786469311.977806,-0.0
reward/lane_centering,4895,1786469312.764519,-0.0
reward/lane_centering,4905,1786469313.563107,-0.0
reward/lane_centering,4915,1786469314.361993,-0.0
reward/lane_centering,4925,1786469315.166112,-0.0
reward/lane_centering,4935,1786469315.981597,-0.0
reward/lane_centering,4945,1786469316.792734,-0.0
reward/lane_centering,4955,1786469317.602503,-0.0
reward/lane_centering,4965,1786469318.410619,-0.0
reward/lane_centering,4975,1786469319.219276,-0.0
reward/lane_centering,4985,1786469320.029109,-0.0012667477130889893
reward/lane_centering,4995,1786469320.836399,-0.0018880665302276611
reward/lane_centering,5005,1786469321.639409,-0.012886106967926025
reward/lane_centering,5015,1786469322.443899,-0.013216078281402588
reward/lane_centering,5025,1786469323.249647,-0.013570845127105713
reward/lane_centering,5035,1786469324.067578,-0.013195812702178955
reward/lane_centering,5045,1786469324.865954,-0.024724364280700684
reward/lane_centering,5055,1786469325.679628,-0.02833518385887146
reward/lane_centering,5065,1786469326.485958,-0.03338134288787842
reward/lane_centering,5075,1786469327.294827,-0.03818097710609436
reward/lane_centering,5085,1786469328.112371,-0.03862681984901428
reward/lane_centering,5095,1786469328.913183,-0.03925409913063049
reward/lane_centering,5105,1786469329.733985,-0.03874292969703674
reward/lane_centering,5115,1786469330.535661,-0.038784414529800415
reward/lane_centering,5125,1786469331.346118,-0.04457011818885803
reward/lane_centering,5135,1786469332.160205,-0.056775301694869995
reward/lane_centering,5145,1786469332.968792,-0.0567760169506073
reward/lane_centering,5155,1786469333.782532,-0.05690118670463562
reward/lane_centering,5165,1786469334.591777,-0.056900233030319214
reward/lane_centering,5175,1786469335.402602,-0.05002254247665405
reward/lane_centering,5185,1786469336.214314,-0.037336498498916626
reward/lane_centering,5195,1786469337.025423,-0.037003904581069946
reward/lane_centering,5205,1786469337.832425,-0.0376526415348053
reward/lane_centering,5215,1786469338.640072,-0.03312337398529053
reward/lane_centering,5225,1786469339.445906,-0.032758355140686035
reward/lane_centering,5235,1786469340.255684,-0.02568182349205017
reward/lane_centering,5245,1786469341.056881,-0.025491565465927124
reward/lane_centering,5255,1786469341.867225,-0.026347726583480835
reward/lane_centering,5265,1786469347.080457,-0.0
reward/lane_centering,5275,1786469347.873136,-0.0
reward/lane_centering,5285,1786469348.652946,-0.0
reward/lane_centering,5295,1786469349.444638,-0.0
reward/lane_centering,5305,1786469350.231107,-0.0
reward/lane_centering,5315,1786469351.016814,-0.0
reward/lane_centering,5325,1786469351.809228,-0.0
reward/lane_centering,5335,1786469352.618166,-0.0
reward/lane_centering,5345,1786469353.428095,-0.0
reward/lane_centering,5355,1786469354.235254,-0.0
reward/lane_centering,5365,1786469355.039061,-0.0
reward/lane_centering,5375,1786469355.852634,-0.0
reward/lane_centering,5385,1786469356.639564,-0.0
reward/lane_centering,5395,1786469357.434081,-0.0
reward/lane_centering,5405,1786469358.232330,-0.0
reward/lane_centering,5415,1786469359.034357,-0.0
reward/lane_centering,5425,1786469359.830188,-0.0
reward/lane_centering,5435,1786469360.641710,-0.0
reward/lane_centering,5445,1786469361.458112,-0.0
reward/lane_centering,5455,1786469362.270465,-0.0
reward/lane_centering,5465,1786469363.077110,-0.0
reward/lane_centering,5475,1786469363.884375,-0.0
reward/lane_centering,5485,1786469364.692034,-0.0
reward/lane_centering,5495,1786469365.498393,-0.0
reward/lane_centering,5505,1786469366.304176,-0.0
reward/lane_centering,5515,1786469367.105753,-0.0
reward/lane_centering,5525,1786469367.915502,-0.0
reward/lane_centering,5535,1786469368.716988,-0.0
reward/lane_centering,5545,1786469369.520607,-0.0
reward/lane_centering,5556,1786469370.407423,-0.0
reward/lane_centering,5566,1786469371.206936,-0.0
reward/lane_centering,5576,1786469372.006416,-0.0
reward/lane_centering,5586,1786469372.805260,-0.0
reward/lane_centering,5596,1786469373.607937,-0.0
reward/lane_centering,5606,1786469374.408934,-0.0
reward/lane_centering,5616,1786469375.210062,-0.0
reward/lane_centering,5626,1786469376.014590,-0.0
reward/lane_centering,5636,1786469376.819403,-0.0
reward/lane_centering,5646,1786469377.621460,-0.0
reward/lane_centering,5656,1786469378.422481,-0.0
reward/lane_centering,5666,1786469379.226694,-0.0
reward/lane_centering,5676,1786469380.029504,-0.0
reward/lane_centering,5686,1786469380.838563,-0.0
reward/lane_centering,5696,1786469381.649222,-0.0
reward/lane_centering,5706,1786469382.450263,-0.0
reward/lane_centering,5716,1786469383.254706,-0.0
reward/lane_centering,5726,1786469384.048807,-0.0
reward/lane_centering,5736,1786469384.847465,-0.0
reward/lane_centering,5746,1786469385.644876,-0.0
reward/lane_centering,5756,1786469386.437278,-0.0
reward/lane_centering,5766,1786469391.578404,-0.0
reward/lane_centering,5776,1786469392.388335,-0.0
reward/lane_centering,5786,1786469393.163855,-0.0
reward/lane_centering,5796,1786469393.952599,-0.0
reward/lane_centering,5806,1786469394.731940,-0.0
reward/lane_centering,5816,1786469395.523398,-0.06634867191314697
reward/lane_centering,5826,1786469396.308786,-0.07306262850761414
reward/lane_centering,5836,1786469397.096276,-0.147495836019516
reward/lane_centering,5846,1786469397.884225,-0.18245410919189453
reward/lane_centering,5856,1786469398.671224,-0.19443237781524658
reward/lane_centering,5866,1786469399.459500,-0.22971108555793762
reward/lane_centering,5876,1786469400.253235,-0.2314048409461975
reward/lane_centering,5886,1786469401.035531,-0.4040446877479553
reward/lane_centering,5896,1786469401.822198,-0.3871530294418335
reward/lane_centering,5906,1786469402.613746,-1.2330666780471802
reward/lane_centering,5916,1786469403.416884,-0.3062148690223694
reward/lane_centering,5926,1786469408.708321,-0.0
reward/lane_centering,5936,1786469409.415365,-0.0
reward/lane_centering,5946,1786469410.207133,-0.0
reward/lane_centering,5956,1786469410.998626,-0.0
reward/lane_centering,5966,1786469411.787560,-0.0
reward/lane_centering,5976,1786469412.572728,-0.0
reward/lane_centering,5986,1786469413.361108,-0.0
reward/lane_centering,5996,1786469414.154075,-0.047229260206222534
reward/lane_centering,6006,1786469415.191704,-0.049426496028900146
reward/lane_centering,6016,1786469415.987797,-0.4084392786026001
reward/lane_centering,6026,1786469416.773188,-1.2915815114974976
reward/lane_centering,6036,1786469417.564680,-0.24560114741325378
reward/lane_centering,6046,1786469422.773315,-0.0
reward/lane_centering,6056,1786469423.571072,-0.0
reward/lane_centering,6066,1786469424.363674,-0.0
reward/lane_centering,6076,1786469425.154646,-0.041794002056121826
reward/lane_centering,6086,1786469425.942666,-0.046310603618621826
reward/lane_centering,6096,1786469426.730221,-0.047020137310028076
reward/lane_centering,6106,1786469427.527021,-0.07307454943656921
reward/lane_centering,6116,1786469428.327023,-0.09024831652641296
reward/lane_centering,6126,1786469429.132871,-0.051704615354537964
reward/lane_centering,6136,1786469429.936101,-0.13224053382873535
reward/lane_centering,6146,1786469430.738964,-0.13611626625061035
reward/lane_centering,6156,1786469431.545515,-0.12174248695373535
reward/lane_centering,6166,1786469432.352843,-0.029083430767059326
reward/lane_centering,6176,1786469433.149557,-0.0
reward/lane_centering,6186,1786469433.943313,-0.0
reward/lane_centering,6196,1786469434.743923,-0.0
reward/lane_centering,6206,1786469435.541144,-0.0
reward/lane_centering,6216,1786469436.346726,-0.0
reward/lane_centering,6226,1786469437.146542,-0.0
reward/lane_centering,6236,1786469437.942241,-0.0
reward/lane_centering,6246,1786469438.736286,-0.0
reward/lane_centering,6256,1786469439.535327,-0.0
reward/lane_centering,6266,1786469440.343747,-0.06959554553031921
reward/lane_centering,6276,1786469441.128038,-0.07427999377250671
reward/lane_centering,6286,1786469441.924750,-0.028717219829559326
reward/lane_centering,6296,1786469442.721501,-0.24248537421226501
reward/lane_centering,6306,1786469443.517535,-0.2641223669052124
reward/lane_centering,6316,1786469444.326532,-0.526726245880127
reward/lane_centering,6326,1786469445.107066,-1.1047371625900269
reward/lane_centering,6336,1786469445.913608,-1.2150583267211914
reward/lane_centering,6346,1786469446.710982,-1.2204523086547852
reward/lane_centering,6356,1786469447.495339,-1.1879053115844727
reward/lane_centering,6366,1786469448.280488,-1.202347755432129
reward/lane_centering,6376,1786469449.070893,-1.4585810899734497
reward/lane_centering,6386,1786469449.862176,-1.4494410753250122
reward/lane_centering,6396,1786469450.654890,-1.4544841051101685
reward/lane_centering,6406,1786469451.446739,-1.4604960680007935
reward/lane_centering,6416,1786469452.243750,-1.3216487169265747
reward/lane_centering,6426,1786469453.032132,-1.322571873664856
reward/lane_centering,6436,1786469453.825154,-1.3289881944656372
reward/lane_centering,6446,1786469454.615325,-1.2108697891235352
reward/lane_centering,6456,1786469455.413278,-1.207718849182129
reward/lane_centering,6466,1786469456.206420,-1.206864356994629
reward/lane_centering,6476,1786469456.999002,-1.2062997817993164
reward/lane_centering,6486,1786469457.796261,-1.3188029527664185
reward/lane_centering,6496,1786469458.590747,-1.3777934312820435
reward/lane_centering,6506,1786469459.390110,-1.3829509019851685
reward/lane_centering,6516,1786469460.183169,-1.3573695421218872
reward/lane_centering,6526,1786469460.975542,-1.3716975450515747
reward/lane_centering,6536,1786469461.766297,-1.3565608263015747
reward/lane_centering,6546,1786469466.908733,-0.0
reward/lane_centering,6556,1786469467.697716,-0.0
reward/lane_centering,6566,1786469468.490127,-0.0
reward/lane_centering,6576,1786469469.266759,-0.0
reward/lane_centering,6586,1786469470.064167,-0.0
reward/lane_centering,6596,1786469470.840661,-0.0
reward/lane_centering,6606,1786469471.627128,-0.0
reward/lane_centering,6616,1786469472.415203,-0.0
reward/lane_centering,6626,1786469473.204533,-0.0
reward/lane_centering,6636,1786469473.994783,-0.0
reward/lane_centering,6646,1786469474.789043,-0.0
reward/lane_centering,6656,1786469475.586620,-0.0
reward/lane_centering,6667,1786469476.453030,-0.0
reward/lane_centering,6677,1786469477.226876,-0.0
reward/lane_centering,6687,1786469478.006839,-0.0
reward/lane_centering,6697,1786469478.776938,-0.0
reward/lane_centering,6707,1786469479.557168,-0.0
reward/lane_centering,6717,1786469480.348466,-0.0
reward/lane_centering,6727,1786469481.153742,-0.0
reward/lane_centering,6737,1786469481.947894,-0.0
reward/lane_centering,6747,1786469482.762867,-0.0
reward/lane_centering,6757,1786469483.586972,-0.0
reward/lane_centering,6767,1786469484.408392,-0.0
reward/lane_centering,6777,1786469485.226487,-0.0
reward/lane_centering,6787,1786469486.051640,-0.0
reward/lane_centering,6797,1786469486.873776,-0.0
reward/lane_centering,6807,1786469487.686715,-0.0
reward/lane_centering,6817,1786469488.508424,-0.0
reward/lane_centering,6827,1786469489.326537,-0.0
reward/lane_centering,6837,1786469490.141167,-0.0
reward/lane_centering,6847,1786469490.946024,-0.0
reward/lane_centering,6857,1786469491.760153,-0.0
reward/lane_centering,6867,1786469492.557976,-0.0
reward/lane_centering,6877,1786469493.368478,-0.0
reward/lane_centering,6887,1786469494.188729,-0.0
reward/lane_centering,6897,1786469494.993231,-0.0
reward/lane_centering,6907,1786469495.797386,-0.0
reward/lane_centering,6917,1786469496.600423,-0.0
reward/lane_centering,6927,1786469497.400899,-0.0
reward/lane_centering,6937,1786469498.202787,-0.0
reward/lane_centering,6947,1786469499.028767,-0.0
reward/lane_centering,6957,1786469499.854122,-0.0
reward/lane_centering,6967,1786469500.666685,-0.0
reward/lane_centering,6977,1786469501.473732,-0.0
reward/lane_centering,6987,1786469502.288781,-0.0
reward/lane_centering,6997,1786469503.081467,-0.0
reward/lane_centering,7007,1786469503.885386,-0.0
reward/lane_centering,7017,1786469504.697054,-0.0
reward/lane_centering,7027,1786469505.511859,-0.0
reward/lane_centering,7037,1786469510.740211,-0.0
reward/lane_centering,7047,1786469511.473608,-0.0
reward/lane_centering,7057,1786469512.281253,-0.0
reward/lane_centering,7067,1786469513.120627,-0.0
reward/lane_centering,7077,1786469513.954782,-0.0
reward/lane_centering,7087,1786469514.787506,-0.0
reward/lane_centering,7097,1786469515.589259,-0.0
reward/lane_centering,7107,1786469516.409321,-0.0
reward/lane_centering,7117,1786469517.251347,-0.0
reward/lane_centering,7127,1786469518.086410,-0.0
reward/lane_centering,7137,1786469518.902934,-0.0
reward/lane_centering,7147,1786469519.715293,-0.0
reward/lane_centering,7157,1786469520.546371,-0.0
reward/lane_centering,7167,1786469521.363047,-0.0
reward/lane_centering,7177,1786469522.192405,-0.0
reward/lane_centering,7187,1786469523.003379,-0.004112422466278076
reward/lane_centering,7197,1786469523.852904,-0.0
reward/lane_centering,7207,1786469524.720407,-0.0
reward/lane_centering,7217,1786469525.575671,-0.0
reward/lane_centering,7227,1786469526.435907,-0.0
reward/lane_centering,7237,1786469527.263181,-0.010139614343643188
reward/lane_centering,7247,1786469528.123106,-0.033401668071746826
reward/lane_centering,7257,1786469528.940611,-0.048599421977996826
reward/lane_centering,7267,1786469529.791803,-0.051979243755340576
reward/lane_centering,7277,1786469530.589621,-0.052200525999069214
reward/lane_centering,7287,1786469531.437971,-0.022155940532684326
reward/lane_centering,7297,1786469532.272005,-0.007949978113174438
reward/lane_centering,7307,1786469533.079263,-0.07740804553031921
reward/lane_centering,7317,1786469533.891531,-0.1268618106842041
reward/lane_centering,7327,1786469534.701081,-0.1526797115802765
reward/lane_centering,7337,1786469535.511431,-0.151199609041214
reward/lane_centering,7347,1786469536.337016,-0.16223934292793274
reward/lane_centering,7357,1786469537.189654,-0.20481902360916138
reward/lane_centering,7367,1786469538.037291,-0.20549803972244263
reward/lane_centering,7377,1786469538.862805,-0.22853121161460876
reward/lane_centering,7387,1786469539.685812,-0.22795900702476501
reward/lane_centering,7397,1786469540.531201,-0.22841677069664001
reward/lane_centering,7407,1786469541.354187,-0.23683196306228638
reward/lane_centering,7417,1786469542.169626,-0.4333271384239197
reward/lane_centering,7427,1786469542.984020,-0.4328388571739197
reward/lane_centering,7437,1786469543.817611,-0.4378056526184082
reward/lane_centering,7447,1786469544.653720,-0.5044102668762207
reward/lane_centering,7457,1786469545.488318,-0.5160908699035645
reward/lane_centering,7467,1786469546.332519,-0.5155949592590332
reward/lane_centering,7477,1786469547.173844,-0.5151524543762207
reward/lane_centering,7487,1786469548.022613,-0.5152897834777832
reward/lane_centering,7497,1786469548.832239,-0.5164265632629395
reward/lane_centering,7507,1786469549.656514,-0.5179296135902405
reward/lane_centering,7517,1786469550.504189,-0.5183187127113342
reward/lane_centering,7527,1786469551.350845,-0.5188146233558655
reward/lane_centering,7537,1786469556.851562,-0.0
reward/lane_centering,7547,1786469557.578991,-0.0
reward/lane_centering,7557,1786469558.393003,-0.0
reward/lane_centering,7567,1786469559.231260,-0.0
reward/lane_centering,7577,1786469560.044602,-0.0
reward/lane_centering,7587,1786469560.851725,-0.0
reward/lane_centering,7597,1786469561.668525,-0.0
reward/lane_centering,7607,1786469562.471477,-0.0
reward/lane_centering,7617,1786469563.284451,-0.0
reward/lane_centering,7627,1786469564.121768,-0.0
reward/lane_centering,7637,1786469564.956003,-0.0
reward/lane_centering,7647,1786469565.794099,-0.0
reward/lane_centering,7657,1786469566.628004,-0.0
reward/lane_centering,7667,1786469567.437674,-0.0
reward/lane_centering,7677,1786469568.237024,-0.0
reward/lane_centering,7687,1786469569.035731,-0.0
reward/lane_centering,7697,1786469569.839941,-0.0
reward/lane_centering,7707,1786469570.649775,-0.0
reward/lane_centering,7717,1786469571.471634,-0.0
reward/lane_centering,7727,1786469572.288253,-0.0
reward/lane_centering,7737,1786469573.111747,-0.0
reward/lane_centering,7747,1786469573.940619,-0.0
reward/lane_centering,7757,1786469574.774127,-0.0
reward/lane_centering,7767,1786469575.609401,-0.0
reward/lane_centering,7778,1786469576.527938,-0.0
reward/lane_centering,7788,1786469577.356437,-0.0
reward/lane_centering,7798,1786469578.200267,-0.0
reward/lane_centering,7808,1786469579.022000,-0.0
reward/lane_centering,7818,1786469579.856592,-0.0
reward/lane_centering,7828,1786469580.679565,-0.0
reward/lane_centering,7838,1786469581.498570,-0.0
reward/lane_centering,7848,1786469582.314851,-0.0
reward/lane_centering,7858,1786469583.134244,-0.0
reward/lane_centering,7868,1786469583.954979,-0.0
reward/lane_centering,7878,1786469584.769415,-0.0
reward/lane_centering,7888,1786469585.595226,-0.0
reward/lane_centering,7898,1786469586.420569,-0.0
reward/lane_centering,7908,1786469587.240338,-0.0
reward/lane_centering,7918,1786469588.059743,-0.0
reward/lane_centering,7928,1786469588.861484,-0.0
reward/lane_centering,7938,1786469589.665379,-0.0
reward/lane_centering,7948,1786469590.467906,-0.0
reward/lane_centering,7958,1786469591.270336,-0.0
reward/lane_centering,7968,1786469592.070672,-0.0
reward/lane_centering,7978,1786469592.873183,-0.0
reward/lane_centering,7988,1786469593.675429,-0.0
reward/lane_centering,7998,1786469594.481124,-0.0
reward/lane_centering,8008,1786469595.639311,-0.0
reward/lane_centering,8018,1786469596.438490,-0.0
reward/lane_centering,8028,1786469597.236969,-0.0
reward/lane_centering,8038,1786469602.447131,-0.0
reward/lane_centering,8048,1786469603.198809,-0.0
reward/lane_centering,8058,1786469603.984869,-0.0
reward/lane_centering,8068,1786469604.769226,-0.0
reward/lane_centering,8078,1786469605.554072,-0.0
reward/lane_centering,8088,1786469606.336742,-0.0
reward/lane_centering,8098,1786469607.120554,-0.0
reward/lane_centering,8108,1786469607.912677,-0.0
reward/lane_centering,8118,1786469608.704133,-0.0
reward/lane_centering,8128,1786469609.498347,-0.0
reward/lane_centering,8138,1786469610.300534,-0.0
reward/lane_centering,8148,1786469611.093594,-0.0
reward/lane_centering,8158,1786469611.883643,-0.0
reward/lane_centering,8168,1786469612.667582,-0.0
reward/lane_centering,8178,1786469613.453859,-0.0
reward/lane_centering,8188,1786469614.243172,-0.0
reward/lane_centering,8198,1786469615.039956,-0.0
reward/lane_centering,8208,1786469615.825224,-0.0
reward/lane_centering,8218,1786469616.610338,-0.0
reward/lane_centering,8228,1786469617.403946,-0.0
reward/lane_centering,8238,1786469618.195643,-0.0
reward/lane_centering,8248,1786469618.983793,-0.0
reward/lane_centering,8258,1786469619.776992,-0.0
reward/lane_centering,8268,1786469620.568881,-0.0
reward/lane_centering,8278,1786469621.365466,-0.0
reward/lane_centering,8288,1786469622.174973,-0.0
reward/lane_centering,8298,1786469622.957117,-0.0
reward/lane_centering,8308,1786469623.753264,-0.0
reward/lane_centering,8318,1786469624.552917,-0.0
reward/lane_centering,8328,1786469625.350346,-0.0
reward/lane_centering,8338,1786469626.150456,-0.0
reward/lane_centering,8348,1786469626.950367,-0.0
reward/lane_centering,8358,1786469627.746953,-0.0
reward/lane_centering,8368,1786469628.543392,-0.0
reward/lane_centering,8378,1786469629.340731,-0.0
reward/lane_centering,8388,1786469630.138672,-0.0
reward/lane_centering,8398,1786469630.946143,-0.0
reward/lane_centering,8408,1786469631.756942,-0.0
reward/lane_centering,8418,1786469632.566692,-0.0
reward/lane_centering,8428,1786469633.373905,-0.0
reward/lane_centering,8438,1786469634.173652,-0.0
reward/lane_centering,8448,1786469634.980276,-0.0
reward/lane_centering,8458,1786469635.769752,-0.0
reward/lane_centering,8468,1786469636.567073,-0.0
reward/lane_centering,8478,1786469637.370961,-0.0
reward/lane_centering,8488,1786469638.171080,-0.0
reward/lane_centering,8498,1786469638.970905,-0.0
reward/lane_centering,8508,1786469639.771709,-0.0
reward/lane_centering,8518,1786469640.568802,-0.0
reward/lane_centering,8528,1786469641.366529,-0.0
reward/lane_centering,8538,1786469646.613759,-0.0
reward/lane_centering,8548,1786469647.375295,-0.0
reward/lane_centering,8558,1786469648.169895,-0.0
reward/lane_centering,8568,1786469648.963500,-0.0
reward/lane_centering,8578,1786469649.770528,-0.00960204005241394
reward/lane_centering,8588,1786469650.586820,-0.011101394891738892
reward/lane_centering,8598,1786469651.406527,-0.017420172691345215
reward/lane_centering,8608,1786469652.228620,-0.020722538232803345
reward/lane_centering,8618,1786469653.054446,-0.09297046065330505
reward/lane_centering,8628,1786469653.885201,-0.09311941266059875
reward/lane_centering,8638,1786469654.712718,-0.09301137924194336
reward/lane_centering,8648,1786469655.541512,-0.09298884868621826
reward/lane_centering,8658,1786469656.369486,-0.09282457828521729
reward/lane_centering,8668,1786469657.198155,-0.09282457828521729
reward/lane_centering,8678,1786469658.027282,-0.09232074022293091
reward/lane_centering,8688,1786469658.841867,-0.09410542249679565
reward/lane_centering,8698,1786469659.645358,-0.09410542249679565
reward/lane_centering,8708,1786469660.449406,-0.09421771764755249
reward/lane_centering,8718,1786469661.253044,-0.09421771764755249
reward/lane_centering,8728,1786469662.060200,-0.09421771764755249
reward/lane_centering,8738,1786469662.872668,-0.09421771764755249
reward/lane_centering,8748,1786469663.677811,-0.09421771764755249
reward/lane_centering,8758,1786469664.505916,-0.09522676467895508
reward/lane_centering,8768,1786469665.305795,-0.09505951404571533
reward/lane_centering,8778,1786469666.119417,-0.09525477886199951
reward/lane_centering,8788,1786469666.930311,-0.09525489807128906
reward/lane_centering,8798,1786469667.737861,-0.09525489807128906
reward/lane_centering,8808,1786469668.552592,-0.09525489807128906
reward/lane_centering,8818,1786469669.357160,-0.09335494041442871
reward/lane_centering,8828,1786469670.176727,-0.09298571944236755
reward/lane_centering,8838,1786469670.991820,-0.09285098314285278
reward/lane_centering,8848,1786469671.812476,-0.09285098314285278
reward/lane_centering,8858,1786469672.630786,-0.09313976764678955
reward/lane_centering,8868,1786469673.445409,-0.09243059158325195
reward/lane_centering,8878,1786469674.261123,-0.09246259927749634
reward/lane_centering,8889,1786469675.157011,-0.09195685386657715
reward/lane_centering,8899,1786469675.973668,-0.07836556434631348
reward/lane_centering,8909,1786469676.793262,-0.07676762342453003
reward/lane_centering,8919,1786469677.606330,-0.07649791240692139
reward/lane_centering,8929,1786469678.424263,-0.07644715905189514
reward/lane_centering,8939,1786469679.241390,-0.07598155736923218
reward/lane_centering,8949,1786469680.058489,-0.07721087336540222
reward/lane_centering,8959,1786469680.871018,-0.05206596851348877
reward/lane_centering,8969,1786469681.682291,-0.051780372858047485
reward/lane_centering,8979,1786469682.488043,-0.05220860242843628
reward/lane_centering,8989,1786469683.295364,-0.049708425998687744
reward/lane_centering,8999,1786469684.100511,-0.05038270354270935
reward/lane_centering,9009,1786469684.906134,-0.05742880702018738
reward/lane_centering,9019,1786469685.712706,-0.03678777813911438
reward/lane_centering,9029,1786469686.517607,-0.0468134880065918
reward/lane_centering,9039,1786469691.749342,-0.0
reward/lane_centering,9049,1786469692.556432,-0.0
reward/lane_centering,9059,1786469693.370648,-0.0
reward/lane_centering,9069,1786469694.183518,-0.0
reward/lane_centering,9079,1786469695.000490,-0.0
reward/lane_centering,9089,1786469695.825446,-0.0
reward/lane_centering,9099,1786469696.638617,-0.0
reward/lane_centering,9109,1786469697.458396,-0.0
reward/lane_centering,9119,1786469698.280655,-0.0
reward/lane_centering,9129,1786469699.100452,-0.0
reward/lane_centering,9139,1786469699.923829,-0.0
reward/lane_centering,9149,1786469700.745301,-0.0
reward/lane_centering,9159,1786469701.564695,-0.0
reward/lane_centering,9169,1786469702.396796,-0.0
reward/lane_centering,9179,1786469703.226204,-0.0
reward/lane_centering,9189,1786469704.048185,-0.0
reward/lane_centering,9199,1786469704.888391,-0.0
reward/lane_centering,9209,1786469705.740715,-0.0
reward/lane_centering,9219,1786469711.100798,-0.0
reward/lane_centering,9229,1786469711.897607,-0.0
reward/lane_centering,9239,1786469712.692728,-0.0
reward/lane_centering,9249,1786469713.496402,-0.0
reward/lane_centering,9259,1786469714.303683,-0.0
reward/lane_centering,9269,1786469715.109948,-0.0
reward/lane_centering,9279,1786469715.921268,-0.0
reward/lane_centering,9289,1786469716.728369,-0.0
reward/lane_centering,9299,1786469717.535041,-0.0
reward/lane_centering,9309,1786469718.343855,-0.0
reward/lane_centering,9319,1786469719.152276,-0.0
reward/lane_centering,9329,1786469719.957296,-0.0
reward/lane_centering,9339,1786469720.767398,-0.0
reward/lane_centering,9349,1786469721.567880,-0.0
reward/lane_centering,9359,1786469722.373311,-0.0
reward/lane_centering,9369,1786469723.183479,-0.0
reward/lane_centering,9379,1786469723.985417,-0.0
reward/lane_centering,9389,1786469724.797228,-0.0
reward/lane_centering,9399,1786469725.616636,-0.0
reward/lane_centering,9409,1786469726.431773,-0.0
reward/lane_centering,9419,1786469727.252328,-0.0
reward/lane_centering,9429,1786469728.083918,-0.0
reward/lane_centering,9439,1786469728.917349,-0.0
reward/lane_centering,9449,1786469729.755347,-0.0
reward/lane_centering,9459,1786469730.596460,-0.0
reward/lane_centering,9469,1786469731.441714,-0.0
reward/lane_centering,9479,1786469732.286834,-0.0
reward/lane_centering,9489,1786469733.131384,-0.0
reward/lane_centering,9499,1786469733.973883,-0.0
reward/lane_centering,9509,1786469734.815439,-0.0
reward/lane_centering,9519,1786469735.646349,-0.0
reward/lane_centering,9529,1786469736.471640,-0.0
reward/lane_centering,9539,1786469737.295073,-0.0
reward/lane_centering,9549,1786469738.112410,-0.0
reward/lane_centering,9559,1786469738.921831,-0.0
reward/lane_centering,9569,1786469739.740658,-0.0
reward/lane_centering,9579,1786469740.554723,-0.0
reward/lane_centering,9589,1786469741.371143,-0.0
reward/lane_centering,9599,1786469742.187124,-0.0
reward/lane_centering,9609,1786469743.001455,-0.0
reward/lane_centering,9619,1786469743.806186,-0.0
reward/lane_centering,9629,1786469744.613295,-0.0
reward/lane_centering,9639,1786469745.421794,-0.0
reward/lane_centering,9649,1786469746.220862,-0.011203587055206299
reward/lane_centering,9659,1786469747.019835,-0.024495482444763184
reward/lane_centering,9669,1786469747.825859,-0.04440060257911682
reward/lane_centering,9679,1786469748.623273,-0.04440084099769592
reward/lane_centering,9689,1786469749.426836,-0.05092209577560425
reward/lane_centering,9699,1786469750.231908,-0.0439852774143219
reward/lane_centering,9709,1786469751.033504,-0.001592189073562622
reward/lane_centering,9719,1786469756.251162,-0.0
reward/lane_centering,9729,1786469757.044865,-0.0
reward/lane_centering,9739,1786469757.837834,-0.0
reward/lane_centering,9749,1786469758.630017,-0.0
reward/lane_centering,9759,1786469759.427642,-0.0
reward/lane_centering,9769,1786469760.223776,-0.0
reward/lane_centering,9779,1786469761.014125,-0.0
reward/lane_centering,9789,1786469761.811525,-0.0
reward/lane_centering,9799,1786469762.616234,-0.0
reward/lane_centering,9809,1786469763.409912,-0.0
reward/lane_centering,9819,1786469764.211256,-0.0
reward/lane_centering,9829,1786469765.010480,-0.0
reward/lane_centering,9839,1786469765.809852,-0.0
reward/lane_centering,9849,1786469766.608565,-0.0
reward/lane_centering,9859,1786469767.411929,-0.0
reward/lane_centering,9869,1786469768.219868,-0.0
reward/lane_centering,9879,1786469769.027189,-0.0
reward/lane_centering,9889,1786469769.841346,-0.0
reward/lane_centering,9899,1786469770.641379,-0.0
reward/lane_centering,9909,1786469771.434762,-0.0
reward/lane_centering,9919,1786469772.232377,-0.0
reward/lane_centering,9929,1786469773.026601,-0.0
reward/lane_centering,9939,1786469773.830729,-0.0
reward/lane_centering,9949,1786469774.640785,-0.0
reward/lane_centering,9959,1786469775.453761,-0.0
reward/lane_centering,9969,1786469776.277774,-0.0
reward/lane_centering,9979,1786469777.092951,-0.0
reward/lane_centering,9989,1786469777.898781,-0.0
reward/lane_centering,10000,1786469778.784816,-0.0
reward/longitudinal_comfort,1,1786468842.728925,-0.0
reward/longitudinal_comfort,11,1786468843.404633,-0.0
reward/longitudinal_comfort,21,1786468844.211577,-0.0
reward/longitudinal_comfort,31,1786468845.018388,-0.0
reward/longitudinal_comfort,41,1786468845.830281,-1.126739740371704
reward/longitudinal_comfort,51,1786468846.638688,-0.0
reward/longitudinal_comfort,61,1786468847.449109,-0.0
reward/longitudinal_comfort,71,1786468848.260455,-0.0
reward/longitudinal_comfort,81,1786468849.073085,-0.0
reward/longitudinal_comfort,91,1786468849.893078,-0.0
reward/longitudinal_comfort,101,1786468850.710116,-0.0
reward/longitudinal_comfort,111,1786468851.526458,-0.0
reward/longitudinal_comfort,121,1786468852.341172,-0.0
reward/longitudinal_comfort,131,1786468853.176265,-0.0
reward/longitudinal_comfort,141,1786468854.030884,-0.0
reward/longitudinal_comfort,151,1786468854.890139,-0.0
reward/longitudinal_comfort,161,1786468855.731909,-0.0
reward/longitudinal_comfort,171,1786468856.557958,-0.0
reward/longitudinal_comfort,181,1786468857.386109,-0.0
reward/longitudinal_comfort,191,1786468858.210298,-0.0
reward/longitudinal_comfort,201,1786468859.035395,-0.0
reward/longitudinal_comfort,211,1786468859.861127,-0.0
reward/longitudinal_comfort,221,1786468860.679176,-0.0
reward/longitudinal_comfort,231,1786468861.501034,-0.0
reward/longitudinal_comfort,241,1786468862.323663,-0.0
reward/longitudinal_comfort,251,1786468863.141325,-0.0
reward/longitudinal_comfort,261,1786468863.956778,-0.0
reward/longitudinal_comfort,271,1786468864.773064,-0.0
reward/longitudinal_comfort,281,1786468865.594130,-0.0
reward/longitudinal_comfort,291,1786468866.417164,-0.0
reward/longitudinal_comfort,301,1786468867.230467,-0.0
reward/longitudinal_comfort,311,1786468868.049478,-0.0
reward/longitudinal_comfort,321,1786468868.867100,-0.0
reward/longitudinal_comfort,331,1786468869.686413,-0.0
reward/longitudinal_comfort,341,1786468870.501107,-0.0
reward/longitudinal_comfort,351,1786468871.318441,-0.0
reward/longitudinal_comfort,361,1786468872.137836,-0.0
reward/longitudinal_comfort,371,1786468872.954653,-0.0
reward/longitudinal_comfort,381,1786468873.772666,-0.0
reward/longitudinal_comfort,391,1786468874.591598,-0.0
reward/longitudinal_comfort,401,1786468875.405927,-0.0
reward/longitudinal_comfort,411,1786468876.222612,-0.20735597610473633
reward/longitudinal_comfort,421,1786468877.037822,-0.0
reward/longitudinal_comfort,431,1786468877.847026,-0.0
reward/longitudinal_comfort,441,1786468878.654859,-0.0
reward/longitudinal_comfort,451,1786468879.458200,-0.0
reward/longitudinal_comfort,461,1786468880.255033,-0.0
reward/longitudinal_comfort,471,1786468881.050101,-0.0
reward/longitudinal_comfort,481,1786468881.846034,-0.0
reward/longitudinal_comfort,491,1786468882.639030,-0.0
reward/longitudinal_comfort,501,1786468887.891416,-0.0
reward/longitudinal_comfort,511,1786468888.618811,-0.0
reward/longitudinal_comfort,521,1786468889.419734,-0.0
reward/longitudinal_comfort,531,1786468890.227301,-0.0
reward/longitudinal_comfort,541,1786468891.023772,-0.08787423372268677
reward/longitudinal_comfort,551,1786468891.812320,-0.5634517073631287
reward/longitudinal_comfort,561,1786468892.601892,-1.7095223665237427
reward/longitudinal_comfort,571,1786468893.391030,-2.4296131134033203
reward/longitudinal_comfort,581,1786468894.183773,-0.23341065645217896
reward/longitudinal_comfort,591,1786468894.974903,-0.810418963432312
reward/longitudinal_comfort,601,1786468895.769797,-0.4624066948890686
reward/longitudinal_comfort,611,1786468896.567973,-1.0327986478805542
reward/longitudinal_comfort,621,1786468897.360146,-0.0
reward/longitudinal_comfort,631,1786468898.161026,-0.0
reward/longitudinal_comfort,641,1786468898.951965,-0.49058622121810913
reward/longitudinal_comfort,651,1786468899.742819,-0.011612296104431152
reward/longitudinal_comfort,661,1786468900.536876,-0.0
reward/longitudinal_comfort,671,1786468901.331513,-1.4994702339172363
reward/longitudinal_comfort,681,1786468906.557414,-0.0
reward/longitudinal_comfort,691,1786468907.340506,-0.0
reward/longitudinal_comfort,701,1786468908.131580,-0.5513617992401123
reward/longitudinal_comfort,711,1786468908.919448,-1.3691606521606445
reward/longitudinal_comfort,721,1786468909.735818,-0.034344255924224854
reward/longitudinal_comfort,731,1786468910.533508,-0.08026352524757385
reward/longitudinal_comfort,741,1786468911.341496,-0.0
reward/longitudinal_comfort,751,1786468912.155815,-0.0
reward/longitudinal_comfort,761,1786468912.961843,-0.0
reward/longitudinal_comfort,771,1786468913.771331,-0.0
reward/longitudinal_comfort,781,1786468914.581195,-0.9773765802383423
reward/longitudinal_comfort,791,1786468915.386136,-0.38557910919189453
reward/longitudinal_comfort,801,1786468916.199150,-0.0
reward/longitudinal_comfort,811,1786468916.998885,-0.0
reward/longitudinal_comfort,821,1786468917.806737,-0.0
reward/longitudinal_comfort,831,1786468918.617669,-0.0
reward/longitudinal_comfort,841,1786468919.424135,-0.0
reward/longitudinal_comfort,851,1786468920.232727,-0.0
reward/longitudinal_comfort,861,1786468921.045101,-0.0
reward/longitudinal_comfort,871,1786468921.857353,-0.0
reward/longitudinal_comfort,881,1786468922.664857,-0.0738677978515625
reward/longitudinal_comfort,891,1786468923.489457,-2.0947232246398926
reward/longitudinal_comfort,901,1786468924.288422,-1.5710899829864502
reward/longitudinal_comfort,911,1786468925.099941,-1.5388474464416504
reward/longitudinal_comfort,921,1786468925.910887,-1.9804553985595703
reward/longitudinal_comfort,931,1786468931.142581,-0.0
reward/longitudinal_comfort,941,1786468931.933641,-0.0
reward/longitudinal_comfort,951,1786468932.717207,-1.1501741409301758
reward/longitudinal_comfort,961,1786468933.507298,-0.0
reward/longitudinal_comfort,971,1786468934.308590,-1.4566516876220703
reward/longitudinal_comfort,981,1786468935.109650,-0.19769638776779175
reward/longitudinal_comfort,991,1786468935.912051,-1.975149393081665
reward/longitudinal_comfort,1001,1786468936.713445,-0.10771608352661133
reward/longitudinal_comfort,1011,1786468937.516751,-2.1868109703063965
reward/longitudinal_comfort,1021,1786468938.327575,-4.086066722869873
reward/longitudinal_comfort,1031,1786468939.121789,-0.12796121835708618
reward/longitudinal_comfort,1041,1786468939.919923,-0.0
reward/longitudinal_comfort,1051,1786468940.717118,-0.0
reward/longitudinal_comfort,1061,1786468941.519263,-0.0
reward/longitudinal_comfort,1071,1786468942.322619,-0.0
reward/longitudinal_comfort,1081,1786468943.122420,-0.0
reward/longitudinal_comfort,1091,1786468943.920991,-0.0
reward/longitudinal_comfort,1101,1786468944.723490,-0.8899608850479126
reward/longitudinal_comfort,1112,1786468945.603444,-0.0
reward/longitudinal_comfort,1122,1786468946.401646,-1.871401309967041
reward/longitudinal_comfort,1132,1786468947.205825,-5.14290714263916
reward/longitudinal_comfort,1142,1786468948.000926,-0.32400351762771606
reward/longitudinal_comfort,1152,1786468948.797963,-1.4153287410736084
reward/longitudinal_comfort,1162,1786468949.595068,-0.5779681205749512
reward/longitudinal_comfort,1172,1786468954.811379,-0.0
reward/longitudinal_comfort,1182,1786468955.642482,-0.0
reward/longitudinal_comfort,1192,1786468956.475000,-3.762880325317383
reward/longitudinal_comfort,1202,1786468957.316214,-2.3096065521240234
reward/longitudinal_comfort,1212,1786468958.154743,-1.8129382133483887
reward/longitudinal_comfort,1222,1786468963.573247,-0.0
reward/longitudinal_comfort,1232,1786468964.366342,-2.958644390106201
reward/longitudinal_comfort,1242,1786468965.157943,-0.21420812606811523
reward/longitudinal_comfort,1252,1786468965.941793,-0.9546974897384644
reward/longitudinal_comfort,1262,1786468966.718927,-0.3396639823913574
reward/longitudinal_comfort,1272,1786468967.499192,-1.8384978771209717
reward/longitudinal_comfort,1282,1786468972.714743,-0.0
reward/longitudinal_comfort,1292,1786468973.440920,-0.0
reward/longitudinal_comfort,1302,1786468974.266447,-1.0711643695831299
reward/longitudinal_comfort,1312,1786468975.059261,-1.7052083015441895
reward/longitudinal_comfort,1322,1786468975.865726,-0.14954251050949097
reward/longitudinal_comfort,1332,1786468976.678466,-0.0
reward/longitudinal_comfort,1342,1786468977.493918,-0.0
reward/longitudinal_comfort,1352,1786468978.318007,-0.1854514479637146
reward/longitudinal_comfort,1362,1786468979.202845,-0.739229679107666
reward/longitudinal_comfort,1372,1786468980.175174,-3.596611976623535
reward/longitudinal_comfort,1382,1786468981.286540,-0.34661388397216797
reward/longitudinal_comfort,1392,1786468982.495248,-0.13694500923156738
reward/longitudinal_comfort,1402,1786468983.460381,-0.6589767932891846
reward/longitudinal_comfort,1412,1786468984.435102,-1.5185937881469727
reward/longitudinal_comfort,1422,1786468985.384031,-1.0556719303131104
reward/longitudinal_comfort,1432,1786468986.382454,-0.5643484592437744
reward/longitudinal_comfort,1442,1786468987.218904,-0.03448343276977539
reward/longitudinal_comfort,1452,1786468988.057420,-0.8957695960998535
reward/longitudinal_comfort,1462,1786468988.897389,-0.1669130027294159
reward/longitudinal_comfort,1472,1786468989.854380,-0.17096611857414246
reward/longitudinal_comfort,1482,1786468990.734867,-1.751323938369751
reward/longitudinal_comfort,1492,1786468991.580309,-0.0
reward/longitudinal_comfort,1502,1786468992.419313,-0.0
reward/longitudinal_comfort,1512,1786468993.248913,-0.9520901441574097
reward/longitudinal_comfort,1522,1786468994.111297,-0.0
reward/longitudinal_comfort,1532,1786468994.976997,-0.48581719398498535
reward/longitudinal_comfort,1542,1786468995.856459,-1.7208627462387085
reward/longitudinal_comfort,1552,1786468996.740164,-0.19418111443519592
reward/longitudinal_comfort,1562,1786468997.601399,-0.0
reward/longitudinal_comfort,1572,1786468998.458641,-0.222694993019104
reward/longitudinal_comfort,1582,1786468999.426303,-0.0
reward/longitudinal_comfort,1592,1786469000.431305,-0.11645236611366272
reward/longitudinal_comfort,1602,1786469001.330257,-0.1277819573879242
reward/longitudinal_comfort,1612,1786469002.181101,-0.514031708240509
reward/longitudinal_comfort,1622,1786469003.134101,-0.0
reward/longitudinal_comfort,1632,1786469004.076093,-0.0
reward/longitudinal_comfort,1642,1786469005.411259,-0.0
reward/longitudinal_comfort,1652,1786469006.457761,-0.9871504306793213
reward/longitudinal_comfort,1662,1786469007.292219,-0.42151546478271484
reward/longitudinal_comfort,1672,1786469008.128229,-0.9735403060913086
reward/longitudinal_comfort,1682,1786469008.967751,-0.0
reward/longitudinal_comfort,1692,1786469009.798388,-0.023626476526260376
reward/longitudinal_comfort,1702,1786469010.805583,-0.0
reward/longitudinal_comfort,1712,1786469011.706446,-0.046323955059051514
reward/longitudinal_comfort,1722,1786469012.651158,-1.7161340713500977
reward/longitudinal_comfort,1732,1786469013.557658,-0.5278081297874451
reward/longitudinal_comfort,1742,1786469014.400043,-0.0
reward/longitudinal_comfort,1752,1786469015.238323,-0.025156885385513306
reward/longitudinal_comfort,1762,1786469016.366338,-0.15701910853385925
reward/longitudinal_comfort,1772,1786469017.316409,-0.5817500352859497
reward/longitudinal_comfort,1782,1786469022.940048,-0.0
reward/longitudinal_comfort,1792,1786469023.652353,-0.0
reward/longitudinal_comfort,1802,1786469024.438515,-2.1892893314361572
reward/longitudinal_comfort,1812,1786469025.224996,-0.2389845848083496
reward/longitudinal_comfort,1822,1786469026.608380,-0.0
reward/longitudinal_comfort,1832,1786469033.617769,-0.0
reward/longitudinal_comfort,1842,1786469034.442201,-0.0
reward/longitudinal_comfort,1852,1786469035.254929,-0.0
reward/longitudinal_comfort,1862,1786469036.087066,-0.0
reward/longitudinal_comfort,1872,1786469036.935642,-0.0
reward/longitudinal_comfort,1882,1786469037.754379,-0.04546314477920532
reward/longitudinal_comfort,1892,1786469038.562192,-1.8664143085479736
reward/longitudinal_comfort,1902,1786469039.376449,-0.0
reward/longitudinal_comfort,1912,1786469040.198746,-0.0
reward/longitudinal_comfort,1922,1786469041.020899,-0.0
reward/longitudinal_comfort,1932,1786469041.848518,-0.0
reward/longitudinal_comfort,1942,1786469042.659570,-0.0
reward/longitudinal_comfort,1952,1786469043.463809,-0.0
reward/longitudinal_comfort,1962,1786469044.259101,-0.0
reward/longitudinal_comfort,1972,1786469045.054507,-0.0
reward/longitudinal_comfort,1982,1786469045.866674,-0.0
reward/longitudinal_comfort,1992,1786469046.682459,-0.0
reward/longitudinal_comfort,2002,1786469047.724285,-0.2903940677642822
reward/longitudinal_comfort,2012,1786469048.444071,-0.0
reward/longitudinal_comfort,2022,1786469049.274312,-0.0
reward/longitudinal_comfort,2032,1786469054.645295,-0.0
reward/longitudinal_comfort,2042,1786469055.456775,-1.0121488571166992
reward/longitudinal_comfort,2052,1786469056.280728,-0.0
reward/longitudinal_comfort,2062,1786469057.098970,-0.3879721164703369
reward/longitudinal_comfort,2072,1786469057.922274,-0.0
reward/longitudinal_comfort,2082,1786469058.740464,-0.0
reward/longitudinal_comfort,2092,1786469059.569263,-0.0
reward/longitudinal_comfort,2102,1786469060.401790,-2.405970573425293
reward/longitudinal_comfort,2112,1786469061.241603,-0.0
reward/longitudinal_comfort,2122,1786469062.082936,-0.7917098999023438
reward/longitudinal_comfort,2132,1786469062.918329,-0.10682553052902222
reward/longitudinal_comfort,2142,1786469063.757672,-0.0
reward/longitudinal_comfort,2152,1786469064.597883,-0.0
reward/longitudinal_comfort,2162,1786469065.440479,-0.0
reward/longitudinal_comfort,2172,1786469066.271357,-0.3770108222961426
reward/longitudinal_comfort,2182,1786469067.095663,-0.0
reward/longitudinal_comfort,2192,1786469067.922592,-0.2194702923297882
reward/longitudinal_comfort,2202,1786469068.745712,-0.05590009689331055
reward/longitudinal_comfort,2212,1786469069.570989,-1.4780412912368774
reward/longitudinal_comfort,2223,1786469070.472095,-0.0
reward/longitudinal_comfort,2233,1786469071.284402,-0.0
reward/longitudinal_comfort,2243,1786469072.102006,-0.34412938356399536
reward/longitudinal_comfort,2253,1786469072.913037,-0.0
reward/longitudinal_comfort,2263,1786469073.720226,-0.0
reward/longitudinal_comfort,2273,1786469074.527620,-0.0
reward/longitudinal_comfort,2283,1786469075.332494,-0.0
reward/longitudinal_comfort,2293,1786469076.138536,-0.0
reward/longitudinal_comfort,2303,1786469076.948147,-0.13501295447349548
reward/longitudinal_comfort,2313,1786469077.782600,-0.0
reward/longitudinal_comfort,2323,1786469078.612389,-0.4090937376022339
reward/longitudinal_comfort,2333,1786469079.439247,-0.0
reward/longitudinal_comfort,2343,1786469080.267586,-0.0
reward/longitudinal_comfort,2353,1786469081.095365,-1.5630524158477783
reward/longitudinal_comfort,2363,1786469081.931246,-0.0
reward/longitudinal_comfort,2373,1786469082.755709,-0.8859982490539551
reward/longitudinal_comfort,2383,1786469083.590734,-0.0
reward/longitudinal_comfort,2393,1786469084.404152,-0.0
reward/longitudinal_comfort,2403,1786469085.229446,-0.4239084720611572
reward/longitudinal_comfort,2413,1786469086.045375,-0.0
reward/longitudinal_comfort,2423,1786469086.856322,-0.8889032602310181
reward/longitudinal_comfort,2433,1786469087.669664,-0.0
reward/longitudinal_comfort,2443,1786469088.483306,-0.0
reward/longitudinal_comfort,2453,1786469089.296617,-0.0
reward/longitudinal_comfort,2463,1786469094.583672,-0.0
reward/longitudinal_comfort,2473,1786469095.361841,-0.0
reward/longitudinal_comfort,2483,1786469096.147766,-0.0
reward/longitudinal_comfort,2493,1786469096.924827,-0.0
reward/longitudinal_comfort,2503,1786469097.710592,-0.0
reward/longitudinal_comfort,2513,1786469098.492456,-0.0
reward/longitudinal_comfort,2523,1786469099.273519,-0.0
reward/longitudinal_comfort,2533,1786469100.060027,-0.0
reward/longitudinal_comfort,2543,1786469100.846602,-0.0
reward/longitudinal_comfort,2553,1786469101.632223,-0.0
reward/longitudinal_comfort,2563,1786469102.413787,-0.0
reward/longitudinal_comfort,2573,1786469103.200029,-0.0
reward/longitudinal_comfort,2583,1786469103.985627,-0.0
reward/longitudinal_comfort,2593,1786469104.772989,-0.0
reward/longitudinal_comfort,2603,1786469105.560237,-0.0
reward/longitudinal_comfort,2613,1786469106.357129,-0.020129472017288208
reward/longitudinal_comfort,2623,1786469107.174442,-1.1534336805343628
reward/longitudinal_comfort,2633,1786469107.994266,-0.0
reward/longitudinal_comfort,2643,1786469108.809162,-0.0
reward/longitudinal_comfort,2653,1786469109.619132,-0.8873294591903687
reward/longitudinal_comfort,2663,1786469110.437242,-2.7852368354797363
reward/longitudinal_comfort,2673,1786469111.262058,-0.0
reward/longitudinal_comfort,2683,1786469112.073113,-0.0
reward/longitudinal_comfort,2693,1786469112.888551,-0.0
reward/longitudinal_comfort,2703,1786469113.703906,-0.0
reward/longitudinal_comfort,2713,1786469114.516393,-0.0
reward/longitudinal_comfort,2723,1786469115.326955,-0.0
reward/longitudinal_comfort,2733,1786469116.133325,-0.0
reward/longitudinal_comfort,2743,1786469116.939295,-0.0
reward/longitudinal_comfort,2753,1786469117.760159,-0.0
reward/longitudinal_comfort,2763,1786469118.564484,-0.0
reward/longitudinal_comfort,2773,1786469119.369034,-0.0
reward/longitudinal_comfort,2783,1786469120.175795,-0.0
reward/longitudinal_comfort,2793,1786469120.984979,-0.13856151700019836
reward/longitudinal_comfort,2803,1786469121.794400,-0.1371569037437439
reward/longitudinal_comfort,2813,1786469122.605317,-0.0
reward/longitudinal_comfort,2823,1786469123.413487,-0.0
reward/longitudinal_comfort,2833,1786469124.223524,-0.0
reward/longitudinal_comfort,2843,1786469125.035836,-0.0
reward/longitudinal_comfort,2853,1786469125.854433,-0.0
reward/longitudinal_comfort,2863,1786469126.671804,-0.0
reward/longitudinal_comfort,2873,1786469127.508859,-0.0
reward/longitudinal_comfort,2883,1786469128.311908,-0.0
reward/longitudinal_comfort,2893,1786469129.138993,-0.06840270757675171
reward/longitudinal_comfort,2903,1786469129.961369,-0.0
reward/longitudinal_comfort,2913,1786469130.781943,-0.7462952136993408
reward/longitudinal_comfort,2923,1786469131.604372,-0.0
reward/longitudinal_comfort,2933,1786469132.422872,-0.0
reward/longitudinal_comfort,2943,1786469133.249106,-0.0
reward/longitudinal_comfort,2953,1786469134.064673,-0.0
reward/longitudinal_comfort,2963,1786469139.276135,-0.0
reward/longitudinal_comfort,2973,1786469140.070185,-1.0611199140548706
reward/longitudinal_comfort,2983,1786469140.863150,-0.0
reward/longitudinal_comfort,2993,1786469141.660797,-0.0
reward/longitudinal_comfort,3003,1786469142.461190,-0.0
reward/longitudinal_comfort,3013,1786469143.256760,-0.0
reward/longitudinal_comfort,3023,1786469144.066139,-0.0
reward/longitudinal_comfort,3033,1786469144.869427,-0.0
reward/longitudinal_comfort,3043,1786469145.676400,-0.0
reward/longitudinal_comfort,3053,1786469146.484278,-0.0
reward/longitudinal_comfort,3063,1786469147.289237,-0.0
reward/longitudinal_comfort,3073,1786469148.100735,-0.0
reward/longitudinal_comfort,3083,1786469148.899759,-0.0
reward/longitudinal_comfort,3093,1786469149.710047,-0.0
reward/longitudinal_comfort,3103,1786469150.513319,-0.0
reward/longitudinal_comfort,3113,1786469151.313286,-0.0
reward/longitudinal_comfort,3123,1786469152.122373,-0.5433084964752197
reward/longitudinal_comfort,3133,1786469152.935203,-0.0
reward/longitudinal_comfort,3143,1786469153.752535,-0.042762696743011475
reward/longitudinal_comfort,3153,1786469154.560061,-0.0
reward/longitudinal_comfort,3163,1786469155.372729,-0.0
reward/longitudinal_comfort,3173,1786469156.188572,-0.0
reward/longitudinal_comfort,3183,1786469156.995186,-0.0
reward/longitudinal_comfort,3193,1786469157.801784,-0.0
reward/longitudinal_comfort,3203,1786469158.606307,-0.0
reward/longitudinal_comfort,3213,1786469159.410093,-0.0
reward/longitudinal_comfort,3223,1786469160.208804,-0.0
reward/longitudinal_comfort,3233,1786469161.011157,-1.4593276977539062
reward/longitudinal_comfort,3243,1786469161.817819,-3.2494661808013916
reward/longitudinal_comfort,3253,1786469162.623481,-4.223163604736328
reward/longitudinal_comfort,3263,1786469167.803241,-0.0
reward/longitudinal_comfort,3273,1786469168.593123,-0.0
reward/longitudinal_comfort,3283,1786469169.390781,-0.0
reward/longitudinal_comfort,3293,1786469170.174055,-0.0
reward/longitudinal_comfort,3303,1786469170.960896,-0.0
reward/longitudinal_comfort,3313,1786469171.747736,-0.0
reward/longitudinal_comfort,3323,1786469172.526371,-0.0
reward/longitudinal_comfort,3334,1786469173.379850,-0.0
reward/longitudinal_comfort,3344,1786469174.155661,-0.0
reward/longitudinal_comfort,3354,1786469174.931198,-0.0
reward/longitudinal_comfort,3364,1786469175.710059,-0.0
reward/longitudinal_comfort,3374,1786469176.485622,-0.0
reward/longitudinal_comfort,3384,1786469177.268057,-0.0
reward/longitudinal_comfort,3394,1786469178.046526,-0.0
reward/longitudinal_comfort,3404,1786469178.829458,-0.0
reward/longitudinal_comfort,3414,1786469179.622966,-0.0
reward/longitudinal_comfort,3424,1786469180.411707,-0.0
reward/longitudinal_comfort,3434,1786469181.207549,-0.0
reward/longitudinal_comfort,3444,1786469182.008908,-0.0
reward/longitudinal_comfort,3454,1786469182.815895,-0.0
reward/longitudinal_comfort,3464,1786469183.622989,-0.0
reward/longitudinal_comfort,3474,1786469184.428215,-0.0
reward/longitudinal_comfort,3484,1786469185.235902,-0.0
reward/longitudinal_comfort,3494,1786469186.046482,-0.0
reward/longitudinal_comfort,3504,1786469186.848228,-0.0
reward/longitudinal_comfort,3514,1786469187.653212,-0.0
reward/longitudinal_comfort,3524,1786469188.455161,-0.0
reward/longitudinal_comfort,3534,1786469189.256808,-0.0
reward/longitudinal_comfort,3544,1786469190.070692,-0.0
reward/longitudinal_comfort,3554,1786469190.863950,-0.0
reward/longitudinal_comfort,3564,1786469191.674210,-0.0
reward/longitudinal_comfort,3574,1786469192.467031,-0.0
reward/longitudinal_comfort,3584,1786469193.270261,-0.0
reward/longitudinal_comfort,3594,1786469194.076566,-0.0
reward/longitudinal_comfort,3604,1786469194.879702,-0.0
reward/longitudinal_comfort,3614,1786469195.679223,-0.0
reward/longitudinal_comfort,3624,1786469196.477582,-0.0
reward/longitudinal_comfort,3634,1786469197.278337,-0.0
reward/longitudinal_comfort,3644,1786469198.075887,-0.0
reward/longitudinal_comfort,3654,1786469198.873292,-0.0
reward/longitudinal_comfort,3664,1786469199.671715,-0.0
reward/longitudinal_comfort,3674,1786469200.465374,-0.0
reward/longitudinal_comfort,3684,1786469201.262281,-0.0
reward/longitudinal_comfort,3694,1786469202.064358,-0.0
reward/longitudinal_comfort,3704,1786469202.853519,-0.0
reward/longitudinal_comfort,3714,1786469203.649734,-0.0
reward/longitudinal_comfort,3724,1786469204.430868,-0.0
reward/longitudinal_comfort,3734,1786469205.220266,-0.0
reward/longitudinal_comfort,3744,1786469206.009022,-0.0
reward/longitudinal_comfort,3754,1786469206.795493,-0.0
reward/longitudinal_comfort,3764,1786469211.967743,-0.0
reward/longitudinal_comfort,3774,1786469212.776655,-0.0
reward/longitudinal_comfort,3784,1786469213.584955,-0.0
reward/longitudinal_comfort,3794,1786469214.400361,-0.6173069477081299
reward/longitudinal_comfort,3804,1786469215.193086,-0.8226373195648193
reward/longitudinal_comfort,3814,1786469215.998029,-1.738773226737976
reward/longitudinal_comfort,3824,1786469216.802438,-0.0
reward/longitudinal_comfort,3834,1786469217.619039,-0.0
reward/longitudinal_comfort,3844,1786469218.433395,-0.10689914226531982
reward/longitudinal_comfort,3854,1786469219.244591,-0.0
reward/longitudinal_comfort,3864,1786469220.061067,-0.0
reward/longitudinal_comfort,3874,1786469220.873214,-0.0
reward/longitudinal_comfort,3884,1786469221.691610,-0.0
reward/longitudinal_comfort,3894,1786469222.513701,-0.0
reward/longitudinal_comfort,3904,1786469223.338369,-0.0
reward/longitudinal_comfort,3914,1786469224.164552,-0.0
reward/longitudinal_comfort,3924,1786469224.988441,-0.0
reward/longitudinal_comfort,3934,1786469225.816162,-0.0
reward/longitudinal_comfort,3944,1786469226.645122,-0.0
reward/longitudinal_comfort,3954,1786469227.474238,-0.0
reward/longitudinal_comfort,3964,1786469228.301700,-0.0
reward/longitudinal_comfort,3974,1786469229.132318,-0.0
reward/longitudinal_comfort,3984,1786469229.958179,-0.0
reward/longitudinal_comfort,3994,1786469230.783146,-0.0
reward/longitudinal_comfort,4004,1786469231.767737,-0.0
reward/longitudinal_comfort,4014,1786469232.581187,-0.0
reward/longitudinal_comfort,4024,1786469233.394669,-0.0
reward/longitudinal_comfort,4034,1786469234.211410,-0.0
reward/longitudinal_comfort,4044,1786469235.025888,-0.0
reward/longitudinal_comfort,4054,1786469235.842999,-0.0
reward/longitudinal_comfort,4064,1786469236.650806,-0.0
reward/longitudinal_comfort,4074,1786469237.465145,-0.0
reward/longitudinal_comfort,4084,1786469238.275523,-0.0
reward/longitudinal_comfort,4094,1786469239.080750,-0.0
reward/longitudinal_comfort,4104,1786469239.896291,-0.0
reward/longitudinal_comfort,4114,1786469240.714910,-0.0
reward/longitudinal_comfort,4124,1786469241.526860,-0.0
reward/longitudinal_comfort,4134,1786469242.333369,-0.0
reward/longitudinal_comfort,4144,1786469243.141018,-0.0
reward/longitudinal_comfort,4154,1786469243.948177,-0.0
reward/longitudinal_comfort,4164,1786469244.752452,-0.0
reward/longitudinal_comfort,4174,1786469245.560989,-0.0
reward/longitudinal_comfort,4184,1786469246.365844,-0.0
reward/longitudinal_comfort,4194,1786469247.161257,-0.0
reward/longitudinal_comfort,4204,1786469247.956193,-0.0
reward/longitudinal_comfort,4214,1786469248.746989,-0.0
reward/longitudinal_comfort,4224,1786469249.543829,-0.0
reward/longitudinal_comfort,4234,1786469250.333400,-0.0
reward/longitudinal_comfort,4244,1786469251.123426,-0.0
reward/longitudinal_comfort,4254,1786469251.919007,-0.0
reward/longitudinal_comfort,4264,1786469257.070751,-0.0
reward/longitudinal_comfort,4274,1786469257.879385,-0.0
reward/longitudinal_comfort,4284,1786469258.679485,-0.0
reward/longitudinal_comfort,4294,1786469259.483344,-0.0
reward/longitudinal_comfort,4304,1786469260.282675,-0.0
reward/longitudinal_comfort,4314,1786469261.071841,-0.0
reward/longitudinal_comfort,4324,1786469261.871575,-0.0
reward/longitudinal_comfort,4334,1786469262.678971,-0.0
reward/longitudinal_comfort,4344,1786469263.485117,-0.0
reward/longitudinal_comfort,4354,1786469264.287745,-0.0
reward/longitudinal_comfort,4364,1786469265.085302,-0.0
reward/longitudinal_comfort,4374,1786469265.883605,-0.0
reward/longitudinal_comfort,4384,1786469266.676261,-0.0
reward/longitudinal_comfort,4394,1786469267.471348,-0.0
reward/longitudinal_comfort,4404,1786469268.267076,-0.0
reward/longitudinal_comfort,4414,1786469269.059454,-0.0
reward/longitudinal_comfort,4424,1786469269.856722,-0.0
reward/longitudinal_comfort,4434,1786469270.665537,-0.0
reward/longitudinal_comfort,4445,1786469271.558069,-0.0
reward/longitudinal_comfort,4455,1786469272.371897,-0.0
reward/longitudinal_comfort,4465,1786469273.193836,-0.0
reward/longitudinal_comfort,4475,1786469274.003944,-0.1334729790687561
reward/longitudinal_comfort,4485,1786469274.821917,-0.0
reward/longitudinal_comfort,4495,1786469275.649456,-0.0
reward/longitudinal_comfort,4505,1786469276.490572,-0.0
reward/longitudinal_comfort,4515,1786469277.316945,-0.0
reward/longitudinal_comfort,4525,1786469278.142573,-0.0
reward/longitudinal_comfort,4535,1786469278.971448,-0.0
reward/longitudinal_comfort,4545,1786469279.802504,-0.0
reward/longitudinal_comfort,4555,1786469280.634873,-0.0
reward/longitudinal_comfort,4565,1786469281.474893,-0.0
reward/longitudinal_comfort,4575,1786469282.299592,-0.0
reward/longitudinal_comfort,4585,1786469283.128233,-0.0
reward/longitudinal_comfort,4595,1786469283.960766,-0.0
reward/longitudinal_comfort,4605,1786469284.793131,-0.0
reward/longitudinal_comfort,4615,1786469285.619314,-0.0
reward/longitudinal_comfort,4625,1786469286.449723,-0.0
reward/longitudinal_comfort,4635,1786469287.270149,-0.0
reward/longitudinal_comfort,4645,1786469288.096220,-0.0
reward/longitudinal_comfort,4655,1786469288.920802,-0.0
reward/longitudinal_comfort,4665,1786469289.755314,-0.0
reward/longitudinal_comfort,4675,1786469290.580443,-0.0
reward/longitudinal_comfort,4685,1786469291.412474,-0.0
reward/longitudinal_comfort,4695,1786469292.243847,-0.0
reward/longitudinal_comfort,4705,1786469293.078331,-0.0
reward/longitudinal_comfort,4715,1786469293.913113,-0.021877527236938477
reward/longitudinal_comfort,4725,1786469294.753599,-0.0
reward/longitudinal_comfort,4735,1786469295.585329,-0.0
reward/longitudinal_comfort,4745,1786469296.413051,-0.0
reward/longitudinal_comfort,4755,1786469297.235087,-0.5121486186981201
reward/longitudinal_comfort,4765,1786469302.519472,-0.0
reward/longitudinal_comfort,4775,1786469303.308604,-0.0
reward/longitudinal_comfort,4785,1786469304.101018,-2.392016887664795
reward/longitudinal_comfort,4795,1786469304.883512,-0.4525229334831238
reward/longitudinal_comfort,4805,1786469305.675918,-1.100037932395935
reward/longitudinal_comfort,4815,1786469306.454153,-0.4508412480354309
reward/longitudinal_comfort,4825,1786469307.240416,-0.0
reward/longitudinal_comfort,4835,1786469308.030410,-0.0
reward/longitudinal_comfort,4845,1786469308.824363,-0.6614013910293579
reward/longitudinal_comfort,4855,1786469309.618293,-0.0
reward/longitudinal_comfort,4865,1786469310.399644,-0.0
reward/longitudinal_comfort,4875,1786469311.191065,-0.0
reward/longitudinal_comfort,4885,1786469311.977814,-0.0
reward/longitudinal_comfort,4895,1786469312.764527,-0.41832631826400757
reward/longitudinal_comfort,4905,1786469313.563116,-0.0
reward/longitudinal_comfort,4915,1786469314.362001,-0.0
reward/longitudinal_comfort,4925,1786469315.166121,-0.0
reward/longitudinal_comfort,4935,1786469315.981605,-0.0
reward/longitudinal_comfort,4945,1786469316.792742,-0.0
reward/longitudinal_comfort,4955,1786469317.602511,-0.0
reward/longitudinal_comfort,4965,1786469318.410627,-0.0
reward/longitudinal_comfort,4975,1786469319.219284,-0.0
reward/longitudinal_comfort,4985,1786469320.029117,-1.5980780124664307
reward/longitudinal_comfort,4995,1786469320.836407,-0.0
reward/longitudinal_comfort,5005,1786469321.639417,-0.18033301830291748
reward/longitudinal_comfort,5015,1786469322.443907,-0.0
reward/longitudinal_comfort,5025,1786469323.249655,-0.20953628420829773
reward/longitudinal_comfort,5035,1786469324.067586,-0.12106990814208984
reward/longitudinal_comfort,5045,1786469324.865962,-0.0
reward/longitudinal_comfort,5055,1786469325.679636,-0.9150793552398682
reward/longitudinal_comfort,5065,1786469326.485966,-0.0
reward/longitudinal_comfort,5075,1786469327.294836,-0.0
reward/longitudinal_comfort,5085,1786469328.112395,-0.0
reward/longitudinal_comfort,5095,1786469328.913190,-0.0
reward/longitudinal_comfort,5105,1786469329.733991,-0.17813295125961304
reward/longitudinal_comfort,5115,1786469330.535668,-0.0
reward/longitudinal_comfort,5125,1786469331.346126,-0.4445338845252991
reward/longitudinal_comfort,5135,1786469332.160212,-0.0
reward/longitudinal_comfort,5145,1786469332.968799,-0.0
reward/longitudinal_comfort,5155,1786469333.782539,-0.0
reward/longitudinal_comfort,5165,1786469334.591784,-0.0
reward/longitudinal_comfort,5175,1786469335.402609,-0.8849538564682007
reward/longitudinal_comfort,5185,1786469336.214320,-0.0
reward/longitudinal_comfort,5195,1786469337.025430,-0.0
reward/longitudinal_comfort,5205,1786469337.832432,-0.0
reward/longitudinal_comfort,5215,1786469338.640079,-0.6542317867279053
reward/longitudinal_comfort,5225,1786469339.445914,-0.0
reward/longitudinal_comfort,5235,1786469340.255691,-0.10873740911483765
reward/longitudinal_comfort,5245,1786469341.056888,-0.0
reward/longitudinal_comfort,5255,1786469341.867232,-0.0
reward/longitudinal_comfort,5265,1786469347.080464,-0.0
reward/longitudinal_comfort,5275,1786469347.873158,-0.0
reward/longitudinal_comfort,5285,1786469348.652953,-0.0
reward/longitudinal_comfort,5295,1786469349.444645,-0.0
reward/longitudinal_comfort,5305,1786469350.231114,-0.0
reward/longitudinal_comfort,5315,1786469351.016820,-0.0
reward/longitudinal_comfort,5325,1786469351.809235,-0.0
reward/longitudinal_comfort,5335,1786469352.618176,-0.0
reward/longitudinal_comfort,5345,1786469353.428102,-0.0
reward/longitudinal_comfort,5355,1786469354.235261,-0.0
reward/longitudinal_comfort,5365,1786469355.039069,-0.0
reward/longitudinal_comfort,5375,1786469355.852641,-0.0
reward/longitudinal_comfort,5385,1786469356.639571,-0.0
reward/longitudinal_comfort,5395,1786469357.434103,-0.0
reward/longitudinal_comfort,5405,1786469358.232337,-0.0
reward/longitudinal_comfort,5415,1786469359.034364,-0.0
reward/longitudinal_comfort,5425,1786469359.830195,-0.0
reward/longitudinal_comfort,5435,1786469360.641717,-0.0
reward/longitudinal_comfort,5445,1786469361.458119,-0.0
reward/longitudinal_comfort,5455,1786469362.270472,-0.0
reward/longitudinal_comfort,5465,1786469363.077117,-0.0
reward/longitudinal_comfort,5475,1786469363.884382,-0.0
reward/longitudinal_comfort,5485,1786469364.692041,-0.0
reward/longitudinal_comfort,5495,1786469365.498401,-0.0
reward/longitudinal_comfort,5505,1786469366.304184,-0.0
reward/longitudinal_comfort,5515,1786469367.105761,-0.0
reward/longitudinal_comfort,5525,1786469367.915509,-0.0
reward/longitudinal_comfort,5535,1786469368.716995,-0.0
reward/longitudinal_comfort,5545,1786469369.520615,-0.0
reward/longitudinal_comfort,5556,1786469370.407429,-0.0
reward/longitudinal_comfort,5566,1786469371.206943,-0.0
reward/longitudinal_comfort,5576,1786469372.006423,-0.0
reward/longitudinal_comfort,5586,1786469372.805267,-0.0
reward/longitudinal_comfort,5596,1786469373.607944,-0.0
reward/longitudinal_comfort,5606,1786469374.408941,-0.0
reward/longitudinal_comfort,5616,1786469375.210069,-0.0
reward/longitudinal_comfort,5626,1786469376.014597,-0.0
reward/longitudinal_comfort,5636,1786469376.819412,-0.0
reward/longitudinal_comfort,5646,1786469377.621469,-0.0
reward/longitudinal_comfort,5656,1786469378.422489,-0.0
reward/longitudinal_comfort,5666,1786469379.226703,-0.0
reward/longitudinal_comfort,5676,1786469380.029512,-0.0
reward/longitudinal_comfort,5686,1786469380.838572,-0.0
reward/longitudinal_comfort,5696,1786469381.649231,-0.0
reward/longitudinal_comfort,5706,1786469382.450271,-0.0
reward/longitudinal_comfort,5716,1786469383.254714,-0.0
reward/longitudinal_comfort,5726,1786469384.048816,-0.0
reward/longitudinal_comfort,5736,1786469384.847474,-0.0
reward/longitudinal_comfort,5746,1786469385.644886,-0.0
reward/longitudinal_comfort,5756,1786469386.437285,-0.0
reward/longitudinal_comfort,5766,1786469391.578412,-0.0
reward/longitudinal_comfort,5776,1786469392.388343,-0.0
reward/longitudinal_comfort,5786,1786469393.163862,-0.0
reward/longitudinal_comfort,5796,1786469393.952606,-0.0
reward/longitudinal_comfort,5806,1786469394.731947,-0.7696858644485474
reward/longitudinal_comfort,5816,1786469395.523405,-0.0
reward/longitudinal_comfort,5826,1786469396.308793,-0.0
reward/longitudinal_comfort,5836,1786469397.096283,-0.7497605085372925
reward/longitudinal_comfort,5846,1786469397.884236,-0.0
reward/longitudinal_comfort,5856,1786469398.671231,-0.6908659934997559
reward/longitudinal_comfort,5866,1786469399.459507,-0.0
reward/longitudinal_comfort,5876,1786469400.253242,-0.0
reward/longitudinal_comfort,5886,1786469401.035538,-0.4343440532684326
reward/longitudinal_comfort,5896,1786469401.822205,-0.0
reward/longitudinal_comfort,5906,1786469402.613753,-2.3804781436920166
reward/longitudinal_comfort,5916,1786469403.416891,-3.6412601470947266
reward/longitudinal_comfort,5926,1786469408.708327,-0.0
reward/longitudinal_comfort,5936,1786469409.415371,-2.2404205799102783
reward/longitudinal_comfort,5946,1786469410.207155,-0.14757698774337769
reward/longitudinal_comfort,5956,1786469410.998633,-0.09494751691818237
reward/longitudinal_comfort,5966,1786469411.787567,-0.0
reward/longitudinal_comfort,5976,1786469412.572736,-0.8991405963897705
reward/longitudinal_comfort,5986,1786469413.361116,-1.1210620403289795
reward/longitudinal_comfort,5996,1786469414.154082,-0.0
reward/longitudinal_comfort,6006,1786469415.191711,-0.2175104022026062
reward/longitudinal_comfort,6016,1786469415.987804,-1.8852767944335938
reward/longitudinal_comfort,6026,1786469416.773199,-0.03058171272277832
reward/longitudinal_comfort,6036,1786469417.564688,-1.577312707901001
reward/longitudinal_comfort,6046,1786469422.773322,-0.0
reward/longitudinal_comfort,6056,1786469423.571084,-0.0
reward/longitudinal_comfort,6066,1786469424.363681,-0.7157630324363708
reward/longitudinal_comfort,6076,1786469425.154654,-0.0
reward/longitudinal_comfort,6086,1786469425.942673,-0.0
reward/longitudinal_comfort,6096,1786469426.730228,-0.0
reward/longitudinal_comfort,6106,1786469427.527028,-1.0688133239746094
reward/longitudinal_comfort,6116,1786469428.327031,-1.2315070629119873
reward/longitudinal_comfort,6126,1786469429.132878,-0.7844760417938232
reward/longitudinal_comfort,6136,1786469429.936108,-2.742957830429077
reward/longitudinal_comfort,6146,1786469430.738971,-0.0
reward/longitudinal_comfort,6156,1786469431.545522,-0.7351170778274536
reward/longitudinal_comfort,6166,1786469432.352850,-0.6630226969718933
reward/longitudinal_comfort,6176,1786469433.149565,-0.18886065483093262
reward/longitudinal_comfort,6186,1786469433.943321,-0.0
reward/longitudinal_comfort,6196,1786469434.743931,-1.3904212713241577
reward/longitudinal_comfort,6206,1786469435.541153,-0.0
reward/longitudinal_comfort,6216,1786469436.346734,-0.0
reward/longitudinal_comfort,6226,1786469437.146557,-0.41253137588500977
reward/longitudinal_comfort,6236,1786469437.942250,-0.2036283314228058
reward/longitudinal_comfort,6246,1786469438.736295,-0.04438591003417969
reward/longitudinal_comfort,6256,1786469439.535336,-1.8856523036956787
reward/longitudinal_comfort,6266,1786469440.343755,-0.16876760125160217
reward/longitudinal_comfort,6276,1786469441.128046,-0.4282877445220947
reward/longitudinal_comfort,6286,1786469441.924757,-0.6919327974319458
reward/longitudinal_comfort,6296,1786469442.721510,-0.0
reward/longitudinal_comfort,6306,1786469443.517543,-1.6552720069885254
reward/longitudinal_comfort,6316,1786469444.326540,-1.2621185779571533
reward/longitudinal_comfort,6326,1786469445.107073,-0.9596548080444336
reward/longitudinal_comfort,6336,1786469445.913616,-1.2717645168304443
reward/longitudinal_comfort,6346,1786469446.710989,-0.19462764263153076
reward/longitudinal_comfort,6356,1786469447.495349,-1.377485752105713
reward/longitudinal_comfort,6366,1786469448.280495,-1.7119908332824707
reward/longitudinal_comfort,6376,1786469449.070899,-0.23722505569458008
reward/longitudinal_comfort,6386,1786469449.862183,-0.0
reward/longitudinal_comfort,6396,1786469450.654897,-0.19427034258842468
reward/longitudinal_comfort,6406,1786469451.446747,-0.0
reward/longitudinal_comfort,6416,1786469452.243757,-2.218386173248291
reward/longitudinal_comfort,6426,1786469453.032139,-0.0
reward/longitudinal_comfort,6436,1786469453.825161,-0.0
reward/longitudinal_comfort,6446,1786469454.615332,-1.4925549030303955
reward/longitudinal_comfort,6456,1786469455.413286,-0.23997655510902405
reward/longitudinal_comfort,6466,1786469456.206427,-0.0
reward/longitudinal_comfort,6476,1786469456.999010,-0.0
reward/longitudinal_comfort,6486,1786469457.796268,-0.0
reward/longitudinal_comfort,6496,1786469458.590755,-0.6286183595657349
reward/longitudinal_comfort,6506,1786469459.390117,-0.19370925426483154
reward/longitudinal_comfort,6516,1786469460.183176,-0.17582842707633972
reward/longitudinal_comfort,6526,1786469460.975553,-0.0767773985862732
reward/longitudinal_comfort,6536,1786469461.766304,-0.8771883249282837
reward/longitudinal_comfort,6546,1786469466.908740,-0.0
reward/longitudinal_comfort,6556,1786469467.697723,-0.0
reward/longitudinal_comfort,6566,1786469468.490134,-0.0
reward/longitudinal_comfort,6576,1786469469.266766,-0.0
reward/longitudinal_comfort,6586,1786469470.064173,-0.0
reward/longitudinal_comfort,6596,1786469470.840668,-0.0
reward/longitudinal_comfort,6606,1786469471.627135,-0.0
reward/longitudinal_comfort,6616,1786469472.415211,-0.0
reward/longitudinal_comfort,6626,1786469473.204540,-0.0
reward/longitudinal_comfort,6636,1786469473.994790,-1.0888917446136475
reward/longitudinal_comfort,6646,1786469474.789050,-0.0
reward/longitudinal_comfort,6656,1786469475.586627,-0.06296658515930176
reward/longitudinal_comfort,6667,1786469476.453037,-0.0
reward/longitudinal_comfort,6677,1786469477.226883,-0.0
reward/longitudinal_comfort,6687,1786469478.006846,-0.0
reward/longitudinal_comfort,6697,1786469478.776945,-0.0
reward/longitudinal_comfort,6707,1786469479.557175,-0.0
reward/longitudinal_comfort,6717,1786469480.348473,-0.0
reward/longitudinal_comfort,6727,1786469481.153764,-0.0
reward/longitudinal_comfort,6737,1786469481.947901,-0.0
reward/longitudinal_comfort,6747,1786469482.762874,-0.0
reward/longitudinal_comfort,6757,1786469483.586982,-0.0
reward/longitudinal_comfort,6767,1786469484.408401,-0.0
reward/longitudinal_comfort,6777,1786469485.226494,-0.0
reward/longitudinal_comfort,6787,1786469486.051662,-0.0
reward/longitudinal_comfort,6797,1786469486.873783,-0.16164058446884155
reward/longitudinal_comfort,6807,1786469487.686722,-0.0
reward/longitudinal_comfort,6817,1786469488.508431,-0.0
reward/longitudinal_comfort,6827,1786469489.326551,-0.0
reward/longitudinal_comfort,6837,1786469490.141175,-0.0
reward/longitudinal_comfort,6847,1786469490.946032,-0.0
reward/longitudinal_comfort,6857,1786469491.760162,-0.0
reward/longitudinal_comfort,6867,1786469492.557985,-0.0
reward/longitudinal_comfort,6877,1786469493.368486,-0.0
reward/longitudinal_comfort,6887,1786469494.188737,-0.0
reward/longitudinal_comfort,6897,1786469494.993240,-0.0
reward/longitudinal_comfort,6907,1786469495.797395,-0.0
reward/longitudinal_comfort,6917,1786469496.600431,-0.0
reward/longitudinal_comfort,6927,1786469497.400907,-0.0
reward/longitudinal_comfort,6937,1786469498.202796,-0.0
reward/longitudinal_comfort,6947,1786469499.028776,-0.0
reward/longitudinal_comfort,6957,1786469499.854131,-0.0
reward/longitudinal_comfort,6967,1786469500.666692,-0.0
reward/longitudinal_comfort,6977,1786469501.473739,-0.0
reward/longitudinal_comfort,6987,1786469502.288790,-0.0
reward/longitudinal_comfort,6997,1786469503.081474,-0.0
reward/longitudinal_comfort,7007,1786469503.885393,-0.0
reward/longitudinal_comfort,7017,1786469504.697062,-0.0
reward/longitudinal_comfort,7027,1786469505.511883,-0.0
reward/longitudinal_comfort,7037,1786469510.740217,-0.0
reward/longitudinal_comfort,7047,1786469511.473615,-0.0
reward/longitudinal_comfort,7057,1786469512.281260,-0.16551020741462708
reward/longitudinal_comfort,7067,1786469513.120634,-0.12946707010269165
reward/longitudinal_comfort,7077,1786469513.954789,-0.0
reward/longitudinal_comfort,7087,1786469514.787513,-0.0
reward/longitudinal_comfort,7097,1786469515.589266,-0.1467553973197937
reward/longitudinal_comfort,7107,1786469516.409327,-0.0
reward/longitudinal_comfort,7117,1786469517.251355,-0.22961324453353882
reward/longitudinal_comfort,7127,1786469518.086421,-0.0
reward/longitudinal_comfort,7137,1786469518.902941,-0.22204896807670593
reward/longitudinal_comfort,7147,1786469519.715300,-0.0
reward/longitudinal_comfort,7157,1786469520.546378,-0.7739845514297485
reward/longitudinal_comfort,7167,1786469521.363054,-0.18352261185646057
reward/longitudinal_comfort,7177,1786469522.192412,-0.5070788860321045
reward/longitudinal_comfort,7187,1786469523.003387,-0.0
reward/longitudinal_comfort,7197,1786469523.852911,-2.7653284072875977
reward/longitudinal_comfort,7207,1786469524.720414,-0.0
reward/longitudinal_comfort,7217,1786469525.575693,-0.0
reward/longitudinal_comfort,7227,1786469526.435914,-0.1988620162010193
reward/longitudinal_comfort,7237,1786469527.263188,-0.11743336915969849
reward/longitudinal_comfort,7247,1786469528.123113,-1.1634266376495361
reward/longitudinal_comfort,7257,1786469528.940619,-0.14284569025039673
reward/longitudinal_comfort,7267,1786469529.791811,-0.0
reward/longitudinal_comfort,7277,1786469530.589628,-0.0
reward/longitudinal_comfort,7287,1786469531.437978,-1.1844713687896729
reward/longitudinal_comfort,7297,1786469532.272027,-1.067455768585205
reward/longitudinal_comfort,7307,1786469533.079271,-0.563360869884491
reward/longitudinal_comfort,7317,1786469533.891538,-0.0
reward/longitudinal_comfort,7327,1786469534.701088,-0.0
reward/longitudinal_comfort,7337,1786469535.511438,-0.7427070140838623
reward/longitudinal_comfort,7347,1786469536.337023,-0.6450092792510986
reward/longitudinal_comfort,7357,1786469537.189661,-0.6029627323150635
reward/longitudinal_comfort,7367,1786469538.037298,-0.0021833479404449463
reward/longitudinal_comfort,7377,1786469538.862813,-0.0
reward/longitudinal_comfort,7387,1786469539.685818,-0.4045283794403076
reward/longitudinal_comfort,7397,1786469540.531208,-0.0
reward/longitudinal_comfort,7407,1786469541.354194,-0.6857500076293945
reward/longitudinal_comfort,7417,1786469542.169634,-0.0
reward/longitudinal_comfort,7427,1786469542.984026,-0.0
reward/longitudinal_comfort,7437,1786469543.817619,-0.7015843391418457
reward/longitudinal_comfort,7447,1786469544.653727,-0.0
reward/longitudinal_comfort,7457,1786469545.488325,-0.161873459815979
reward/longitudinal_comfort,7467,1786469546.332526,-0.051919519901275635
reward/longitudinal_comfort,7477,1786469547.173851,-0.0
reward/longitudinal_comfort,7487,1786469548.022669,-0.0
reward/longitudinal_comfort,7497,1786469548.832246,-0.0
reward/longitudinal_comfort,7507,1786469549.656521,-0.0
reward/longitudinal_comfort,7517,1786469550.504196,-0.0
reward/longitudinal_comfort,7527,1786469551.350852,-0.0
reward/longitudinal_comfort,7537,1786469556.851569,-0.0
reward/longitudinal_comfort,7547,1786469557.578998,-0.0
reward/longitudinal_comfort,7557,1786469558.393010,-0.0
reward/longitudinal_comfort,7567,1786469559.231266,-0.0
reward/longitudinal_comfort,7577,1786469560.044609,-0.0
reward/longitudinal_comfort,7587,1786469560.851732,-0.0
reward/longitudinal_comfort,7597,1786469561.668532,-0.0
reward/longitudinal_comfort,7607,1786469562.471483,-0.0
reward/longitudinal_comfort,7617,1786469563.284458,-0.0
reward/longitudinal_comfort,7627,1786469564.121775,-0.0
reward/longitudinal_comfort,7637,1786469564.956010,-0.0
reward/longitudinal_comfort,7647,1786469565.794106,-0.0
reward/longitudinal_comfort,7657,1786469566.628011,-0.0
reward/longitudinal_comfort,7667,1786469567.437681,-0.0
reward/longitudinal_comfort,7677,1786469568.237031,-0.0
reward/longitudinal_comfort,7687,1786469569.035745,-0.0
reward/longitudinal_comfort,7697,1786469569.839951,-0.0
reward/longitudinal_comfort,7707,1786469570.649782,-0.0
reward/longitudinal_comfort,7717,1786469571.471641,-0.0
reward/longitudinal_comfort,7727,1786469572.288260,-0.0
reward/longitudinal_comfort,7737,1786469573.111754,-0.0
reward/longitudinal_comfort,7747,1786469573.940627,-0.0
reward/longitudinal_comfort,7757,1786469574.774133,-0.0
reward/longitudinal_comfort,7767,1786469575.609408,-0.0
reward/longitudinal_comfort,7778,1786469576.527945,-0.0
reward/longitudinal_comfort,7788,1786469577.356444,-0.0
reward/longitudinal_comfort,7798,1786469578.200274,-0.0
reward/longitudinal_comfort,7808,1786469579.022007,-0.0
reward/longitudinal_comfort,7818,1786469579.856599,-0.0
reward/longitudinal_comfort,7828,1786469580.679572,-0.0
reward/longitudinal_comfort,7838,1786469581.498577,-0.0
reward/longitudinal_comfort,7848,1786469582.314858,-0.0
reward/longitudinal_comfort,7858,1786469583.134251,-0.0
reward/longitudinal_comfort,7868,1786469583.954986,-0.0
reward/longitudinal_comfort,7878,1786469584.769423,-0.0
reward/longitudinal_comfort,7888,1786469585.595232,-0.0
reward/longitudinal_comfort,7898,1786469586.420576,-0.0
reward/longitudinal_comfort,7908,1786469587.240345,-0.0
reward/longitudinal_comfort,7918,1786469588.059751,-0.0
reward/longitudinal_comfort,7928,1786469588.861491,-0.0
reward/longitudinal_comfort,7938,1786469589.665386,-0.0
reward/longitudinal_comfort,7948,1786469590.467913,-0.0
reward/longitudinal_comfort,7958,1786469591.270343,-0.0
reward/longitudinal_comfort,7968,1786469592.070680,-0.0
reward/longitudinal_comfort,7978,1786469592.873190,-0.0
reward/longitudinal_comfort,7988,1786469593.675436,-0.0
reward/longitudinal_comfort,7998,1786469594.481131,-0.0
reward/longitudinal_comfort,8008,1786469595.639318,-0.0
reward/longitudinal_comfort,8018,1786469596.438497,-0.0
reward/longitudinal_comfort,8028,1786469597.236977,-0.0
reward/longitudinal_comfort,8038,1786469602.447138,-0.0
reward/longitudinal_comfort,8048,1786469603.198816,-0.0
reward/longitudinal_comfort,8058,1786469603.984876,-0.0
reward/longitudinal_comfort,8068,1786469604.769233,-0.0
reward/longitudinal_comfort,8078,1786469605.554079,-0.0
reward/longitudinal_comfort,8088,1786469606.336749,-0.0
reward/longitudinal_comfort,8098,1786469607.120561,-0.0
reward/longitudinal_comfort,8108,1786469607.912684,-0.0
reward/longitudinal_comfort,8118,1786469608.704140,-0.0
reward/longitudinal_comfort,8128,1786469609.498354,-0.0
reward/longitudinal_comfort,8138,1786469610.300541,-0.0
reward/longitudinal_comfort,8148,1786469611.093601,-0.0
reward/longitudinal_comfort,8158,1786469611.883652,-0.0
reward/longitudinal_comfort,8168,1786469612.667589,-0.0
reward/longitudinal_comfort,8178,1786469613.453866,-0.0
reward/longitudinal_comfort,8188,1786469614.243179,-0.0
reward/longitudinal_comfort,8198,1786469615.039963,-0.0
reward/longitudinal_comfort,8208,1786469615.825231,-0.0
reward/longitudinal_comfort,8218,1786469616.610345,-0.0
reward/longitudinal_comfort,8228,1786469617.403953,-0.0
reward/longitudinal_comfort,8238,1786469618.195650,-0.0
reward/longitudinal_comfort,8248,1786469618.983800,-0.0
reward/longitudinal_comfort,8258,1786469619.777014,-0.0
reward/longitudinal_comfort,8268,1786469620.568889,-0.0
reward/longitudinal_comfort,8278,1786469621.365473,-0.0
reward/longitudinal_comfort,8288,1786469622.174995,-0.0
reward/longitudinal_comfort,8298,1786469622.957124,-0.0
reward/longitudinal_comfort,8308,1786469623.753271,-0.0
reward/longitudinal_comfort,8318,1786469624.552924,-0.0
reward/longitudinal_comfort,8328,1786469625.350354,-0.0
reward/longitudinal_comfort,8338,1786469626.150465,-0.0
reward/longitudinal_comfort,8348,1786469626.950390,-0.0
reward/longitudinal_comfort,8358,1786469627.746977,-0.0
reward/longitudinal_comfort,8368,1786469628.543400,-0.0
reward/longitudinal_comfort,8378,1786469629.340739,-0.0
reward/longitudinal_comfort,8388,1786469630.138680,-0.0
reward/longitudinal_comfort,8398,1786469630.946155,-0.0
reward/longitudinal_comfort,8408,1786469631.756949,-0.0
reward/longitudinal_comfort,8418,1786469632.566700,-0.0
reward/longitudinal_comfort,8428,1786469633.373913,-0.0
reward/longitudinal_comfort,8438,1786469634.173661,-0.0
reward/longitudinal_comfort,8448,1786469634.980284,-0.0
reward/longitudinal_comfort,8458,1786469635.769760,-0.0
reward/longitudinal_comfort,8468,1786469636.567081,-0.0
reward/longitudinal_comfort,8478,1786469637.370969,-0.0
reward/longitudinal_comfort,8488,1786469638.171088,-0.0
reward/longitudinal_comfort,8498,1786469638.970916,-0.0
reward/longitudinal_comfort,8508,1786469639.771718,-0.0
reward/longitudinal_comfort,8518,1786469640.568810,-0.0
reward/longitudinal_comfort,8528,1786469641.366537,-0.0
reward/longitudinal_comfort,8538,1786469646.613767,-0.0
reward/longitudinal_comfort,8548,1786469647.375304,-0.0
reward/longitudinal_comfort,8558,1786469648.169903,-0.0
reward/longitudinal_comfort,8568,1786469648.963507,-0.0
reward/longitudinal_comfort,8578,1786469649.770536,-0.0
reward/longitudinal_comfort,8588,1786469650.586828,-0.0
reward/longitudinal_comfort,8598,1786469651.406536,-0.0
reward/longitudinal_comfort,8608,1786469652.228628,-0.0
reward/longitudinal_comfort,8618,1786469653.054455,-0.4138643145561218
reward/longitudinal_comfort,8628,1786469653.885209,-0.0
reward/longitudinal_comfort,8638,1786469654.712727,-0.0
reward/longitudinal_comfort,8648,1786469655.541521,-0.0
reward/longitudinal_comfort,8658,1786469656.369495,-0.0
reward/longitudinal_comfort,8668,1786469657.198164,-0.0
reward/longitudinal_comfort,8678,1786469658.027291,-0.0
reward/longitudinal_comfort,8688,1786469658.841876,-0.0
reward/longitudinal_comfort,8698,1786469659.645365,-0.0
reward/longitudinal_comfort,8708,1786469660.449414,-0.0
reward/longitudinal_comfort,8718,1786469661.253052,-0.0
reward/longitudinal_comfort,8728,1786469662.060209,-0.0
reward/longitudinal_comfort,8738,1786469662.872680,-0.0
reward/longitudinal_comfort,8748,1786469663.677819,-0.0
reward/longitudinal_comfort,8758,1786469664.505940,-0.022623687982559204
reward/longitudinal_comfort,8768,1786469665.305803,-0.0
reward/longitudinal_comfort,8778,1786469666.119425,-0.0
reward/longitudinal_comfort,8788,1786469666.930319,-0.0
reward/longitudinal_comfort,8798,1786469667.737870,-0.0
reward/longitudinal_comfort,8808,1786469668.552600,-0.0
reward/longitudinal_comfort,8818,1786469669.357167,-0.0
reward/longitudinal_comfort,8828,1786469670.176734,-0.0
reward/longitudinal_comfort,8838,1786469670.991827,-0.0
reward/longitudinal_comfort,8848,1786469671.812483,-0.0
reward/longitudinal_comfort,8858,1786469672.630793,-0.0
reward/longitudinal_comfort,8868,1786469673.445417,-0.0
reward/longitudinal_comfort,8878,1786469674.261132,-0.0
reward/longitudinal_comfort,8889,1786469675.157020,-0.0
reward/longitudinal_comfort,8899,1786469675.973676,-0.2847384214401245
reward/longitudinal_comfort,8909,1786469676.793271,-0.0
reward/longitudinal_comfort,8919,1786469677.606338,-0.0
reward/longitudinal_comfort,8929,1786469678.424272,-0.0
reward/longitudinal_comfort,8939,1786469679.241398,-0.0
reward/longitudinal_comfort,8949,1786469680.058498,-0.0
reward/longitudinal_comfort,8959,1786469680.871027,-1.5027340650558472
reward/longitudinal_comfort,8969,1786469681.682299,-0.0
reward/longitudinal_comfort,8979,1786469682.488051,-0.08375266194343567
reward/longitudinal_comfort,8989,1786469683.295372,-0.0
reward/longitudinal_comfort,8999,1786469684.100519,-0.0
reward/longitudinal_comfort,9009,1786469684.906142,-0.7363269329071045
reward/longitudinal_comfort,9019,1786469685.712714,-0.19584855437278748
reward/longitudinal_comfort,9029,1786469686.517615,-0.37578171491622925
reward/longitudinal_comfort,9039,1786469691.749351,-0.0
reward/longitudinal_comfort,9049,1786469692.556440,-0.0
reward/longitudinal_comfort,9059,1786469693.370656,-0.0
reward/longitudinal_comfort,9069,1786469694.183526,-0.0
reward/longitudinal_comfort,9079,1786469695.000498,-0.0
reward/longitudinal_comfort,9089,1786469695.825455,-0.0
reward/longitudinal_comfort,9099,1786469696.638640,-0.0
reward/longitudinal_comfort,9109,1786469697.458403,-0.0
reward/longitudinal_comfort,9119,1786469698.280662,-0.0
reward/longitudinal_comfort,9129,1786469699.100460,-0.0
reward/longitudinal_comfort,9139,1786469699.923851,-0.0
reward/longitudinal_comfort,9149,1786469700.745309,-0.0
reward/longitudinal_comfort,9159,1786469701.564703,-0.0
reward/longitudinal_comfort,9169,1786469702.396804,-0.0
reward/longitudinal_comfort,9179,1786469703.226212,-0.0
reward/longitudinal_comfort,9189,1786469704.048194,-0.0
reward/longitudinal_comfort,9199,1786469704.888398,-0.0
reward/longitudinal_comfort,9209,1786469705.740722,-1.1214295625686646
reward/longitudinal_comfort,9219,1786469711.100821,-0.0
reward/longitudinal_comfort,9229,1786469711.897615,-0.0
reward/longitudinal_comfort,9239,1786469712.692736,-0.0
reward/longitudinal_comfort,9249,1786469713.496410,-0.0
reward/longitudinal_comfort,9259,1786469714.303691,-0.0
reward/longitudinal_comfort,9269,1786469715.109957,-0.0
reward/longitudinal_comfort,9279,1786469715.921275,-1.4274537563323975
reward/longitudinal_comfort,9289,1786469716.728377,-0.0
reward/longitudinal_comfort,9299,1786469717.535049,-0.0
reward/longitudinal_comfort,9309,1786469718.343863,-0.0
reward/longitudinal_comfort,9319,1786469719.152284,-3.463602066040039
reward/longitudinal_comfort,9329,1786469719.957304,-0.0
reward/longitudinal_comfort,9339,1786469720.767406,-0.0
reward/longitudinal_comfort,9349,1786469721.567889,-0.0
reward/longitudinal_comfort,9359,1786469722.373320,-0.0
reward/longitudinal_comfort,9369,1786469723.183487,-0.19213777780532837
reward/longitudinal_comfort,9379,1786469723.985426,-0.0
reward/longitudinal_comfort,9389,1786469724.797236,-0.18840819597244263
reward/longitudinal_comfort,9399,1786469725.616644,-0.0
reward/longitudinal_comfort,9409,1786469726.431786,-0.0
reward/longitudinal_comfort,9419,1786469727.252337,-0.0
reward/longitudinal_comfort,9429,1786469728.083926,-0.20112177729606628
reward/longitudinal_comfort,9439,1786469728.917358,-0.0
reward/longitudinal_comfort,9449,1786469729.755356,-0.0
reward/longitudinal_comfort,9459,1786469730.596469,-0.0
reward/longitudinal_comfort,9469,1786469731.441722,-0.17474228143692017
reward/longitudinal_comfort,9479,1786469732.286842,-0.0
reward/longitudinal_comfort,9489,1786469733.131392,-0.34573042392730713
reward/longitudinal_comfort,9499,1786469733.973891,-0.0
reward/longitudinal_comfort,9509,1786469734.815447,-0.9674842357635498
reward/longitudinal_comfort,9519,1786469735.646357,-0.1872231364250183
reward/longitudinal_comfort,9529,1786469736.471648,-0.14456266164779663
reward/longitudinal_comfort,9539,1786469737.295081,-0.2773621082305908
reward/longitudinal_comfort,9549,1786469738.112418,-2.140705108642578
reward/longitudinal_comfort,9559,1786469738.921840,-3.977916717529297
reward/longitudinal_comfort,9569,1786469739.740666,-0.11731210350990295
reward/longitudinal_comfort,9579,1786469740.554731,-0.34809935092926025
reward/longitudinal_comfort,9589,1786469741.371151,-0.6939159631729126
reward/longitudinal_comfort,9599,1786469742.187132,-0.0
reward/longitudinal_comfort,9609,1786469743.001464,-0.11518725752830505
reward/longitudinal_comfort,9619,1786469743.806195,-2.0581345558166504
reward/longitudinal_comfort,9629,1786469744.613303,-0.0
reward/longitudinal_comfort,9639,1786469745.421803,-1.0006799697875977
reward/longitudinal_comfort,9649,1786469746.220870,-0.0
reward/longitudinal_comfort,9659,1786469747.019843,-1.2805635929107666
reward/longitudinal_comfort,9669,1786469747.825867,-0.0
reward/longitudinal_comfort,9679,1786469748.623282,-0.0
reward/longitudinal_comfort,9689,1786469749.426844,-0.8781664371490479
reward/longitudinal_comfort,9699,1786469750.231915,-2.148585796356201
reward/longitudinal_comfort,9709,1786469751.033513,-1.0670876502990723
reward/longitudinal_comfort,9719,1786469756.251171,-0.0
reward/longitudinal_comfort,9729,1786469757.044873,-0.0
reward/longitudinal_comfort,9739,1786469757.837842,-0.0
reward/longitudinal_comfort,9749,1786469758.630025,-0.0
reward/longitudinal_comfort,9759,1786469759.427650,-0.0
reward/longitudinal_comfort,9769,1786469760.223785,-0.0
reward/longitudinal_comfort,9779,1786469761.014132,-0.0
reward/longitudinal_comfort,9789,1786469761.811534,-0.0
reward/longitudinal_comfort,9799,1786469762.616242,-0.0
reward/longitudinal_comfort,9809,1786469763.409920,-0.0
reward/longitudinal_comfort,9819,1786469764.211265,-0.0
reward/longitudinal_comfort,9829,1786469765.010489,-0.0
reward/longitudinal_comfort,9839,1786469765.809860,-0.0
reward/longitudinal_comfort,9849,1786469766.608573,-0.0
reward/longitudinal_comfort,9859,1786469767.411937,-0.0
reward/longitudinal_comfort,9869,1786469768.219876,-0.0
reward/longitudinal_comfort,9879,1786469769.027213,-0.0
reward/longitudinal_comfort,9889,1786469769.841354,-0.0
reward/longitudinal_comfort,9899,1786469770.641387,-0.0
reward/longitudinal_comfort,9909,1786469771.434770,-0.0
reward/longitudinal_comfort,9919,1786469772.232385,-0.0
reward/longitudinal_comfort,9929,1786469773.026609,-0.0
reward/longitudinal_comfort,9939,1786469773.830738,-0.0
reward/longitudinal_comfort,9949,1786469774.640793,-0.0
reward/longitudinal_comfort,9959,1786469775.453769,-0.0
reward/longitudinal_comfort,9969,1786469776.277787,-0.0
reward/longitudinal_comfort,9979,1786469777.092959,-0.0
reward/longitudinal_comfort,9989,1786469777.898789,-0.0
reward/longitudinal_comfort,10000,1786469778.784825,-0.0
reward/off_road,1,1786468842.728952,0.0
reward/off_road,11,1786468843.404649,0.0
reward/off_road,21,1786468844.211592,0.0
reward/off_road,31,1786468845.018403,0.0
reward/off_road,41,1786468845.830296,0.0
reward/off_road,51,1786468846.638704,0.0
reward/off_road,61,1786468847.449124,0.0
reward/off_road,71,1786468848.260476,0.0
reward/off_road,81,1786468849.073100,0.0
reward/off_road,91,1786468849.893093,0.0
reward/off_road,101,1786468850.710137,0.0
reward/off_road,111,1786468851.526473,0.0
reward/off_road,121,1786468852.341188,0.0
reward/off_road,131,1786468853.176280,0.0
reward/off_road,141,1786468854.030900,0.0
reward/off_road,151,1786468854.890155,0.0
reward/off_road,161,1786468855.731923,0.0
reward/off_road,171,1786468856.557973,0.0
reward/off_road,181,1786468857.386125,0.0
reward/off_road,191,1786468858.210313,0.0
reward/off_road,201,1786468859.035411,0.0
reward/off_road,211,1786468859.861143,0.0
reward/off_road,221,1786468860.679196,0.0
reward/off_road,231,1786468861.501052,0.0
reward/off_road,241,1786468862.323680,0.0
reward/off_road,251,1786468863.141341,0.0
reward/off_road,261,1786468863.956794,0.0
reward/off_road,271,1786468864.773080,0.0
reward/off_road,281,1786468865.594146,0.0
reward/off_road,291,1786468866.417212,0.0
reward/off_road,301,1786468867.230483,0.0
reward/off_road,311,1786468868.049493,0.0
reward/off_road,321,1786468868.867149,0.0
reward/off_road,331,1786468869.686429,0.0
reward/off_road,341,1786468870.501123,0.0
reward/off_road,351,1786468871.318457,0.0
reward/off_road,361,1786468872.137852,0.0
reward/off_road,371,1786468872.954669,0.0
reward/off_road,381,1786468873.772683,0.0
reward/off_road,391,1786468874.591614,0.0
reward/off_road,401,1786468875.405941,0.0
reward/off_road,411,1786468876.222628,0.0
reward/off_road,421,1786468877.037837,0.0
reward/off_road,431,1786468877.847041,0.0
reward/off_road,441,1786468878.654874,0.0
reward/off_road,451,1786468879.458215,0.0
reward/off_road,461,1786468880.255049,0.0
reward/off_road,471,1786468881.050115,0.0
reward/off_road,481,1786468881.846050,0.0
reward/off_road,491,1786468882.639045,0.0
reward/off_road,501,1786468887.891485,0.0
reward/off_road,511,1786468888.619119,0.0
reward/off_road,521,1786468889.419899,0.0
reward/off_road,531,1786468890.227396,0.0
reward/off_road,541,1786468891.023943,0.0
reward/off_road,551,1786468891.812460,0.0
reward/off_road,561,1786468892.602193,0.0
reward/off_road,571,1786468893.391166,0.0
reward/off_road,581,1786468894.183929,0.0
reward/off_road,591,1786468894.975003,0.0
reward/off_road,601,1786468895.770032,0.0
reward/off_road,611,1786468896.568210,0.0
reward/off_road,621,1786468897.360304,0.0
reward/off_road,631,1786468898.161193,0.0
reward/off_road,641,1786468898.952117,0.0
reward/off_road,651,1786468899.742961,0.0
reward/off_road,661,1786468900.537011,0.0
reward/off_road,671,1786468901.331734,-200.0
reward/off_road,681,1786468906.557587,0.0
reward/off_road,691,1786468907.340620,0.0
reward/off_road,701,1786468908.131763,0.0
reward/off_road,711,1786468908.919613,0.0
reward/off_road,721,1786468909.735969,0.0
reward/off_road,731,1786468910.533592,0.0
reward/off_road,741,1786468911.341775,0.0
reward/off_road,751,1786468912.155968,0.0
reward/off_road,761,1786468912.962012,0.0
reward/off_road,771,1786468913.771421,0.0
reward/off_road,781,1786468914.581334,0.0
reward/off_road,791,1786468915.386226,0.0
reward/off_road,801,1786468916.199219,0.0
reward/off_road,811,1786468916.999126,0.0
reward/off_road,821,1786468917.806810,0.0
reward/off_road,831,1786468918.617931,0.0
reward/off_road,841,1786468919.424222,0.0
reward/off_road,851,1786468920.232888,0.0
reward/off_road,861,1786468921.045252,0.0
reward/off_road,871,1786468921.857491,0.0
reward/off_road,881,1786468922.664940,0.0
reward/off_road,891,1786468923.489572,0.0
reward/off_road,901,1786468924.288524,0.0
reward/off_road,911,1786468925.100014,0.0
reward/off_road,921,1786468925.910983,-200.0
reward/off_road,931,1786468931.142865,0.0
reward/off_road,941,1786468931.933805,0.0
reward/off_road,951,1786468932.717288,0.0
reward/off_road,961,1786468933.507444,0.0
reward/off_road,971,1786468934.308823,0.0
reward/off_road,981,1786468935.109806,0.0
reward/off_road,991,1786468935.912239,0.0
reward/off_road,1001,1786468936.713533,0.0
reward/off_road,1011,1786468937.516831,0.0
reward/off_road,1021,1786468938.327716,0.0
reward/off_road,1031,1786468939.121964,0.0
reward/off_road,1041,1786468939.920114,0.0
reward/off_road,1051,1786468940.717232,0.0
reward/off_road,1061,1786468941.519348,0.0
reward/off_road,1071,1786468942.322778,0.0
reward/off_road,1081,1786468943.122491,0.0
reward/off_road,1091,1786468943.921180,0.0
reward/off_road,1101,1786468944.723627,0.0
reward/off_road,1112,1786468945.603527,0.0
reward/off_road,1122,1786468946.401906,0.0
reward/off_road,1132,1786468947.206068,0.0
reward/off_road,1142,1786468948.001034,0.0
reward/off_road,1152,1786468948.798114,0.0
reward/off_road,1162,1786468949.595151,0.0
reward/off_road,1172,1786468954.811457,0.0
reward/off_road,1182,1786468955.642562,0.0
reward/off_road,1192,1786468956.475184,0.0
reward/off_road,1202,1786468957.316398,0.0
reward/off_road,1212,1786468958.154872,0.0
reward/off_road,1222,1786468963.573339,0.0
reward/off_road,1232,1786468964.366510,0.0
reward/off_road,1242,1786468965.158213,0.0
reward/off_road,1252,1786468965.941955,0.0
reward/off_road,1262,1786468966.719174,0.0
reward/off_road,1272,1786468967.499288,0.0
reward/off_road,1282,1786468972.715089,0.0
reward/off_road,1292,1786468973.441088,0.0
reward/off_road,1302,1786468974.266593,0.0
reward/off_road,1312,1786468975.059385,0.0
reward/off_road,1322,1786468975.865884,0.0
reward/off_road,1332,1786468976.678569,0.0
reward/off_road,1342,1786468977.494073,0.0
reward/off_road,1352,1786468978.318185,0.0
reward/off_road,1362,1786468979.202947,0.0
reward/off_road,1372,1786468980.175279,0.0
reward/off_road,1382,1786468981.286989,0.0
reward/off_road,1392,1786468982.495405,0.0
reward/off_road,1402,1786468983.460458,0.0
reward/off_road,1412,1786468984.435206,0.0
reward/off_road,1422,1786468985.384203,0.0
reward/off_road,1432,1786468986.382706,0.0
reward/off_road,1442,1786468987.219096,0.0
reward/off_road,1452,1786468988.057508,0.0
reward/off_road,1462,1786468988.897516,0.0
reward/off_road,1472,1786468989.854470,0.0
reward/off_road,1482,1786468990.735019,0.0
reward/off_road,1492,1786468991.580421,0.0
reward/off_road,1502,1786468992.419403,0.0
reward/off_road,1512,1786468993.249111,0.0
reward/off_road,1522,1786468994.111394,0.0
reward/off_road,1532,1786468994.977133,0.0
reward/off_road,1542,1786468995.856601,0.0
reward/off_road,1552,1786468996.740267,0.0
reward/off_road,1562,1786468997.601498,0.0
reward/off_road,1572,1786468998.458838,0.0
reward/off_road,1582,1786468999.426404,0.0
reward/off_road,1592,1786469000.431385,0.0
reward/off_road,1602,1786469001.330351,0.0
reward/off_road,1612,1786469002.181187,0.0
reward/off_road,1622,1786469003.134293,0.0
reward/off_road,1632,1786469004.076265,0.0
reward/off_road,1642,1786469005.411348,0.0
reward/off_road,1652,1786469006.457939,0.0
reward/off_road,1662,1786469007.292373,0.0
reward/off_road,1672,1786469008.128325,0.0
reward/off_road,1682,1786469008.968018,0.0
reward/off_road,1692,1786469009.798472,0.0
reward/off_road,1702,1786469010.805761,0.0
reward/off_road,1712,1786469011.706516,0.0
reward/off_road,1722,1786469012.651236,0.0
reward/off_road,1732,1786469013.557756,0.0
reward/off_road,1742,1786469014.400180,0.0
reward/off_road,1752,1786469015.238401,0.0
reward/off_road,1762,1786469016.366438,0.0
reward/off_road,1772,1786469017.316557,0.0
reward/off_road,1782,1786469022.940192,0.0
reward/off_road,1792,1786469023.652443,0.0
reward/off_road,1802,1786469024.438685,0.0
reward/off_road,1812,1786469025.225142,0.0
reward/off_road,1822,1786469026.608475,0.0
reward/off_road,1832,1786469033.617910,0.0
reward/off_road,1842,1786469034.442335,0.0
reward/off_road,1852,1786469035.255006,0.0
reward/off_road,1862,1786469036.087216,0.0
reward/off_road,1872,1786469036.935818,0.0
reward/off_road,1882,1786469037.754559,0.0
reward/off_road,1892,1786469038.562277,0.0
reward/off_road,1902,1786469039.376523,0.0
reward/off_road,1912,1786469040.198884,0.0
reward/off_road,1922,1786469041.021054,0.0
reward/off_road,1932,1786469041.848621,0.0
reward/off_road,1942,1786469042.659719,0.0
reward/off_road,1952,1786469043.464026,0.0
reward/off_road,1962,1786469044.259237,0.0
reward/off_road,1972,1786469045.054733,0.0
reward/off_road,1982,1786469045.867021,0.0
reward/off_road,1992,1786469046.682538,0.0
reward/off_road,2002,1786469047.724356,0.0
reward/off_road,2012,1786469048.444165,0.0
reward/off_road,2022,1786469049.274386,0.0
reward/off_road,2032,1786469054.645406,0.0
reward/off_road,2042,1786469055.456858,0.0
reward/off_road,2052,1786469056.280894,0.0
reward/off_road,2062,1786469057.099096,0.0
reward/off_road,2072,1786469057.922415,0.0
reward/off_road,2082,1786469058.740587,0.0
reward/off_road,2092,1786469059.569409,0.0
reward/off_road,2102,1786469060.401948,0.0
reward/off_road,2112,1786469061.241773,0.0
reward/off_road,2122,1786469062.083022,0.0
reward/off_road,2132,1786469062.918423,0.0
reward/off_road,2142,1786469063.757760,0.0
reward/off_road,2152,1786469064.598025,0.0
reward/off_road,2162,1786469065.440585,0.0
reward/off_road,2172,1786469066.271441,0.0
reward/off_road,2182,1786469067.095823,0.0
reward/off_road,2192,1786469067.922918,0.0
reward/off_road,2202,1786469068.745868,0.0
reward/off_road,2212,1786469069.571119,0.0
reward/off_road,2223,1786469070.472255,0.0
reward/off_road,2233,1786469071.284502,0.0
reward/off_road,2243,1786469072.102149,0.0
reward/off_road,2253,1786469072.913176,0.0
reward/off_road,2263,1786469073.720365,0.0
reward/off_road,2273,1786469074.527714,0.0
reward/off_road,2283,1786469075.332697,0.0
reward/off_road,2293,1786469076.138700,0.0
reward/off_road,2303,1786469076.948243,0.0
reward/off_road,2313,1786469077.782782,0.0
reward/off_road,2323,1786469078.612473,0.0
reward/off_road,2333,1786469079.439391,0.0
reward/off_road,2343,1786469080.267744,0.0
reward/off_road,2353,1786469081.095506,0.0
reward/off_road,2363,1786469081.931316,0.0
reward/off_road,2373,1786469082.755887,0.0
reward/off_road,2383,1786469083.590989,0.0
reward/off_road,2393,1786469084.404247,0.0
reward/off_road,2403,1786469085.229540,0.0
reward/off_road,2413,1786469086.045521,0.0
reward/off_road,2423,1786469086.856420,0.0
reward/off_road,2433,1786469087.669809,0.0
reward/off_road,2443,1786469088.483440,0.0
reward/off_road,2453,1786469089.296780,0.0
reward/off_road,2463,1786469094.583851,0.0
reward/off_road,2473,1786469095.362112,0.0
reward/off_road,2483,1786469096.147951,0.0
reward/off_road,2493,1786469096.924909,0.0
reward/off_road,2503,1786469097.710777,0.0
reward/off_road,2513,1786469098.492553,0.0
reward/off_road,2523,1786469099.273700,0.0
reward/off_road,2533,1786469100.060279,0.0
reward/off_road,2543,1786469100.846875,0.0
reward/off_road,2553,1786469101.632314,0.0
reward/off_road,2563,1786469102.413939,0.0
reward/off_road,2573,1786469103.200190,0.0
reward/off_road,2583,1786469103.985991,0.0
reward/off_road,2593,1786469104.773128,0.0
reward/off_road,2603,1786469105.560377,0.0
reward/off_road,2613,1786469106.357289,0.0
reward/off_road,2623,1786469107.174539,0.0
reward/off_road,2633,1786469107.994434,0.0
reward/off_road,2643,1786469108.809245,0.0
reward/off_road,2653,1786469109.619221,0.0
reward/off_road,2663,1786469110.437428,0.0
reward/off_road,2673,1786469111.262250,0.0
reward/off_road,2683,1786469112.073189,0.0
reward/off_road,2693,1786469112.888638,0.0
reward/off_road,2703,1786469113.704056,0.0
reward/off_road,2713,1786469114.516476,0.0
reward/off_road,2723,1786469115.327038,0.0
reward/off_road,2733,1786469116.133413,0.0
reward/off_road,2743,1786469116.939394,0.0
reward/off_road,2753,1786469117.760357,0.0
reward/off_road,2763,1786469118.564589,0.0
reward/off_road,2773,1786469119.369154,0.0
reward/off_road,2783,1786469120.175972,0.0
reward/off_road,2793,1786469120.985128,0.0
reward/off_road,2803,1786469121.794502,0.0
reward/off_road,2813,1786469122.605441,0.0
reward/off_road,2823,1786469123.413689,0.0
reward/off_road,2833,1786469124.223763,0.0
reward/off_road,2843,1786469125.035932,0.0
reward/off_road,2853,1786469125.854587,0.0
reward/off_road,2863,1786469126.671897,0.0
reward/off_road,2873,1786469127.509198,0.0
reward/off_road,2883,1786469128.312063,0.0
reward/off_road,2893,1786469129.139282,0.0
reward/off_road,2903,1786469129.961568,0.0
reward/off_road,2913,1786469130.782092,0.0
reward/off_road,2923,1786469131.604539,0.0
reward/off_road,2933,1786469132.422967,0.0
reward/off_road,2943,1786469133.249255,0.0
reward/off_road,2953,1786469134.064825,0.0
reward/off_road,2963,1786469139.276310,0.0
reward/off_road,2973,1786469140.070324,0.0
reward/off_road,2983,1786469140.863231,0.0
reward/off_road,2993,1786469141.661035,0.0
reward/off_road,3003,1786469142.461287,0.0
reward/off_road,3013,1786469143.256933,0.0
reward/off_road,3023,1786469144.066231,0.0
reward/off_road,3033,1786469144.869596,0.0
reward/off_road,3043,1786469145.676539,0.0
reward/off_road,3053,1786469146.484371,0.0
reward/off_road,3063,1786469147.289335,0.0
reward/off_road,3073,1786469148.100982,0.0
reward/off_road,3083,1786469148.899912,0.0
reward/off_road,3093,1786469149.710221,0.0
reward/off_road,3103,1786469150.513438,0.0
reward/off_road,3113,1786469151.313456,0.0
reward/off_road,3123,1786469152.122454,0.0
reward/off_road,3133,1786469152.935294,0.0
reward/off_road,3143,1786469153.752753,0.0
reward/off_road,3153,1786469154.560202,0.0
reward/off_road,3163,1786469155.372865,0.0
reward/off_road,3173,1786469156.188731,0.0
reward/off_road,3183,1786469156.995272,0.0
reward/off_road,3193,1786469157.802055,0.0
reward/off_road,3203,1786469158.606389,0.0
reward/off_road,3213,1786469159.410240,0.0
reward/off_road,3223,1786469160.208962,0.0
reward/off_road,3233,1786469161.011244,0.0
reward/off_road,3243,1786469161.817904,0.0
reward/off_road,3253,1786469162.623556,0.0
reward/off_road,3263,1786469167.803329,0.0
reward/off_road,3273,1786469168.593268,0.0
reward/off_road,3283,1786469169.390951,0.0
reward/off_road,3293,1786469170.174135,0.0
reward/off_road,3303,1786469170.961045,0.0
reward/off_road,3313,1786469171.747895,0.0
reward/off_road,3323,1786469172.526458,0.0
reward/off_road,3334,1786469173.380187,0.0
reward/off_road,3344,1786469174.156018,0.0
reward/off_road,3354,1786469174.931294,0.0
reward/off_road,3364,1786469175.710213,0.0
reward/off_road,3374,1786469176.485782,0.0
reward/off_road,3384,1786469177.268239,0.0
reward/off_road,3394,1786469178.046689,0.0
reward/off_road,3404,1786469178.829656,0.0
reward/off_road,3414,1786469179.623128,0.0
reward/off_road,3424,1786469180.411802,0.0
reward/off_road,3434,1786469181.207819,0.0
reward/off_road,3444,1786469182.009114,0.0
reward/off_road,3454,1786469182.816065,0.0
reward/off_road,3464,1786469183.623241,0.0
reward/off_road,3474,1786469184.428309,0.0
reward/off_road,3484,1786469185.236090,0.0
reward/off_road,3494,1786469186.046593,0.0
reward/off_road,3504,1786469186.848347,0.0
reward/off_road,3514,1786469187.653379,0.0
reward/off_road,3524,1786469188.455399,0.0
reward/off_road,3534,1786469189.256969,0.0
reward/off_road,3544,1786469190.070903,0.0
reward/off_road,3554,1786469190.864098,0.0
reward/off_road,3564,1786469191.674304,0.0
reward/off_road,3574,1786469192.467136,0.0
reward/off_road,3584,1786469193.270422,0.0
reward/off_road,3594,1786469194.076669,0.0
reward/off_road,3604,1786469194.879845,0.0
reward/off_road,3614,1786469195.679361,0.0
reward/off_road,3624,1786469196.477668,0.0
reward/off_road,3634,1786469197.278437,0.0
reward/off_road,3644,1786469198.076041,0.0
reward/off_road,3654,1786469198.873387,0.0
reward/off_road,3664,1786469199.671806,0.0
reward/off_road,3674,1786469200.465509,0.0
reward/off_road,3684,1786469201.262352,0.0
reward/off_road,3694,1786469202.064455,0.0
reward/off_road,3704,1786469202.853898,0.0
reward/off_road,3714,1786469203.649906,0.0
reward/off_road,3724,1786469204.431212,0.0
reward/off_road,3734,1786469205.220363,0.0
reward/off_road,3744,1786469206.009098,0.0
reward/off_road,3754,1786469206.795635,0.0
reward/off_road,3764,1786469211.967910,0.0
reward/off_road,3774,1786469212.776832,0.0
reward/off_road,3784,1786469213.585109,0.0
reward/off_road,3794,1786469214.400501,0.0
reward/off_road,3804,1786469215.193228,0.0
reward/off_road,3814,1786469215.998178,0.0
reward/off_road,3824,1786469216.802539,0.0
reward/off_road,3834,1786469217.619175,0.0
reward/off_road,3844,1786469218.433489,0.0
reward/off_road,3854,1786469219.244752,0.0
reward/off_road,3864,1786469220.061236,0.0
reward/off_road,3874,1786469220.873296,0.0
reward/off_road,3884,1786469221.691741,0.0
reward/off_road,3894,1786469222.513854,0.0
reward/off_road,3904,1786469223.338462,0.0
reward/off_road,3914,1786469224.164891,0.0
reward/off_road,3924,1786469224.988523,0.0
reward/off_road,3934,1786469225.816258,0.0
reward/off_road,3944,1786469226.645294,0.0
reward/off_road,3954,1786469227.474322,0.0
reward/off_road,3964,1786469228.301859,0.0
reward/off_road,3974,1786469229.132412,0.0
reward/off_road,3984,1786469229.958340,0.0
reward/off_road,3994,1786469230.783335,0.0
reward/off_road,4004,1786469231.767878,0.0
reward/off_road,4014,1786469232.581285,0.0
reward/off_road,4024,1786469233.394951,0.0
reward/off_road,4034,1786469234.211487,0.0
reward/off_road,4044,1786469235.026102,0.0
reward/off_road,4054,1786469235.843149,0.0
reward/off_road,4064,1786469236.650995,0.0
reward/off_road,4074,1786469237.465312,0.0
reward/off_road,4084,1786469238.275750,0.0
reward/off_road,4094,1786469239.080925,0.0
reward/off_road,4104,1786469239.896374,0.0
reward/off_road,4114,1786469240.715031,0.0
reward/off_road,4124,1786469241.527010,0.0
reward/off_road,4134,1786469242.333451,0.0
reward/off_road,4144,1786469243.141187,0.0
reward/off_road,4154,1786469243.948365,0.0
reward/off_road,4164,1786469244.752555,0.0
reward/off_road,4174,1786469245.561174,0.0
reward/off_road,4184,1786469246.366041,0.0
reward/off_road,4194,1786469247.161364,0.0
reward/off_road,4204,1786469247.956370,0.0
reward/off_road,4214,1786469248.747144,0.0
reward/off_road,4224,1786469249.543984,0.0
reward/off_road,4234,1786469250.333549,0.0
reward/off_road,4244,1786469251.123506,0.0
reward/off_road,4254,1786469251.919209,0.0
reward/off_road,4264,1786469257.070924,0.0
reward/off_road,4274,1786469257.879458,0.0
reward/off_road,4284,1786469258.679684,0.0
reward/off_road,4294,1786469259.483423,0.0
reward/off_road,4304,1786469260.282756,0.0
reward/off_road,4314,1786469261.071924,0.0
reward/off_road,4324,1786469261.871777,0.0
reward/off_road,4334,1786469262.679107,0.0
reward/off_road,4344,1786469263.485196,0.0
reward/off_road,4354,1786469264.287836,0.0
reward/off_road,4364,1786469265.085403,0.0
reward/off_road,4374,1786469265.883814,0.0
reward/off_road,4384,1786469266.676348,0.0
reward/off_road,4394,1786469267.471436,0.0
reward/off_road,4404,1786469268.267152,0.0
reward/off_road,4414,1786469269.059612,0.0
reward/off_road,4424,1786469269.856899,0.0
reward/off_road,4434,1786469270.665891,0.0
reward/off_road,4445,1786469271.558251,0.0
reward/off_road,4455,1786469272.372034,0.0
reward/off_road,4465,1786469273.193917,0.0
reward/off_road,4475,1786469274.004103,0.0
reward/off_road,4485,1786469274.822004,0.0
reward/off_road,4495,1786469275.649534,0.0
reward/off_road,4505,1786469276.490662,0.0
reward/off_road,4515,1786469277.317283,0.0
reward/off_road,4525,1786469278.142739,0.0
reward/off_road,4535,1786469278.971623,0.0
reward/off_road,4545,1786469279.802628,0.0
reward/off_road,4555,1786469280.635024,0.0
reward/off_road,4565,1786469281.475118,0.0
reward/off_road,4575,1786469282.299717,0.0
reward/off_road,4585,1786469283.128325,0.0
reward/off_road,4595,1786469283.960925,0.0
reward/off_road,4605,1786469284.793301,0.0
reward/off_road,4615,1786469285.619394,0.0
reward/off_road,4625,1786469286.449814,0.0
reward/off_road,4635,1786469287.270288,0.0
reward/off_road,4645,1786469288.096305,0.0
reward/off_road,4655,1786469288.920963,0.0
reward/off_road,4665,1786469289.755410,0.0
reward/off_road,4675,1786469290.580520,0.0
reward/off_road,4685,1786469291.412566,0.0
reward/off_road,4695,1786469292.244019,0.0
reward/off_road,4705,1786469293.078479,0.0
reward/off_road,4715,1786469293.913270,0.0
reward/off_road,4725,1786469294.753844,0.0
reward/off_road,4735,1786469295.585421,0.0
reward/off_road,4745,1786469296.413220,0.0
reward/off_road,4755,1786469297.235192,0.0
reward/off_road,4765,1786469302.519553,0.0
reward/off_road,4775,1786469303.308690,0.0
reward/off_road,4785,1786469304.101171,0.0
reward/off_road,4795,1786469304.883697,0.0
reward/off_road,4805,1786469305.676089,0.0
reward/off_road,4815,1786469306.454269,0.0
reward/off_road,4825,1786469307.240534,0.0
reward/off_road,4835,1786469308.030580,0.0
reward/off_road,4845,1786469308.824559,0.0
reward/off_road,4855,1786469309.618454,0.0
reward/off_road,4865,1786469310.400002,0.0
reward/off_road,4875,1786469311.191210,0.0
reward/off_road,4885,1786469311.977965,0.0
reward/off_road,4895,1786469312.764686,0.0
reward/off_road,4905,1786469313.563294,0.0
reward/off_road,4915,1786469314.362148,0.0
reward/off_road,4925,1786469315.166286,0.0
reward/off_road,4935,1786469315.981765,0.0
reward/off_road,4945,1786469316.792909,0.0
reward/off_road,4955,1786469317.602775,0.0
reward/off_road,4965,1786469318.410787,0.0
reward/off_road,4975,1786469319.219402,0.0
reward/off_road,4985,1786469320.029282,0.0
reward/off_road,4995,1786469320.836531,0.0
reward/off_road,5005,1786469321.639525,0.0
reward/off_road,5015,1786469322.443992,0.0
reward/off_road,5025,1786469323.250009,0.0
reward/off_road,5035,1786469324.067753,0.0
reward/off_road,5045,1786469324.866125,0.0
reward/off_road,5055,1786469325.679900,0.0
reward/off_road,5065,1786469326.486231,0.0
reward/off_road,5075,1786469327.294971,0.0
reward/off_road,5085,1786469328.112563,0.0
reward/off_road,5095,1786469328.913277,0.0
reward/off_road,5105,1786469329.734253,0.0
reward/off_road,5115,1786469330.535816,0.0
reward/off_road,5125,1786469331.346292,0.0
reward/off_road,5135,1786469332.160352,0.0
reward/off_road,5145,1786469332.968989,0.0
reward/off_road,5155,1786469333.782636,0.0
reward/off_road,5165,1786469334.591950,0.0
reward/off_road,5175,1786469335.402794,0.0
reward/off_road,5185,1786469336.214495,0.0
reward/off_road,5195,1786469337.025523,0.0
reward/off_road,5205,1786469337.832716,0.0
reward/off_road,5215,1786469338.640224,0.0
reward/off_road,5225,1786469339.446070,0.0
reward/off_road,5235,1786469340.255771,0.0
reward/off_road,5245,1786469341.057072,0.0
reward/off_road,5255,1786469341.867310,0.0
reward/off_road,5265,1786469347.080540,0.0
reward/off_road,5275,1786469347.873315,0.0
reward/off_road,5285,1786469348.653134,0.0
reward/off_road,5295,1786469349.444886,0.0
reward/off_road,5305,1786469350.231210,0.0
reward/off_road,5315,1786469351.016901,0.0
reward/off_road,5325,1786469351.809324,0.0
reward/off_road,5335,1786469352.618261,0.0
reward/off_road,5345,1786469353.428269,0.0
reward/off_road,5355,1786469354.235339,0.0
reward/off_road,5365,1786469355.039264,0.0
reward/off_road,5375,1786469355.852780,0.0
reward/off_road,5385,1786469356.639728,0.0
reward/off_road,5395,1786469357.434211,0.0
reward/off_road,5405,1786469358.232410,0.0
reward/off_road,5415,1786469359.034450,0.0
reward/off_road,5425,1786469359.830267,0.0
reward/off_road,5435,1786469360.641852,0.0
reward/off_road,5445,1786469361.458282,0.0
reward/off_road,5455,1786469362.270555,0.0
reward/off_road,5465,1786469363.077248,0.0
reward/off_road,5475,1786469363.884478,0.0
reward/off_road,5485,1786469364.692189,0.0
reward/off_road,5495,1786469365.498507,0.0
reward/off_road,5505,1786469366.304271,0.0
reward/off_road,5515,1786469367.105848,0.0
reward/off_road,5525,1786469367.915672,0.0
reward/off_road,5535,1786469368.717180,0.0
reward/off_road,5545,1786469369.520963,0.0
reward/off_road,5556,1786469370.407517,0.0
reward/off_road,5566,1786469371.207224,0.0
reward/off_road,5576,1786469372.006495,0.0
reward/off_road,5586,1786469372.805404,0.0
reward/off_road,5596,1786469373.608102,0.0
reward/off_road,5606,1786469374.409099,0.0
reward/off_road,5616,1786469375.210142,0.0
reward/off_road,5626,1786469376.014694,0.0
reward/off_road,5636,1786469376.819503,0.0
reward/off_road,5646,1786469377.621574,0.0
reward/off_road,5656,1786469378.422704,0.0
reward/off_road,5666,1786469379.226871,0.0
reward/off_road,5676,1786469380.029694,0.0
reward/off_road,5686,1786469380.838776,0.0
reward/off_road,5696,1786469381.649326,0.0
reward/off_road,5706,1786469382.450434,0.0
reward/off_road,5716,1786469383.254889,0.0
reward/off_road,5726,1786469384.049004,0.0
reward/off_road,5736,1786469384.847858,0.0
reward/off_road,5746,1786469385.645039,0.0
reward/off_road,5756,1786469386.437401,0.0
reward/off_road,5766,1786469391.578492,0.0
reward/off_road,5776,1786469392.388530,0.0
reward/off_road,5786,1786469393.164040,0.0
reward/off_road,5796,1786469393.952772,0.0
reward/off_road,5806,1786469394.732124,0.0
reward/off_road,5816,1786469395.523495,0.0
reward/off_road,5826,1786469396.308869,0.0
reward/off_road,5836,1786469397.096450,0.0
reward/off_road,5846,1786469397.884344,0.0
reward/off_road,5856,1786469398.671333,0.0
reward/off_road,5866,1786469399.459744,0.0
reward/off_road,5876,1786469400.253335,0.0
reward/off_road,5886,1786469401.035710,0.0
reward/off_road,5896,1786469401.822278,0.0
reward/off_road,5906,1786469402.613922,0.0
reward/off_road,5916,1786469403.417029,0.0
reward/off_road,5926,1786469408.708495,0.0
reward/off_road,5936,1786469409.415515,0.0
reward/off_road,5946,1786469410.207282,0.0
reward/off_road,5956,1786469410.999106,0.0
reward/off_road,5966,1786469411.787754,0.0
reward/off_road,5976,1786469412.572817,0.0
reward/off_road,5986,1786469413.361206,0.0
reward/off_road,5996,1786469414.154248,0.0
reward/off_road,6006,1786469415.191787,0.0
reward/off_road,6016,1786469415.987962,0.0
reward/off_road,6026,1786469416.773301,0.0
reward/off_road,6036,1786469417.564791,-200.0
reward/off_road,6046,1786469422.773395,0.0
reward/off_road,6056,1786469423.571172,0.0
reward/off_road,6066,1786469424.363859,0.0
reward/off_road,6076,1786469425.154733,0.0
reward/off_road,6086,1786469425.942803,0.0
reward/off_road,6096,1786469426.730304,0.0
reward/off_road,6106,1786469427.527104,0.0
reward/off_road,6116,1786469428.327280,0.0
reward/off_road,6126,1786469429.132994,0.0
reward/off_road,6136,1786469429.936286,0.0
reward/off_road,6146,1786469430.739059,0.0
reward/off_road,6156,1786469431.545712,0.0
reward/off_road,6166,1786469432.352930,0.0
reward/off_road,6176,1786469433.149652,0.0
reward/off_road,6186,1786469433.943402,0.0
reward/off_road,6196,1786469434.744111,0.0
reward/off_road,6206,1786469435.541236,0.0
reward/off_road,6216,1786469436.346882,0.0
reward/off_road,6226,1786469437.146712,0.0
reward/off_road,6236,1786469437.942359,0.0
reward/off_road,6246,1786469438.736497,0.0
reward/off_road,6256,1786469439.535434,0.0
reward/off_road,6266,1786469440.344000,0.0
reward/off_road,6276,1786469441.128204,0.0
reward/off_road,6286,1786469441.925038,0.0
reward/off_road,6296,1786469442.721676,0.0
reward/off_road,6306,1786469443.517989,0.0
reward/off_road,6316,1786469444.326638,0.0
reward/off_road,6326,1786469445.107249,0.0
reward/off_road,6336,1786469445.913774,0.0
reward/off_road,6346,1786469446.711180,0.0
reward/off_road,6356,1786469447.495465,0.0
reward/off_road,6366,1786469448.280705,0.0
reward/off_road,6376,1786469449.071041,0.0
reward/off_road,6386,1786469449.862273,0.0
reward/off_road,6396,1786469450.655040,0.0
reward/off_road,6406,1786469451.446895,0.0
reward/off_road,6416,1786469452.244121,0.0
reward/off_road,6426,1786469453.032285,0.0
reward/off_road,6436,1786469453.825243,0.0
reward/off_road,6446,1786469454.615435,0.0
reward/off_road,6456,1786469455.413378,0.0
reward/off_road,6466,1786469456.206524,0.0
reward/off_road,6476,1786469456.999090,0.0
reward/off_road,6486,1786469457.796340,0.0
reward/off_road,6496,1786469458.590887,0.0
reward/off_road,6506,1786469459.390270,0.0
reward/off_road,6516,1786469460.183266,0.0
reward/off_road,6526,1786469460.975715,0.0
reward/off_road,6536,1786469461.766480,0.0
reward/off_road,6546,1786469466.908884,0.0
reward/off_road,6556,1786469467.697865,0.0
reward/off_road,6566,1786469468.490310,0.0
reward/off_road,6576,1786469469.266924,0.0
reward/off_road,6586,1786469470.064318,0.0
reward/off_road,6596,1786469470.840860,0.0
reward/off_road,6606,1786469471.627284,0.0
reward/off_road,6616,1786469472.415301,0.0
reward/off_road,6626,1786469473.204720,0.0
reward/off_road,6636,1786469473.994958,0.0
reward/off_road,6646,1786469474.789186,0.0
reward/off_road,6656,1786469475.586803,0.0
reward/off_road,6667,1786469476.453135,0.0
reward/off_road,6677,1786469477.227191,0.0
reward/off_road,6687,1786469478.006938,0.0
reward/off_road,6697,1786469478.777254,0.0
reward/off_road,6707,1786469479.557272,0.0
reward/off_road,6717,1786469480.348746,0.0
reward/off_road,6727,1786469481.153912,0.0
reward/off_road,6737,1786469481.948081,0.0
reward/off_road,6747,1786469482.763036,0.0
reward/off_road,6757,1786469483.587084,0.0
reward/off_road,6767,1786469484.408499,0.0
reward/off_road,6777,1786469485.226638,0.0
reward/off_road,6787,1786469486.051881,0.0
reward/off_road,6797,1786469486.873911,0.0
reward/off_road,6807,1786469487.686799,0.0
reward/off_road,6817,1786469488.508498,0.0
reward/off_road,6827,1786469489.326730,0.0
reward/off_road,6837,1786469490.141324,0.0
reward/off_road,6847,1786469490.946220,0.0
reward/off_road,6857,1786469491.760263,0.0
reward/off_road,6867,1786469492.558127,0.0
reward/off_road,6877,1786469493.368640,0.0
reward/off_road,6887,1786469494.188896,0.0
reward/off_road,6897,1786469494.993342,0.0
reward/off_road,6907,1786469495.797473,0.0
reward/off_road,6917,1786469496.600526,0.0
reward/off_road,6927,1786469497.400997,0.0
reward/off_road,6937,1786469498.202982,0.0
reward/off_road,6947,1786469499.028904,0.0
reward/off_road,6957,1786469499.854286,0.0
reward/off_road,6967,1786469500.666843,0.0
reward/off_road,6977,1786469501.473879,0.0
reward/off_road,6987,1786469502.288903,0.0
reward/off_road,6997,1786469503.081555,0.0
reward/off_road,7007,1786469503.885483,0.0
reward/off_road,7017,1786469504.697148,0.0
reward/off_road,7027,1786469505.512140,0.0
reward/off_road,7037,1786469510.740315,0.0
reward/off_road,7047,1786469511.473750,0.0
reward/off_road,7057,1786469512.281368,0.0
reward/off_road,7067,1786469513.120800,0.0
reward/off_road,7077,1786469513.954869,0.0
reward/off_road,7087,1786469514.787693,0.0
reward/off_road,7097,1786469515.589368,0.0
reward/off_road,7107,1786469516.409414,0.0
reward/off_road,7117,1786469517.251448,0.0
reward/off_road,7127,1786469518.086493,0.0
reward/off_road,7137,1786469518.903110,0.0
reward/off_road,7147,1786469519.715445,0.0
reward/off_road,7157,1786469520.546464,0.0
reward/off_road,7167,1786469521.363227,0.0
reward/off_road,7177,1786469522.192506,0.0
reward/off_road,7187,1786469523.003474,0.0
reward/off_road,7197,1786469523.853075,0.0
reward/off_road,7207,1786469524.720501,0.0
reward/off_road,7217,1786469525.575834,0.0
reward/off_road,7227,1786469526.436079,0.0
reward/off_road,7237,1786469527.263264,0.0
reward/off_road,7247,1786469528.123286,0.0
reward/off_road,7257,1786469528.940902,0.0
reward/off_road,7267,1786469529.791944,0.0
reward/off_road,7277,1786469530.589770,0.0
reward/off_road,7287,1786469531.438132,0.0
reward/off_road,7297,1786469532.272136,0.0
reward/off_road,7307,1786469533.079450,0.0
reward/off_road,7317,1786469533.891714,0.0
reward/off_road,7327,1786469534.701170,0.0
reward/off_road,7337,1786469535.511540,0.0
reward/off_road,7347,1786469536.337225,0.0
reward/off_road,7357,1786469537.189795,0.0
reward/off_road,7367,1786469538.037409,0.0
reward/off_road,7377,1786469538.863001,0.0
reward/off_road,7387,1786469539.685974,0.0
reward/off_road,7397,1786469540.531298,0.0
reward/off_road,7407,1786469541.354268,0.0
reward/off_road,7417,1786469542.169799,0.0
reward/off_road,7427,1786469542.984171,0.0
reward/off_road,7437,1786469543.817974,0.0
reward/off_road,7447,1786469544.653900,0.0
reward/off_road,7457,1786469545.488481,0.0
reward/off_road,7467,1786469546.332605,0.0
reward/off_road,7477,1786469547.174292,0.0
reward/off_road,7487,1786469548.022748,0.0
reward/off_road,7497,1786469548.832319,0.0
reward/off_road,7507,1786469549.656626,0.0
reward/off_road,7517,1786469550.504344,0.0
reward/off_road,7527,1786469551.351105,0.0
reward/off_road,7537,1786469556.851691,0.0
reward/off_road,7547,1786469557.579093,0.0
reward/off_road,7557,1786469558.393168,0.0
reward/off_road,7567,1786469559.231358,0.0
reward/off_road,7577,1786469560.044775,0.0
reward/off_road,7587,1786469560.851896,0.0
reward/off_road,7597,1786469561.668694,0.0
reward/off_road,7607,1786469562.471577,0.0
reward/off_road,7617,1786469563.284567,0.0
reward/off_road,7627,1786469564.121867,0.0
reward/off_road,7637,1786469564.956191,0.0
reward/off_road,7647,1786469565.794285,0.0
reward/off_road,7657,1786469566.628095,0.0
reward/off_road,7667,1786469567.437753,0.0
reward/off_road,7677,1786469568.237174,0.0
reward/off_road,7687,1786469569.035962,0.0
reward/off_road,7697,1786469569.840044,0.0
reward/off_road,7707,1786469570.649854,0.0
reward/off_road,7717,1786469571.471791,0.0
reward/off_road,7727,1786469572.288339,0.0
reward/off_road,7737,1786469573.111910,0.0
reward/off_road,7747,1786469573.940802,0.0
reward/off_road,7757,1786469574.774278,0.0
reward/off_road,7767,1786469575.609569,0.0
reward/off_road,7778,1786469576.528120,0.0
reward/off_road,7788,1786469577.356541,0.0
reward/off_road,7798,1786469578.200362,0.0
reward/off_road,7808,1786469579.022153,0.0
reward/off_road,7818,1786469579.856744,0.0
reward/off_road,7828,1786469580.679744,0.0
reward/off_road,7838,1786469581.498665,0.0
reward/off_road,7848,1786469582.315013,0.0
reward/off_road,7858,1786469583.134333,0.0
reward/off_road,7868,1786469583.955067,0.0
reward/off_road,7878,1786469584.769501,0.0
reward/off_road,7888,1786469585.595306,0.0
reward/off_road,7898,1786469586.420733,0.0
reward/off_road,7908,1786469587.240436,0.0
reward/off_road,7918,1786469588.059928,0.0
reward/off_road,7928,1786469588.861588,0.0
reward/off_road,7938,1786469589.665538,0.0
reward/off_road,7948,1786469590.468251,0.0
reward/off_road,7958,1786469591.270445,0.0
reward/off_road,7968,1786469592.070940,0.0
reward/off_road,7978,1786469592.873341,0.0
reward/off_road,7988,1786469593.675534,0.0
reward/off_road,7998,1786469594.481295,0.0
reward/off_road,8008,1786469595.639503,0.0
reward/off_road,8018,1786469596.438657,0.0
reward/off_road,8028,1786469597.237146,0.0
reward/off_road,8038,1786469602.447315,0.0
reward/off_road,8048,1786469603.198980,0.0
reward/off_road,8058,1786469603.985055,0.0
reward/off_road,8068,1786469604.769327,0.0
reward/off_road,8078,1786469605.554223,0.0
reward/off_road,8088,1786469606.336901,0.0
reward/off_road,8098,1786469607.120652,0.0
reward/off_road,8108,1786469607.912783,0.0
reward/off_road,8118,1786469608.704285,0.0
reward/off_road,8128,1786469609.498497,0.0
reward/off_road,8138,1786469610.300725,0.0
reward/off_road,8148,1786469611.093777,0.0
reward/off_road,8158,1786469611.883795,0.0
reward/off_road,8168,1786469612.667751,0.0
reward/off_road,8178,1786469613.454023,0.0
reward/off_road,8188,1786469614.243343,0.0
reward/off_road,8198,1786469615.040056,0.0
reward/off_road,8208,1786469615.825300,0.0
reward/off_road,8218,1786469616.610431,0.0
reward/off_road,8228,1786469617.404136,0.0
reward/off_road,8238,1786469618.196065,0.0
reward/off_road,8248,1786469618.983955,0.0
reward/off_road,8258,1786469619.777189,0.0
reward/off_road,8268,1786469620.568973,0.0
reward/off_road,8278,1786469621.365564,0.0
reward/off_road,8288,1786469622.175161,0.0
reward/off_road,8298,1786469622.957282,0.0
reward/off_road,8308,1786469623.753349,0.0
reward/off_road,8318,1786469624.553128,0.0
reward/off_road,8328,1786469625.350457,0.0
reward/off_road,8338,1786469626.150738,0.0
reward/off_road,8348,1786469626.950542,0.0
reward/off_road,8358,1786469627.747145,0.0
reward/off_road,8368,1786469628.543517,0.0
reward/off_road,8378,1786469629.340888,0.0
reward/off_road,8388,1786469630.138777,0.0
reward/off_road,8398,1786469630.946312,0.0
reward/off_road,8408,1786469631.757118,0.0
reward/off_road,8418,1786469632.566860,0.0
reward/off_road,8428,1786469633.374087,0.0
reward/off_road,8438,1786469634.173826,0.0
reward/off_road,8448,1786469634.980389,0.0
reward/off_road,8458,1786469635.769858,0.0
reward/off_road,8468,1786469636.567271,0.0
reward/off_road,8478,1786469637.371227,0.0
reward/off_road,8488,1786469638.171277,0.0
reward/off_road,8498,1786469638.971073,0.0
reward/off_road,8508,1786469639.771880,0.0
reward/off_road,8518,1786469640.568933,0.0
reward/off_road,8528,1786469641.366731,0.0
reward/off_road,8538,1786469646.614018,0.0
reward/off_road,8548,1786469647.375410,0.0
reward/off_road,8558,1786469648.170057,0.0
reward/off_road,8568,1786469648.963613,0.0
reward/off_road,8578,1786469649.770640,0.0
reward/off_road,8588,1786469650.587012,0.0
reward/off_road,8598,1786469651.406906,0.0
reward/off_road,8608,1786469652.228786,0.0
reward/off_road,8618,1786469653.054539,0.0
reward/off_road,8628,1786469653.885307,0.0
reward/off_road,8638,1786469654.712875,0.0
reward/off_road,8648,1786469655.541721,0.0
reward/off_road,8658,1786469656.369604,0.0
reward/off_road,8668,1786469657.198345,0.0
reward/off_road,8678,1786469658.027456,0.0
reward/off_road,8688,1786469658.842035,0.0
reward/off_road,8698,1786469659.645467,0.0
reward/off_road,8708,1786469660.449498,0.0
reward/off_road,8718,1786469661.253222,0.0
reward/off_road,8728,1786469662.060304,0.0
reward/off_road,8738,1786469662.872787,0.0
reward/off_road,8748,1786469663.678082,0.0
reward/off_road,8758,1786469664.506120,0.0
reward/off_road,8768,1786469665.305902,0.0
reward/off_road,8778,1786469666.119542,0.0
reward/off_road,8788,1786469666.930474,0.0
reward/off_road,8798,1786469667.738054,0.0
reward/off_road,8808,1786469668.552765,0.0
reward/off_road,8818,1786469669.357264,0.0
reward/off_road,8828,1786469670.176892,0.0
reward/off_road,8838,1786469670.991973,0.0
reward/off_road,8848,1786469671.812581,0.0
reward/off_road,8858,1786469672.630934,0.0
reward/off_road,8868,1786469673.445601,0.0
reward/off_road,8878,1786469674.261249,0.0
reward/off_road,8889,1786469675.157190,0.0
reward/off_road,8899,1786469675.973858,0.0
reward/off_road,8909,1786469676.793402,0.0
reward/off_road,8919,1786469677.606493,0.0
reward/off_road,8929,1786469678.424374,0.0
reward/off_road,8939,1786469679.241554,0.0
reward/off_road,8949,1786469680.058859,0.0
reward/off_road,8959,1786469680.871184,0.0
reward/off_road,8969,1786469681.682462,0.0
reward/off_road,8979,1786469682.488242,0.0
reward/off_road,8989,1786469683.295772,0.0
reward/off_road,8999,1786469684.100792,0.0
reward/off_road,9009,1786469684.906288,0.0
reward/off_road,9019,1786469685.712868,0.0
reward/off_road,9029,1786469686.517769,0.0
reward/off_road,9039,1786469691.749434,0.0
reward/off_road,9049,1786469692.556540,0.0
reward/off_road,9059,1786469693.370830,0.0
reward/off_road,9069,1786469694.183809,0.0
reward/off_road,9079,1786469695.000857,0.0
reward/off_road,9089,1786469695.825564,0.0
reward/off_road,9099,1786469696.638769,0.0
reward/off_road,9109,1786469697.458601,0.0
reward/off_road,9119,1786469698.280770,0.0
reward/off_road,9129,1786469699.100544,0.0
reward/off_road,9139,1786469699.923977,0.0
reward/off_road,9149,1786469700.745382,0.0
reward/off_road,9159,1786469701.564855,0.0
reward/off_road,9169,1786469702.396970,0.0
reward/off_road,9179,1786469703.226304,0.0
reward/off_road,9189,1786469704.048295,0.0
reward/off_road,9199,1786469704.888480,0.0
reward/off_road,9209,1786469705.740791,0.0
reward/off_road,9219,1786469711.100988,0.0
reward/off_road,9229,1786469711.897705,0.0
reward/off_road,9239,1786469712.692823,0.0
reward/off_road,9249,1786469713.496499,0.0
reward/off_road,9259,1786469714.303851,0.0
reward/off_road,9269,1786469715.110045,0.0
reward/off_road,9279,1786469715.921371,0.0
reward/off_road,9289,1786469716.728481,0.0
reward/off_road,9299,1786469717.535191,0.0
reward/off_road,9309,1786469718.344059,0.0
reward/off_road,9319,1786469719.152494,0.0
reward/off_road,9329,1786469719.957408,0.0
reward/off_road,9339,1786469720.767681,0.0
reward/off_road,9349,1786469721.568045,0.0
reward/off_road,9359,1786469722.373429,0.0
reward/off_road,9369,1786469723.183568,0.0
reward/off_road,9379,1786469723.985532,0.0
reward/off_road,9389,1786469724.797392,0.0
reward/off_road,9399,1786469725.616820,0.0
reward/off_road,9409,1786469726.431970,0.0
reward/off_road,9419,1786469727.252497,0.0
reward/off_road,9429,1786469728.084092,0.0
reward/off_road,9439,1786469728.917464,0.0
reward/off_road,9449,1786469729.755456,0.0
reward/off_road,9459,1786469730.596574,0.0
reward/off_road,9469,1786469731.441824,0.0
reward/off_road,9479,1786469732.286925,0.0
reward/off_road,9489,1786469733.131474,0.0
reward/off_road,9499,1786469733.973982,0.0
reward/off_road,9509,1786469734.815574,0.0
reward/off_road,9519,1786469735.646444,0.0
reward/off_road,9529,1786469736.471822,0.0
reward/off_road,9539,1786469737.295254,0.0
reward/off_road,9549,1786469738.112514,0.0
reward/off_road,9559,1786469738.921990,0.0
reward/off_road,9569,1786469739.740862,0.0
reward/off_road,9579,1786469740.554816,0.0
reward/off_road,9589,1786469741.371308,0.0
reward/off_road,9599,1786469742.187285,0.0
reward/off_road,9609,1786469743.001562,0.0
reward/off_road,9619,1786469743.806315,0.0
reward/off_road,9629,1786469744.613409,0.0
reward/off_road,9639,1786469745.421973,0.0
reward/off_road,9649,1786469746.221059,0.0
reward/off_road,9659,1786469747.019959,0.0
reward/off_road,9669,1786469747.826043,0.0
reward/off_road,9679,1786469748.623380,0.0
reward/off_road,9689,1786469749.427009,0.0
reward/off_road,9699,1786469750.232096,0.0
reward/off_road,9709,1786469751.033609,0.0
reward/off_road,9719,1786469756.251315,0.0
reward/off_road,9729,1786469757.045033,0.0
reward/off_road,9739,1786469757.837996,0.0
reward/off_road,9749,1786469758.630192,0.0
reward/off_road,9759,1786469759.427999,0.0
reward/off_road,9769,1786469760.224035,0.0
reward/off_road,9779,1786469761.014316,0.0
reward/off_road,9789,1786469761.811727,0.0
reward/off_road,9799,1786469762.616325,0.0
reward/off_road,9809,1786469763.410105,0.0
reward/off_road,9819,1786469764.211370,0.0
reward/off_road,9829,1786469765.010647,0.0
reward/off_road,9839,1786469765.810046,0.0
reward/off_road,9849,1786469766.608943,0.0
reward/off_road,9859,1786469767.412094,0.0
reward/off_road,9869,1786469768.220012,0.0
reward/off_road,9879,1786469769.027412,0.0
reward/off_road,9889,1786469769.841537,0.0
reward/off_road,9899,1786469770.641485,0.0
reward/off_road,9909,1786469771.434933,0.0
reward/off_road,9919,1786469772.232472,0.0
reward/off_road,9929,1786469773.026706,0.0
reward/off_road,9939,1786469773.830890,0.0
reward/off_road,9949,1786469774.640958,0.0
reward/off_road,9959,1786469775.453941,0.0
reward/off_road,9969,1786469776.277893,0.0
reward/off_road,9979,1786469777.093114,0.0
reward/off_road,9989,1786469777.898900,0.0
reward/off_road,10000,1786469778.784953,0.0
reward/speed_tracking,1,1786468842.728843,1.4000002145767212
reward/speed_tracking,11,1786468843.404583,0.0029297624714672565
reward/speed_tracking,21,1786468844.211521,1.3437887901091017e-05
reward/speed_tracking,31,1786468845.018338,1.3710823623114266e-05
reward/speed_tracking,41,1786468845.830229,0.40476173162460327
reward/speed_tracking,51,1786468846.638635,0.2009926289319992
reward/speed_tracking,61,1786468847.449061,0.00020431513257790357
reward/speed_tracking,71,1786468848.260380,0.18175183236598969
reward/speed_tracking,81,1786468849.073038,6.569207471329719e-05
reward/speed_tracking,91,1786468849.893031,3.68276123481337e-05
reward/speed_tracking,101,1786468850.710059,4.005049413535744e-05
reward/speed_tracking,111,1786468851.526412,2.530680467316415e-05
reward/speed_tracking,121,1786468852.341123,0.06473637372255325
reward/speed_tracking,131,1786468853.176215,3.322709380881861e-05
reward/speed_tracking,141,1786468854.030834,0.05904349312186241
reward/speed_tracking,151,1786468854.890092,4.9179350753547624e-05
reward/speed_tracking,161,1786468855.731856,1.2418808182701468e-05
reward/speed_tracking,171,1786468856.557913,0.031663261353969574
reward/speed_tracking,181,1786468857.386060,4.898908082395792e-05
reward/speed_tracking,191,1786468858.210251,5.5689411965431646e-05
reward/speed_tracking,201,1786468859.035347,0.06474994868040085
reward/speed_tracking,211,1786468859.861078,3.7620473449351266e-05
reward/speed_tracking,221,1786468860.679106,2.3617729311808944e-05
reward/speed_tracking,231,1786468861.500981,1.9338678612257354e-05
reward/speed_tracking,241,1786468862.323610,3.4426062484271824e-05
reward/speed_tracking,251,1786468863.141278,1.7912740077008493e-05
reward/speed_tracking,261,1786468863.956723,5.144570877746446e-06
reward/speed_tracking,271,1786468864.773015,0.1560717225074768
reward/speed_tracking,281,1786468865.594083,9.696886263554916e-05
reward/speed_tracking,291,1786468866.417071,0.008295797742903233
reward/speed_tracking,301,1786468867.230420,0.00015718652866780758
reward/speed_tracking,311,1786468868.049429,0.008480190299451351
reward/speed_tracking,321,1786468868.867009,0.08496358245611191
reward/speed_tracking,331,1786468869.686363,5.2074949053348973e-05
reward/speed_tracking,341,1786468870.501058,2.3294391212402843e-05
reward/speed_tracking,351,1786468871.318388,0.06020272523164749
reward/speed_tracking,361,1786468872.137786,0.05856156349182129
reward/speed_tracking,371,1786468872.954597,2.5360033760080114e-05
reward/speed_tracking,381,1786468873.772617,0.0629267692565918
reward/speed_tracking,391,1786468874.591548,6.873890015413053e-06
reward/speed_tracking,401,1786468875.405876,4.526451903075213e-06
reward/speed_tracking,411,1786468876.222559,0.5075103640556335
reward/speed_tracking,421,1786468877.037772,0.0680159404873848
reward/speed_tracking,431,1786468877.846972,2.7515639885677956e-05
reward/speed_tracking,441,1786468878.654810,8.489593710692134e-06
reward/speed_tracking,451,1786468879.458151,0.06541754305362701
reward/speed_tracking,461,1786468880.254982,0.061488524079322815
reward/speed_tracking,471,1786468881.050055,1.2957817489223089e-05
reward/speed_tracking,481,1786468881.845987,0.056380756199359894
reward/speed_tracking,491,1786468882.638986,0.001415136968716979
reward/speed_tracking,501,1786468887.891402,1.4000002145767212
reward/speed_tracking,511,1786468888.618765,0.0006731237517669797
reward/speed_tracking,521,1786468889.419720,5.667616733262548e-06
reward/speed_tracking,531,1786468890.227287,0.06556843966245651
reward/speed_tracking,541,1786468891.023757,9.017773845698684e-05
reward/speed_tracking,551,1786468891.812307,0.5267754793167114
reward/speed_tracking,561,1786468892.601877,2.3795711994171143
reward/speed_tracking,571,1786468893.391016,2.7389068603515625
reward/speed_tracking,581,1786468894.183751,2.352710485458374
reward/speed_tracking,591,1786468894.974889,1.6480482816696167
reward/speed_tracking,601,1786468895.769783,0.31650510430336
reward/speed_tracking,611,1786468896.567959,0.38975659012794495
reward/speed_tracking,621,1786468897.360132,0.006097289267927408
reward/speed_tracking,631,1786468898.161012,6.533618375215156e-07
reward/speed_tracking,641,1786468898.951952,0.25494781136512756
reward/speed_tracking,651,1786468899.742805,0.0981840193271637
reward/speed_tracking,661,1786468900.536861,0.13125568628311157
reward/speed_tracking,671,1786468901.331498,1.7818100452423096
reward/speed_tracking,681,1786468906.557400,0.0016125269467011094
reward/speed_tracking,691,1786468907.340492,2.970144578284817e-06
reward/speed_tracking,701,1786468908.131566,1.8647195100784302
reward/speed_tracking,711,1786468908.919433,1.6974118947982788
reward/speed_tracking,721,1786468909.735804,0.26914578676223755
reward/speed_tracking,731,1786468910.533493,0.12015844881534576
reward/speed_tracking,741,1786468911.341482,4.505927336140303e-06
reward/speed_tracking,751,1786468912.155800,0.0004010701668448746
reward/speed_tracking,761,1786468912.961828,1.242008090019226
reward/speed_tracking,771,1786468913.771317,0.010119665414094925
reward/speed_tracking,781,1786468914.581181,0.546303391456604
reward/speed_tracking,791,1786468915.386122,0.5714384317398071
reward/speed_tracking,801,1786468916.199136,1.4968085451982915e-05
reward/speed_tracking,811,1786468916.998871,1.5532915540461545e-06
reward/speed_tracking,821,1786468917.806722,4.639224789571017e-05
reward/speed_tracking,831,1786468918.617646,0.0001124884802266024
reward/speed_tracking,841,1786468919.424121,0.06330662220716476
reward/speed_tracking,851,1786468920.232713,0.05646836385130882
reward/speed_tracking,861,1786468921.045086,0.06501802057027817
reward/speed_tracking,871,1786468921.857339,0.0638681948184967
reward/speed_tracking,881,1786468922.664841,1.7837762832641602
reward/speed_tracking,891,1786468923.489413,3.607534408569336
reward/speed_tracking,901,1786468924.288408,2.2301230430603027
reward/speed_tracking,911,1786468925.099924,2.269582986831665
reward/speed_tracking,921,1786468925.910873,2.3803927898406982
reward/speed_tracking,931,1786468931.142567,0.001612118212506175
reward/speed_tracking,941,1786468931.933627,3.365338898220216e-06
reward/speed_tracking,951,1786468932.717193,0.49706611037254333
reward/speed_tracking,961,1786468933.507283,2.326072717551142e-06
reward/speed_tracking,971,1786468934.308575,0.704924464225769
reward/speed_tracking,981,1786468935.109636,0.06507550925016403
reward/speed_tracking,991,1786468935.912037,0.6038350462913513
reward/speed_tracking,1001,1786468936.713431,1.519134759902954
reward/speed_tracking,1011,1786468937.516737,0.5930842757225037
reward/speed_tracking,1021,1786468938.327526,0.0003590842243283987
reward/speed_tracking,1031,1786468939.121774,0.054406993091106415
reward/speed_tracking,1041,1786468939.919909,0.00011415388871682808
reward/speed_tracking,1051,1786468940.717103,1.2277645282665617e-06
reward/speed_tracking,1061,1786468941.519248,2.2502985302708112e-05
reward/speed_tracking,1071,1786468942.322604,1.2374008520055213e-06
reward/speed_tracking,1081,1786468943.122406,8.893829544831533e-06
reward/speed_tracking,1091,1786468943.920977,0.5560886859893799
reward/speed_tracking,1101,1786468944.723475,0.9057535529136658
reward/speed_tracking,1112,1786468945.603429,0.06534748524427414
reward/speed_tracking,1122,1786468946.401632,0.550764262676239
reward/speed_tracking,1132,1786468947.205810,0.258076012134552
reward/speed_tracking,1142,1786468948.000911,1.58595521497773e-05
reward/speed_tracking,1152,1786468948.797949,0.32134756445884705
reward/speed_tracking,1162,1786468949.595053,2.3083560466766357
reward/speed_tracking,1172,1786468954.811365,0.1468580663204193
reward/speed_tracking,1182,1786468955.642468,2.253065347671509
reward/speed_tracking,1192,1786468956.474987,2.8802225589752197
reward/speed_tracking,1202,1786468957.316200,2.350928783416748
reward/speed_tracking,1212,1786468958.154729,3.324045181274414
reward/speed_tracking,1222,1786468963.573234,0.015591579489409924
reward/speed_tracking,1232,1786468964.366327,2.947983741760254
reward/speed_tracking,1242,1786468965.157929,3.2052738666534424
reward/speed_tracking,1252,1786468965.941779,1.4143668413162231
reward/speed_tracking,1262,1786468966.718912,3.224834680557251
reward/speed_tracking,1272,1786468967.499178,2.4262590408325195
reward/speed_tracking,1282,1786468972.714728,1.4000002145767212
reward/speed_tracking,1292,1786468973.440904,0.00030264852102845907
reward/speed_tracking,1302,1786468974.266400,0.4082295000553131
reward/speed_tracking,1312,1786468975.059244,0.00011238623119425029
reward/speed_tracking,1322,1786468975.865708,0.05715421214699745
reward/speed_tracking,1332,1786468976.678449,1.2005803000647575e-06
reward/speed_tracking,1342,1786468977.493901,6.845891221018974e-06
reward/speed_tracking,1352,1786468978.317989,1.7794862287701108e-05
reward/speed_tracking,1362,1786468979.202821,1.7058123350143433
reward/speed_tracking,1372,1786468980.175156,2.460672616958618
reward/speed_tracking,1382,1786468981.286523,3.117643117904663
reward/speed_tracking,1392,1786468982.495230,1.624822735786438
reward/speed_tracking,1402,1786468983.460364,1.8630818128585815
reward/speed_tracking,1412,1786468984.435084,1.7152234315872192
reward/speed_tracking,1422,1786468985.384013,1.9424971342086792
reward/speed_tracking,1432,1786468986.382436,2.575164794921875
reward/speed_tracking,1442,1786468987.218886,1.9254282712936401
reward/speed_tracking,1452,1786468988.057403,0.354934960603714
reward/speed_tracking,1462,1786468988.897371,0.0630335733294487
reward/speed_tracking,1472,1786468989.854362,4.693853770731948e-05
reward/speed_tracking,1482,1786468990.734849,0.00010725835454650223
reward/speed_tracking,1492,1786468991.580291,9.026756015373394e-05
reward/speed_tracking,1502,1786468992.419298,5.760613566963002e-05
reward/speed_tracking,1512,1786468993.248852,0.17550623416900635
reward/speed_tracking,1522,1786468994.111283,0.00012652472651097924
reward/speed_tracking,1532,1786468994.976981,0.19570955634117126
reward/speed_tracking,1542,1786468995.856445,0.8615574836730957
reward/speed_tracking,1552,1786468996.740149,0.00011316850577713922
reward/speed_tracking,1562,1786468997.601385,0.012969913892447948
reward/speed_tracking,1572,1786468998.458627,0.06797132641077042
reward/speed_tracking,1582,1786468999.426288,8.820235962048173e-05
reward/speed_tracking,1592,1786469000.431288,6.181775825098157e-05
reward/speed_tracking,1602,1786469001.330242,0.05643521621823311
reward/speed_tracking,1612,1786469002.181085,0.10198764503002167
reward/speed_tracking,1622,1786469003.134087,7.770655065542087e-05
reward/speed_tracking,1632,1786469004.076078,0.00692696264013648
reward/speed_tracking,1642,1786469005.411236,1.8056997060775757
reward/speed_tracking,1652,1786469006.457717,2.6792643070220947
reward/speed_tracking,1662,1786469007.292205,3.0957300662994385
reward/speed_tracking,1672,1786469008.128214,1.6860259771347046
reward/speed_tracking,1682,1786469008.967736,0.0007130014128051698
reward/speed_tracking,1692,1786469009.798374,0.000123407065984793
reward/speed_tracking,1702,1786469010.805569,0.3952800929546356
reward/speed_tracking,1712,1786469011.706431,0.05133136734366417
reward/speed_tracking,1722,1786469012.651144,0.0004230750782880932
reward/speed_tracking,1732,1786469013.557644,0.16696545481681824
reward/speed_tracking,1742,1786469014.400029,0.00044450248242355883
reward/speed_tracking,1752,1786469015.238308,0.0001486704859416932
reward/speed_tracking,1762,1786469016.366324,0.058162398636341095
reward/speed_tracking,1772,1786469017.316395,0.4746961295604706
reward/speed_tracking,1782,1786469022.940034,1.4000002145767212
reward/speed_tracking,1792,1786469023.652339,0.0007331115775741637
reward/speed_tracking,1802,1786469024.438497,1.6279422044754028
reward/speed_tracking,1812,1786469025.224982,1.4495885372161865
reward/speed_tracking,1822,1786469026.608366,2.186673641204834
reward/speed_tracking,1832,1786469033.617755,0.015591020695865154
reward/speed_tracking,1842,1786469034.442187,2.5449493477935903e-05
reward/speed_tracking,1852,1786469035.254914,9.741112307892763e-07
reward/speed_tracking,1862,1786469036.087052,2.836336761902203e-06
reward/speed_tracking,1872,1786469036.935627,0.06384588032960892
reward/speed_tracking,1882,1786469037.754364,0.5459273457527161
reward/speed_tracking,1892,1786469038.562178,2.010103702545166
reward/speed_tracking,1902,1786469039.376435,0.6620657444000244
reward/speed_tracking,1912,1786469040.198732,3.190961797372438e-05
reward/speed_tracking,1922,1786469041.020885,0.0005809321883134544
reward/speed_tracking,1932,1786469041.848504,0.013173998333513737
reward/speed_tracking,1942,1786469042.659555,0.0012119575403630733
reward/speed_tracking,1952,1786469043.463795,1.855544905993156e-05
reward/speed_tracking,1962,1786469044.259086,0.015338942408561707
reward/speed_tracking,1972,1786469045.054493,0.06118153780698776
reward/speed_tracking,1982,1786469045.866659,0.3266916871070862
reward/speed_tracking,1992,1786469046.682445,1.0608279808366206e-05
reward/speed_tracking,2002,1786469047.724271,0.3019655644893646
reward/speed_tracking,2012,1786469048.444052,3.2741952509240946e-06
reward/speed_tracking,2022,1786469049.274298,0.009545844048261642
reward/speed_tracking,2032,1786469054.645251,0.05294576287269592
reward/speed_tracking,2042,1786469055.456761,0.26725971698760986
reward/speed_tracking,2052,1786469056.280714,0.10963939130306244
reward/speed_tracking,2062,1786469057.098951,0.5796209573745728
reward/speed_tracking,2072,1786469057.922260,6.413731898646802e-05
reward/speed_tracking,2082,1786469058.740450,0.08574274927377701
reward/speed_tracking,2092,1786469059.569249,0.09395000338554382
reward/speed_tracking,2102,1786469060.401777,0.17525756359100342
reward/speed_tracking,2112,1786469061.241589,0.04237906634807587
reward/speed_tracking,2122,1786469062.082922,0.8386804461479187
reward/speed_tracking,2132,1786469062.918314,0.3219750225543976
reward/speed_tracking,2142,1786469063.757657,3.986951196566224e-05
reward/speed_tracking,2152,1786469064.597869,0.06353618204593658
reward/speed_tracking,2162,1786469065.440464,0.014752522110939026
reward/speed_tracking,2172,1786469066.271343,3.3894579246407375e-05
reward/speed_tracking,2182,1786469067.095648,5.3100146033102646e-05
reward/speed_tracking,2192,1786469067.922577,0.6450328826904297
reward/speed_tracking,2202,1786469068.745697,0.126803457736969
reward/speed_tracking,2212,1786469069.570975,1.6402555704116821
reward/speed_tracking,2223,1786469070.472052,0.0679796114563942
reward/speed_tracking,2233,1786469071.284388,0.06305883079767227
reward/speed_tracking,2243,1786469072.101992,2.1451945940498263e-05
reward/speed_tracking,2253,1786469072.913023,0.06581616401672363
reward/speed_tracking,2263,1786469073.720211,4.919259299640544e-05
reward/speed_tracking,2273,1786469074.527606,0.006430794484913349
reward/speed_tracking,2283,1786469075.332479,0.00020627063349820673
reward/speed_tracking,2293,1786469076.138522,3.864208338200115e-05
reward/speed_tracking,2303,1786469076.948133,8.31664219731465e-05
reward/speed_tracking,2313,1786469077.782586,8.68268107296899e-05
reward/speed_tracking,2323,1786469078.612375,0.4253755807876587
reward/speed_tracking,2333,1786469079.439233,1.3752609447692521e-05
reward/speed_tracking,2343,1786469080.267573,0.06118366867303848
reward/speed_tracking,2353,1786469081.095351,0.00021886598551645875
reward/speed_tracking,2363,1786469081.931232,0.020975643768906593
reward/speed_tracking,2373,1786469082.755695,3.0511435397784226e-05
reward/speed_tracking,2383,1786469083.590720,3.3155196433654055e-05
reward/speed_tracking,2393,1786469084.404138,1.1477816769911442e-05
reward/speed_tracking,2403,1786469085.229432,0.0003386161115486175
reward/speed_tracking,2413,1786469086.045361,0.1382291465997696
reward/speed_tracking,2423,1786469086.856308,0.00022295907547231764
reward/speed_tracking,2433,1786469087.669651,0.06286013126373291
reward/speed_tracking,2443,1786469088.483292,1.746333623486862e-06
reward/speed_tracking,2453,1786469089.296603,0.04915284737944603
reward/speed_tracking,2463,1786469094.583657,0.096542589366436
reward/speed_tracking,2473,1786469095.361828,5.3542004025075585e-05
reward/speed_tracking,2483,1786469096.147751,6.304729140538257e-06
reward/speed_tracking,2493,1786469096.924813,5.047304512117989e-07
reward/speed_tracking,2503,1786469097.710577,0.007242076098918915
reward/speed_tracking,2513,1786469098.492442,1.3968722669233102e-05
reward/speed_tracking,2523,1786469099.273504,4.003890808235155e-06
reward/speed_tracking,2533,1786469100.060013,3.719795495271683e-05
reward/speed_tracking,2543,1786469100.846588,3.7482739116967423e-06
reward/speed_tracking,2553,1786469101.632209,3.0225237424019724e-08
reward/speed_tracking,2563,1786469102.413772,0.0980667769908905
reward/speed_tracking,2573,1786469103.200015,0.06453238427639008
reward/speed_tracking,2583,1786469103.985606,0.012761574238538742
reward/speed_tracking,2593,1786469104.772975,0.10355422645807266
reward/speed_tracking,2603,1786469105.560223,1.0843791642400902e-06
reward/speed_tracking,2613,1786469106.357114,0.19814284145832062
reward/speed_tracking,2623,1786469107.174428,0.8433558940887451
reward/speed_tracking,2633,1786469107.994252,3.9473111428378616e-06
reward/speed_tracking,2643,1786469108.809148,1.413222207702347e-06
reward/speed_tracking,2653,1786469109.619117,0.6298643946647644
reward/speed_tracking,2663,1786469110.437227,0.0017102957936003804
reward/speed_tracking,2673,1786469111.262014,9.136143489740789e-06
reward/speed_tracking,2683,1786469112.073099,0.009957538917660713
reward/speed_tracking,2693,1786469112.888530,0.06031891703605652
reward/speed_tracking,2703,1786469113.703889,5.0990653107874095e-05
reward/speed_tracking,2713,1786469114.516376,0.0614820271730423
reward/speed_tracking,2723,1786469115.326938,3.8189096812857315e-05
reward/speed_tracking,2733,1786469116.133309,3.943970114050899e-06
reward/speed_tracking,2743,1786469116.939278,3.1923482879392395e-07
reward/speed_tracking,2753,1786469117.760142,2.840776289758651e-07
reward/speed_tracking,2763,1786469118.564467,3.76585808226082e-06
reward/speed_tracking,2773,1786469119.369009,2.252558715554187e-06
reward/speed_tracking,2783,1786469120.175778,0.04158295318484306
reward/speed_tracking,2793,1786469120.984963,0.1406828910112381
reward/speed_tracking,2803,1786469121.794384,1.1082026958465576
reward/speed_tracking,2813,1786469122.605301,2.6582027203403413e-05
reward/speed_tracking,2823,1786469123.413470,2.064085492747836e-06
reward/speed_tracking,2833,1786469124.223507,0.016417548060417175
reward/speed_tracking,2843,1786469125.035819,0.0130988247692585
reward/speed_tracking,2853,1786469125.854416,4.9654630856821314e-05
reward/speed_tracking,2863,1786469126.671788,3.096947693848051e-07
reward/speed_tracking,2873,1786469127.508810,1.7287051150560728e-06
reward/speed_tracking,2883,1786469128.311892,1.0832653060788289e-05
reward/speed_tracking,2893,1786469129.138978,0.0001536118652438745
reward/speed_tracking,2903,1786469129.961292,1.5035708202049136e-05
reward/speed_tracking,2913,1786469130.781929,0.8012413382530212
reward/speed_tracking,2923,1786469131.604358,1.983429683605209e-06
reward/speed_tracking,2933,1786469132.422858,0.062838114798069
reward/speed_tracking,2943,1786469133.249092,0.047944214195013046
reward/speed_tracking,2953,1786469134.064659,0.19545559585094452
reward/speed_tracking,2963,1786469139.276120,0.030247749760746956
reward/speed_tracking,2973,1786469140.070172,2.2662301063537598
reward/speed_tracking,2983,1786469140.863136,0.0001574066118337214
reward/speed_tracking,2993,1786469141.660783,0.04126221686601639
reward/speed_tracking,3003,1786469142.461175,0.11798357218503952
reward/speed_tracking,3013,1786469143.256746,6.521013801830122e-06
reward/speed_tracking,3023,1786469144.066125,0.23324932157993317
reward/speed_tracking,3033,1786469144.869413,0.06669186800718307
reward/speed_tracking,3043,1786469145.676386,4.941353836329654e-05
reward/speed_tracking,3053,1786469146.484262,0.16785478591918945
reward/speed_tracking,3063,1786469147.289222,0.027652153745293617
reward/speed_tracking,3073,1786469148.100721,1.1784728485508822e-05
reward/speed_tracking,3083,1786469148.899744,1.6755279830249492e-06
reward/speed_tracking,3093,1786469149.710033,9.664164281275589e-06
reward/speed_tracking,3103,1786469150.513304,2.6818136120709823e-06
reward/speed_tracking,3113,1786469151.313272,7.284791990969097e-06
reward/speed_tracking,3123,1786469152.122359,1.1444693803787231
reward/speed_tracking,3133,1786469152.935188,1.5519319276791066e-05
reward/speed_tracking,3143,1786469153.752515,0.18498404324054718
reward/speed_tracking,3153,1786469154.560046,0.27264949679374695
reward/speed_tracking,3163,1786469155.372715,0.13277453184127808
reward/speed_tracking,3173,1786469156.188558,2.149581086996477e-05
reward/speed_tracking,3183,1786469156.995172,0.0678584948182106
reward/speed_tracking,3193,1786469157.801769,4.228610487189144e-05
reward/speed_tracking,3203,1786469158.606293,4.02128853238537e-06
reward/speed_tracking,3213,1786469159.410079,0.053261466324329376
reward/speed_tracking,3223,1786469160.208789,0.006953056901693344
reward/speed_tracking,3233,1786469161.011143,2.3729820251464844
reward/speed_tracking,3243,1786469161.817805,2.88874888420105
reward/speed_tracking,3253,1786469162.623467,2.855756998062134
reward/speed_tracking,3263,1786469167.803227,0.03024480678141117
reward/speed_tracking,3273,1786469168.593109,3.639630085672252e-05
reward/speed_tracking,3283,1786469169.390767,9.002314413919521e-07
reward/speed_tracking,3293,1786469170.174041,2.7249877021517932e-08
reward/speed_tracking,3303,1786469170.960882,5.040851078774722e-07
reward/speed_tracking,3313,1786469171.747721,1.1171615597049822e-06
reward/speed_tracking,3323,1786469172.526357,5.4496133827797166e-08
reward/speed_tracking,3334,1786469173.379833,1.3624027417336038e-07
reward/speed_tracking,3344,1786469174.155644,4.0875352880220817e-08
reward/speed_tracking,3354,1786469174.931181,1.0899408664499788e-07
reward/speed_tracking,3364,1786469175.710043,1.9073540613590012e-07
reward/speed_tracking,3374,1786469176.485605,6.812300767933266e-08
reward/speed_tracking,3384,1786469177.268040,1.2261742199370929e-07
reward/speed_tracking,3394,1786469178.046510,2.726836179078873e-08
reward/speed_tracking,3404,1786469178.829441,6.812256003740913e-08
reward/speed_tracking,3414,1786469179.622949,1.7711207078718871e-07
reward/speed_tracking,3424,1786469180.411690,6.812331321270904e-08
reward/speed_tracking,3434,1786469181.207529,1.2262006521268631e-07
reward/speed_tracking,3444,1786469182.008891,1.9074003887453728e-07
reward/speed_tracking,3454,1786469182.815878,6.812503272612958e-08
reward/speed_tracking,3464,1786469183.622971,1.6348856490822072e-07
reward/speed_tracking,3474,1786469184.428197,1.3691877853716505e-08
reward/speed_tracking,3484,1786469185.235885,7.494369924643252e-08
reward/speed_tracking,3494,1786469186.046465,1.2261558879345102e-07
reward/speed_tracking,3504,1786469186.848210,4.0890785868441526e-08
reward/speed_tracking,3514,1786469187.653195,1.3624284633806383e-07
reward/speed_tracking,3524,1786469188.455145,1.3636204165834442e-08
reward/speed_tracking,3534,1786469189.256792,1.2261979520644672e-07
reward/speed_tracking,3544,1786469190.070645,1.0466887943039183e-06
reward/speed_tracking,3554,1786469190.863934,1.6694704072506283e-06
reward/speed_tracking,3564,1786469191.674192,4.296171596251952e-07
reward/speed_tracking,3574,1786469192.467017,9.489407943874539e-07
reward/speed_tracking,3584,1786469193.270247,3.6404884440344176e-07
reward/speed_tracking,3594,1786469194.076549,4.371923978396808e-07
reward/speed_tracking,3604,1786469194.879688,0.055260226130485535
reward/speed_tracking,3614,1786469195.679209,3.264376346123754e-06
reward/speed_tracking,3624,1786469196.477568,8.884006206244521e-07
reward/speed_tracking,3634,1786469197.278324,6.8135665998170225e-09
reward/speed_tracking,3644,1786469198.075873,1.226188430791808e-07
reward/speed_tracking,3654,1786469198.873278,1.4793985201322357e-06
reward/speed_tracking,3664,1786469199.671701,2.4133807983162114e-06
reward/speed_tracking,3674,1786469200.465359,3.3226942264263926e-07
reward/speed_tracking,3684,1786469201.262267,1.3487160686054267e-06
reward/speed_tracking,3694,1786469202.064343,4.4621702954827924e-07
reward/speed_tracking,3704,1786469202.853505,6.963320515751548e-07
reward/speed_tracking,3714,1786469203.649719,1.6849650137373828e-06
reward/speed_tracking,3724,1786469204.430854,1.3507543599189376e-06
reward/speed_tracking,3734,1786469205.220252,0.06509722024202347
reward/speed_tracking,3744,1786469206.009009,9.331789442512672e-06
reward/speed_tracking,3754,1786469206.795479,1.1685552863127668e-06
reward/speed_tracking,3764,1786469211.967729,0.015199119225144386
reward/speed_tracking,3774,1786469212.776641,3.211683360859752e-05
reward/speed_tracking,3784,1786469213.584941,6.481636955868453e-05
reward/speed_tracking,3794,1786469214.400317,6.048771319910884e-05
reward/speed_tracking,3804,1786469215.193041,0.4188264310359955
reward/speed_tracking,3814,1786469215.998015,0.00013365555787459016
reward/speed_tracking,3824,1786469216.802423,9.424176141692442e-07
reward/speed_tracking,3834,1786469217.619025,0.02096022292971611
reward/speed_tracking,3844,1786469218.433381,1.8986983150171e-06
reward/speed_tracking,3854,1786469219.244577,2.0299960397096584e-06
reward/speed_tracking,3864,1786469220.061053,2.384361778240418e-06
reward/speed_tracking,3874,1786469220.873199,1.7031831021085964e-06
reward/speed_tracking,3884,1786469221.691595,1.6484959814988542e-06
reward/speed_tracking,3894,1786469222.513687,1.6835524547786918e-06
reward/speed_tracking,3904,1786469223.338355,1.7284320392718655e-06
reward/speed_tracking,3914,1786469224.164533,9.809934908844298e-07
reward/speed_tracking,3924,1786469224.988426,6.335299076454248e-07
reward/speed_tracking,3934,1786469225.816148,1.8394099754459603e-07
reward/speed_tracking,3944,1786469226.645108,3.6231159583621775e-07
reward/speed_tracking,3954,1786469227.474224,6.131370611228704e-08
reward/speed_tracking,3964,1786469228.301686,3.6787039903174445e-07
reward/speed_tracking,3974,1786469229.132304,5.24523841249902e-07
reward/speed_tracking,3984,1786469229.958164,8.196509071467517e-08
reward/speed_tracking,3994,1786469230.783132,3.610401506648486e-07
reward/speed_tracking,4004,1786469231.767721,1.3638273621552344e-08
reward/speed_tracking,4014,1786469232.581172,2.792923794459057e-07
reward/speed_tracking,4024,1786469233.394654,6.539557375617733e-07
reward/speed_tracking,4034,1786469234.211396,1.771149555906959e-07
reward/speed_tracking,4044,1786469235.025874,3.1337509653894813e-07
reward/speed_tracking,4054,1786469235.842984,5.245603347248107e-07
reward/speed_tracking,4064,1786469236.650789,5.18786521297443e-07
reward/speed_tracking,4074,1786469237.465128,5.381461392062192e-07
reward/speed_tracking,4084,1786469238.275506,3.406396231753206e-08
reward/speed_tracking,4094,1786469239.080732,2.588612915133126e-07
reward/speed_tracking,4104,1786469239.896274,8.044609103308176e-07
reward/speed_tracking,4114,1786469240.714893,7.357420486187038e-07
reward/speed_tracking,4124,1786469241.526842,3.542281206136977e-07
reward/speed_tracking,4134,1786469242.333352,5.727554253098788e-07
reward/speed_tracking,4144,1786469243.141002,5.59585032533505e-07
reward/speed_tracking,4154,1786469243.948160,6.136493198027893e-07
reward/speed_tracking,4164,1786469244.752435,1.2262059101431078e-07
reward/speed_tracking,4174,1786469245.560971,4.1553238361302647e-07
reward/speed_tracking,4184,1786469246.365827,4.779054165737762e-07
reward/speed_tracking,4194,1786469247.161240,4.371813986381312e-07
reward/speed_tracking,4204,1786469247.956176,6.956411766623205e-07
reward/speed_tracking,4214,1786469248.746973,6.822877818279949e-09
reward/speed_tracking,4224,1786469249.543813,2.6566834776531323e-07
reward/speed_tracking,4234,1786469250.333351,5.858302074557287e-07
reward/speed_tracking,4244,1786469251.123408,6.880081286908535e-07
reward/speed_tracking,4254,1786469251.918990,6.002909458402428e-07
reward/speed_tracking,4264,1786469257.070735,0.01557458471506834
reward/speed_tracking,4274,1786469257.879370,2.577660961833317e-05
reward/speed_tracking,4284,1786469258.679471,5.822728326165816e-07
reward/speed_tracking,4294,1786469259.483330,1.6504833411090658e-07
reward/speed_tracking,4304,1786469260.282660,1.5299713140848326e-07
reward/speed_tracking,4314,1786469261.071826,4.942140208186174e-07
reward/speed_tracking,4324,1786469261.871561,2.387944562087796e-07
reward/speed_tracking,4334,1786469262.678957,0.014368637464940548
reward/speed_tracking,4344,1786469263.485100,1.8480644712326466e-06
reward/speed_tracking,4354,1786469264.287730,3.4152117223129608e-06
reward/speed_tracking,4364,1786469265.085288,0.012908680364489555
reward/speed_tracking,4374,1786469265.883591,6.734892963322636e-07
reward/speed_tracking,4384,1786469266.676246,6.777416672321124e-08
reward/speed_tracking,4394,1786469267.471334,3.230171898849221e-07
reward/speed_tracking,4404,1786469268.267061,9.004322123473685e-07
reward/speed_tracking,4414,1786469269.059440,1.8514721489282238e-07
reward/speed_tracking,4424,1786469269.856708,0.025760771706700325
reward/speed_tracking,4434,1786469270.665522,7.754931175441016e-06
reward/speed_tracking,4445,1786469271.558055,6.538537036249181e-07
reward/speed_tracking,4455,1786469272.371882,5.177529374122969e-07
reward/speed_tracking,4465,1786469273.193822,1.636867210663695e-07
reward/speed_tracking,4475,1786469274.003929,1.0404374734207522e-05
reward/speed_tracking,4485,1786469274.821903,8.856679869495565e-07
reward/speed_tracking,4495,1786469275.649442,1.3535473044612445e-05
reward/speed_tracking,4505,1786469276.490558,1.4023945595909026e-06
reward/speed_tracking,4515,1786469277.316931,9.994307674787706e-07
reward/speed_tracking,4525,1786469278.142558,9.728453420621008e-08
reward/speed_tracking,4535,1786469278.971433,2.6620466087479144e-05
reward/speed_tracking,4545,1786469279.802489,1.2431637514964677e-06
reward/speed_tracking,4555,1786469280.634859,1.874303876547856e-07
reward/speed_tracking,4565,1786469281.474849,0.0753752812743187
reward/speed_tracking,4575,1786469282.299577,7.430262485286221e-07
reward/speed_tracking,4585,1786469283.128219,7.14988857453136e-07
reward/speed_tracking,4595,1786469283.960751,1.9767169305850985e-06
reward/speed_tracking,4605,1786469284.793116,2.8126137294748332e-06
reward/speed_tracking,4615,1786469285.619300,7.364837415479997e-07
reward/speed_tracking,4625,1786469286.449708,9.218353625328746e-06
reward/speed_tracking,4635,1786469287.270134,6.624841830671357e-07
reward/speed_tracking,4645,1786469288.096206,1.1667806347759324e-06
reward/speed_tracking,4655,1786469288.920787,5.774060127805569e-07
reward/speed_tracking,4665,1786469289.755300,8.748537538849632e-07
reward/speed_tracking,4675,1786469290.580429,8.195801797228341e-07
reward/speed_tracking,4685,1786469291.412460,8.734348739380948e-06
reward/speed_tracking,4695,1786469292.243832,8.045149684221542e-07
reward/speed_tracking,4705,1786469293.078315,3.504461290049221e-07
reward/speed_tracking,4715,1786469293.913099,0.03923453390598297
reward/speed_tracking,4725,1786469294.753584,9.787639783098712e-07
reward/speed_tracking,4735,1786469295.585315,1.1978701763837307e-07
reward/speed_tracking,4745,1786469296.413006,0.00781105225905776
reward/speed_tracking,4755,1786469297.235067,0.16271458566188812
reward/speed_tracking,4765,1786469302.519458,0.007577323820441961
reward/speed_tracking,4775,1786469303.308589,1.5088492546055932e-05
reward/speed_tracking,4785,1786469304.101004,0.5578694939613342
reward/speed_tracking,4795,1786469304.883497,3.700337401824072e-05
reward/speed_tracking,4805,1786469305.675902,0.16145791113376617
reward/speed_tracking,4815,1786469306.454136,0.3037964999675751
reward/speed_tracking,4825,1786469307.240399,4.58943031844683e-05
reward/speed_tracking,4835,1786469308.030392,1.3288358786667231e-06
reward/speed_tracking,4845,1786469308.824347,0.5414911508560181
reward/speed_tracking,4855,1786469309.618276,1.7599533748580143e-05
reward/speed_tracking,4865,1786469310.399627,4.726241968455724e-06
reward/speed_tracking,4875,1786469311.191048,1.3784086760892933e-08
reward/speed_tracking,4885,1786469311.977797,1.100564645639679e-06
reward/speed_tracking,4895,1786469312.764511,0.24437810480594635
reward/speed_tracking,4905,1786469313.563098,1.490340537202428e-06
reward/speed_tracking,4915,1786469314.361984,3.743747129192343e-06
reward/speed_tracking,4925,1786469315.166104,6.905232794451877e-07
reward/speed_tracking,4935,1786469315.981588,0.024624338373541832
reward/speed_tracking,4945,1786469316.792726,1.8129583168047247e-06
reward/speed_tracking,4955,1786469317.602494,2.1473022115969798e-06
reward/speed_tracking,4965,1786469318.410610,8.367986083612777e-06
reward/speed_tracking,4975,1786469319.219268,3.5643199680635007e-07
reward/speed_tracking,4985,1786469320.029100,2.4161950932466425e-05
reward/speed_tracking,4995,1786469320.836390,1.4214223256203695e-06
reward/speed_tracking,5005,1786469321.639400,0.06185619533061981
reward/speed_tracking,5015,1786469322.443892,7.905028382992896e-07
reward/speed_tracking,5025,1786469323.249639,0.06832819432020187
reward/speed_tracking,5035,1786469324.067570,0.053915005177259445
reward/speed_tracking,5045,1786469324.865946,3.7452566630236106e-06
reward/speed_tracking,5055,1786469325.679620,0.15971684455871582
reward/speed_tracking,5065,1786469326.485950,4.466703558136942e-06
reward/speed_tracking,5075,1786469327.294819,1.401734243700048e-05
reward/speed_tracking,5085,1786469328.112347,3.7609470382449217e-07
reward/speed_tracking,5095,1786469328.913177,1.981351829272171e-07
reward/speed_tracking,5105,1786469329.733977,3.1135261906456435e-06
reward/speed_tracking,5115,1786469330.535654,2.488123300281586e-06
reward/speed_tracking,5125,1786469331.346111,0.13144326210021973
reward/speed_tracking,5135,1786469332.160198,2.5568338060111273e-06
reward/speed_tracking,5145,1786469332.968785,1.990751314906447e-07
reward/speed_tracking,5155,1786469333.782525,0.007053055334836245
reward/speed_tracking,5165,1786469334.591769,1.9221870388719253e-06
reward/speed_tracking,5175,1786469335.402595,0.22528985142707825
reward/speed_tracking,5185,1786469336.214306,0.030582355335354805
reward/speed_tracking,5195,1786469337.025415,6.739011269019102e-07
reward/speed_tracking,5205,1786469337.832417,4.776316586685425e-07
reward/speed_tracking,5215,1786469338.640065,1.4154242307995446e-05
reward/speed_tracking,5225,1786469339.445899,0.04931121692061424
reward/speed_tracking,5235,1786469340.255676,0.14196357131004333
reward/speed_tracking,5245,1786469341.056874,1.0822343483596342e-06
reward/speed_tracking,5255,1786469341.867218,2.375249096076004e-06
reward/speed_tracking,5265,1786469347.080449,0.007578938268125057
reward/speed_tracking,5275,1786469347.873114,1.5653882655897178e-05
reward/speed_tracking,5285,1786469348.652939,1.3638093605550239e-06
reward/speed_tracking,5295,1786469349.444631,1.6292577811327646e-06
reward/speed_tracking,5305,1786469350.231100,1.2402448419379652e-06
reward/speed_tracking,5315,1786469351.016806,1.5262795614034985e-06
reward/speed_tracking,5325,1786469351.809221,9.906561899697408e-07
reward/speed_tracking,5335,1786469352.618155,5.382187850955233e-07
reward/speed_tracking,5345,1786469353.428087,9.881607638817513e-07
reward/speed_tracking,5355,1786469354.235245,1.1925731087103486e-06
reward/speed_tracking,5365,1786469355.039052,1.9756746496568667e-06
reward/speed_tracking,5375,1786469355.852627,9.229196393789607e-07
reward/speed_tracking,5385,1786469356.639555,1.0832662837856333e-06
reward/speed_tracking,5395,1786469357.434058,1.6428626850029104e-06
reward/speed_tracking,5405,1786469358.232322,1.1653627325358684e-06
reward/speed_tracking,5415,1786469359.034350,4.5012626515017473e-07
reward/speed_tracking,5425,1786469359.830180,1.6765864074841375e-06
reward/speed_tracking,5435,1786469360.641702,1.1444944902905263e-06
reward/speed_tracking,5445,1786469361.458105,1.5667835668864427e-06
reward/speed_tracking,5455,1786469362.270457,1.104044031308149e-06
reward/speed_tracking,5465,1786469363.077103,1.2878800816906733e-06
reward/speed_tracking,5475,1786469363.884368,1.608363618288422e-06
reward/speed_tracking,5485,1786469364.692028,1.049122829499538e-06
reward/speed_tracking,5495,1786469365.498386,1.3773434375252691e-06
reward/speed_tracking,5505,1786469366.304169,1.0495751894268324e-06
reward/speed_tracking,5515,1786469367.105746,1.2811060514650308e-06
reward/speed_tracking,5525,1786469367.915495,2.030173845923855e-06
reward/speed_tracking,5535,1786469368.716981,1.9891583633580012e-06
reward/speed_tracking,5545,1786469369.520600,5.450183380162343e-07
reward/speed_tracking,5556,1786469370.407415,1.1312481547065545e-06
reward/speed_tracking,5566,1786469371.206928,1.287170370289914e-10
reward/speed_tracking,5576,1786469372.006408,1.6628611092528445e-06
reward/speed_tracking,5586,1786469372.805253,1.0383462267782306e-06
reward/speed_tracking,5596,1786469373.607929,1.4454250276685343e-06
reward/speed_tracking,5606,1786469374.408927,1.0699047834350495e-06
reward/speed_tracking,5616,1786469375.210055,1.2879069117843756e-06
reward/speed_tracking,5626,1786469376.014582,1.8801013084157603e-06
reward/speed_tracking,5636,1786469376.819395,1.6082985894172452e-06
reward/speed_tracking,5646,1786469377.621452,1.3828587270836579e-06
reward/speed_tracking,5656,1786469378.422472,1.0088119779538829e-06
reward/speed_tracking,5666,1786469379.226686,1.2538873761513969e-06
reward/speed_tracking,5676,1786469380.029496,2.0301965832913993e-06
reward/speed_tracking,5686,1786469380.838554,1.2337893622316187e-06
reward/speed_tracking,5696,1786469381.649214,1.226192921421898e-06
reward/speed_tracking,5706,1786469382.450255,1.6768975683589815e-06
reward/speed_tracking,5716,1786469383.254697,1.1721136843334534e-06
reward/speed_tracking,5726,1786469384.048799,1.5940399862302002e-06
reward/speed_tracking,5736,1786469384.847456,9.02280760328722e-07
reward/speed_tracking,5746,1786469385.644868,1.1853585419885349e-06
reward/speed_tracking,5756,1786469386.437269,1.6485281548739295e-06
reward/speed_tracking,5766,1786469391.578397,0.008323696441948414
reward/speed_tracking,5776,1786469392.388328,1.8283782992511988e-05
reward/speed_tracking,5786,1786469393.163847,3.6823826121690217e-06
reward/speed_tracking,5796,1786469393.952592,1.938095238074311e-06
reward/speed_tracking,5806,1786469394.731933,1.001242756843567
reward/speed_tracking,5816,1786469395.523391,0.012541091069579124
reward/speed_tracking,5826,1786469396.308779,0.1471128761768341
reward/speed_tracking,5836,1786469397.096269,0.20528210699558258
reward/speed_tracking,5846,1786469397.884215,1.3489253433363046e-05
reward/speed_tracking,5856,1786469398.671217,0.32819801568984985
reward/speed_tracking,5866,1786469399.459490,8.597465784987435e-05
reward/speed_tracking,5876,1786469400.253228,4.291699951863848e-06
reward/speed_tracking,5886,1786469401.035524,0.17319856584072113
reward/speed_tracking,5896,1786469401.822189,1.8492642641067505
reward/speed_tracking,5906,1786469402.613738,2.754091739654541
reward/speed_tracking,5916,1786469403.416876,2.282559394836426
reward/speed_tracking,5926,1786469408.708314,1.4000002145767212
reward/speed_tracking,5936,1786469409.415357,0.0014963323483243585
reward/speed_tracking,5946,1786469410.207111,0.05845402926206589
reward/speed_tracking,5956,1786469410.998618,0.050403401255607605
reward/speed_tracking,5966,1786469411.787553,2.2738991901860572e-05
reward/speed_tracking,5976,1786469412.572721,0.14233918488025665
reward/speed_tracking,5986,1786469413.361101,7.320338045246899e-05
reward/speed_tracking,5996,1786469414.154068,0.003550344379618764
reward/speed_tracking,6006,1786469415.191697,0.06805236637592316
reward/speed_tracking,6016,1786469415.987790,1.9603629112243652
reward/speed_tracking,6026,1786469416.773175,1.8014596700668335
reward/speed_tracking,6036,1786469417.564673,2.5433719158172607
reward/speed_tracking,6046,1786469422.773308,0.001612540683709085
reward/speed_tracking,6056,1786469423.571060,3.0858216177875875e-06
reward/speed_tracking,6066,1786469424.363667,0.3581724464893341
reward/speed_tracking,6076,1786469425.154639,2.255703293485567e-05
reward/speed_tracking,6086,1786469425.942657,5.2936734391551e-06
reward/speed_tracking,6096,1786469426.730213,3.4436204714438645e-06
reward/speed_tracking,6106,1786469427.527014,0.5936248898506165
reward/speed_tracking,6116,1786469428.327016,0.3894693851470947
reward/speed_tracking,6126,1786469429.132863,0.3115589916706085
reward/speed_tracking,6136,1786469429.936094,0.0004915795871056616
reward/speed_tracking,6146,1786469430.738957,3.553059059413499e-06
reward/speed_tracking,6156,1786469431.545508,0.2524396479129791
reward/speed_tracking,6166,1786469432.352836,0.19600456953048706
reward/speed_tracking,6176,1786469433.149542,1.3403470516204834
reward/speed_tracking,6186,1786469433.943305,0.0038065831176936626
reward/speed_tracking,6196,1786469434.743914,0.21002651751041412
reward/speed_tracking,6206,1786469435.541136,0.011617646552622318
reward/speed_tracking,6216,1786469436.346717,0.07800764590501785
reward/speed_tracking,6226,1786469437.146533,0.3826487362384796
reward/speed_tracking,6236,1786469437.942232,0.0662226751446724
reward/speed_tracking,6246,1786469438.736278,0.04245007783174515
reward/speed_tracking,6256,1786469439.535319,0.7064294219017029
reward/speed_tracking,6266,1786469440.343738,0.05981967970728874
reward/speed_tracking,6276,1786469441.128029,1.1128150617878418e-05
reward/speed_tracking,6286,1786469441.924740,1.4968475103378296
reward/speed_tracking,6296,1786469442.721493,6.82092722854577e-05
reward/speed_tracking,6306,1786469443.517527,1.0097519159317017
reward/speed_tracking,6316,1786469444.326522,1.42208993434906
reward/speed_tracking,6326,1786469445.107059,1.4670192003250122
reward/speed_tracking,6336,1786469445.913601,0.46121907234191895
reward/speed_tracking,6346,1786469446.710975,0.06385006755590439
reward/speed_tracking,6356,1786469447.495328,0.5171787142753601
reward/speed_tracking,6366,1786469448.280481,0.512010395526886
reward/speed_tracking,6376,1786469449.070884,1.0724079608917236
reward/speed_tracking,6386,1786469449.862169,0.00017572782235220075
reward/speed_tracking,6396,1786469450.654883,0.06407482177019119
reward/speed_tracking,6406,1786469451.446732,0.06479927897453308
reward/speed_tracking,6416,1786469452.243742,0.00020385871175676584
reward/speed_tracking,6426,1786469453.032125,1.2142223567934707e-05
reward/speed_tracking,6436,1786469453.825147,0.00214887922629714
reward/speed_tracking,6446,1786469454.615318,0.29877644777297974
reward/speed_tracking,6456,1786469455.413271,3.5534717426344287e-06
reward/speed_tracking,6466,1786469456.206413,0.013267881236970425
reward/speed_tracking,6476,1786469456.998995,8.316635648952797e-05
reward/speed_tracking,6486,1786469457.796253,1.355897068977356
reward/speed_tracking,6496,1786469458.590740,0.00012212431465741247
reward/speed_tracking,6506,1786469459.390103,0.06583011895418167
reward/speed_tracking,6516,1786469460.183161,0.0609872005879879
reward/speed_tracking,6526,1786469460.975534,0.047188665717840195
reward/speed_tracking,6536,1786469461.766290,0.4128527343273163
reward/speed_tracking,6546,1786469466.908722,0.0016126836417242885
reward/speed_tracking,6556,1786469467.697709,3.637672534750891e-06
reward/speed_tracking,6566,1786469468.490120,7.016550398475374e-07
reward/speed_tracking,6576,1786469469.266751,4.733661990030669e-05
reward/speed_tracking,6586,1786469470.064160,2.1280079636198934e-06
reward/speed_tracking,6596,1786469470.840654,1.4441930034081452e-06
reward/speed_tracking,6606,1786469471.627120,7.220004363261978e-07
reward/speed_tracking,6616,1786469472.415194,0.0139797767624259
reward/speed_tracking,6626,1786469473.204525,7.288885512934939e-07
reward/speed_tracking,6636,1786469473.994775,2.6253821488353424e-05
reward/speed_tracking,6646,1786469474.789036,3.526846796830796e-07
reward/speed_tracking,6656,1786469475.586612,7.138456794564263e-07
reward/speed_tracking,6667,1786469476.453022,2.8680804575742513e-07
reward/speed_tracking,6677,1786469477.226869,1.302095938626735e-06
reward/speed_tracking,6687,1786469478.006831,6.675860504401498e-07
reward/speed_tracking,6697,1786469478.776930,1.0275028898831806e-06
reward/speed_tracking,6707,1786469479.557160,0.03453502431511879
reward/speed_tracking,6717,1786469480.348459,2.194832859458984e-06
reward/speed_tracking,6727,1786469481.153719,9.500045962340664e-06
reward/speed_tracking,6737,1786469481.947887,5.461596970235405e-07
reward/speed_tracking,6747,1786469482.762860,1.73617797827319e-06
reward/speed_tracking,6757,1786469483.586962,3.8226286847020674e-07
reward/speed_tracking,6767,1786469484.408383,4.991570676793344e-07
reward/speed_tracking,6777,1786469485.226480,1.2144318883855476e-09
reward/speed_tracking,6787,1786469486.051616,1.8616670161009097e-07
reward/speed_tracking,6797,1786469486.873768,1.7472796116635436e-06
reward/speed_tracking,6807,1786469487.686708,5.928707196289906e-07
reward/speed_tracking,6817,1786469488.508416,4.197747216494463e-07
reward/speed_tracking,6827,1786469489.326529,2.2950183620196185e-07
reward/speed_tracking,6837,1786469490.141159,1.4091698474771874e-08
reward/speed_tracking,6847,1786469490.946016,1.5062430236412183e-07
reward/speed_tracking,6857,1786469491.760144,4.5640450707651326e-07
reward/speed_tracking,6867,1786469492.557968,4.4085007289140776e-07
reward/speed_tracking,6877,1786469493.368469,2.8151933406661556e-07
reward/speed_tracking,6887,1786469494.188720,2.384333583904663e-07
reward/speed_tracking,6897,1786469494.993223,4.700844442595553e-07
reward/speed_tracking,6907,1786469495.797377,3.162893165153946e-07
reward/speed_tracking,6917,1786469496.600414,4.924022505292669e-07
reward/speed_tracking,6927,1786469497.400890,7.098668675098452e-07
reward/speed_tracking,6937,1786469498.202778,3.2485293104400625e-06
reward/speed_tracking,6947,1786469499.028758,0.0035590622574090958
reward/speed_tracking,6957,1786469499.854113,9.273016416955215e-07
reward/speed_tracking,6967,1786469500.666677,0.037114355713129044
reward/speed_tracking,6977,1786469501.473724,4.8173947106988635e-06
reward/speed_tracking,6987,1786469502.288771,8.395045938414114e-07
reward/speed_tracking,6997,1786469503.081460,1.5677558451443474e-07
reward/speed_tracking,7007,1786469503.885379,4.797437327397347e-07
reward/speed_tracking,7017,1786469504.697045,2.077057992266873e-08
reward/speed_tracking,7027,1786469505.511835,2.6567929012344393e-07
reward/speed_tracking,7037,1786469510.740204,1.4000002145767212
reward/speed_tracking,7047,1786469511.473601,0.0003029618819709867
reward/speed_tracking,7057,1786469512.281246,0.05987149849534035
reward/speed_tracking,7067,1786469513.120620,0.055053044110536575
reward/speed_tracking,7077,1786469513.954774,2.4355333607672947e-06
reward/speed_tracking,7087,1786469514.787499,0.543375551700592
reward/speed_tracking,7097,1786469515.589251,0.05690523982048035
reward/speed_tracking,7107,1786469516.409314,1.2457512639230117e-06
reward/speed_tracking,7117,1786469517.251339,0.12736867368221283
reward/speed_tracking,7127,1786469518.086402,2.819338305926067e-06
reward/speed_tracking,7137,1786469518.902927,0.06749871373176575
reward/speed_tracking,7147,1786469519.715286,1.2997101293876767e-05
reward/speed_tracking,7157,1786469520.546363,0.7646854519844055
reward/speed_tracking,7167,1786469521.363040,0.0632297545671463
reward/speed_tracking,7177,1786469522.192398,0.11007791012525558
reward/speed_tracking,7187,1786469523.003372,4.622722372005228e-06
reward/speed_tracking,7197,1786469523.852897,0.00035252392990514636
reward/speed_tracking,7207,1786469524.720400,0.008279278874397278
reward/speed_tracking,7217,1786469525.575649,6.634049327658431e-07
reward/speed_tracking,7227,1786469526.435900,0.06417673826217651
reward/speed_tracking,7237,1786469527.263174,6.161051715025678e-06
reward/speed_tracking,7247,1786469528.123099,0.19858892261981964
reward/speed_tracking,7257,1786469528.940603,1.5694115063524805e-05
reward/speed_tracking,7267,1786469529.791795,1.5801526842551539e-06
reward/speed_tracking,7277,1786469530.589607,2.533436429530411e-07
reward/speed_tracking,7287,1786469531.437963,0.43889549374580383
reward/speed_tracking,7297,1786469532.271982,0.4804701805114746
reward/speed_tracking,7307,1786469533.079255,0.1833927184343338
reward/speed_tracking,7317,1786469533.891524,1.0474828741280362e-05
reward/speed_tracking,7327,1786469534.701073,0.00010281537106493488
reward/speed_tracking,7337,1786469535.511423,3.6948778870282695e-05
reward/speed_tracking,7347,1786469536.337009,0.24415452778339386
reward/speed_tracking,7357,1786469537.189646,0.4873255789279938
reward/speed_tracking,7367,1786469538.037284,0.03693706914782524
reward/speed_tracking,7377,1786469538.862797,2.449476050969679e-05
reward/speed_tracking,7387,1786469539.685804,5.013946520193713e-06
reward/speed_tracking,7397,1786469540.531193,0.039446014910936356
reward/speed_tracking,7407,1786469541.354179,0.29815083742141724
reward/speed_tracking,7417,1786469542.169619,5.7952478528022766e-05
reward/speed_tracking,7427,1786469542.984013,0.024397986009716988
reward/speed_tracking,7437,1786469543.817603,0.204336479306221
reward/speed_tracking,7447,1786469544.653712,4.456200258573517e-05
reward/speed_tracking,7457,1786469545.488310,1.3940179997007363e-05
reward/speed_tracking,7467,1786469546.332511,1.2763730410370044e-06
reward/speed_tracking,7477,1786469547.173837,1.4816913790127728e-05
reward/speed_tracking,7487,1786469548.022535,1.8469060023562633e-06
reward/speed_tracking,7497,1786469548.832232,5.589752731793851e-07
reward/speed_tracking,7507,1786469549.656507,2.8879796900582733e-06
reward/speed_tracking,7517,1786469550.504182,1.2952763199791661e-06
reward/speed_tracking,7527,1786469551.350837,1.0273787438563886e-06
reward/speed_tracking,7537,1786469556.851552,1.4000002145767212
reward/speed_tracking,7547,1786469557.578983,0.0006732122856192291
reward/speed_tracking,7557,1786469558.392996,5.599596534011653e-06
reward/speed_tracking,7567,1786469559.231252,9.264298341804533e-07
reward/speed_tracking,7577,1786469560.044595,2.8610332947209827e-07
reward/speed_tracking,7587,1786469560.851718,7.361497864621924e-07
reward/speed_tracking,7597,1786469561.668518,0.0
reward/speed_tracking,7607,1786469562.471469,4.6321483182509837e-07
reward/speed_tracking,7617,1786469563.284444,8.991808044811478e-07
reward/speed_tracking,7627,1786469564.121761,1.7711153077470954e-07
reward/speed_tracking,7637,1786469564.955996,6.26712733264867e-07
reward/speed_tracking,7647,1786469565.794091,1.0697882544263848e-06
reward/speed_tracking,7657,1786469566.627994,3.542230047060002e-07
reward/speed_tracking,7667,1786469567.437667,7.901876983851253e-07
reward/speed_tracking,7677,1786469568.237016,5.450189632938418e-08
reward/speed_tracking,7687,1786469569.035721,5.040856194682419e-07
reward/speed_tracking,7697,1786469569.839931,9.53677158577193e-07
reward/speed_tracking,7707,1786469570.649768,2.316074301234039e-07
reward/speed_tracking,7717,1786469571.471627,6.812060178162938e-07
reward/speed_tracking,7727,1786469572.288246,1.1171619007654954e-06
reward/speed_tracking,7737,1786469573.111740,4.087177956080268e-07
reward/speed_tracking,7747,1786469573.940612,8.58307032558514e-07
reward/speed_tracking,7757,1786469574.774119,1.2261564563686989e-07
reward/speed_tracking,7767,1786469575.609393,5.585810072261665e-07
reward/speed_tracking,7778,1786469576.527931,1.2261571669114346e-07
reward/speed_tracking,7788,1786469577.356430,2.6092911298292165e-07
reward/speed_tracking,7798,1786469578.200259,7.091772999956447e-07
reward/speed_tracking,7808,1786469579.021993,2.8610321578526055e-07
reward/speed_tracking,7818,1786469579.856585,7.356921969403629e-07
reward/speed_tracking,7828,1786469580.679558,0.0
reward/speed_tracking,7838,1786469581.498563,4.495908854096342e-07
reward/speed_tracking,7848,1786469582.314844,9.128026476901141e-07
reward/speed_tracking,7858,1786469583.134237,1.771114881421454e-07
reward/speed_tracking,7868,1786469583.954972,3.3545157407388615e-07
reward/speed_tracking,7878,1786469584.769408,1.0490477961866418e-06
reward/speed_tracking,7888,1786469585.595219,3.4059857512147573e-07
reward/speed_tracking,7898,1786469586.420561,7.901873573246121e-07
reward/speed_tracking,7908,1786469587.240330,6.811984576415853e-08
reward/speed_tracking,7918,1786469588.059736,5.040856763116608e-07
reward/speed_tracking,7928,1786469588.861477,9.53675908021978e-07
reward/speed_tracking,7938,1786469589.665372,2.3160750117767748e-07
reward/speed_tracking,7948,1786469590.467899,6.811965818087629e-07
reward/speed_tracking,7958,1786469591.270328,1.08991685010551e-06
reward/speed_tracking,7968,1786469592.070665,4.087187619461474e-07
reward/speed_tracking,7978,1786469592.873175,8.446841661680082e-07
reward/speed_tracking,7988,1786469593.675422,1.2261563142601517e-07
reward/speed_tracking,7998,1786469594.481117,5.722067157876154e-07
reward/speed_tracking,8008,1786469595.639303,7.09177186308807e-07
reward/speed_tracking,8018,1786469596.438482,2.8610338631551713e-07
reward/speed_tracking,8028,1786469597.236962,7.361530265370675e-07
reward/speed_tracking,8038,1786469602.447124,0.3048996925354004
reward/speed_tracking,8048,1786469603.198802,0.0003829819615930319
reward/speed_tracking,8058,1786469603.984861,1.410991217198898e-06
reward/speed_tracking,8068,1786469604.769219,6.812044972548392e-08
reward/speed_tracking,8078,1786469605.554065,4.359656884389551e-07
reward/speed_tracking,8088,1786469606.336735,8.17435420685797e-07
reward/speed_tracking,8098,1786469607.120543,2.3160664852639457e-07
reward/speed_tracking,8108,1786469607.912669,5.10914958340436e-07
reward/speed_tracking,8118,1786469608.704126,1.0901824225584278e-06
reward/speed_tracking,8128,1786469609.498339,2.9291672376530187e-07
reward/speed_tracking,8138,1786469610.300527,8.722686857254303e-07
reward/speed_tracking,8148,1786469611.093587,1.0218058577038391e-07
reward/speed_tracking,8158,1786469611.883636,4.2915840481327905e-07
reward/speed_tracking,8168,1786469612.667575,7.697561841268907e-07
reward/speed_tracking,8178,1786469613.453851,2.6566789301796234e-07
reward/speed_tracking,8188,1786469614.243164,7.633449286004179e-07
reward/speed_tracking,8198,1786469615.039948,2.7252333723026823e-08
reward/speed_tracking,8208,1786469615.825217,3.337898135669093e-07
reward/speed_tracking,8218,1786469616.610331,6.743960625499312e-07
reward/speed_tracking,8228,1786469617.403939,1.56677671725447e-07
reward/speed_tracking,8238,1786469618.195636,4.5004671278547903e-07
reward/speed_tracking,8248,1786469618.983786,8.244997502515616e-07
reward/speed_tracking,8258,1786469619.776970,2.929310767285642e-07
reward/speed_tracking,8268,1786469620.568873,5.790345767309191e-07
reward/speed_tracking,8278,1786469621.365459,7.493413534120918e-08
reward/speed_tracking,8288,1786469622.174950,3.610521730479377e-07
reward/speed_tracking,8298,1786469622.957109,7.223640636766504e-07
reward/speed_tracking,8308,1786469623.753257,1.430577185601578e-07
reward/speed_tracking,8318,1786469624.552909,4.972759484189737e-07
reward/speed_tracking,8328,1786469625.350338,1.0765580782390316e-06
reward/speed_tracking,8338,1786469626.150448,2.5204869302797306e-07
reward/speed_tracking,8348,1786469626.950343,8.995243092613237e-07
reward/speed_tracking,8358,1786469627.746928,8.855871413970817e-08
reward/speed_tracking,8368,1786469628.543383,4.2915485209960025e-07
reward/speed_tracking,8378,1786469629.340722,7.970117508193653e-07
reward/speed_tracking,8388,1786469630.138664,4.094647181318578e-07
reward/speed_tracking,8398,1786469630.946130,7.905862275947584e-07
reward/speed_tracking,8408,1786469631.756933,2.7252323064885786e-08
reward/speed_tracking,8418,1786469632.566683,3.746600043541548e-07
reward/speed_tracking,8428,1786469633.373896,6.74394925681554e-07
reward/speed_tracking,8438,1786469634.173643,1.2942810201366228e-07
reward/speed_tracking,8448,1786469634.980267,5.180791049497202e-07
reward/speed_tracking,8458,1786469635.769742,7.83386610692105e-07
reward/speed_tracking,8468,1786469636.567064,2.656672961620643e-07
reward/speed_tracking,8478,1786469637.370952,6.062737725187617e-07
reward/speed_tracking,8488,1786469638.171072,6.131324425950879e-08
reward/speed_tracking,8498,1786469638.970896,3.474273455594812e-07
reward/speed_tracking,8508,1786469639.771701,7.359799383266363e-07
reward/speed_tracking,8518,1786469640.568793,1.4305959439298022e-07
reward/speed_tracking,8528,1786469641.366521,4.972750957676908e-07
reward/speed_tracking,8538,1786469646.613750,0.3048993647098541
reward/speed_tracking,8548,1786469647.375287,0.0003821713326033205
reward/speed_tracking,8558,1786469648.169886,1.3624038501802715e-06
reward/speed_tracking,8568,1786469648.963491,0.062018778175115585
reward/speed_tracking,8578,1786469649.770519,1.114086808229331e-05
reward/speed_tracking,8588,1786469650.586811,1.9573597455746494e-05
reward/speed_tracking,8598,1786469651.406518,0.006441986653953791
reward/speed_tracking,8608,1786469652.228611,8.833795618556906e-06
reward/speed_tracking,8618,1786469653.054438,0.18098978698253632
reward/speed_tracking,8628,1786469653.885193,1.0892644013438257e-06
reward/speed_tracking,8638,1786469654.712710,1.145766759691469e-06
reward/speed_tracking,8648,1786469655.541504,1.12522718609398e-06
reward/speed_tracking,8658,1786469656.369478,2.1854120291209256e-07
reward/speed_tracking,8668,1786469657.198147,1.4990314411988948e-07
reward/speed_tracking,8678,1786469658.027274,6.8084746089880355e-06
reward/speed_tracking,8688,1786469658.841859,8.329386105287995e-07
reward/speed_tracking,8698,1786469659.645349,2.0456869975760128e-08
reward/speed_tracking,8708,1786469660.449397,7.773039669700665e-07
reward/speed_tracking,8718,1786469661.253035,1.3628664419229608e-08
reward/speed_tracking,8728,1786469662.060191,1.0899334057512533e-07
reward/speed_tracking,8738,1786469662.872656,2.520426392038644e-07
reward/speed_tracking,8748,1786469663.677803,7.493201792385662e-08
reward/speed_tracking,8758,1786469664.505892,0.04130052030086517
reward/speed_tracking,8768,1786469665.305786,1.4351537629408995e-06
reward/speed_tracking,8778,1786469666.119408,1.3741056363869575e-06
reward/speed_tracking,8788,1786469666.930302,4.111533513651011e-08
reward/speed_tracking,8798,1786469667.737852,6.812209107920353e-08
reward/speed_tracking,8808,1786469668.552583,1.3623920835925674e-07
reward/speed_tracking,8818,1786469669.357153,2.405933400950744e-06
reward/speed_tracking,8828,1786469670.176719,2.3462845888388983e-07
reward/speed_tracking,8838,1786469670.991813,2.2062745301809628e-06
reward/speed_tracking,8848,1786469671.812469,1.655455321269983e-06
reward/speed_tracking,8858,1786469672.630779,9.354081385026802e-07
reward/speed_tracking,8868,1786469673.445400,1.1768687500079977e-06
reward/speed_tracking,8878,1786469674.261114,0.005394543521106243
reward/speed_tracking,8889,1786469675.157002,6.659369091721601e-07
reward/speed_tracking,8899,1786469675.973660,7.6009628173778765e-06
reward/speed_tracking,8909,1786469676.793254,8.470629836665466e-06
reward/speed_tracking,8919,1786469677.606321,4.4468845317169325e-07
reward/speed_tracking,8929,1786469678.424255,2.1120160909049446e-06
reward/speed_tracking,8939,1786469679.241381,4.06776553063537e-06
reward/speed_tracking,8949,1786469680.058481,1.2869649026470142e-06
reward/speed_tracking,8959,1786469680.871009,2.741048410825897e-05
reward/speed_tracking,8969,1786469681.682282,8.874275749803928e-07
reward/speed_tracking,8979,1786469682.488034,0.047985587269067764
reward/speed_tracking,8989,1786469683.295355,2.002498604269931e-06
reward/speed_tracking,8999,1786469684.100502,7.090907274687197e-07
reward/speed_tracking,9009,1786469684.906126,0.14121760427951813
reward/speed_tracking,9019,1786469685.712698,0.06666924804449081
reward/speed_tracking,9029,1786469686.517598,0.15822625160217285
reward/speed_tracking,9039,1786469691.749334,0.033287517726421356
reward/speed_tracking,9049,1786469692.556423,0.00025442667538300157
reward/speed_tracking,9059,1786469693.370638,1.1580372074604384e-06
reward/speed_tracking,9069,1786469694.183509,2.792910720472719e-07
reward/speed_tracking,9079,1786469695.000482,6.267014782679325e-07
reward/speed_tracking,9089,1786469695.825438,6.812059183403107e-08
reward/speed_tracking,9099,1786469696.638592,4.700264639723173e-07
reward/speed_tracking,9109,1786469697.458389,8.514950877724914e-07
reward/speed_tracking,9119,1786469698.280648,2.3842414975661086e-07
reward/speed_tracking,9129,1786469699.100445,4.836495577364985e-07
reward/speed_tracking,9139,1786469699.923806,9.128031592808838e-07
reward/speed_tracking,9149,1786469700.745294,2.588548113635625e-07
reward/speed_tracking,9159,1786469701.564686,7.425045964737365e-07
reward/speed_tracking,9169,1786469702.396787,1.3624163841541304e-07
reward/speed_tracking,9179,1786469703.226195,5.108983600621286e-07
reward/speed_tracking,9189,1786469704.048176,8.242470244113065e-07
reward/speed_tracking,9199,1786469704.888383,2.724785588270606e-07
reward/speed_tracking,9209,1786469705.740708,0.5123659372329712
reward/speed_tracking,9219,1786469711.100773,0.001612860825844109
reward/speed_tracking,9229,1786469711.897598,2.9973930395499337e-06
reward/speed_tracking,9239,1786469712.692719,1.0286071301379707e-06
reward/speed_tracking,9249,1786469713.496393,4.6321471813826065e-07
reward/speed_tracking,9259,1786469714.303674,8.182687594171512e-08
reward/speed_tracking,9269,1786469715.109940,3.6784720691684925e-07
reward/speed_tracking,9279,1786469715.921259,0.5255671739578247
reward/speed_tracking,9289,1786469716.728360,1.1214630148970173e-06
reward/speed_tracking,9299,1786469717.535032,1.3056724128546193e-06
reward/speed_tracking,9309,1786469718.343846,3.2533662874811853e-07
reward/speed_tracking,9319,1786469719.152267,0.0002647033834364265
reward/speed_tracking,9329,1786469719.957287,1.4482838196272496e-05
reward/speed_tracking,9339,1786469720.767389,1.060469094227301e-05
reward/speed_tracking,9349,1786469721.567872,2.1215166725596646e-06
reward/speed_tracking,9359,1786469722.373302,0.09120851010084152
reward/speed_tracking,9369,1786469723.183470,8.535017514077481e-06
reward/speed_tracking,9379,1786469723.985409,0.021783102303743362
reward/speed_tracking,9389,1786469724.797219,0.06297926604747772
reward/speed_tracking,9399,1786469725.616627,7.1082727117754985e-06
reward/speed_tracking,9409,1786469726.431761,8.510778570780531e-07
reward/speed_tracking,9419,1786469727.252319,0.014614510349929333
reward/speed_tracking,9429,1786469728.083909,0.06541574001312256
reward/speed_tracking,9439,1786469728.917341,2.4028886400628835e-05
reward/speed_tracking,9449,1786469729.755338,6.919921133885509e-07
reward/speed_tracking,9459,1786469730.596452,2.2848562366561964e-05
reward/speed_tracking,9469,1786469731.441706,0.06188858300447464
reward/speed_tracking,9479,1786469732.286826,0.00011519048712216318
reward/speed_tracking,9489,1786469733.131375,0.08344757556915283
reward/speed_tracking,9499,1786469733.973874,1.2353858664937434e-06
reward/speed_tracking,9509,1786469734.815430,0.3813289701938629
reward/speed_tracking,9519,1786469735.646340,5.956896075076656e-06
reward/speed_tracking,9529,1786469736.471631,0.056473031640052795
reward/speed_tracking,9539,1786469737.295064,1.3633592061523814e-05
reward/speed_tracking,9549,1786469738.112401,0.00021624359942507
reward/speed_tracking,9559,1786469738.921823,0.000845912960357964
reward/speed_tracking,9569,1786469739.740649,0.052596356719732285
reward/speed_tracking,9579,1786469740.554714,0.1380549520254135
reward/speed_tracking,9589,1786469741.371134,0.3289368152618408
reward/speed_tracking,9599,1786469742.187115,0.011189793236553669
reward/speed_tracking,9609,1786469743.001447,0.058428805321455
reward/speed_tracking,9619,1786469743.806177,6.54095783829689e-05
reward/speed_tracking,9629,1786469744.613286,1.2370179319987074e-05
reward/speed_tracking,9639,1786469745.421785,0.26862210035324097
reward/speed_tracking,9649,1786469746.220854,2.194325134041719e-05
reward/speed_tracking,9659,1786469747.019826,0.2994256615638733
reward/speed_tracking,9669,1786469747.825851,2.929285983555019e-06
reward/speed_tracking,9679,1786469748.623265,4.905581363345846e-07
reward/speed_tracking,9689,1786469749.426828,0.16166546940803528
reward/speed_tracking,9699,1786469750.231899,4.183294004178606e-05
reward/speed_tracking,9709,1786469751.033496,0.21031753718852997
reward/speed_tracking,9719,1786469756.251154,0.0016122000524774194
reward/speed_tracking,9729,1786469757.044856,3.4536858493083855e-06
reward/speed_tracking,9739,1786469757.837826,6.743839549017139e-07
reward/speed_tracking,9749,1786469758.630008,1.110349444388703e-06
reward/speed_tracking,9759,1786469759.427634,4.01905907665423e-07
reward/speed_tracking,9769,1786469760.223768,8.44683029299631e-07
reward/speed_tracking,9779,1786469761.014116,1.4305204842912644e-07
reward/speed_tracking,9789,1786469761.811517,5.653927246385138e-07
reward/speed_tracking,9799,1786469762.616225,1.0217938779533142e-06
reward/speed_tracking,9809,1786469763.409904,2.929142510765814e-07
reward/speed_tracking,9819,1786469764.211248,7.288796837201517e-07
reward/speed_tracking,9829,1786469765.010470,2.724789815999884e-08
reward/speed_tracking,9839,1786469765.809843,4.632139223303966e-07
reward/speed_tracking,9849,1786469766.608556,8.923666996452084e-07
reward/speed_tracking,9859,1786469767.411920,1.9073569035299442e-07
reward/speed_tracking,9869,1786469768.219859,6.198887376740458e-07
reward/speed_tracking,9879,1786469769.027164,1.055854227161035e-06
reward/speed_tracking,9889,1786469769.841337,3.542229194408719e-07
reward/speed_tracking,9899,1786469770.641370,7.833754125385894e-07
reward/speed_tracking,9909,1786469771.434753,8.174445298436694e-08
reward/speed_tracking,9919,1786469772.232368,5.24520999078959e-07
reward/speed_tracking,9929,1786469773.026593,9.672982059782953e-07
reward/speed_tracking,9939,1786469773.830721,2.5204306552950584e-07
reward/speed_tracking,9949,1786469774.640776,6.743840685885516e-07
reward/speed_tracking,9959,1786469775.453752,1.1103493307018653e-06
reward/speed_tracking,9969,1786469776.277761,4.1552956986379286e-07
reward/speed_tracking,9979,1786469777.092942,8.378710276701895e-07
reward/speed_tracking,9989,1786469777.898772,1.2942777516400383e-07
reward/speed_tracking,10000,1786469778.784808,8.378710845136084e-07
train/actor_loss,500,1786468883.384365,-0.5110052227973938
train/actor_loss,509,1786468888.457101,-0.5839005708694458
train/actor_loss,519,1786468889.260916,-0.6637470126152039
train/actor_loss,528,1786468889.984528,-0.7130888104438782
train/actor_loss,538,1786468890.784551,-0.7198353409767151
train/actor_loss,547,1786468891.496105,-0.757365882396698
train/actor_loss,557,1786468892.286803,-0.7679364085197449
train/actor_loss,566,1786468892.994395,-0.8116880059242249
train/actor_loss,576,1786468893.789168,-0.8338911533355713
train/actor_loss,585,1786468894.499957,-0.8506661653518677
train/actor_loss,595,1786468895.296045,-0.835253894329071
train/actor_loss,604,1786468896.010563,-0.9163213968276978
train/actor_loss,614,1786468896.805739,-0.8195141553878784
train/actor_loss,623,1786468897.519568,-0.9137639403343201
train/actor_loss,633,1786468898.313924,-0.7439388632774353
train/actor_loss,642,1786468899.041376,-0.7720579504966736
train/actor_loss,652,1786468899.822457,-0.7729032635688782
train/actor_loss,661,1786468900.536770,-0.9222190380096436
train/actor_loss,671,1786468901.331403,-0.7381022572517395
train/actor_loss,680,1786468906.478254,-0.9828532934188843
train/actor_loss,690,1786468907.261985,-0.5737341046333313
train/actor_loss,699,1786468907.971533,-0.5997332334518433
train/actor_loss,709,1786468908.759225,-0.7522088289260864
train/actor_loss,718,1786468909.487373,-0.8409785032272339
train/actor_loss,728,1786468910.294502,-0.7720779180526733
train/actor_loss,737,1786468911.015246,-0.6585467457771301
train/actor_loss,747,1786468911.829319,-0.5985745191574097
train/actor_loss,756,1786468912.557374,-1.0001713037490845
train/actor_loss,766,1786468913.366112,-0.5533846020698547
train/actor_loss,775,1786468914.094858,-0.656048059463501
train/actor_loss,785,1786468914.904244,-0.6305351853370667
train/actor_loss,794,1786468915.633153,-0.9340379238128662
train/actor_loss,804,1786468916.437182,-0.8018103837966919
train/actor_loss,813,1786468917.171979,-0.9823604226112366
train/actor_loss,823,1786468917.968567,-0.5404780507087708
train/actor_loss,832,1786468918.701924,-0.8934034705162048
train/actor_loss,842,1786468919.504958,-0.669889509677887
train/actor_loss,851,1786468920.232617,-0.8222540616989136
train/actor_loss,861,1786468921.044997,-0.7682331204414368
train/actor_loss,870,1786468921.774805,-0.8776350021362305
train/actor_loss,880,1786468922.596196,-1.029930591583252
train/actor_loss,889,1786468923.313344,-0.7547730207443237
train/actor_loss,899,1786468924.127192,-1.0815306901931763
train/actor_loss,908,1786468924.856834,-0.7916285395622253
train/actor_loss,918,1786468925.669433,-0.8909870982170105
train/actor_loss,927,1786468930.827222,-0.4591276943683624
train/actor_loss,937,1786468931.615665,-0.6004588007926941
train/actor_loss,946,1786468932.324221,-0.6978621482849121
train/actor_loss,956,1786468933.113942,-0.3549635112285614
train/actor_loss,965,1786468933.825662,-0.6857395768165588
train/actor_loss,975,1786468934.626642,-0.9548971056938171
train/actor_loss,984,1786468935.350790,-0.820909857749939
train/actor_loss,994,1786468936.153284,-1.0069578886032104
train/actor_loss,1004,1786468936.952597,-0.6046217083930969
train/actor_loss,1013,1786468937.677804,-1.009652853012085
train/actor_loss,1023,1786468938.480089,-0.8782767057418823
train/actor_loss,1032,1786468939.201516,-0.693601131439209
train/actor_loss,1042,1786468939.998088,-0.5952606797218323
train/actor_loss,1051,1786468940.717009,-0.4930739402770996
train/actor_loss,1061,1786468941.519153,-1.0167475938796997
train/actor_loss,1070,1786468942.242193,-0.24046914279460907
train/actor_loss,1080,1786468943.043478,-0.15637105703353882
train/actor_loss,1089,1786468943.760367,-0.6814719438552856
train/actor_loss,1099,1786468944.559455,-1.0612647533416748
train/actor_loss,1108,1786468945.288265,-0.5090338587760925
train/actor_loss,1118,1786468946.082650,-0.31611305475234985
train/actor_loss,1127,1786468946.807772,-0.6499594449996948
train/actor_loss,1137,1786468947.604710,-1.1331604719161987
train/actor_loss,1146,1786468948.322285,-0.9766755700111389
train/actor_loss,1156,1786468949.116428,1.2986963987350464
train/actor_loss,1165,1786468949.841273,-0.3842487931251526
train/actor_loss,1175,1786468955.059204,-0.1717672049999237
train/actor_loss,1184,1786468955.808363,-0.2957269549369812
train/actor_loss,1194,1786468956.645418,-0.767100989818573
train/actor_loss,1203,1786468957.401266,-0.6792080402374268
train/actor_loss,1213,1786468958.248020,0.6333698034286499
train/actor_loss,1222,1786468963.573144,0.29796627163887024
train/actor_loss,1232,1786468964.366212,0.2672633230686188
train/actor_loss,1241,1786468965.079633,3.2405853271484375
train/actor_loss,1251,1786468965.865182,-0.26178139448165894
train/actor_loss,1260,1786468966.564425,0.9910749793052673
train/actor_loss,1270,1786468967.342419,0.36970940232276917
train/actor_loss,1279,1786468968.046890,3.2360246181488037
train/actor_loss,1289,1786468973.196177,1.2549974918365479
train/actor_loss,1298,1786468973.943089,0.8979247808456421
train/actor_loss,1308,1786468974.735499,0.1780535876750946
train/actor_loss,1317,1786468975.463493,-0.207585871219635
train/actor_loss,1327,1786468976.276585,0.562114417552948
train/actor_loss,1336,1786468977.004568,0.086646668612957
train/actor_loss,1346,1786468977.821008,2.543059825897217
train/actor_loss,1355,1786468978.563444,2.5774624347686768
train/actor_loss,1365,1786468979.461490,-0.7148798704147339
train/actor_loss,1374,1786468980.373100,-0.4675857126712799
train/actor_loss,1384,1786468981.562627,-0.24321052432060242
train/actor_loss,1393,1786468982.590697,0.2274196594953537
train/actor_loss,1403,1786468983.563607,-0.716020941734314
train/actor_loss,1412,1786468984.434949,0.6700261831283569
train/actor_loss,1422,1786468985.383906,-0.02401731349527836
train/actor_loss,1431,1786468986.298177,1.3300862312316895
train/actor_loss,1441,1786468987.133960,-0.7188923358917236
train/actor_loss,1450,1786468987.887285,4.019014358520508
train/actor_loss,1460,1786468988.729387,0.02667313441634178
train/actor_loss,1469,1786468989.582275,0.2470877468585968
train/actor_loss,1479,1786468990.493186,1.7256258726119995
train/actor_loss,1488,1786468991.243763,-0.8328686356544495
train/actor_loss,1498,1786468992.089433,-0.19787314534187317
train/actor_loss,1508,1786468992.920580,2.8685829639434814
train/actor_loss,1517,1786468993.693072,1.313771367073059
train/actor_loss,1527,1786468994.543082,-0.8969855904579163
train/actor_loss,1536,1786468995.329178,2.2505924701690674
train/actor_loss,1546,1786468996.206273,1.1978015899658203
train/actor_loss,1555,1786468997.004024,1.9972093105316162
train/actor_loss,1565,1786468997.854079,3.8125741481781006
train/actor_loss,1574,1786468998.645674,-0.22351300716400146
train/actor_loss,1584,1786468999.638352,6.004519462585449
train/actor_loss,1593,1786469000.529827,2.6486237049102783
train/actor_loss,1603,1786469001.413791,1.829417109489441
train/actor_loss,1612,1786469002.180981,0.09746203571557999
train/actor_loss,1622,1786469003.133991,-0.8719131350517273
train/actor_loss,1631,1786469003.981355,1.9010485410690308
train/actor_loss,1641,1786469005.284163,1.7621740102767944
train/actor_loss,1650,1786469006.292553,4.851107597351074
train/actor_loss,1660,1786469007.126141,0.4625522494316101
train/actor_loss,1669,1786469007.876724,1.786738395690918
train/actor_loss,1679,1786469008.710820,0.9076212048530579
train/actor_loss,1688,1786469009.463964,-0.850310206413269
train/actor_loss,1698,1786469010.315898,10.618682861328125
train/actor_loss,1707,1786469011.227183,1.2223502397537231
train/actor_loss,1717,1786469012.220560,3.5227391719818115
train/actor_loss,1726,1786469013.049500,1.2136523723602295
train/actor_loss,1736,1786469013.895407,1.7244925498962402
train/actor_loss,1745,1786469014.650132,-0.11727653443813324
train/actor_loss,1755,1786469015.492265,5.938345909118652
train/actor_loss,1764,1786469016.603480,3.938042402267456
train/actor_loss,1774,1786469017.486806,2.6820592880249023
train/actor_loss,1783,1786469022.968840,2.377319812774658
train/actor_loss,1793,1786469023.730085,3.89164137840271
train/actor_loss,1802,1786469024.438406,1.2558246850967407
train/actor_loss,1812,1786469025.224889,4.769931316375732
train/actor_loss,1821,1786469026.468054,6.840118408203125
train/actor_loss,1831,1786469033.536347,-0.38916757702827454
train/actor_loss,1840,1786469034.278964,0.25934743881225586
train/actor_loss,1850,1786469035.092849,2.8490374088287354
train/actor_loss,1859,1786469035.828224,0.47285178303718567
train/actor_loss,1869,1786469036.691134,1.710227608680725
train/actor_loss,1878,1786469037.429424,-0.19856353104114532
train/actor_loss,1888,1786469038.237432,6.145572185516357
train/actor_loss,1897,1786469038.970085,0.5376955270767212
train/actor_loss,1907,1786469039.785126,2.9105992317199707
train/actor_loss,1916,1786469040.530424,1.412496566772461
train/actor_loss,1926,1786469041.354117,1.4438340663909912
train/actor_loss,1935,1786469042.095077,3.683765411376953
train/actor_loss,1945,1786469042.898944,0.06583274900913239
train/actor_loss,1954,1786469043.621208,4.656511306762695
train/actor_loss,1964,1786469044.431297,2.1587398052215576
train/actor_loss,1973,1786469045.135255,-0.5864050984382629
train/actor_loss,1983,1786469045.947402,3.293125629425049
train/actor_loss,1992,1786469046.682354,2.597705125808716
train/actor_loss,2002,1786469047.724183,2.5287904739379883
train/actor_loss,2012,1786469048.443944,2.6458938121795654
train/actor_loss,2021,1786469049.190817,7.803024768829346
train/actor_loss,2031,1786469054.559398,7.710846900939941
train/actor_loss,2040,1786469055.294047,0.1451660543680191
train/actor_loss,2050,1786469056.115851,4.743859767913818
train/actor_loss,2059,1786469056.853589,3.314337968826294
train/actor_loss,2069,1786469057.675243,7.433691024780273
train/actor_loss,2078,1786469058.413408,2.0124101638793945
train/actor_loss,2088,1786469059.231751,5.393428802490234
train/actor_loss,2097,1786469059.981268,0.4610525369644165
train/actor_loss,2107,1786469060.825920,3.6490325927734375
train/actor_loss,2116,1786469061.577197,1.6027485132217407
train/actor_loss,2126,1786469062.419959,3.6151342391967773
train/actor_loss,2135,1786469063.170874,0.9243598580360413
train/actor_loss,2145,1786469064.009642,3.3637938499450684
train/actor_loss,2154,1786469064.765590,0.812803328037262
train/actor_loss,2164,1786469065.606663,3.724911689758301
train/actor_loss,2173,1786469066.353065,5.955246925354004
train/actor_loss,2183,1786469067.186228,2.6185662746429443
train/actor_loss,2192,1786469067.922484,4.388554573059082
train/actor_loss,2202,1786469068.745600,4.598988056182861
train/actor_loss,2211,1786469069.489825,1.2728488445281982
train/actor_loss,2221,1786469070.306839,4.574295997619629
train/actor_loss,2230,1786469071.038181,1.0953242778778076
train/actor_loss,2240,1786469071.853828,4.235227108001709
train/actor_loss,2249,1786469072.586980,-0.01974819228053093
train/actor_loss,2259,1786469073.397917,4.5445237159729
train/actor_loss,2268,1786469074.124093,6.874936580657959
train/actor_loss,2278,1786469074.930059,-0.8745315074920654
train/actor_loss,2287,1786469075.655163,1.3871467113494873
train/actor_loss,2297,1786469076.460994,4.1995439529418945
train/actor_loss,2306,1786469077.196429,1.8366869688034058
train/actor_loss,2316,1786469078.031924,9.72846508026123
train/actor_loss,2325,1786469078.784124,1.948943018913269
train/actor_loss,2335,1786469079.606295,3.0146453380584717
train/actor_loss,2344,1786469080.350223,2.8999850749969482
train/actor_loss,2354,1786469081.176123,5.252202033996582
train/actor_loss,2363,1786469081.931141,5.225361347198486
train/actor_loss,2373,1786469082.755603,7.226190090179443
train/actor_loss,2382,1786469083.499137,3.149895668029785
train/actor_loss,2392,1786469084.324370,1.3463927507400513
train/actor_loss,2401,1786469085.065929,4.995798587799072
train/actor_loss,2411,1786469085.881778,0.7937944531440735
train/actor_loss,2420,1786469086.613117,3.098999261856079
train/actor_loss,2430,1786469087.425347,2.4383316040039062
train/actor_loss,2439,1786469088.160179,6.100324630737305
train/actor_loss,2449,1786469088.976295,10.997856140136719
train/actor_loss,2458,1786469094.277340,4.889585494995117
train/actor_loss,2468,1786469094.972135,4.173380374908447
train/actor_loss,2477,1786469095.672292,8.558390617370605
train/actor_loss,2487,1786469096.456170,2.5806078910827637
train/actor_loss,2496,1786469097.164910,4.949188232421875
train/actor_loss,2506,1786469097.943121,3.9479856491088867
train/actor_loss,2516,1786469098.725220,4.017493724822998
train/actor_loss,2525,1786469099.431713,5.3774614334106445
train/actor_loss,2535,1786469100.217036,5.372120380401611
train/actor_loss,2544,1786469100.923433,3.4012951850891113
train/actor_loss,2554,1786469101.709270,-0.5485935211181641
train/actor_loss,2563,1786469102.413677,-0.19858510792255402
train/actor_loss,2573,1786469103.199923,2.576810598373413
train/actor_loss,2582,1786469103.909690,10.766403198242188
train/actor_loss,2592,1786469104.694214,5.134265422821045
train/actor_loss,2601,1786469105.403329,0.11327804625034332
train/actor_loss,2611,1786469106.194633,3.431525707244873
train/actor_loss,2620,1786469106.928504,7.020144462585449
train/actor_loss,2630,1786469107.749336,7.553185939788818
train/actor_loss,2639,1786469108.481365,6.2369866371154785
train/actor_loss,2649,1786469109.293584,9.077620506286621
train/actor_loss,2658,1786469110.028821,1.6224555969238281
train/actor_loss,2668,1786469110.847592,5.486785888671875
train/actor_loss,2677,1786469111.584046,6.557961463928223
train/actor_loss,2687,1786469112.399334,0.8305118083953857
train/actor_loss,2696,1786469113.135421,5.996668338775635
train/actor_loss,2706,1786469113.950625,3.924221992492676
train/actor_loss,2715,1786469114.693018,4.168770790100098
train/actor_loss,2725,1786469115.486151,6.2986979484558105
train/actor_loss,2734,1786469116.213228,5.9439568519592285
train/actor_loss,2744,1786469117.023110,5.165943622589111
train/actor_loss,2753,1786469117.760041,3.326693534851074
train/actor_loss,2763,1786469118.564362,5.923281669616699
train/actor_loss,2772,1786469119.286594,6.197848796844482
train/actor_loss,2782,1786469120.099535,12.07199764251709
train/actor_loss,2791,1786469120.823122,5.65181827545166
train/actor_loss,2801,1786469121.634021,5.637271404266357
train/actor_loss,2810,1786469122.362261,9.704205513000488
train/actor_loss,2820,1786469123.173362,4.020226001739502
train/actor_loss,2829,1786469123.900113,4.5900678634643555
train/actor_loss,2839,1786469124.712997,3.7378950119018555
train/actor_loss,2848,1786469125.444288,1.7119152545928955
train/actor_loss,2858,1786469126.262801,4.3827667236328125
train/actor_loss,2867,1786469127.001235,4.745715618133545
train/actor_loss,2877,1786469127.820541,3.5943031311035156
train/actor_loss,2886,1786469128.563107,4.511724948883057
train/actor_loss,2896,1786469129.383534,9.036295890808105
train/actor_loss,2905,1786469130.125015,6.146821022033691
train/actor_loss,2915,1786469130.945456,5.085827827453613
train/actor_loss,2924,1786469131.685322,6.546023845672607
train/actor_loss,2934,1786469132.505256,9.947176933288574
train/actor_loss,2943,1786469133.249002,6.514583587646484
train/actor_loss,2953,1786469134.064571,9.190530776977539
train/actor_loss,2962,1786469139.196584,10.277156829833984
train/actor_loss,2972,1786469139.991838,9.46986198425293
train/actor_loss,2981,1786469140.702885,9.113529205322266
train/actor_loss,2991,1786469141.500030,6.6034393310546875
train/actor_loss,3001,1786469142.293900,2.970194101333618
train/actor_loss,3010,1786469143.015212,11.972373962402344
train/actor_loss,3020,1786469143.822008,10.551889419555664
train/actor_loss,3029,1786469144.549476,5.955306053161621
train/actor_loss,3039,1786469145.352974,12.890308380126953
train/actor_loss,3048,1786469146.084317,3.558682441711426
train/actor_loss,3058,1786469146.887265,4.802331924438477
train/actor_loss,3067,1786469147.613328,5.497443675994873
train/actor_loss,3077,1786469148.417621,4.94411039352417
train/actor_loss,3086,1786469149.141567,0.8418830037117004
train/actor_loss,3096,1786469149.947128,9.907075881958008
train/actor_loss,3105,1786469150.670146,5.339164733886719
train/actor_loss,3115,1786469151.479178,11.791913032531738
train/actor_loss,3124,1786469152.213147,3.3923869132995605
train/actor_loss,3134,1786469153.013475,6.74635124206543
train/actor_loss,3143,1786469153.752402,3.412168502807617
train/actor_loss,3153,1786469154.559955,4.067879676818848
train/actor_loss,3162,1786469155.291692,3.203678846359253
train/actor_loss,3172,1786469156.109609,3.512005567550659
train/actor_loss,3181,1786469156.834008,2.249326705932617
train/actor_loss,3191,1786469157.644516,9.728249549865723
train/actor_loss,3200,1786469158.363731,7.145580768585205
train/actor_loss,3210,1786469159.165020,6.410906791687012
train/actor_loss,3219,1786469159.889041,4.408395767211914
train/actor_loss,3229,1786469160.689656,9.724438667297363
train/actor_loss,3238,1786469161.415814,7.603679180145264
train/actor_loss,3248,1786469162.222388,3.6229069232940674
train/actor_loss,3257,1786469162.947291,8.071830749511719
train/actor_loss,3267,1786469168.119345,6.787465572357178
train/actor_loss,3276,1786469168.830139,10.764365196228027
train/actor_loss,3286,1786469169.621449,6.837131023406982
train/actor_loss,3295,1786469170.331032,10.300734519958496
train/actor_loss,3305,1786469171.117805,15.649420738220215
train/actor_loss,3314,1786469171.826283,4.4119343757629395
train/actor_loss,3324,1786469172.602680,6.113419055938721
train/actor_loss,3333,1786469173.302444,7.910928726196289
train/actor_loss,3343,1786469174.079243,7.048702239990234
train/actor_loss,3352,1786469174.781281,15.63814926147461
train/actor_loss,3362,1786469175.556200,7.292670726776123
train/actor_loss,3371,1786469176.253115,5.933178424835205
train/actor_loss,3381,1786469177.026384,6.977128982543945
train/actor_loss,3390,1786469177.729968,3.3981828689575195
train/actor_loss,3400,1786469178.512685,5.47990083694458
train/actor_loss,3409,1786469179.227067,14.151240348815918
train/actor_loss,3419,1786469180.018640,17.31492042541504
train/actor_loss,3428,1786469180.725379,6.149024486541748
train/actor_loss,3438,1786469181.534041,10.134838104248047
train/actor_loss,3447,1786469182.248284,3.7295806407928467
train/actor_loss,3457,1786469183.055025,9.78673267364502
train/actor_loss,3466,1786469183.782738,4.164329528808594
train/actor_loss,3476,1786469184.589995,10.832857131958008
train/actor_loss,3485,1786469185.316137,10.43398380279541
train/actor_loss,3495,1786469186.125043,5.931885242462158
train/actor_loss,3505,1786469186.928166,13.065116882324219
train/actor_loss,3514,1786469187.653091,12.761006355285645
train/actor_loss,3524,1786469188.455042,9.267560958862305
train/actor_loss,3533,1786469189.177175,10.058808326721191
train/actor_loss,3543,1786469189.981693,7.623096942901611
train/actor_loss,3552,1786469190.702305,9.996138572692871
train/actor_loss,3562,1786469191.507931,9.246566772460938
train/actor_loss,3571,1786469192.230085,9.09099006652832
train/actor_loss,3581,1786469193.029317,7.026559352874756
train/actor_loss,3590,1786469193.757109,10.641664505004883
train/actor_loss,3600,1786469194.558582,7.618061542510986
train/actor_loss,3609,1786469195.278853,10.159843444824219
train/actor_loss,3619,1786469196.079314,6.26443338394165
train/actor_loss,3628,1786469196.796290,11.883740425109863
train/actor_loss,3638,1786469197.597282,8.392439842224121
train/actor_loss,3647,1786469198.314514,3.6138970851898193
train/actor_loss,3657,1786469199.112606,7.245575904846191
train/actor_loss,3666,1786469199.828253,14.988420486450195
train/actor_loss,3676,1786469200.623563,13.555917739868164
train/actor_loss,3685,1786469201.341280,10.961057662963867
train/actor_loss,3695,1786469202.142202,6.593966007232666
train/actor_loss,3704,1786469202.853414,4.532160758972168
train/actor_loss,3714,1786469203.649623,8.24884033203125
train/actor_loss,3723,1786469204.352257,12.722311973571777
train/actor_loss,3733,1786469205.139971,6.841165542602539
train/actor_loss,3742,1786469205.851273,5.560372352600098
train/actor_loss,3752,1786469206.639048,5.239314079284668
train/actor_loss,3761,1786469211.724923,7.902320861816406
train/actor_loss,3771,1786469212.538803,13.40485954284668
train/actor_loss,3780,1786469213.262485,15.009196281433105
train/actor_loss,3790,1786469214.074173,14.670541763305664
train/actor_loss,3799,1786469214.790191,7.588532447814941
train/actor_loss,3809,1786469215.593378,7.206676959991455
train/actor_loss,3818,1786469216.319659,6.201454162597656
train/actor_loss,3828,1786469217.128029,12.75839900970459
train/actor_loss,3837,1786469217.865239,15.806910514831543
train/actor_loss,3847,1786469218.674972,9.94855785369873
train/actor_loss,3856,1786469219.406456,7.276984214782715
train/actor_loss,3866,1786469220.222160,12.436697959899902
train/actor_loss,3875,1786469220.951816,9.13151741027832
train/actor_loss,3885,1786469221.773917,7.2764434814453125
train/actor_loss,3894,1786469222.513583,18.17396354675293
train/actor_loss,3904,1786469223.338266,10.640734672546387
train/actor_loss,3913,1786469224.080773,12.575824737548828
train/actor_loss,3923,1786469224.905004,13.758641242980957
train/actor_loss,3932,1786469225.653441,15.170713424682617
train/actor_loss,3942,1786469226.480247,9.020615577697754
train/actor_loss,3951,1786469227.222401,12.275874137878418
train/actor_loss,3961,1786469228.054985,8.95327091217041
train/actor_loss,3970,1786469228.795848,13.4791841506958
train/actor_loss,3980,1786469229.628972,5.755694389343262
train/actor_loss,3989,1786469230.372009,14.111900329589844
train/actor_loss,3999,1786469231.192297,9.823684692382812
train/actor_loss,4009,1786469232.174393,10.675450325012207
train/actor_loss,4018,1786469232.912505,11.832451820373535
train/actor_loss,4028,1786469233.721864,8.537710189819336
train/actor_loss,4037,1786469234.455540,8.573893547058105
train/actor_loss,4047,1786469235.269701,10.210115432739258
train/actor_loss,4056,1786469236.004107,9.821380615234375
train/actor_loss,4066,1786469236.816136,18.386606216430664
train/actor_loss,4075,1786469237.546650,16.99519157409668
train/actor_loss,4085,1786469238.355031,14.661090850830078
train/actor_loss,4094,1786469239.080629,7.81696891784668
train/actor_loss,4104,1786469239.896164,17.25059700012207
train/actor_loss,4113,1786469240.630086,12.430310249328613
train/actor_loss,4123,1786469241.452591,12.290045738220215
train/actor_loss,4132,1786469242.171818,6.956381797790527
train/actor_loss,4142,1786469242.983029,10.81086254119873
train/actor_loss,4151,1786469243.705798,18.237857818603516
train/actor_loss,4161,1786469244.511179,14.617826461791992
train/actor_loss,4170,1786469245.237308,12.176735877990723
train/actor_loss,4180,1786469246.044454,13.119155883789062
train/actor_loss,4189,1786469246.764989,9.98751163482666
train/actor_loss,4199,1786469247.558048,15.794734001159668
train/actor_loss,4208,1786469248.272069,13.358137130737305
train/actor_loss,4218,1786469249.062931,12.792638778686523
train/actor_loss,4227,1786469249.780591,12.297554969787598
train/actor_loss,4237,1786469250.567868,16.713695526123047
train/actor_loss,4246,1786469251.283520,7.326943874359131
train/actor_loss,4256,1786469252.072666,14.050912857055664
train/actor_loss,4265,1786469257.153433,10.031513214111328
train/actor_loss,4275,1786469257.958729,8.627358436584473
train/actor_loss,4284,1786469258.679378,6.616351127624512
train/actor_loss,4294,1786469259.483229,14.358251571655273
train/actor_loss,4303,1786469260.203984,17.712814331054688
train/actor_loss,4313,1786469260.990843,19.14604377746582
train/actor_loss,4322,1786469261.709407,10.57360553741455
train/actor_loss,4332,1786469262.517837,12.467114448547363
train/actor_loss,4341,1786469263.243500,9.91678524017334
train/actor_loss,4351,1786469264.047359,9.323796272277832
train/actor_loss,4360,1786469264.766311,12.964662551879883
train/actor_loss,4370,1786469265.569361,23.63650131225586
train/actor_loss,4379,1786469266.280647,15.068758964538574
train/actor_loss,4389,1786469267.073076,9.809839248657227
train/actor_loss,4398,1786469267.788554,17.785045623779297
train/actor_loss,4408,1786469268.585351,12.73332691192627
train/actor_loss,4417,1786469269.296969,14.129359245300293
train/actor_loss,4427,1786469270.096767,11.413220405578613
train/actor_loss,4436,1786469270.828873,11.2371187210083
train/actor_loss,4446,1786469271.639280,12.33028507232666
train/actor_loss,4455,1786469272.371794,21.653451919555664
train/actor_loss,4465,1786469273.193731,13.985926628112793
train/actor_loss,4474,1786469273.923148,9.072564125061035
train/actor_loss,4484,1786469274.738877,11.713391304016113
train/actor_loss,4493,1786469275.481712,16.41814422607422
train/actor_loss,4503,1786469276.316301,13.724395751953125
train/actor_loss,4513,1786469277.146656,13.46513843536377
train/actor_loss,4522,1786469277.893589,18.12319564819336
train/actor_loss,4532,1786469278.721772,13.52517032623291
train/actor_loss,4541,1786469279.470660,14.679327011108398
train/actor_loss,4551,1786469280.302180,14.068346977233887
train/actor_loss,4560,1786469281.050993,20.651180267333984
train/actor_loss,4570,1786469281.882589,18.773160934448242
train/actor_loss,4579,1786469282.628327,16.758075714111328
train/actor_loss,4589,1786469283.461967,11.5239839553833
train/actor_loss,4598,1786469284.211098,16.249147415161133
train/actor_loss,4608,1786469285.040263,17.30830192565918
train/actor_loss,4617,1786469285.785060,13.860100746154785
train/actor_loss,4627,1786469286.611966,9.447541236877441
train/actor_loss,4636,1786469287.352296,17.13077163696289
train/actor_loss,4646,1786469288.178030,13.414682388305664
train/actor_loss,4655,1786469288.920691,15.149742126464844
train/actor_loss,4665,1786469289.755209,24.444652557373047
train/actor_loss,4674,1786469290.497788,20.980390548706055
train/actor_loss,4684,1786469291.330065,11.746949195861816
train/actor_loss,4693,1786469292.078418,12.52657413482666
train/actor_loss,4703,1786469292.912575,11.654728889465332
train/actor_loss,4712,1786469293.666128,19.382841110229492
train/actor_loss,4722,1786469294.499846,10.689023971557617
train/actor_loss,4731,1786469295.253800,12.666956901550293
train/actor_loss,4741,1786469296.081731,12.56829833984375
train/actor_loss,4750,1786469296.827209,14.981497764587402
train/actor_loss,4760,1786469302.126837,14.308015823364258
train/actor_loss,4769,1786469302.842272,12.977663040161133
train/actor_loss,4779,1786469303.623152,14.914055824279785
train/actor_loss,4788,1786469304.334073,10.92127799987793
train/actor_loss,4798,1786469305.124604,15.2633056640625
train/actor_loss,4807,1786469305.828533,18.095109939575195
train/actor_loss,4817,1786469306.610819,12.02863883972168
train/actor_loss,4826,1786469307.320839,17.26935577392578
train/actor_loss,4836,1786469308.110277,20.827327728271484
train/actor_loss,4845,1786469308.824242,9.523948669433594
train/actor_loss,4855,1786469309.618171,18.979095458984375
train/actor_loss,4864,1786469310.321570,13.852323532104492
train/actor_loss,4874,1786469311.109397,13.929367065429688
train/actor_loss,4883,1786469311.821924,18.328338623046875
train/actor_loss,4893,1786469312.609349,22.126686096191406
train/actor_loss,4902,1786469313.319755,20.423410415649414
train/actor_loss,4912,1786469314.121366,14.732048988342285
train/actor_loss,4921,1786469314.843814,17.508390426635742
train/actor_loss,4931,1786469315.655300,14.458173751831055
train/actor_loss,4940,1786469316.390440,12.025691986083984
train/actor_loss,4950,1786469317.197305,15.08740234375
train/actor_loss,4959,1786469317.926572,16.822893142700195
train/actor_loss,4969,1786469318.735259,13.445916175842285
train/actor_loss,4978,1786469319.464614,15.857776641845703
train/actor_loss,4988,1786469320.271247,14.283246994018555
train/actor_loss,4997,1786469320.996910,14.940685272216797
train/actor_loss,5007,1786469321.799039,11.344156265258789
train/actor_loss,5017,1786469322.606271,15.396921157836914
train/actor_loss,5026,1786469323.337274,18.86227035522461
train/actor_loss,5036,1786469324.139131,11.294577598571777
train/actor_loss,5045,1786469324.865841,9.96865177154541
train/actor_loss,5055,1786469325.679507,16.109500885009766
train/actor_loss,5064,1786469326.403309,14.189961433410645
train/actor_loss,5074,1786469327.212083,15.936906814575195
train/actor_loss,5083,1786469327.947885,13.309500694274902
train/actor_loss,5093,1786469328.754018,18.07061195373535
train/actor_loss,5102,1786469329.482314,15.606281280517578
train/actor_loss,5112,1786469330.294554,12.412449836730957
train/actor_loss,5121,1786469331.023674,15.672069549560547
train/actor_loss,5131,1786469331.833273,16.868427276611328
train/actor_loss,5140,1786469332.560886,18.104829788208008
train/actor_loss,5150,1786469333.374871,15.360024452209473
train/actor_loss,5159,1786469334.108849,16.249866485595703
train/actor_loss,5169,1786469334.915834,14.32213306427002
train/actor_loss,5178,1786469335.646861,16.394756317138672
train/actor_loss,5188,1786469336.455993,17.034812927246094
train/actor_loss,5197,1786469337.184542,11.114468574523926
train/actor_loss,5207,1786469337.993090,22.07237434387207
train/actor_loss,5216,1786469338.718631,20.424774169921875
train/actor_loss,5226,1786469339.527294,17.617158889770508
train/actor_loss,5235,1786469340.255572,17.32427215576172
train/actor_loss,5245,1786469341.056779,18.079498291015625
train/actor_loss,5254,1786469341.783771,15.951520919799805
train/actor_loss,5264,1786469347.005235,12.946602821350098
train/actor_loss,5273,1786469347.709419,11.673614501953125
train/actor_loss,5283,1786469348.495002,18.224422454833984
train/actor_loss,5292,1786469349.207599,19.741657257080078
train/actor_loss,5302,1786469349.996104,15.813920974731445
train/actor_loss,5311,1786469350.703325,13.764039993286133
train/actor_loss,5321,1786469351.491239,13.07973575592041
train/actor_loss,5330,1786469352.211155,14.267788887023926
train/actor_loss,5340,1786469353.022454,24.50883674621582
train/actor_loss,5349,1786469353.752078,20.501493453979492
train/actor_loss,5359,1786469354.560034,21.66840362548828
train/actor_loss,5368,1786469355.280642,14.939934730529785
train/actor_loss,5378,1786469356.089801,25.07122039794922
train/actor_loss,5387,1786469356.798309,11.788891792297363
train/actor_loss,5397,1786469357.591182,17.827322006225586
train/actor_loss,5406,1786469358.312980,15.733246803283691
train/actor_loss,5416,1786469359.119837,17.630765914916992
train/actor_loss,5425,1786469359.830087,19.964982986450195
train/actor_loss,5435,1786469360.641606,18.199068069458008
train/actor_loss,5444,1786469361.374631,17.081113815307617
train/actor_loss,5454,1786469362.190421,15.787001609802246
train/actor_loss,5463,1786469362.918450,25.877758026123047
train/actor_loss,5473,1786469363.722743,19.68729019165039
train/actor_loss,5482,1786469364.450793,22.900390625
train/actor_loss,5492,1786469365.255805,20.199682235717773
train/actor_loss,5502,1786469366.065272,22.389883041381836
train/actor_loss,5511,1786469366.784586,22.08633804321289
train/actor_loss,5521,1786469367.595095,25.096742630004883
train/actor_loss,5530,1786469368.317061,30.5585880279541
train/actor_loss,5540,1786469369.118537,21.936574935913086
train/actor_loss,5549,1786469369.843671,26.526899337768555
train/actor_loss,5559,1786469370.643639,19.87547492980957
train/actor_loss,5568,1786469371.365271,20.481298446655273
train/actor_loss,5578,1786469372.166232,30.92030143737793
train/actor_loss,5587,1786469372.885223,23.31120491027832
train/actor_loss,5597,1786469373.691236,23.92243194580078
train/actor_loss,5606,1786469374.408832,32.25848388671875
train/actor_loss,5616,1786469375.209964,30.044443130493164
train/actor_loss,5625,1786469375.932573,22.074623107910156
train/actor_loss,5635,1786469376.738872,31.4455509185791
train/actor_loss,5644,1786469377.468259,23.14628791809082
train/actor_loss,5654,1786469378.262590,27.438232421875
train/actor_loss,5663,1786469378.984296,28.960922241210938
train/actor_loss,5673,1786469379.783829,24.13326644897461
train/actor_loss,5682,1786469380.512642,27.250688552856445
train/actor_loss,5692,1786469381.330094,22.76308822631836
train/actor_loss,5701,1786469382.050603,22.813879013061523
train/actor_loss,5711,1786469382.849597,34.238731384277344
train/actor_loss,5720,1786469383.573829,25.91570281982422
train/actor_loss,5730,1786469384.369289,34.53672790527344
train/actor_loss,5739,1786469385.087262,22.10785675048828
train/actor_loss,5749,1786469385.885611,31.03541374206543
train/actor_loss,5758,1786469391.011727,37.57533264160156
train/actor_loss,5768,1786469391.740274,18.198287963867188
train/actor_loss,5777,1786469392.457648,33.808021545410156
train/actor_loss,5787,1786469393.242695,36.34336471557617
train/actor_loss,5796,1786469393.952497,23.1995849609375
train/actor_loss,5806,1786469394.731837,35.23758316040039
train/actor_loss,5815,1786469395.444279,27.041488647460938
train/actor_loss,5825,1786469396.230168,26.67909049987793
train/actor_loss,5834,1786469396.939024,21.00175666809082
train/actor_loss,5844,1786469397.727503,25.893226623535156
train/actor_loss,5853,1786469398.437252,32.74306106567383
train/actor_loss,5863,1786469399.225949,23.73263931274414
train/actor_loss,5872,1786469399.931307,33.42900466918945
train/actor_loss,5882,1786469400.717213,21.25306510925293
train/actor_loss,5891,1786469401.425969,23.967206954956055
train/actor_loss,5901,1786469402.218026,30.714677810668945
train/actor_loss,5910,1786469402.934678,31.32245445251465
train/actor_loss,5920,1786469403.740760,21.313243865966797
train/actor_loss,5929,1786469408.856288,26.357189178466797
train/actor_loss,5939,1786469409.654072,28.325096130371094
train/actor_loss,5948,1786469410.363148,27.5131778717041
train/actor_loss,5958,1786469411.154397,26.1817626953125
train/actor_loss,5967,1786469411.866379,30.520429611206055
train/actor_loss,5977,1786469412.650229,29.477140426635742
train/actor_loss,5986,1786469413.361004,32.844627380371094
train/actor_loss,5996,1786469414.153978,29.102340698242188
train/actor_loss,6006,1786469415.191602,29.134552001953125
train/actor_loss,6015,1786469415.906271,27.760345458984375
train/actor_loss,6025,1786469416.705053,36.63471221923828
train/actor_loss,6034,1786469417.413559,28.94357681274414
train/actor_loss,6044,1786469422.613976,24.627931594848633
train/actor_loss,6053,1786469423.331065,27.1414737701416
train/actor_loss,6063,1786469424.125466,27.70907211303711
train/actor_loss,6072,1786469424.836799,20.191238403320312
train/actor_loss,6082,1786469425.626876,37.74492263793945
train/actor_loss,6091,1786469426.337128,21.079984664916992
train/actor_loss,6101,1786469427.129157,32.12734603881836
train/actor_loss,6110,1786469427.846446,26.013036727905273
train/actor_loss,6120,1786469428.651313,24.049551010131836
train/actor_loss,6129,1786469429.373829,25.498111724853516
train/actor_loss,6139,1786469430.176738,41.60707092285156
train/actor_loss,6148,1786469430.899553,28.51719856262207
train/actor_loss,6158,1786469431.703204,21.112865447998047
train/actor_loss,6167,1786469432.424392,27.587316513061523
train/actor_loss,6177,1786469433.223765,27.84993553161621
train/actor_loss,6186,1786469433.943195,28.29232406616211
train/actor_loss,6196,1786469434.743809,32.83051681518555
train/actor_loss,6205,1786469435.464664,27.895381927490234
train/actor_loss,6215,1786469436.263646,24.904052734375
train/actor_loss,6224,1786469436.987704,30.091842651367188
train/actor_loss,6234,1786469437.788459,28.655052185058594
train/actor_loss,6243,1786469438.502510,35.176795959472656
train/actor_loss,6253,1786469439.294774,37.58860778808594
train/actor_loss,6262,1786469440.012117,27.24595069885254
train/actor_loss,6272,1786469440.808167,22.114540100097656
train/actor_loss,6281,1786469441.526248,28.34136199951172
train/actor_loss,6291,1786469442.325286,37.1013069152832
train/actor_loss,6300,1786469443.040045,25.505239486694336
train/actor_loss,6310,1786469443.838127,38.102500915527344
train/actor_loss,6319,1786469444.555138,33.00773620605469
train/actor_loss,6329,1786469445.350924,23.21417236328125
train/actor_loss,6338,1786469446.074590,31.778339385986328
train/actor_loss,6348,1786469446.865405,27.331674575805664
train/actor_loss,6357,1786469447.576063,23.902645111083984
train/actor_loss,6367,1786469448.358763,30.56829071044922
train/actor_loss,6376,1786469449.070788,26.45096206665039
train/actor_loss,6386,1786469449.862076,26.35660743713379
train/actor_loss,6395,1786469450.574898,23.615856170654297
train/actor_loss,6405,1786469451.366143,26.345930099487305
train/actor_loss,6414,1786469452.084676,17.690319061279297
train/actor_loss,6424,1786469452.872382,19.968002319335938
train/actor_loss,6433,1786469453.586817,25.378395080566406
train/actor_loss,6443,1786469454.377449,25.15107536315918
train/actor_loss,6452,1786469455.090377,24.108427047729492
train/actor_loss,6462,1786469455.886381,13.963998794555664
train/actor_loss,6471,1786469456.602111,19.69231414794922
train/actor_loss,6481,1786469457.398900,25.57257843017578
train/actor_loss,6490,1786469458.115428,29.59988784790039
train/actor_loss,6500,1786469458.908195,34.61418151855469
train/actor_loss,6510,1786469459.705049,25.321989059448242
train/actor_loss,6519,1786469460.420124,30.115507125854492
train/actor_loss,6529,1786469461.212632,23.181730270385742
train/actor_loss,6538,1786469466.310984,29.69428062438965
train/actor_loss,6548,1786469467.062783,33.05824661254883
train/actor_loss,6557,1786469467.777034,24.831668853759766
train/actor_loss,6567,1786469468.558459,31.036291122436523
train/actor_loss,6576,1786469469.266656,28.28731918334961
train/actor_loss,6586,1786469470.064071,21.182416915893555
train/actor_loss,6595,1786469470.759531,29.41795539855957
train/actor_loss,6605,1786469471.547309,24.2733097076416
train/actor_loss,6614,1786469472.257779,24.206106185913086
train/actor_loss,6624,1786469473.046678,25.457992553710938
train/actor_loss,6633,1786469473.760723,25.46337890625
train/actor_loss,6643,1786469474.549441,17.350807189941406
train/actor_loss,6652,1786469475.269362,18.903364181518555
train/actor_loss,6662,1786469476.064693,33.89373779296875
train/actor_loss,6671,1786469476.762685,27.378036499023438
train/actor_loss,6681,1786469477.537610,30.50861167907715
train/actor_loss,6690,1786469478.234587,23.916410446166992
train/actor_loss,6700,1786469479.009753,28.808429718017578
train/actor_loss,6709,1786469479.714068,32.260189056396484
train/actor_loss,6719,1786469480.505966,28.07660675048828
train/actor_loss,6728,1786469481.226773,34.7313117980957
train/actor_loss,6738,1786469482.027097,21.697189331054688
train/actor_loss,6747,1786469482.762767,27.27589225769043
train/actor_loss,6757,1786469483.586848,23.963985443115234
train/actor_loss,6766,1786469484.326251,20.401586532592773
train/actor_loss,6776,1786469485.148129,32.65214157104492
train/actor_loss,6785,1786469485.887297,23.914209365844727
train/actor_loss,6795,1786469486.700951,21.728069305419922
train/actor_loss,6804,1786469487.436517,32.61433410644531
train/actor_loss,6814,1786469488.265503,30.692157745361328
train/actor_loss,6823,1786469488.999475,23.1533145904541
train/actor_loss,6833,1786469489.814284,35.33145523071289
train/actor_loss,6842,1786469490.544455,28.34722900390625
train/actor_loss,6852,1786469491.357224,25.77094268798828
train/actor_loss,6861,1786469492.076110,27.499296188354492
train/actor_loss,6871,1786469492.884358,30.634695053100586
train/actor_loss,6880,1786469493.617252,25.11201286315918
train/actor_loss,6890,1786469494.428168,23.376916885375977
train/actor_loss,6899,1786469495.153657,26.48699951171875
train/actor_loss,6909,1786469495.958365,24.56464385986328
train/actor_loss,6918,1786469496.680479,24.021039962768555
train/actor_loss,6928,1786469497.481327,23.37646484375
train/actor_loss,6937,1786469498.202673,35.90895080566406
train/actor_loss,6947,1786469499.028643,14.109071731567383
train/actor_loss,6956,1786469499.779412,22.957557678222656
train/actor_loss,6966,1786469500.589971,22.183496475219727
train/actor_loss,6975,1786469501.308200,32.140403747558594
train/actor_loss,6985,1786469502.124347,22.450397491455078
train/actor_loss,6994,1786469502.843741,24.258426666259766
train/actor_loss,7004,1786469503.652542,25.383644104003906
train/actor_loss,7014,1786469504.450350,23.588483810424805
train/actor_loss,7023,1786469505.188521,22.150392532348633
train/actor_loss,7033,1786469505.992020,21.84456443786621
train/actor_loss,7042,1786469511.066096,21.544294357299805
train/actor_loss,7052,1786469511.876455,24.18531608581543
train/actor_loss,7061,1786469512.620415,32.888668060302734
train/actor_loss,7071,1786469513.450758,19.033098220825195
train/actor_loss,7080,1786469514.204617,25.543563842773438
train/actor_loss,7090,1786469515.028297,21.0733585357666
train/actor_loss,7099,1786469515.749374,30.653392791748047
train/actor_loss,7109,1786469516.580587,32.28646469116211
train/actor_loss,7118,1786469517.335035,25.29456329345703
train/actor_loss,7128,1786469518.167409,34.316123962402344
train/actor_loss,7137,1786469518.902831,29.860342025756836
train/actor_loss,7147,1786469519.715194,32.15496063232422
train/actor_loss,7156,1786469520.463670,24.908946990966797
train/actor_loss,7166,1786469521.281710,30.0341796875
train/actor_loss,7175,1786469522.025005,26.901073455810547
train/actor_loss,7185,1786469522.841855,28.410480499267578
train/actor_loss,7194,1786469523.592301,27.92122459411621
train/actor_loss,7204,1786469524.467112,27.87540054321289
train/actor_loss,7213,1786469525.226403,24.301015853881836
train/actor_loss,7223,1786469526.097017,23.44083023071289
train/actor_loss,7232,1786469526.848890,25.80131721496582
train/actor_loss,7242,1786469527.691866,20.593778610229492
train/actor_loss,7251,1786469528.449086,31.212186813354492
train/actor_loss,7261,1786469529.275139,23.52218246459961
train/actor_loss,7270,1786469530.029438,26.650142669677734
train/actor_loss,7280,1786469530.837198,26.549734115600586
train/actor_loss,7289,1786469531.602388,21.472442626953125
train/actor_loss,7299,1786469532.432171,28.995922088623047
train/actor_loss,7308,1786469533.163484,22.69710922241211
train/actor_loss,7318,1786469533.972655,24.2324161529541
train/actor_loss,7327,1786469534.700983,14.217042922973633
train/actor_loss,7337,1786469535.511333,20.622236251831055
train/actor_loss,7346,1786469536.247904,29.918094635009766
train/actor_loss,7356,1786469537.103283,26.455833435058594
train/actor_loss,7365,1786469537.868637,35.398807525634766
train/actor_loss,7375,1786469538.699359,17.95568084716797
train/actor_loss,7384,1786469539.436869,20.055910110473633
train/actor_loss,7394,1786469540.285042,26.694860458374023
train/actor_loss,7403,1786469541.028303,32.772342681884766
train/actor_loss,7413,1786469541.842226,22.70520782470703
train/actor_loss,7422,1786469542.575819,25.419878005981445
train/actor_loss,7432,1786469543.396532,22.583984375
train/actor_loss,7441,1786469544.159750,25.109500885009766
train/actor_loss,7451,1786469544.986704,32.232337951660156
train/actor_loss,7460,1786469545.738485,24.597196578979492
train/actor_loss,7470,1786469546.574642,18.6195125579834
train/actor_loss,7479,1786469547.349274,22.49700164794922
train/actor_loss,7489,1786469548.180896,21.649843215942383
train/actor_loss,7498,1786469548.912965,17.999074935913086
train/actor_loss,7508,1786469549.742904,32.891021728515625
train/actor_loss,7518,1786469550.586690,27.73188018798828
train/actor_loss,7527,1786469551.350743,31.133583068847656
train/actor_loss,7537,1786469556.851279,18.010581970214844
train/actor_loss,7546,1786469557.498379,17.794042587280273
train/actor_loss,7556,1786469558.312952,19.599287033081055
train/actor_loss,7565,1786469559.061002,21.033227920532227
train/actor_loss,7575,1786469559.880612,25.902225494384766
train/actor_loss,7584,1786469560.613267,23.70781707763672
train/actor_loss,7594,1786469561.424602,25.200693130493164
train/actor_loss,7603,1786469562.153718,17.64362144470215
train/actor_loss,7613,1786469562.952039,21.201942443847656
train/actor_loss,7622,1786469563.697480,22.01091766357422
train/actor_loss,7632,1786469564.544097,28.728450775146484
train/actor_loss,7641,1786469565.286647,23.31160545349121
train/actor_loss,7651,1786469566.126756,25.0213623046875
train/actor_loss,7660,1786469566.871485,24.909564971923828
train/actor_loss,7670,1786469567.681010,28.509653091430664
train/actor_loss,7679,1786469568.400707,21.84004783630371
train/actor_loss,7689,1786469569.196874,21.238525390625
train/actor_loss,7698,1786469569.921141,30.90176773071289
train/actor_loss,7708,1786469570.732928,27.142499923706055
train/actor_loss,7717,1786469571.471529,22.535547256469727
train/actor_loss,7727,1786469572.288154,11.529162406921387
train/actor_loss,7736,1786469573.027385,24.248104095458984
train/actor_loss,7746,1786469573.856749,29.329463958740234
train/actor_loss,7755,1786469574.605696,28.69977569580078
train/actor_loss,7765,1786469575.443005,19.151235580444336
train/actor_loss,7774,1786469576.192211,27.616201400756836
train/actor_loss,7784,1786469577.035797,20.765880584716797
train/actor_loss,7793,1786469577.781117,19.503686904907227
train/actor_loss,7803,1786469578.605473,21.921207427978516
train/actor_loss,7812,1786469579.353972,22.955751419067383
train/actor_loss,7822,1786469580.187603,22.81316375732422
train/actor_loss,7831,1786469580.936109,29.372037887573242
train/actor_loss,7841,1786469581.744747,24.68570899963379
train/actor_loss,7850,1786469582.479065,29.7590274810791
train/actor_loss,7860,1786469583.296301,23.86695671081543
train/actor_loss,7869,1786469584.032962,27.19748878479004
train/actor_loss,7879,1786469584.852612,25.229169845581055
train/actor_loss,7888,1786469585.595128,20.67820930480957
train/actor_loss,7898,1786469586.420468,30.79319190979004
train/actor_loss,7907,1786469587.163008,23.04315185546875
train/actor_loss,7917,1786469587.977765,31.26003074645996
train/actor_loss,7926,1786469588.701086,22.866859436035156
train/actor_loss,7936,1786469589.504090,27.193395614624023
train/actor_loss,7945,1786469590.227307,33.752647399902344
train/actor_loss,7955,1786469591.027361,31.199541091918945
train/actor_loss,7964,1786469591.747523,22.620595932006836
train/actor_loss,7974,1786469592.550939,30.030052185058594
train/actor_loss,7983,1786469593.280924,26.200693130493164
train/actor_loss,7993,1786469594.079389,29.44182014465332
train/actor_loss,8003,1786469595.270416,25.330280303955078
train/actor_loss,8012,1786469595.956144,26.988414764404297
train/actor_loss,8022,1786469596.765280,20.963863372802734
train/actor_loss,8031,1786469597.474570,29.18004608154297
train/actor_loss,8041,1786469602.649079,24.843095779418945
train/actor_loss,8050,1786469603.355926,18.563894271850586
train/actor_loss,8060,1786469604.142354,32.68360900878906
train/actor_loss,8069,1786469604.846662,29.43446159362793
train/actor_loss,8079,1786469605.630857,34.61505126953125
train/actor_loss,8088,1786469606.336635,24.515438079833984
train/actor_loss,8098,1786469607.120453,20.295623779296875
train/actor_loss,8107,1786469607.830801,31.383007049560547
train/actor_loss,8117,1786469608.637105,36.25334930419922
train/actor_loss,8126,1786469609.339514,20.279226303100586
train/actor_loss,8136,1786469610.139565,32.91117858886719
train/actor_loss,8145,1786469610.856587,30.09212303161621
train/actor_loss,8155,1786469611.648774,30.067480087280273
train/actor_loss,8164,1786469612.354843,21.022037506103516
train/actor_loss,8174,1786469613.142467,25.359193801879883
train/actor_loss,8183,1786469613.849074,30.01542091369629
train/actor_loss,8193,1786469614.635368,28.584848403930664
train/actor_loss,8202,1786469615.348616,32.40937423706055
train/actor_loss,8212,1786469616.136466,31.909208297729492
train/actor_loss,8221,1786469616.849477,31.170438766479492
train/actor_loss,8231,1786469617.640894,31.1163330078125
train/actor_loss,8240,1786469618.353329,19.496740341186523
train/actor_loss,8250,1786469619.141752,32.92950439453125
train/actor_loss,8259,1786469619.854074,37.066368103027344
train/actor_loss,8269,1786469620.648713,31.5607852935791
train/actor_loss,8278,1786469621.365368,29.90296745300293
train/actor_loss,8288,1786469622.174743,30.8886661529541
train/actor_loss,8297,1786469622.878489,35.109397888183594
train/actor_loss,8307,1786469623.674373,29.03945541381836
train/actor_loss,8316,1786469624.389330,39.0601692199707
train/actor_loss,8326,1786469625.189579,27.902000427246094
train/actor_loss,8335,1786469625.908527,39.540367126464844
train/actor_loss,8345,1786469626.706377,32.634281158447266
train/actor_loss,8354,1786469627.425876,34.469356536865234
train/actor_loss,8364,1786469628.223798,26.389692306518555
train/actor_loss,8373,1786469628.940096,38.26187515258789
train/actor_loss,8383,1786469629.736990,37.94674301147461
train/actor_loss,8392,1786469630.457183,41.43288803100586
train/actor_loss,8402,1786469631.270426,30.962282180786133
train/actor_loss,8411,1786469631.999723,27.02635383605957
train/actor_loss,8421,1786469632.813997,40.70469284057617
train/actor_loss,8430,1786469633.532936,35.018192291259766
train/actor_loss,8440,1786469634.333935,38.78207778930664
train/actor_loss,8449,1786469635.051179,29.761125564575195
train/actor_loss,8459,1786469635.849416,32.076576232910156
train/actor_loss,8468,1786469636.566961,32.399173736572266
train/actor_loss,8478,1786469637.370847,37.27191162109375
train/actor_loss,8487,1786469638.090753,54.834842681884766
train/actor_loss,8497,1786469638.893514,34.44934844970703
train/actor_loss,8507,1786469639.697197,27.73921775817871
train/actor_loss,8516,1786469640.409671,40.603118896484375
train/actor_loss,8526,1786469641.209353,28.809486389160156
train/actor_loss,8535,1786469641.926581,34.240989685058594
train/actor_loss,8545,1786469647.133909,34.03594970703125
train/actor_loss,8554,1786469647.852840,28.44268798828125
train/actor_loss,8564,1786469648.645589,35.183937072753906
train/actor_loss,8573,1786469649.368538,40.94295120239258
train/actor_loss,8583,1786469650.176309,36.96905517578125
train/actor_loss,8592,1786469650.917734,42.19186782836914
train/actor_loss,8602,1786469651.735469,47.13679504394531
train/actor_loss,8611,1786469652.474022,30.535072326660156
train/actor_loss,8621,1786469653.303242,33.756858825683594
train/actor_loss,8630,1786469654.056893,31.051876068115234
train/actor_loss,8640,1786469654.881577,27.334630966186523
train/actor_loss,8649,1786469655.625258,29.640932083129883
train/actor_loss,8659,1786469656.452003,33.889564514160156
train/actor_loss,8668,1786469657.198040,35.85390090942383
train/actor_loss,8678,1786469658.027168,35.27866744995117
train/actor_loss,8687,1786469658.760497,35.42728042602539
train/actor_loss,8697,1786469659.564737,30.76532554626465
train/actor_loss,8706,1786469660.286731,34.499664306640625
train/actor_loss,8716,1786469661.096416,43.59914779663086
train/actor_loss,8725,1786469661.816815,38.8469123840332
train/actor_loss,8735,1786469662.627455,41.74077606201172
train/actor_loss,8744,1786469663.352808,38.006439208984375
train/actor_loss,8754,1786469664.165973,34.01939010620117
train/actor_loss,8763,1786469664.903279,40.65865707397461
train/actor_loss,8773,1786469665.713099,34.287044525146484
train/actor_loss,8782,1786469666.443204,35.23797607421875
train/actor_loss,8792,1786469667.252019,51.06615447998047
train/actor_loss,8801,1786469667.981431,35.47146224975586
train/actor_loss,8811,1786469668.788211,33.397727966308594
train/actor_loss,8820,1786469669.521979,30.829242706298828
train/actor_loss,8830,1786469670.343112,35.397403717041016
train/actor_loss,8839,1786469671.074486,38.19919204711914
train/actor_loss,8849,1786469671.897821,27.40117645263672
train/actor_loss,8858,1786469672.630688,45.86075973510742
train/actor_loss,8868,1786469673.445297,29.03047752380371
train/actor_loss,8877,1786469674.180261,35.73463439941406
train/actor_loss,8887,1786469674.993332,37.644447326660156
train/actor_loss,8896,1786469675.728126,40.14121627807617
train/actor_loss,8906,1786469676.544276,32.7662467956543
train/actor_loss,8915,1786469677.292122,32.15647888183594
train/actor_loss,8925,1786469678.097617,37.66250228881836
train/actor_loss,8934,1786469678.832444,34.43498229980469
train/actor_loss,8944,1786469679.650641,42.99594497680664
train/actor_loss,8953,1786469680.383207,44.64126968383789
train/actor_loss,8963,1786469681.194713,33.999366760253906
train/actor_loss,8972,1786469681.924865,34.87896728515625
train/actor_loss,8982,1786469682.730270,32.24591827392578
train/actor_loss,8991,1786469683.455696,34.03091049194336
train/actor_loss,9001,1786469684.262171,44.60249710083008
train/actor_loss,9011,1786469685.080496,30.40326499938965
train/actor_loss,9020,1786469685.792623,47.63471221923828
train/actor_loss,9030,1786469686.600495,27.641319274902344
train/actor_loss,9039,1786469691.749217,33.22294235229492
train/actor_loss,9049,1786469692.556317,37.27587890625
train/actor_loss,9058,1786469693.281270,31.565542221069336
train/actor_loss,9068,1786469694.107108,39.23741912841797
train/actor_loss,9077,1786469694.841120,35.00390625
train/actor_loss,9087,1786469695.657023,34.565826416015625
train/actor_loss,9096,1786469696.391712,34.36381149291992
train/actor_loss,9106,1786469697.210071,43.467674255371094
train/actor_loss,9115,1786469697.950649,34.71202087402344
train/actor_loss,9125,1786469698.774073,36.4138069152832
train/actor_loss,9134,1786469699.512459,38.534812927246094
train/actor_loss,9144,1786469700.332577,30.680246353149414
train/actor_loss,9153,1786469701.071182,31.54830551147461
train/actor_loss,9163,1786469701.897669,40.27758026123047
train/actor_loss,9172,1786469702.647374,45.32781982421875
train/actor_loss,9182,1786469703.474707,34.946868896484375
train/actor_loss,9191,1786469704.213750,39.56404113769531
train/actor_loss,9201,1786469705.060441,32.08967208862305
train/actor_loss,9210,1786469710.457292,34.90446853637695
train/actor_loss,9220,1786469711.173640,31.20417594909668
train/actor_loss,9229,1786469711.897478,37.52104568481445
train/actor_loss,9239,1786469712.692607,34.75944900512695
train/actor_loss,9248,1786469713.416392,40.74533462524414
train/actor_loss,9258,1786469714.224432,41.844154357910156
train/actor_loss,9267,1786469714.948881,45.483211517333984
train/actor_loss,9277,1786469715.759308,36.011322021484375
train/actor_loss,9286,1786469716.484401,33.57395935058594
train/actor_loss,9296,1786469717.292201,39.05951690673828
train/actor_loss,9305,1786469718.019940,36.28934860229492
train/actor_loss,9315,1786469718.828500,39.20763397216797
train/actor_loss,9324,1786469719.552048,37.39337921142578
train/actor_loss,9334,1786469720.361483,26.863344192504883
train/actor_loss,9343,1786469721.081735,35.42311477661133
train/actor_loss,9353,1786469721.888755,38.70506286621094
train/actor_loss,9362,1786469722.614749,31.144210815429688
train/actor_loss,9372,1786469723.418714,36.53327178955078
train/actor_loss,9381,1786469724.143320,37.2394905090332
train/actor_loss,9391,1786469724.954847,36.83377456665039
train/actor_loss,9400,1786469725.699237,41.95114517211914
train/actor_loss,9410,1786469726.514704,29.396015167236328
train/actor_loss,9419,1786469727.252211,31.28780746459961
train/actor_loss,9429,1786469728.083807,30.871829986572266
train/actor_loss,9438,1786469728.833553,34.1030158996582
train/actor_loss,9448,1786469729.677932,29.98859977722168
train/actor_loss,9457,1786469730.428171,42.11852264404297
train/actor_loss,9467,1786469731.274847,37.63552474975586
train/actor_loss,9476,1786469732.033649,31.022117614746094
train/actor_loss,9486,1786469732.879773,32.210784912109375
train/actor_loss,9495,1786469733.636854,30.079647064208984
train/actor_loss,9505,1786469734.476842,29.826505661010742
train/actor_loss,9515,1786469735.314705,29.631351470947266
train/actor_loss,9524,1786469736.061158,30.90785026550293
train/actor_loss,9534,1786469736.885112,30.784934997558594
train/actor_loss,9543,1786469737.620334,37.76496124267578
train/actor_loss,9553,1786469738.434243,32.09128952026367
train/actor_loss,9562,1786469739.170846,36.338558197021484
train/actor_loss,9572,1786469739.989136,31.595184326171875
train/actor_loss,9581,1786469740.717313,30.43563461303711
train/actor_loss,9591,1786469741.534430,38.42778396606445
train/actor_loss,9600,1786469742.269554,33.06916046142578
train/actor_loss,9610,1786469743.078880,42.36048126220703
train/actor_loss,9619,1786469743.806070,27.781049728393555
train/actor_loss,9629,1786469744.613179,26.148481369018555
train/actor_loss,9638,1786469745.343707,38.62627029418945
train/actor_loss,9648,1786469746.141632,30.852636337280273
train/actor_loss,9657,1786469746.859752,26.263540267944336
train/actor_loss,9667,1786469747.661438,29.5137939453125
train/actor_loss,9676,1786469748.387222,32.617122650146484
train/actor_loss,9686,1786469749.184667,32.469539642333984
train/actor_loss,9695,1786469749.910459,32.167362213134766
train/actor_loss,9705,1786469750.710026,26.93056297302246
train/actor_loss,9714,1786469755.846206,27.051734924316406
train/actor_loss,9724,1786469756.648303,35.70451736450195
train/actor_loss,9733,1786469757.367598,31.548152923583984
train/actor_loss,9743,1786469758.154511,28.548017501831055
train/actor_loss,9752,1786469758.869230,34.6911735534668
train/actor_loss,9762,1786469759.665710,29.734086990356445
train/actor_loss,9771,1786469760.383426,25.795045852661133
train/actor_loss,9781,1786469761.179416,37.00852584838867
train/actor_loss,9790,1786469761.892152,36.162357330322266
train/actor_loss,9800,1786469762.692078,35.489681243896484
train/actor_loss,9809,1786469763.409798,32.6773567199707
train/actor_loss,9819,1786469764.211141,28.87888526916504
train/actor_loss,9828,1786469764.930810,33.281490325927734
train/actor_loss,9838,1786469765.727091,25.739215850830078
train/actor_loss,9847,1786469766.447630,33.863807678222656
train/actor_loss,9857,1786469767.250809,27.804473876953125
train/actor_loss,9866,1786469767.973888,43.51763153076172
train/actor_loss,9876,1786469768.779242,41.15692138671875
train/actor_loss,9885,1786469769.513250,32.02204895019531
train/actor_loss,9895,1786469770.329633,24.995389938354492
train/actor_loss,9904,1786469771.037472,27.9940128326416
train/actor_loss,9914,1786469771.831627,40.17433166503906
train/actor_loss,9923,1786469772.547998,34.45711898803711
train/actor_loss,9933,1786469773.347067,40.175559997558594
train/actor_loss,9942,1786469774.072279,38.780853271484375
train/actor_loss,9952,1786469774.881399,35.52223587036133
train/actor_loss,9961,1786469775.617686,34.700565338134766
train/actor_loss,9971,1786469776.439764,37.390159606933594
train/actor_loss,9980,1786469777.173687,32.377925872802734
train/actor_loss,9990,1786469777.979074,28.229679107666016
train/actor_loss,10000,1786469778.784690,40.0912971496582
train/alpha,500,1786468883.384429,0.1999799907207489
train/alpha,509,1786468888.457169,0.1998000591993332
train/alpha,519,1786468889.260982,0.19960016012191772
train/alpha,528,1786468889.984600,0.19942033290863037
train/alpha,538,1786468890.784628,0.1992204636335373
train/alpha,547,1786468891.496172,0.19904102385044098
train/alpha,557,1786468892.286871,0.19884203374385834
train/alpha,566,1786468892.994462,0.1986636370420456
train/alpha,576,1786468893.789238,0.19846504926681519
train/alpha,585,1786468894.500026,0.19828663766384125
train/alpha,595,1786468895.296111,0.19808830320835114
train/alpha,604,1786468896.010629,0.19791020452976227
train/alpha,614,1786468896.805807,0.19771261513233185
train/alpha,623,1786468897.519642,0.1975345015525818
train/alpha,633,1786468898.313990,0.19733673334121704
train/alpha,642,1786468899.041511,0.1971585899591446
train/alpha,652,1786468899.822521,0.19696113467216492
train/alpha,661,1786468900.536836,0.19678349792957306
train/alpha,671,1786468901.331472,0.1965862661600113
train/alpha,680,1786468906.478319,0.1964094489812851
train/alpha,690,1786468907.262057,0.1962132453918457
train/alpha,699,1786468907.971602,0.19603689014911652
train/alpha,709,1786468908.759291,0.19584107398986816
train/alpha,718,1786468909.487448,0.19566544890403748
train/alpha,728,1786468910.294577,0.19547075033187866
train/alpha,737,1786468911.015334,0.19529548287391663
train/alpha,747,1786468911.829393,0.19510166347026825
train/alpha,756,1786468912.557441,0.19492673873901367
train/alpha,766,1786468913.366178,0.19473211467266083
train/alpha,775,1786468914.094927,0.1945573389530182
train/alpha,785,1786468914.904314,0.19436392188072205
train/alpha,794,1786468915.633224,0.19419020414352417
train/alpha,804,1786468916.437248,0.19399718940258026
train/alpha,813,1786468917.172048,0.19382405281066895
train/alpha,823,1786468917.968638,0.1936323344707489
train/alpha,832,1786468918.702068,0.19345992803573608
train/alpha,842,1786468919.505023,0.19326914846897125
train/alpha,851,1786468920.232687,0.19309782981872559
train/alpha,861,1786468921.045061,0.19290834665298462
train/alpha,870,1786468921.774869,0.19273783266544342
train/alpha,880,1786468922.596269,0.19254906475543976
train/alpha,889,1786468923.313415,0.1923786699771881
train/alpha,899,1786468924.127261,0.19218936562538147
train/alpha,908,1786468924.856899,0.19201813638210297
train/alpha,918,1786468925.669499,0.1918286830186844
train/alpha,927,1786468930.827292,0.19165796041488647
train/alpha,937,1786468931.615747,0.19146807491779327
train/alpha,946,1786468932.324287,0.19129782915115356
train/alpha,956,1786468933.114015,0.19111000001430511
train/alpha,965,1786468933.825746,0.19094151258468628
train/alpha,975,1786468934.626712,0.1907532662153244
train/alpha,984,1786468935.350858,0.1905839890241623
train/alpha,994,1786468936.153346,0.19039671123027802
train/alpha,1004,1786468936.952667,0.19021007418632507
train/alpha,1013,1786468937.677874,0.19004163146018982
train/alpha,1023,1786468938.480158,0.18985401093959808
train/alpha,1032,1786468939.201625,0.18968456983566284
train/alpha,1042,1786468939.998155,0.18949821591377258
train/alpha,1051,1786468940.717075,0.1893317848443985
train/alpha,1061,1786468941.519223,0.18914616107940674
train/alpha,1070,1786468942.242260,0.18897902965545654
train/alpha,1080,1786468943.043544,0.18879380822181702
train/alpha,1089,1786468943.760435,0.18862980604171753
train/alpha,1099,1786468944.559523,0.18844595551490784
train/alpha,1108,1786468945.288329,0.1882808655500412
train/alpha,1118,1786468946.082717,0.18809908628463745
train/alpha,1127,1786468946.807838,0.18793565034866333
train/alpha,1137,1786468947.604775,0.18775171041488647
train/alpha,1146,1786468948.322350,0.1875855177640915
train/alpha,1156,1786468949.116494,0.18740224838256836
train/alpha,1165,1786468949.841348,0.18723978102207184
train/alpha,1175,1786468955.059268,0.1870572865009308
train/alpha,1184,1786468955.808433,0.18689274787902832
train/alpha,1194,1786468956.645564,0.1867104470729828
train/alpha,1203,1786468957.401331,0.1865457147359848
train/alpha,1213,1786468958.248086,0.1863628625869751
train/alpha,1222,1786468963.573209,0.18619786202907562
train/alpha,1232,1786468964.366299,0.1860136091709137
train/alpha,1241,1786468965.079701,0.18584811687469482
train/alpha,1251,1786468965.865248,0.185663104057312
train/alpha,1260,1786468966.564492,0.18549570441246033
train/alpha,1270,1786468967.342485,0.18531042337417603
train/alpha,1279,1786468968.046954,0.1851455271244049
train/alpha,1289,1786468973.196245,0.18495973944664001
train/alpha,1298,1786468973.943161,0.18479260802268982
train/alpha,1308,1786468974.735578,0.18460720777511597
train/alpha,1317,1786468975.463578,0.1844390481710434
train/alpha,1327,1786468976.276664,0.18425185978412628
train/alpha,1336,1786468977.004646,0.1840837597846985
train/alpha,1346,1786468977.821087,0.18389835953712463
train/alpha,1355,1786468978.563523,0.18373194336891174
train/alpha,1365,1786468979.461603,0.18354639410972595
train/alpha,1374,1786468980.373178,0.18337978422641754
train/alpha,1384,1786468981.562713,0.18319444358348846
train/alpha,1393,1786468982.590774,0.18302693963050842
train/alpha,1403,1786468983.563718,0.18284070491790771
train/alpha,1412,1786468984.435049,0.18267351388931274
train/alpha,1422,1786468985.383982,0.18248815834522247
train/alpha,1431,1786468986.298266,0.18232125043869019
train/alpha,1441,1786468987.134040,0.1821354180574417
train/alpha,1450,1786468987.887365,0.18196839094161987
train/alpha,1460,1786468988.729468,0.18178310990333557
train/alpha,1469,1786468989.582355,0.18161652982234955
train/alpha,1479,1786468990.493270,0.1814318597316742
train/alpha,1488,1786468991.243850,0.1812663972377777
train/alpha,1498,1786468992.089507,0.18108230829238892
train/alpha,1508,1786468992.920650,0.18089793622493744
train/alpha,1517,1786468993.693151,0.1807321459054947
train/alpha,1527,1786468994.543156,0.18054810166358948
train/alpha,1536,1786468995.329244,0.18038247525691986
train/alpha,1546,1786468996.206347,0.18019942939281464
train/alpha,1555,1786468997.004093,0.18003498017787933
train/alpha,1565,1786468997.854144,0.17985230684280396
train/alpha,1574,1786468998.645744,0.17968831956386566
train/alpha,1584,1786468999.638434,0.1795058399438858
train/alpha,1593,1786469000.529987,0.17934195697307587
train/alpha,1603,1786469001.413861,0.17916016280651093
train/alpha,1612,1786469002.181058,0.17899659276008606
train/alpha,1622,1786469003.134062,0.1788148134946823
train/alpha,1631,1786469003.981437,0.17865170538425446
train/alpha,1641,1786469005.284235,0.17847055196762085
train/alpha,1650,1786469006.292692,0.1783073991537094
train/alpha,1660,1786469007.126210,0.17812690138816833
train/alpha,1669,1786469007.876789,0.17796452343463898
train/alpha,1679,1786469008.710892,0.17778398096561432
train/alpha,1688,1786469009.464033,0.17762170732021332
train/alpha,1698,1786469010.315964,0.17744137346744537
train/alpha,1707,1786469011.227250,0.1772797405719757
train/alpha,1717,1786469012.220630,0.17710070312023163
train/alpha,1726,1786469013.049577,0.17693963646888733
train/alpha,1736,1786469013.895479,0.1767607182264328
train/alpha,1745,1786469014.650205,0.17659972608089447
train/alpha,1755,1786469015.492331,0.17642143368721008
train/alpha,1764,1786469016.603552,0.17626138031482697
train/alpha,1774,1786469017.486898,0.17608317732810974
train/alpha,1783,1786469022.968910,0.17592313885688782
train/alpha,1793,1786469023.730150,0.17574575543403625
train/alpha,1802,1786469024.438472,0.17558613419532776
train/alpha,1812,1786469025.224957,0.17540903389453888
train/alpha,1821,1786469026.468122,0.17524969577789307
train/alpha,1831,1786469033.536415,0.17507262527942657
train/alpha,1840,1786469034.279036,0.17491361498832703
train/alpha,1850,1786469035.092921,0.17473727464675903
train/alpha,1859,1786469035.828291,0.1745787113904953
train/alpha,1869,1786469036.691201,0.1744028627872467
train/alpha,1878,1786469037.429491,0.1742447465658188
train/alpha,1888,1786469038.237498,0.17406922578811646
train/alpha,1897,1786469038.970152,0.17391152679920197
train/alpha,1907,1786469039.785215,0.17373687028884888
train/alpha,1916,1786469040.530492,0.1735800802707672
train/alpha,1926,1786469041.354182,0.1734054982662201
train/alpha,1935,1786469042.095142,0.17324817180633545
train/alpha,1945,1786469042.899009,0.1730736643075943
train/alpha,1954,1786469043.621273,0.17291733622550964
train/alpha,1964,1786469044.431360,0.17274439334869385
train/alpha,1973,1786469045.135344,0.17258858680725098
train/alpha,1983,1786469045.947469,0.17241603136062622
train/alpha,1992,1786469046.682420,0.1722610592842102
train/alpha,2002,1786469047.724246,0.17208853363990784
train/alpha,2012,1786469048.444025,0.1719159185886383
train/alpha,2021,1786469049.190882,0.17176076769828796
train/alpha,2031,1786469054.559463,0.1715880185365677
train/alpha,2040,1786469055.294120,0.1714329719543457
train/alpha,2050,1786469056.115923,0.17126131057739258
train/alpha,2059,1786469056.853657,0.17110666632652283
train/alpha,2069,1786469057.675308,0.17093509435653687
train/alpha,2078,1786469058.413473,0.1707811951637268
train/alpha,2088,1786469059.231819,0.17060959339141846
train/alpha,2097,1786469059.981336,0.1704554557800293
train/alpha,2107,1786469060.825986,0.17028473317623138
train/alpha,2116,1786469061.577264,0.170131653547287
train/alpha,2126,1786469062.420025,0.16996285319328308
train/alpha,2135,1786469063.170948,0.16981108486652374
train/alpha,2145,1786469064.009716,0.16964216530323029
train/alpha,2154,1786469064.765657,0.16948938369750977
train/alpha,2164,1786469065.606733,0.1693194955587387
train/alpha,2173,1786469066.353132,0.16916701197624207
train/alpha,2183,1786469067.186298,0.16899773478507996
train/alpha,2192,1786469067.922553,0.1688453108072281
train/alpha,2202,1786469068.745671,0.16867618262767792
train/alpha,2211,1786469069.489892,0.16852392256259918
train/alpha,2221,1786469070.306909,0.1683548241853714
train/alpha,2230,1786469071.038249,0.16820314526557922
train/alpha,2240,1786469071.853894,0.16803494095802307
train/alpha,2249,1786469072.587045,0.16788336634635925
train/alpha,2259,1786469073.397984,0.16771532595157623
train/alpha,2268,1786469074.124160,0.16756467521190643
train/alpha,2278,1786469074.930123,0.1673979014158249
train/alpha,2287,1786469075.655232,0.1672477424144745
train/alpha,2297,1786469076.461065,0.1670805960893631
train/alpha,2306,1786469077.196500,0.1669309288263321
train/alpha,2316,1786469078.031991,0.16676448285579681
train/alpha,2325,1786469078.784264,0.16661477088928223
train/alpha,2335,1786469079.606360,0.16644877195358276
train/alpha,2344,1786469080.350289,0.16629908978939056
train/alpha,2354,1786469081.176189,0.1661326140165329
train/alpha,2363,1786469081.931207,0.16598330438137054
train/alpha,2373,1786469082.755669,0.16581858694553375
train/alpha,2382,1786469083.499201,0.16567035019397736
train/alpha,2392,1786469084.324433,0.1655050814151764
train/alpha,2401,1786469085.065995,0.16535639762878418
train/alpha,2411,1786469085.881846,0.1651914119720459
train/alpha,2420,1786469086.613183,0.1650436967611313
train/alpha,2430,1786469087.425411,0.16487956047058105
train/alpha,2439,1786469088.160246,0.16473142802715302
train/alpha,2449,1786469088.976434,0.16456884145736694
train/alpha,2458,1786469094.277409,0.1644236445426941
train/alpha,2468,1786469094.972200,0.16426119208335876
train/alpha,2477,1786469095.672361,0.16411426663398743
train/alpha,2487,1786469096.456239,0.1639510989189148
train/alpha,2496,1786469097.164975,0.16380445659160614
train/alpha,2506,1786469097.943184,0.16364267468452454
train/alpha,2516,1786469098.725284,0.16348089277744293
train/alpha,2525,1786469099.431780,0.16333523392677307
train/alpha,2535,1786469100.217103,0.16317331790924072
train/alpha,2544,1786469100.923500,0.16302739083766937
train/alpha,2554,1786469101.709335,0.1628647744655609
train/alpha,2563,1786469102.413746,0.1627187877893448
train/alpha,2573,1786469103.199990,0.16255776584148407
train/alpha,2582,1786469103.909764,0.1624135673046112
train/alpha,2592,1786469104.694281,0.16225272417068481
train/alpha,2601,1786469105.403394,0.16210907697677612
train/alpha,2611,1786469106.194705,0.16194839775562286
train/alpha,2620,1786469106.928574,0.1618034988641739
train/alpha,2630,1786469107.749403,0.16164371371269226
train/alpha,2639,1786469108.481442,0.16149984300136566
train/alpha,2649,1786469109.293663,0.1613403558731079
train/alpha,2658,1786469110.028893,0.1611969769001007
train/alpha,2668,1786469110.847656,0.161037415266037
train/alpha,2677,1786469111.584110,0.1608947366476059
train/alpha,2687,1786469112.399408,0.16073906421661377
train/alpha,2696,1786469113.135502,0.16059936583042145
train/alpha,2706,1786469113.950701,0.16044439375400543
train/alpha,2715,1786469114.693165,0.16030330955982208
train/alpha,2725,1786469115.486224,0.1601456254720688
train/alpha,2734,1786469116.213302,0.16000638902187347
train/alpha,2744,1786469117.023184,0.1598537266254425
train/alpha,2753,1786469117.760114,0.1597147434949875
train/alpha,2763,1786469118.564437,0.15956096351146698
train/alpha,2772,1786469119.286669,0.15942277014255524
train/alpha,2782,1786469120.099619,0.15926600992679596
train/alpha,2791,1786469120.823197,0.1591264009475708
train/alpha,2801,1786469121.634094,0.1589737981557846
train/alpha,2810,1786469122.362338,0.15883514285087585
train/alpha,2820,1786469123.173438,0.15868443250656128
train/alpha,2829,1786469123.900190,0.1585487276315689
train/alpha,2839,1786469124.713078,0.1583939790725708
train/alpha,2848,1786469125.444363,0.15825417637825012
train/alpha,2858,1786469126.262876,0.15809966623783112
train/alpha,2867,1786469127.001311,0.1579628437757492
train/alpha,2877,1786469127.820623,0.15781210362911224
train/alpha,2886,1786469128.563171,0.1576766073703766
train/alpha,2896,1786469129.383616,0.15752655267715454
train/alpha,2905,1786469130.125082,0.15739329159259796
train/alpha,2915,1786469130.945524,0.15724238753318787
train/alpha,2924,1786469131.685386,0.1571063995361328
train/alpha,2934,1786469132.505323,0.15695501863956451
train/alpha,2943,1786469133.249068,0.1568201631307602
train/alpha,2953,1786469134.064635,0.15667028725147247
train/alpha,2962,1786469139.196652,0.15653452277183533
train/alpha,2972,1786469139.991902,0.15638700127601624
train/alpha,2981,1786469140.702956,0.15625393390655518
train/alpha,2991,1786469141.500094,0.15610408782958984
train/alpha,3001,1786469142.293965,0.1559544801712036
train/alpha,3010,1786469143.015279,0.1558207869529724
train/alpha,3020,1786469143.822072,0.15567472577095032
train/alpha,3029,1786469144.549541,0.15554316341876984
train/alpha,3039,1786469145.353040,0.15539588034152985
train/alpha,3048,1786469146.084388,0.1552642583847046
train/alpha,3058,1786469146.887332,0.15511587262153625
train/alpha,3067,1786469147.613398,0.15498106181621552
train/alpha,3077,1786469148.417693,0.15483294427394867
train/alpha,3086,1786469149.141634,0.15470393002033234
train/alpha,3096,1786469149.947194,0.15455900132656097
train/alpha,3105,1786469150.670221,0.15442602336406708
train/alpha,3115,1786469151.479247,0.15428221225738525
train/alpha,3124,1786469152.213211,0.1541539430618286
train/alpha,3134,1786469153.013540,0.15401169657707214
train/alpha,3143,1786469153.752481,0.15388226509094238
train/alpha,3153,1786469154.560021,0.15373560786247253
train/alpha,3162,1786469155.291757,0.1536037027835846
train/alpha,3172,1786469156.109680,0.15345928072929382
train/alpha,3181,1786469156.834073,0.1533287912607193
train/alpha,3191,1786469157.644590,0.15318430960178375
train/alpha,3200,1786469158.363797,0.15305468440055847
train/alpha,3210,1786469159.165087,0.15290839970111847
train/alpha,3219,1786469159.889106,0.1527763158082962
train/alpha,3229,1786469160.689723,0.15262961387634277
train/alpha,3238,1786469161.415883,0.15249888598918915
train/alpha,3248,1786469162.222458,0.15235468745231628
train/alpha,3257,1786469162.947357,0.1522255390882492
train/alpha,3267,1786469168.119412,0.1520819067955017
train/alpha,3276,1786469168.830206,0.1519525945186615
train/alpha,3286,1786469169.621516,0.1518082618713379
train/alpha,3295,1786469170.331101,0.15168000757694244
train/alpha,3305,1786469171.117878,0.15154045820236206
train/alpha,3314,1786469171.826348,0.15141457319259644
train/alpha,3324,1786469172.602750,0.15127168595790863
train/alpha,3333,1786469173.302517,0.1511422097682953
train/alpha,3343,1786469174.079316,0.1509988009929657
train/alpha,3352,1786469174.781357,0.15086980164051056
train/alpha,3362,1786469175.556274,0.15072683990001678
train/alpha,3371,1786469176.253190,0.15060016512870789
train/alpha,3381,1786469177.026458,0.15045975148677826
train/alpha,3390,1786469177.730042,0.1503351479768753
train/alpha,3400,1786469178.512758,0.15019407868385315
train/alpha,3409,1786469179.227140,0.1500638723373413
train/alpha,3419,1786469180.018716,0.14992043375968933
train/alpha,3428,1786469180.725455,0.14979346096515656
train/alpha,3438,1786469181.534114,0.14965105056762695
train/alpha,3447,1786469182.248357,0.14952132105827332
train/alpha,3457,1786469183.055102,0.14937955141067505
train/alpha,3466,1786469183.782813,0.14925214648246765
train/alpha,3476,1786469184.590071,0.14911091327667236
train/alpha,3485,1786469185.316215,0.14898154139518738
train/alpha,3495,1786469186.125120,0.14883972704410553
train/alpha,3505,1786469186.928241,0.14869964122772217
train/alpha,3514,1786469187.653165,0.14857344329357147
train/alpha,3524,1786469188.455116,0.14843440055847168
train/alpha,3533,1786469189.177248,0.1483071893453598
train/alpha,3543,1786469189.981765,0.148164302110672
train/alpha,3552,1786469190.702379,0.14803996682167053
train/alpha,3562,1786469191.508015,0.1479015350341797
train/alpha,3571,1786469192.230157,0.14777392148971558
train/alpha,3581,1786469193.029389,0.14763332903385162
train/alpha,3590,1786469193.757174,0.14750929176807404
train/alpha,3600,1786469194.558648,0.14737139642238617
train/alpha,3609,1786469195.278919,0.14724619686603546
train/alpha,3619,1786469196.079450,0.14710570871829987
train/alpha,3628,1786469196.796358,0.14698101580142975
train/alpha,3638,1786469197.597350,0.14684520661830902
train/alpha,3647,1786469198.314588,0.14672577381134033
train/alpha,3657,1786469199.112674,0.14658936858177185
train/alpha,3666,1786469199.828319,0.14646470546722412
train/alpha,3676,1786469200.623638,0.14632712304592133
train/alpha,3685,1786469201.341351,0.14620420336723328
train/alpha,3695,1786469202.142341,0.14606577157974243
train/alpha,3704,1786469202.853480,0.14594149589538574
train/alpha,3714,1786469203.649694,0.14580699801445007
train/alpha,3723,1786469204.352325,0.14568641781806946
train/alpha,3733,1786469205.140039,0.14555306732654572
train/alpha,3742,1786469205.851347,0.145431250333786
train/alpha,3752,1786469206.639113,0.14529424905776978
train/alpha,3761,1786469211.724989,0.14517450332641602
train/alpha,3771,1786469212.538868,0.14504267275333405
train/alpha,3780,1786469213.262555,0.14491857588291168
train/alpha,3790,1786469214.074244,0.14478211104869843
train/alpha,3799,1786469214.790269,0.14466165006160736
train/alpha,3809,1786469215.593445,0.14452600479125977
train/alpha,3818,1786469216.319727,0.14440511167049408
train/alpha,3828,1786469217.128100,0.14426836371421814
train/alpha,3837,1786469217.865318,0.1441461145877838
train/alpha,3847,1786469218.675039,0.14401088654994965
train/alpha,3856,1786469219.406523,0.1438899040222168
train/alpha,3866,1786469220.222229,0.14375601708889008
train/alpha,3875,1786469220.951882,0.1436341255903244
train/alpha,3885,1786469221.773986,0.1435001939535141
train/alpha,3894,1786469222.513661,0.14338447153568268
train/alpha,3904,1786469223.338330,0.14325544238090515
train/alpha,3913,1786469224.080840,0.14313554763793945
train/alpha,3923,1786469224.905075,0.14300274848937988
train/alpha,3932,1786469225.653507,0.14288906753063202
train/alpha,3942,1786469226.480315,0.1427641063928604
train/alpha,3951,1786469227.222470,0.14264808595180511
train/alpha,3961,1786469228.055052,0.14251787960529327
train/alpha,3970,1786469228.795919,0.1424010843038559
train/alpha,3980,1786469229.629039,0.1422729343175888
train/alpha,3989,1786469230.372076,0.14215974509716034
train/alpha,3999,1786469231.192399,0.14203114807605743
train/alpha,4009,1786469232.174459,0.14190290868282318
train/alpha,4018,1786469232.912625,0.14178486168384552
train/alpha,4028,1786469233.721927,0.1416541039943695
train/alpha,4037,1786469234.455613,0.1415383219718933
train/alpha,4047,1786469235.269767,0.14141136407852173
train/alpha,4056,1786469236.004171,0.14129823446273804
train/alpha,4066,1786469236.816216,0.14117027819156647
train/alpha,4075,1786469237.546728,0.1410541981458664
train/alpha,4085,1786469238.355105,0.14092740416526794
train/alpha,4094,1786469239.080703,0.14081241190433502
train/alpha,4104,1786469239.896244,0.14068472385406494
train/alpha,4113,1786469240.630163,0.14057056605815887
train/alpha,4123,1786469241.452688,0.14044323563575745
train/alpha,4132,1786469242.171893,0.14032846689224243
train/alpha,4142,1786469242.983185,0.1402037888765335
train/alpha,4151,1786469243.705876,0.1400887668132782
train/alpha,4161,1786469244.511256,0.13996262848377228
train/alpha,4170,1786469245.237384,0.13985297083854675
train/alpha,4180,1786469246.044530,0.13973291218280792
train/alpha,4189,1786469246.765066,0.1396220624446869
train/alpha,4199,1786469247.558126,0.13949722051620483
train/alpha,4208,1786469248.272146,0.13938461244106293
train/alpha,4218,1786469249.063007,0.13926252722740173
train/alpha,4227,1786469249.780672,0.1391514241695404
train/alpha,4237,1786469250.567942,0.13902783393859863
train/alpha,4246,1786469251.283608,0.1389169842004776
train/alpha,4256,1786469252.072742,0.138794407248497
train/alpha,4265,1786469257.153498,0.138681098818779
train/alpha,4275,1786469257.958797,0.13855284452438354
train/alpha,4284,1786469258.679444,0.13844017684459686
train/alpha,4294,1786469259.483301,0.13831162452697754
train/alpha,4303,1786469260.204052,0.13819749653339386
train/alpha,4313,1786469260.990916,0.13807469606399536
train/alpha,4322,1786469261.709473,0.13796228170394897
train/alpha,4332,1786469262.517904,0.13783639669418335
train/alpha,4341,1786469263.243582,0.13772401213645935
train/alpha,4351,1786469264.047425,0.13759708404541016
train/alpha,4360,1786469264.766379,0.13748197257518768
train/alpha,4370,1786469265.569424,0.13735593855381012
train/alpha,4379,1786469266.280724,0.13724401593208313
train/alpha,4389,1786469267.073148,0.13711805641651154
train/alpha,4398,1786469267.788620,0.13700485229492188
train/alpha,4408,1786469268.585417,0.1368795484304428
train/alpha,4417,1786469269.297035,0.1367662250995636
train/alpha,4427,1786469270.096834,0.1366373747587204
train/alpha,4436,1786469270.828942,0.13652028143405914
train/alpha,4446,1786469271.639345,0.13639181852340698
train/alpha,4455,1786469272.371858,0.1362767368555069
train/alpha,4465,1786469273.193797,0.13615085184574127
train/alpha,4474,1786469273.923227,0.13603611290454865
train/alpha,4484,1786469274.738961,0.13590788841247559
train/alpha,4493,1786469275.481778,0.13579148054122925
train/alpha,4503,1786469276.316402,0.13566312193870544
train/alpha,4513,1786469277.146724,0.1355331987142563
train/alpha,4522,1786469277.893662,0.13541701436042786
train/alpha,4532,1786469278.721843,0.13528867065906525
train/alpha,4541,1786469279.470729,0.1351747214794159
train/alpha,4551,1786469280.302247,0.13505038619041443
train/alpha,4560,1786469281.051059,0.13493667542934418
train/alpha,4570,1786469281.882655,0.13481032848358154
train/alpha,4579,1786469282.628399,0.13469752669334412
train/alpha,4589,1786469283.462038,0.13457082211971283
train/alpha,4598,1786469284.211166,0.13445580005645752
train/alpha,4608,1786469285.040335,0.1343279480934143
train/alpha,4617,1786469285.785126,0.134212926030159
train/alpha,4627,1786469286.612048,0.13408426940441132
train/alpha,4636,1786469287.352361,0.13396906852722168
train/alpha,4646,1786469288.178099,0.1338406652212143
train/alpha,4655,1786469288.920761,0.13372410833835602
train/alpha,4665,1786469289.755276,0.13359661400318146
train/alpha,4674,1786469290.497852,0.13348402082920074
train/alpha,4684,1786469291.330132,0.13335783779621124
train/alpha,4693,1786469292.078487,0.13324257731437683
train/alpha,4703,1786469292.912648,0.13311505317687988
train/alpha,4712,1786469293.666201,0.1329989731311798
train/alpha,4722,1786469294.499917,0.1328735053539276
train/alpha,4731,1786469295.253866,0.13275912404060364
train/alpha,4741,1786469296.081799,0.13263197243213654
train/alpha,4750,1786469296.827351,0.13251757621765137
train/alpha,4760,1786469302.126903,0.1323898434638977
train/alpha,4769,1786469302.842337,0.13227680325508118
train/alpha,4779,1786469303.623221,0.13215142488479614
train/alpha,4788,1786469304.334137,0.13203641772270203
train/alpha,4798,1786469305.124681,0.13190791010856628
train/alpha,4807,1786469305.828613,0.13179242610931396
train/alpha,4817,1786469306.610892,0.1316676139831543
train/alpha,4826,1786469307.320920,0.13155393302440643
train/alpha,4836,1786469308.110355,0.131429061293602
train/alpha,4845,1786469308.824317,0.13131776452064514
train/alpha,4855,1786469309.618247,0.13119350373744965
train/alpha,4864,1786469310.321645,0.131082221865654
train/alpha,4874,1786469311.109472,0.13095596432685852
train/alpha,4883,1786469311.822002,0.13084205985069275
train/alpha,4893,1786469312.609424,0.13071830570697784
train/alpha,4902,1786469313.319829,0.13060671091079712
train/alpha,4912,1786469314.121442,0.13048124313354492
train/alpha,4921,1786469314.843888,0.13036909699440002
train/alpha,4931,1786469315.655451,0.13024547696113586
train/alpha,4940,1786469316.390534,0.13013367354869843
train/alpha,4950,1786469317.197381,0.13000720739364624
train/alpha,4959,1786469317.926647,0.129893958568573
train/alpha,4969,1786469318.735335,0.12976934015750885
train/alpha,4978,1786469319.464718,0.12965650856494904
train/alpha,4988,1786469320.271323,0.1295303851366043
train/alpha,4997,1786469320.996988,0.12941773235797882
train/alpha,5007,1786469321.799114,0.12929333746433258
train/alpha,5017,1786469322.606347,0.12916941940784454
train/alpha,5026,1786469323.337348,0.12905709445476532
train/alpha,5036,1786469324.139204,0.1289316713809967
train/alpha,5045,1786469324.865916,0.12882085144519806
train/alpha,5055,1786469325.679592,0.12869617342948914
train/alpha,5064,1786469326.403383,0.1285826414823532
train/alpha,5074,1786469327.212160,0.12845808267593384
train/alpha,5083,1786469327.947961,0.12834583222866058
train/alpha,5093,1786469328.754087,0.12822015583515167
train/alpha,5102,1786469329.482378,0.12810763716697693
train/alpha,5112,1786469330.294624,0.12798336148262024
train/alpha,5121,1786469331.023744,0.12787097692489624
train/alpha,5131,1786469331.833339,0.12774579226970673
train/alpha,5140,1786469332.560953,0.1276361346244812
train/alpha,5150,1786469333.374939,0.12751351296901703
train/alpha,5159,1786469334.108914,0.12740345299243927
train/alpha,5169,1786469334.915901,0.1272813081741333
train/alpha,5178,1786469335.646934,0.1271693855524063
train/alpha,5188,1786469336.456059,0.12704454362392426
train/alpha,5197,1786469337.184622,0.1269337385892868
train/alpha,5207,1786469337.993158,0.12681293487548828
train/alpha,5216,1786469338.718700,0.12670429050922394
train/alpha,5226,1786469339.527362,0.1265825480222702
train/alpha,5235,1786469340.255650,0.12647587060928345
train/alpha,5245,1786469341.056846,0.12635603547096252
train/alpha,5254,1786469341.783840,0.1262449324131012
train/alpha,5264,1786469347.005319,0.12612317502498627
train/alpha,5273,1786469347.709487,0.12601643800735474
train/alpha,5283,1786469348.495068,0.1258949339389801
train/alpha,5292,1786469349.207667,0.12578584253787994
train/alpha,5302,1786469349.996169,0.12567053735256195
train/alpha,5311,1786469350.703391,0.12556692957878113
train/alpha,5321,1786469351.491305,0.12544992566108704
train/alpha,5330,1786469352.211221,0.12534400820732117
train/alpha,5340,1786469353.022605,0.12522736191749573
train/alpha,5349,1786469353.752149,0.1251215636730194
train/alpha,5359,1786469354.560099,0.12500283122062683
train/alpha,5368,1786469355.280746,0.12489651143550873
train/alpha,5378,1786469356.089946,0.12478073686361313
train/alpha,5387,1786469356.798372,0.124676413834095
train/alpha,5397,1786469357.591255,0.12455984950065613
train/alpha,5406,1786469358.313049,0.12445369362831116
train/alpha,5416,1786469359.119906,0.12433497607707977
train/alpha,5425,1786469359.830156,0.12422702461481094
train/alpha,5435,1786469360.641676,0.12410778552293777
train/alpha,5444,1786469361.374700,0.12400195747613907
train/alpha,5454,1786469362.190489,0.12388420104980469
train/alpha,5463,1786469362.918517,0.12377894669771194
train/alpha,5473,1786469363.722810,0.12366373091936111
train/alpha,5482,1786469364.450865,0.12355805188417435
train/alpha,5492,1786469365.255873,0.12343815714120865
train/alpha,5502,1786469366.065336,0.12332060933113098
train/alpha,5511,1786469366.784658,0.12321659177541733
train/alpha,5521,1786469367.595162,0.12309964746236801
train/alpha,5530,1786469368.317127,0.12299564480781555
train/alpha,5540,1786469369.118612,0.1228795126080513
train/alpha,5549,1786469369.843734,0.12277567386627197
train/alpha,5559,1786469370.643705,0.12266024947166443
train/alpha,5568,1786469371.365345,0.12255749851465225
train/alpha,5578,1786469372.166297,0.12244335561990738
train/alpha,5587,1786469372.885290,0.12234023213386536
train/alpha,5597,1786469373.691323,0.12222247570753098
train/alpha,5606,1786469374.408902,0.1221189945936203
train/alpha,5616,1786469375.210030,0.12200447916984558
train/alpha,5625,1786469375.932678,0.1219019889831543
train/alpha,5635,1786469376.738945,0.12178985029459
train/alpha,5644,1786469377.468333,0.1216878890991211
train/alpha,5654,1786469378.262666,0.12157267332077026
train/alpha,5663,1786469378.984374,0.12147083133459091
train/alpha,5673,1786469379.783903,0.1213584616780281
train/alpha,5682,1786469380.512726,0.12125679850578308
train/alpha,5692,1786469381.330171,0.12114424258470535
train/alpha,5701,1786469382.050678,0.12104310840368271
train/alpha,5711,1786469382.849677,0.12093053013086319
train/alpha,5720,1786469383.573903,0.12082904577255249
train/alpha,5730,1786469384.369364,0.12071560323238373
train/alpha,5739,1786469385.087338,0.12061439454555511
train/alpha,5749,1786469385.885685,0.12050294876098633
train/alpha,5758,1786469391.011797,0.12040425091981888
train/alpha,5768,1786469391.740344,0.12029435485601425
train/alpha,5777,1786469392.457714,0.12019674479961395
train/alpha,5787,1786469393.242764,0.12008628249168396
train/alpha,5796,1786469393.952567,0.11998552083969116
train/alpha,5806,1786469394.731908,0.11987365782260895
train/alpha,5815,1786469395.444345,0.11977513134479523
train/alpha,5825,1786469396.230242,0.11966534703969955
train/alpha,5834,1786469396.939093,0.1195656806230545
train/alpha,5844,1786469397.727574,0.11945383995771408
train/alpha,5853,1786469398.437331,0.119353748857975
train/alpha,5863,1786469399.226017,0.11924401670694351
train/alpha,5872,1786469399.931375,0.11914744228124619
train/alpha,5882,1786469400.717277,0.11903940886259079
train/alpha,5891,1786469401.426038,0.11894173175096512
train/alpha,5901,1786469402.218099,0.1188339963555336
train/alpha,5910,1786469402.934747,0.11873602867126465
train/alpha,5920,1786469403.740826,0.1186264380812645
train/alpha,5929,1786469408.856359,0.11852918565273285
train/alpha,5939,1786469409.654137,0.11841882765293121
train/alpha,5948,1786469410.363215,0.1183227002620697
train/alpha,5958,1786469411.154464,0.11821532994508743
train/alpha,5967,1786469411.866445,0.11811841279268265
train/alpha,5977,1786469412.650293,0.11800993233919144
train/alpha,5986,1786469413.361076,0.11791194975376129
train/alpha,5996,1786469414.154044,0.11780469864606857
train/alpha,6006,1786469415.191672,0.11769604682922363
train/alpha,6015,1786469415.906344,0.11759725958108902
train/alpha,6025,1786469416.705116,0.11748983711004257
train/alpha,6034,1786469417.413638,0.11739195138216019
train/alpha,6044,1786469422.614043,0.1172841340303421
train/alpha,6053,1786469423.331133,0.11719083040952682
train/alpha,6063,1786469424.125536,0.11708414554595947
train/alpha,6072,1786469424.836865,0.1169862300157547
train/alpha,6082,1786469425.626945,0.11688007414340973
train/alpha,6091,1786469426.337199,0.11678142845630646
train/alpha,6101,1786469427.129225,0.11666933447122574
train/alpha,6110,1786469427.846513,0.11656951904296875
train/alpha,6120,1786469428.651381,0.11646304279565811
train/alpha,6129,1786469429.373900,0.11637058854103088
train/alpha,6139,1786469430.176805,0.11626395583152771
train/alpha,6148,1786469430.899621,0.11616822332143784
train/alpha,6158,1786469431.703272,0.1160607859492302
train/alpha,6167,1786469432.424462,0.1159617155790329
train/alpha,6177,1786469433.223843,0.11585373431444168
train/alpha,6186,1786469433.943275,0.11575566232204437
train/alpha,6196,1786469434.743885,0.11565043032169342
train/alpha,6205,1786469435.464746,0.1155582070350647
train/alpha,6215,1786469436.263721,0.1154521033167839
train/alpha,6224,1786469436.987782,0.11535748094320297
train/alpha,6234,1786469437.788539,0.11525411158800125
train/alpha,6243,1786469438.502589,0.11515890806913376
train/alpha,6253,1786469439.294849,0.11505311727523804
train/alpha,6262,1786469440.012192,0.11496002227067947
train/alpha,6272,1786469440.808241,0.114855095744133
train/alpha,6281,1786469441.526323,0.11475778371095657
train/alpha,6291,1786469442.325362,0.11465086042881012
train/alpha,6300,1786469443.040120,0.11455566436052322
train/alpha,6310,1786469443.838204,0.1144498810172081
train/alpha,6319,1786469444.555205,0.11435367912054062
train/alpha,6329,1786469445.351065,0.11424871534109116
train/alpha,6338,1786469446.074674,0.11415444314479828
train/alpha,6348,1786469446.865472,0.11404530704021454
train/alpha,6357,1786469447.576205,0.11394596844911575
train/alpha,6367,1786469448.358830,0.11383935809135437
train/alpha,6376,1786469449.070855,0.1137452945113182
train/alpha,6386,1786469449.862144,0.11364104598760605
train/alpha,6395,1786469450.574962,0.1135474145412445
train/alpha,6405,1786469451.366210,0.11344188451766968
train/alpha,6414,1786469452.084750,0.11334618180990219
train/alpha,6424,1786469452.872448,0.11323852092027664
train/alpha,6433,1786469453.586960,0.11314190179109573
train/alpha,6443,1786469454.377522,0.11303561925888062
train/alpha,6452,1786469455.090443,0.11294009536504745
train/alpha,6462,1786469455.886449,0.11283217370510101
train/alpha,6471,1786469456.602177,0.11273679882287979
train/alpha,6481,1786469457.398968,0.11262975633144379
train/alpha,6490,1786469458.115497,0.11253267526626587
train/alpha,6500,1786469458.908261,0.112424336373806
train/alpha,6510,1786469459.705115,0.11231716722249985
train/alpha,6519,1786469460.420191,0.11222171783447266
train/alpha,6529,1786469461.212699,0.11211471259593964
train/alpha,6538,1786469466.311047,0.11201724410057068
train/alpha,6548,1786469467.062853,0.11191170662641525
train/alpha,6557,1786469467.777102,0.11181691288948059
train/alpha,6567,1786469468.558525,0.11171051859855652
train/alpha,6576,1786469469.266725,0.11161419004201889
train/alpha,6586,1786469470.064135,0.11150846630334854
train/alpha,6595,1786469470.759764,0.11141295731067657
train/alpha,6605,1786469471.547377,0.11130903661251068
train/alpha,6614,1786469472.257851,0.11121539771556854
train/alpha,6624,1786469473.046751,0.11111057549715042
train/alpha,6633,1786469473.760790,0.11101758480072021
train/alpha,6643,1786469474.549508,0.11091376096010208
train/alpha,6652,1786469475.269428,0.11081895232200623
train/alpha,6662,1786469476.064758,0.11071405559778214
train/alpha,6671,1786469476.762751,0.11062122881412506
train/alpha,6681,1786469477.537748,0.11051570624113083
train/alpha,6690,1786469478.234665,0.11042173206806183
train/alpha,6700,1786469479.009816,0.11031587421894073
train/alpha,6709,1786469479.714135,0.11022359132766724
train/alpha,6719,1786469480.506032,0.11012101918458939
train/alpha,6728,1786469481.226852,0.11002656817436218
train/alpha,6738,1786469482.027171,0.10992375761270523
train/alpha,6747,1786469482.762835,0.10983102023601532
train/alpha,6757,1786469483.586929,0.10972614586353302
train/alpha,6766,1786469484.326322,0.10963165014982224
train/alpha,6776,1786469485.148272,0.10952630639076233
train/alpha,6785,1786469485.887367,0.10943286120891571
train/alpha,6795,1786469486.701019,0.10932756215333939
train/alpha,6804,1786469487.436588,0.1092338114976883
train/alpha,6814,1786469488.265577,0.10913307219743729
train/alpha,6823,1786469488.999553,0.10904547572135925
train/alpha,6833,1786469489.814357,0.10894308239221573
train/alpha,6842,1786469490.544531,0.10884879529476166
train/alpha,6852,1786469491.357297,0.10874495655298233
train/alpha,6861,1786469492.076188,0.10865083336830139
train/alpha,6871,1786469492.884507,0.10854746401309967
train/alpha,6880,1786469493.617332,0.10845457762479782
train/alpha,6890,1786469494.428246,0.10835155844688416
train/alpha,6899,1786469495.153730,0.10825859755277634
train/alpha,6909,1786469495.958438,0.10815553367137909
train/alpha,6918,1786469496.680558,0.10806188732385635
train/alpha,6928,1786469497.481405,0.10795947164297104
train/alpha,6937,1786469498.202748,0.10786770284175873
train/alpha,6947,1786469499.028726,0.10776547342538834
train/alpha,6956,1786469499.779487,0.10767409205436707
train/alpha,6966,1786469500.590042,0.107570119202137
train/alpha,6975,1786469501.308265,0.10747842490673065
train/alpha,6985,1786469502.124412,0.10737530142068863
train/alpha,6994,1786469502.843808,0.10728275030851364
train/alpha,7004,1786469503.652621,0.10717926174402237
train/alpha,7014,1786469504.450419,0.10707607120275497
train/alpha,7023,1786469505.188607,0.1069856584072113
train/alpha,7033,1786469505.992100,0.10688475519418716
train/alpha,7042,1786469511.066168,0.10679472982883453
train/alpha,7052,1786469511.876519,0.1066952645778656
train/alpha,7061,1786469512.620481,0.10660370439291
train/alpha,7071,1786469513.450824,0.10650115460157394
train/alpha,7080,1786469514.204699,0.10640998929738998
train/alpha,7090,1786469515.028362,0.10630809515714645
train/alpha,7099,1786469515.749440,0.10621767491102219
train/alpha,7109,1786469516.580683,0.10612067580223083
train/alpha,7118,1786469517.335108,0.10603334754705429
train/alpha,7128,1786469518.167473,0.10593331605195999
train/alpha,7137,1786469518.902901,0.10584614425897598
train/alpha,7147,1786469519.715261,0.10575232654809952
train/alpha,7156,1786469520.463737,0.10566247254610062
train/alpha,7166,1786469521.281781,0.10556352138519287
train/alpha,7175,1786469522.025089,0.10547471046447754
train/alpha,7185,1786469522.841922,0.10537460446357727
train/alpha,7194,1786469523.592369,0.10528690367937088
train/alpha,7204,1786469524.467180,0.10519030690193176
train/alpha,7213,1786469525.226469,0.10510288923978806
train/alpha,7223,1786469526.097081,0.10500776022672653
train/alpha,7232,1786469526.848959,0.10492059588432312
train/alpha,7242,1786469527.691932,0.10482160747051239
train/alpha,7251,1786469528.449224,0.10473325848579407
train/alpha,7261,1786469529.275213,0.10463516414165497
train/alpha,7270,1786469530.029501,0.10454560071229935
train/alpha,7280,1786469530.837267,0.10444613546133041
train/alpha,7289,1786469531.602461,0.10435912013053894
train/alpha,7299,1786469532.432235,0.10426036268472672
train/alpha,7308,1786469533.163555,0.10417210310697556
train/alpha,7318,1786469533.972727,0.1040753647685051
train/alpha,7327,1786469534.701048,0.10398595035076141
train/alpha,7337,1786469535.511398,0.10388640314340591
train/alpha,7346,1786469536.247971,0.1037982627749443
train/alpha,7356,1786469537.103349,0.10370033979415894
train/alpha,7365,1786469537.868701,0.10360976308584213
train/alpha,7375,1786469538.699430,0.10351026058197021
train/alpha,7384,1786469539.436937,0.10342542827129364
train/alpha,7394,1786469540.285111,0.10333112627267838
train/alpha,7403,1786469541.028372,0.10324380546808243
train/alpha,7413,1786469541.842290,0.10314637422561646
train/alpha,7422,1786469542.575887,0.10305814445018768
train/alpha,7432,1786469543.396609,0.10296189785003662
train/alpha,7441,1786469544.159819,0.10287351161241531
train/alpha,7451,1786469544.986778,0.10277613997459412
train/alpha,7460,1786469545.738570,0.10268846154212952
train/alpha,7470,1786469546.574731,0.10259093344211578
train/alpha,7479,1786469547.349345,0.10250356048345566
train/alpha,7489,1786469548.180960,0.10240697115659714
train/alpha,7498,1786469548.913033,0.10232086479663849
train/alpha,7508,1786469549.742974,0.10222423821687698
train/alpha,7518,1786469550.586758,0.10213012248277664
train/alpha,7527,1786469551.350811,0.10204267501831055
train/alpha,7537,1786469556.851419,0.10194742679595947
train/alpha,7546,1786469557.498453,0.1018613651394844
train/alpha,7556,1786469558.313018,0.10176507383584976
train/alpha,7565,1786469559.061069,0.10167912393808365
train/alpha,7575,1786469559.880844,0.10158441215753555
train/alpha,7584,1786469560.613332,0.10149868577718735
train/alpha,7594,1786469561.424671,0.10140208154916763
train/alpha,7603,1786469562.153784,0.10131753981113434
train/alpha,7613,1786469562.952117,0.10122308880090714
train/alpha,7622,1786469563.697555,0.10113655775785446
train/alpha,7632,1786469564.544163,0.10104123502969742
train/alpha,7641,1786469565.286724,0.10095300525426865
train/alpha,7651,1786469566.126825,0.10085846483707428
train/alpha,7660,1786469566.871553,0.10077282041311264
train/alpha,7670,1786469567.681081,0.10067810863256454
train/alpha,7679,1786469568.400772,0.10059304535388947
train/alpha,7689,1786469569.196938,0.10049531608819962
train/alpha,7698,1786469569.921207,0.10040806978940964
train/alpha,7708,1786469570.732997,0.10031312704086304
train/alpha,7717,1786469571.471603,0.10022933036088943
train/alpha,7727,1786469572.288221,0.10013514757156372
train/alpha,7736,1786469573.027451,0.10004819184541702
train/alpha,7746,1786469573.856817,0.09995163232088089
train/alpha,7755,1786469574.605762,0.0998634472489357
train/alpha,7765,1786469575.443073,0.09976787865161896
train/alpha,7774,1786469576.192278,0.0996822789311409
train/alpha,7784,1786469577.035935,0.0995868667960167
train/alpha,7793,1786469577.781186,0.09950108826160431
train/alpha,7803,1786469578.605541,0.09940776228904724
train/alpha,7812,1786469579.354041,0.09932675957679749
train/alpha,7822,1786469580.187677,0.09923229366540909
train/alpha,7831,1786469580.936178,0.0991450771689415
train/alpha,7841,1786469581.744820,0.09905019402503967
train/alpha,7850,1786469582.479132,0.09896795451641083
train/alpha,7860,1786469583.296365,0.09887523949146271
train/alpha,7869,1786469584.033029,0.09879147261381149
train/alpha,7879,1786469584.852680,0.09869908541440964
train/alpha,7888,1786469585.595195,0.09861386567354202
train/alpha,7898,1786469586.420533,0.09852024912834167
train/alpha,7907,1786469587.163072,0.09843706339597702
train/alpha,7917,1786469587.977832,0.09834390878677368
train/alpha,7926,1786469588.701151,0.09826187044382095
train/alpha,7936,1786469589.504156,0.09817038476467133
train/alpha,7945,1786469590.227374,0.0980878695845604
train/alpha,7955,1786469591.027434,0.09799729287624359
train/alpha,7964,1786469591.747598,0.0979144498705864
train/alpha,7974,1786469592.551002,0.0978231281042099
train/alpha,7983,1786469593.280989,0.09774274379014969
train/alpha,7993,1786469594.079464,0.09765458106994629
train/alpha,8003,1786469595.270483,0.0975661426782608
train/alpha,8012,1786469595.956211,0.09748666733503342
train/alpha,8022,1786469596.765346,0.09739892184734344
train/alpha,8031,1786469597.474644,0.09731847047805786
train/alpha,8041,1786469602.649145,0.09722881019115448
train/alpha,8050,1786469603.355993,0.09714953601360321
train/alpha,8060,1786469604.142419,0.09705670177936554
train/alpha,8069,1786469604.846736,0.09697211533784866
train/alpha,8079,1786469605.630926,0.09687907248735428
train/alpha,8088,1786469606.336710,0.09679517894983292
train/alpha,8098,1786469607.120518,0.09670198708772659
train/alpha,8107,1786469607.830866,0.09661763906478882
train/alpha,8117,1786469608.637170,0.09652484953403473
train/alpha,8126,1786469609.339588,0.09644236415624619
train/alpha,8136,1786469610.139641,0.09635323286056519
train/alpha,8145,1786469610.856668,0.09627220034599304
train/alpha,8155,1786469611.648842,0.09618119150400162
train/alpha,8164,1786469612.354909,0.09609933197498322
train/alpha,8174,1786469613.142531,0.09600614756345749
train/alpha,8183,1786469613.849164,0.09592267125844955
train/alpha,8193,1786469614.635437,0.09583207219839096
train/alpha,8202,1786469615.348690,0.09574835002422333
train/alpha,8212,1786469616.136533,0.09565906226634979
train/alpha,8221,1786469616.849543,0.09557845443487167
train/alpha,8231,1786469617.640960,0.09548620879650116
train/alpha,8240,1786469618.353395,0.0954037606716156
train/alpha,8250,1786469619.141825,0.0953129380941391
train/alpha,8259,1786469619.854141,0.09523098170757294
train/alpha,8269,1786469620.648779,0.09514135867357254
train/alpha,8278,1786469621.365433,0.09506186842918396
train/alpha,8288,1786469622.174879,0.09497317671775818
train/alpha,8297,1786469622.878560,0.0948936864733696
train/alpha,8307,1786469623.674441,0.09480641782283783
train/alpha,8316,1786469624.389395,0.09472598135471344
train/alpha,8326,1786469625.189654,0.09463907778263092
train/alpha,8335,1786469625.908607,0.09456220269203186
train/alpha,8345,1786469626.706454,0.09447485953569412
train/alpha,8354,1786469627.425950,0.09439495205879211
train/alpha,8364,1786469628.223876,0.09430785477161407
train/alpha,8373,1786469628.940174,0.09422853589057922
train/alpha,8383,1786469629.737066,0.09413912147283554
train/alpha,8392,1786469630.457261,0.0940578430891037
train/alpha,8402,1786469631.270500,0.093968965113163
train/alpha,8411,1786469631.999799,0.093889020383358
train/alpha,8421,1786469632.814147,0.09380035102367401
train/alpha,8430,1786469633.533009,0.09372233599424362
train/alpha,8440,1786469634.334012,0.09363830834627151
train/alpha,8449,1786469635.051255,0.09356095641851425
train/alpha,8459,1786469635.849492,0.09347476065158844
train/alpha,8468,1786469636.567035,0.09339790791273117
train/alpha,8478,1786469637.370922,0.09330987930297852
train/alpha,8487,1786469638.090833,0.09323116391897202
train/alpha,8497,1786469638.893592,0.0931457057595253
train/alpha,8507,1786469639.697273,0.0930572971701622
train/alpha,8516,1786469640.409750,0.09298098087310791
train/alpha,8526,1786469641.209429,0.09289611876010895
train/alpha,8535,1786469641.926655,0.0928204283118248
train/alpha,8545,1786469647.133984,0.0927366316318512
train/alpha,8554,1786469647.852914,0.09266255050897598
train/alpha,8564,1786469648.645667,0.09257631748914719
train/alpha,8573,1786469649.368617,0.09249897301197052
train/alpha,8583,1786469650.176387,0.09241456538438797
train/alpha,8592,1786469650.917809,0.09233754128217697
train/alpha,8602,1786469651.735544,0.09225346148014069
train/alpha,8611,1786469652.474097,0.09217721968889236
train/alpha,8621,1786469653.303318,0.09209205210208893
train/alpha,8630,1786469654.056966,0.0920139029622078
train/alpha,8640,1786469654.881651,0.09192627668380737
train/alpha,8649,1786469655.625332,0.09184934198856354
train/alpha,8659,1786469656.452075,0.09176415205001831
train/alpha,8668,1786469657.198117,0.09168931096792221
train/alpha,8678,1786469658.027244,0.09160826355218887
train/alpha,8687,1786469658.760576,0.09153182804584503
train/alpha,8697,1786469659.564812,0.09144905209541321
train/alpha,8706,1786469660.286804,0.09137512743473053
train/alpha,8716,1786469661.096496,0.09128882735967636
train/alpha,8725,1786469661.816892,0.09121570736169815
train/alpha,8735,1786469662.627533,0.09113489091396332
train/alpha,8744,1786469663.352882,0.09105949848890305
train/alpha,8754,1786469664.166048,0.09097626060247421
train/alpha,8763,1786469664.903353,0.09090184420347214
train/alpha,8773,1786469665.713175,0.09081896394491196
train/alpha,8782,1786469666.443281,0.09074437618255615
train/alpha,8792,1786469667.252098,0.09066079556941986
train/alpha,8801,1786469667.981509,0.09058509021997452
train/alpha,8811,1786469668.788280,0.09050126373767853
train/alpha,8820,1786469669.522047,0.09042590856552124
train/alpha,8830,1786469670.343178,0.09034494310617447
train/alpha,8839,1786469671.074556,0.09027275443077087
train/alpha,8849,1786469671.897900,0.0901893898844719
train/alpha,8858,1786469672.630754,0.09011218696832657
train/alpha,8868,1786469673.445372,0.09002716839313507
train/alpha,8877,1786469674.180334,0.08994920551776886
train/alpha,8887,1786469674.993408,0.08986369520425797
train/alpha,8896,1786469675.728199,0.08978741616010666
train/alpha,8906,1786469676.544350,0.0897015705704689
train/alpha,8915,1786469677.292196,0.08962439745664597
train/alpha,8925,1786469678.097693,0.0895373672246933
train/alpha,8934,1786469678.832523,0.08946067839860916
train/alpha,8944,1786469679.650716,0.08937763422727585
train/alpha,8953,1786469680.383282,0.08930240571498871
train/alpha,8963,1786469681.194790,0.08921632170677185
train/alpha,8972,1786469681.924943,0.08914051949977875
train/alpha,8982,1786469682.730346,0.08905667811632156
train/alpha,8991,1786469683.455770,0.08897910267114639
train/alpha,9001,1786469684.262245,0.088893823325634
train/alpha,9011,1786469685.080643,0.08880720287561417
train/alpha,9020,1786469685.792698,0.08872925490140915
train/alpha,9030,1786469686.600574,0.08864765614271164
train/alpha,9039,1786469691.749303,0.08857563138008118
train/alpha,9049,1786469692.556393,0.08849263936281204
train/alpha,9058,1786469693.281346,0.08841578662395477
train/alpha,9068,1786469694.107186,0.08832914382219315
train/alpha,9077,1786469694.841203,0.08825236558914185
train/alpha,9087,1786469695.657098,0.08816779404878616
train/alpha,9096,1786469696.391790,0.08809351921081543
train/alpha,9106,1786469697.210140,0.08800891041755676
train/alpha,9115,1786469697.950715,0.08793600648641586
train/alpha,9125,1786469698.774137,0.08785106986761093
train/alpha,9134,1786469699.512527,0.08777407556772232
train/alpha,9144,1786469700.332646,0.08768858015537262
train/alpha,9153,1786469701.071256,0.08761032670736313
train/alpha,9163,1786469701.897745,0.0875261053442955
train/alpha,9172,1786469702.647449,0.08745090663433075
train/alpha,9182,1786469703.474783,0.087368443608284
train/alpha,9191,1786469704.213823,0.08729314804077148
train/alpha,9201,1786469705.060508,0.0872097909450531
train/alpha,9210,1786469710.457369,0.08713362365961075
train/alpha,9220,1786469711.173716,0.0870475322008133
train/alpha,9229,1786469711.897570,0.086971215903759
train/alpha,9239,1786469712.692690,0.08688832074403763
train/alpha,9248,1786469713.416471,0.08681283891201019
train/alpha,9258,1786469714.224508,0.08673044294118881
train/alpha,9267,1786469714.948960,0.0866551399230957
train/alpha,9277,1786469715.759382,0.08657152950763702
train/alpha,9286,1786469716.484477,0.08649490773677826
train/alpha,9296,1786469717.292277,0.08640654385089874
train/alpha,9305,1786469718.020016,0.08632730692625046
train/alpha,9315,1786469718.828584,0.08624345809221268
train/alpha,9324,1786469719.552127,0.08616835623979568
train/alpha,9334,1786469720.361563,0.08608274906873703
train/alpha,9343,1786469721.081809,0.086007259786129
train/alpha,9353,1786469721.888828,0.08592475950717926
train/alpha,9362,1786469722.614827,0.08584829419851303
train/alpha,9372,1786469723.418789,0.08576448261737823
train/alpha,9381,1786469724.143397,0.08568568527698517
train/alpha,9391,1786469724.954925,0.08560044318437576
train/alpha,9400,1786469725.699309,0.08552519232034683
train/alpha,9410,1786469726.514777,0.08544120192527771
train/alpha,9419,1786469727.252290,0.0853666365146637
train/alpha,9429,1786469728.083880,0.08528461307287216
train/alpha,9438,1786469728.833629,0.08521069586277008
train/alpha,9448,1786469729.678006,0.08513084053993225
train/alpha,9457,1786469730.428286,0.08505716174840927
train/alpha,9467,1786469731.274921,0.08497557789087296
train/alpha,9476,1786469732.033721,0.08490214496850967
train/alpha,9486,1786469732.879850,0.08481712639331818
train/alpha,9495,1786469733.636930,0.08473998308181763
train/alpha,9505,1786469734.476916,0.08465399593114853
train/alpha,9515,1786469735.314779,0.08456884324550629
train/alpha,9524,1786469736.061235,0.08449606597423553
train/alpha,9534,1786469736.885186,0.08441516757011414
train/alpha,9543,1786469737.620405,0.08433978259563446
train/alpha,9553,1786469738.434320,0.08425410836935043
train/alpha,9562,1786469739.170922,0.08417997509241104
train/alpha,9572,1786469739.989212,0.08410072326660156
train/alpha,9581,1786469740.717387,0.08402752131223679
train/alpha,9591,1786469741.534508,0.08394652605056763
train/alpha,9600,1786469742.269634,0.0838722437620163
train/alpha,9610,1786469743.078954,0.08379051834344864
train/alpha,9619,1786469743.806147,0.08371637761592865
train/alpha,9629,1786469744.613256,0.08363045006990433
train/alpha,9638,1786469745.343786,0.08355361968278885
train/alpha,9648,1786469746.141707,0.08346850425004959
train/alpha,9657,1786469746.859831,0.08339458703994751
train/alpha,9667,1786469747.661513,0.0833120346069336
train/alpha,9676,1786469748.387340,0.08323827385902405
train/alpha,9686,1786469749.184740,0.0831589475274086
train/alpha,9695,1786469749.910535,0.0830894261598587
train/alpha,9705,1786469750.710103,0.08300967514514923
train/alpha,9714,1786469755.846281,0.08293766528367996
train/alpha,9724,1786469756.648380,0.08285968750715256
train/alpha,9733,1786469757.367675,0.08278729766607285
train/alpha,9743,1786469758.154593,0.08270499110221863
train/alpha,9752,1786469758.869305,0.08263128250837326
train/alpha,9762,1786469759.665786,0.08255010098218918
train/alpha,9771,1786469760.383550,0.08247919380664825
train/alpha,9781,1786469761.179492,0.08239825814962387
train/alpha,9790,1786469761.892227,0.08232589811086655
train/alpha,9800,1786469762.692229,0.08224532008171082
train/alpha,9809,1786469763.409873,0.08217256516218185
train/alpha,9819,1786469764.211218,0.0820913016796112
train/alpha,9828,1786469764.930887,0.08202002942562103
train/alpha,9838,1786469765.727166,0.08194222301244736
train/alpha,9847,1786469766.447705,0.08187086135149002
train/alpha,9857,1786469767.250887,0.08178972452878952
train/alpha,9866,1786469767.973963,0.08171822130680084
train/alpha,9876,1786469768.779320,0.08163906633853912
train/alpha,9885,1786469769.513326,0.08156762272119522
train/alpha,9895,1786469770.329705,0.08148839324712753
train/alpha,9904,1786469771.037550,0.08141636103391647
train/alpha,9914,1786469771.831701,0.08133790642023087
train/alpha,9923,1786469772.548073,0.08126886188983917
train/alpha,9933,1786469773.347142,0.08119159936904907
train/alpha,9942,1786469774.072353,0.0811212882399559
train/alpha,9952,1786469774.881474,0.0810433030128479
train/alpha,9961,1786469775.617759,0.08097334951162338
train/alpha,9971,1786469776.439841,0.08089576661586761
train/alpha,9980,1786469777.173760,0.08082674443721771
train/alpha,9990,1786469777.979150,0.08074885606765747
train/alpha,10000,1786469778.784778,0.08067233860492706
train/alpha_loss,500,1786468883.384422,-5.314532279968262
train/alpha_loss,509,1786468888.457162,-5.301517009735107
train/alpha_loss,519,1786468889.260975,-5.374678611755371
train/alpha_loss,528,1786468889.984592,-5.397925853729248
train/alpha_loss,538,1786468890.784612,-5.388239860534668
train/alpha_loss,547,1786468891.496164,-5.359259605407715
train/alpha_loss,557,1786468892.286864,-5.366990089416504
train/alpha_loss,566,1786468892.994454,-5.313879489898682
train/alpha_loss,576,1786468893.789231,-5.412253379821777
train/alpha_loss,585,1786468894.500019,-5.4597907066345215
train/alpha_loss,595,1786468895.296103,-5.373654842376709
train/alpha_loss,604,1786468896.010622,-5.404410362243652
train/alpha_loss,614,1786468896.805800,-5.441076755523682
train/alpha_loss,623,1786468897.519634,-5.496001243591309
train/alpha_loss,633,1786468898.313983,-5.436873435974121
train/alpha_loss,642,1786468899.041489,-5.3975090980529785
train/alpha_loss,652,1786468899.822514,-5.333617210388184
train/alpha_loss,661,1786468900.536829,-5.495250225067139
train/alpha_loss,671,1786468901.331465,-5.452658653259277
train/alpha_loss,680,1786468906.478312,-5.432548522949219
train/alpha_loss,690,1786468907.262049,-5.42190408706665
train/alpha_loss,699,1786468907.971595,-5.480998516082764
train/alpha_loss,709,1786468908.759284,-5.437767028808594
train/alpha_loss,718,1786468909.487440,-5.449400424957275
train/alpha_loss,728,1786468910.294570,-5.405663967132568
train/alpha_loss,737,1786468911.015324,-5.439689636230469
train/alpha_loss,747,1786468911.829385,-5.54515266418457
train/alpha_loss,756,1786468912.557433,-5.528481483459473
train/alpha_loss,766,1786468913.366171,-5.368762493133545
train/alpha_loss,775,1786468914.094920,-5.458809852600098
train/alpha_loss,785,1786468914.904307,-5.469426155090332
train/alpha_loss,794,1786468915.633216,-5.481332778930664
train/alpha_loss,804,1786468916.437242,-5.448892593383789
train/alpha_loss,813,1786468917.172041,-5.360114097595215
train/alpha_loss,823,1786468917.968630,-5.447585105895996
train/alpha_loss,832,1786468918.702045,-5.341995716094971
train/alpha_loss,842,1786468919.505016,-5.316084861755371
train/alpha_loss,851,1786468920.232680,-5.310224533081055
train/alpha_loss,861,1786468921.045054,-5.370819568634033
train/alpha_loss,870,1786468921.774862,-5.477673053741455
train/alpha_loss,880,1786468922.596261,-5.484804630279541
train/alpha_loss,889,1786468923.313408,-5.531562328338623
train/alpha_loss,899,1786468924.127254,-5.390459060668945
train/alpha_loss,908,1786468924.856891,-5.431684494018555
train/alpha_loss,918,1786468925.669492,-5.388103008270264
train/alpha_loss,927,1786468930.827285,-5.380806922912598
train/alpha_loss,937,1786468931.615740,-5.377460956573486
train/alpha_loss,946,1786468932.324280,-5.291820526123047
train/alpha_loss,956,1786468933.114008,-5.380182266235352
train/alpha_loss,965,1786468933.825735,-5.42979097366333
train/alpha_loss,975,1786468934.626705,-5.388696670532227
train/alpha_loss,984,1786468935.350850,-5.400720119476318
train/alpha_loss,994,1786468936.153339,-5.486125946044922
train/alpha_loss,1004,1786468936.952659,-5.369135856628418
train/alpha_loss,1013,1786468937.677867,-5.423689365386963
train/alpha_loss,1023,1786468938.480151,-5.478376388549805
train/alpha_loss,1032,1786468939.201613,-5.482954025268555
train/alpha_loss,1042,1786468939.998148,-5.257842063903809
train/alpha_loss,1051,1786468940.717068,-5.392886161804199
train/alpha_loss,1061,1786468941.519216,-5.536204814910889
train/alpha_loss,1070,1786468942.242252,-5.523461818695068
train/alpha_loss,1080,1786468943.043537,-4.850820064544678
train/alpha_loss,1089,1786468943.760427,-5.436190128326416
train/alpha_loss,1099,1786468944.559515,-5.289249897003174
train/alpha_loss,1108,1786468945.288322,-5.206787586212158
train/alpha_loss,1118,1786468946.082710,-5.143474102020264
train/alpha_loss,1127,1786468946.807831,-5.472947120666504
train/alpha_loss,1137,1786468947.604768,-5.398879051208496
train/alpha_loss,1146,1786468948.322343,-5.255265235900879
train/alpha_loss,1156,1786468949.116487,-4.942254543304443
train/alpha_loss,1165,1786468949.841341,-5.299192905426025
train/alpha_loss,1175,1786468955.059260,-5.481751441955566
train/alpha_loss,1184,1786468955.808425,-5.310397624969482
train/alpha_loss,1194,1786468956.645535,-5.443975925445557
train/alpha_loss,1203,1786468957.401324,-5.515115737915039
train/alpha_loss,1213,1786468958.248078,-5.258051872253418
train/alpha_loss,1222,1786468963.573202,-5.421131610870361
train/alpha_loss,1232,1786468964.366292,-5.597537517547607
train/alpha_loss,1241,1786468965.079694,-5.528031349182129
train/alpha_loss,1251,1786468965.865241,-5.496179580688477
train/alpha_loss,1260,1786468966.564485,-5.558402061462402
train/alpha_loss,1270,1786468967.342477,-5.334420680999756
train/alpha_loss,1279,1786468968.046947,-5.607337474822998
train/alpha_loss,1289,1786468973.196238,-5.583227634429932
train/alpha_loss,1298,1786468973.943152,-5.515866756439209
train/alpha_loss,1308,1786468974.735569,-5.625979900360107
train/alpha_loss,1317,1786468975.463569,-5.721907615661621
train/alpha_loss,1327,1786468976.276656,-5.634682655334473
train/alpha_loss,1336,1786468977.004637,-5.739811897277832
train/alpha_loss,1346,1786468977.821078,-5.409488201141357
train/alpha_loss,1355,1786468978.563513,-5.647058010101318
train/alpha_loss,1365,1786468979.461591,-5.604970455169678
train/alpha_loss,1374,1786468980.373170,-5.636570930480957
train/alpha_loss,1384,1786468981.562703,-5.646389007568359
train/alpha_loss,1393,1786468982.590766,-5.633565425872803
train/alpha_loss,1403,1786468983.563706,-5.629976749420166
train/alpha_loss,1412,1786468984.435039,-5.687328338623047
train/alpha_loss,1422,1786468985.383973,-5.624189853668213
train/alpha_loss,1431,1786468986.298256,-5.669680118560791
train/alpha_loss,1441,1786468987.134030,-5.637258052825928
train/alpha_loss,1450,1786468987.887356,-5.66540002822876
train/alpha_loss,1460,1786468988.729458,-5.630179405212402
train/alpha_loss,1469,1786468989.582346,-5.713532447814941
train/alpha_loss,1479,1786468990.493260,-5.643027305603027
train/alpha_loss,1488,1786468991.243841,-5.721560001373291
train/alpha_loss,1498,1786468992.089499,-5.765631675720215
train/alpha_loss,1508,1786468992.920641,-5.759413719177246
train/alpha_loss,1517,1786468993.693144,-5.695731163024902
train/alpha_loss,1527,1786468994.543141,-5.825033664703369
train/alpha_loss,1536,1786468995.329237,-5.718687057495117
train/alpha_loss,1546,1786468996.206339,-5.778486251831055
train/alpha_loss,1555,1786468997.004086,-5.691860198974609
train/alpha_loss,1565,1786468997.854137,-5.696566104888916
train/alpha_loss,1574,1786468998.645736,-5.732293128967285
train/alpha_loss,1584,1786468999.638426,-5.79356575012207
train/alpha_loss,1593,1786469000.529962,-5.705050945281982
train/alpha_loss,1603,1786469001.413854,-5.755972385406494
train/alpha_loss,1612,1786469002.181050,-5.804418087005615
train/alpha_loss,1622,1786469003.134055,-5.788745403289795
train/alpha_loss,1631,1786469003.981427,-5.697418212890625
train/alpha_loss,1641,1786469005.284227,-5.801623344421387
train/alpha_loss,1650,1786469006.292670,-5.842627048492432
train/alpha_loss,1660,1786469007.126203,-5.739279747009277
train/alpha_loss,1669,1786469007.876782,-5.7724223136901855
train/alpha_loss,1679,1786469008.710882,-5.773852825164795
train/alpha_loss,1688,1786469009.464026,-5.78369665145874
train/alpha_loss,1698,1786469010.315956,-5.8502421379089355
train/alpha_loss,1707,1786469011.227242,-5.7300639152526855
train/alpha_loss,1717,1786469012.220622,-5.749390125274658
train/alpha_loss,1726,1786469013.049570,-5.816089153289795
train/alpha_loss,1736,1786469013.895472,-5.792644023895264
train/alpha_loss,1745,1786469014.650198,-5.764094829559326
train/alpha_loss,1755,1786469015.492323,-5.764213562011719
train/alpha_loss,1764,1786469016.603540,-5.917189598083496
train/alpha_loss,1774,1786469017.486890,-5.752527713775635
train/alpha_loss,1783,1786469022.968903,-5.853531837463379
train/alpha_loss,1793,1786469023.730144,-5.860190391540527
train/alpha_loss,1802,1786469024.438465,-5.771492004394531
train/alpha_loss,1812,1786469025.224951,-5.7936296463012695
train/alpha_loss,1821,1786469026.468114,-5.758969783782959
train/alpha_loss,1831,1786469033.536408,-5.777867794036865
train/alpha_loss,1840,1786469034.279025,-5.779440402984619
train/alpha_loss,1850,1786469035.092914,-5.865713596343994
train/alpha_loss,1859,1786469035.828283,-5.873005390167236
train/alpha_loss,1869,1786469036.691194,-5.794374465942383
train/alpha_loss,1878,1786469037.429483,-5.7649827003479
train/alpha_loss,1888,1786469038.237491,-5.810783386230469
train/alpha_loss,1897,1786469038.970145,-5.7958984375
train/alpha_loss,1907,1786469039.785206,-5.748073577880859
train/alpha_loss,1916,1786469040.530485,-5.86524772644043
train/alpha_loss,1926,1786469041.354175,-5.814642429351807
train/alpha_loss,1935,1786469042.095135,-5.833795070648193
train/alpha_loss,1945,1786469042.899002,-5.927488803863525
train/alpha_loss,1954,1786469043.621265,-5.869395732879639
train/alpha_loss,1964,1786469044.431353,-5.897343635559082
train/alpha_loss,1973,1786469045.135334,-5.84255838394165
train/alpha_loss,1983,1786469045.947462,-5.775140285491943
train/alpha_loss,1992,1786469046.682413,-5.885049819946289
train/alpha_loss,2002,1786469047.724238,-5.883848190307617
train/alpha_loss,2012,1786469048.444017,-5.793638706207275
train/alpha_loss,2021,1786469049.190875,-5.834749698638916
train/alpha_loss,2031,1786469054.559456,-5.849284648895264
train/alpha_loss,2040,1786469055.294112,-5.8549485206604
train/alpha_loss,2050,1786469056.115915,-5.927013874053955
train/alpha_loss,2059,1786469056.853649,-5.891518592834473
train/alpha_loss,2069,1786469057.675301,-5.917764663696289
train/alpha_loss,2078,1786469058.413466,-5.903436183929443
train/alpha_loss,2088,1786469059.231812,-5.876925945281982
train/alpha_loss,2097,1786469059.981329,-5.864827632904053
train/alpha_loss,2107,1786469060.825978,-5.917618274688721
train/alpha_loss,2116,1786469061.577256,-5.910449028015137
train/alpha_loss,2126,1786469062.420018,-5.74183464050293
train/alpha_loss,2135,1786469063.170940,-5.831881046295166
train/alpha_loss,2145,1786469064.009708,-5.844917297363281
train/alpha_loss,2154,1786469064.765650,-5.875196933746338
train/alpha_loss,2164,1786469065.606725,-5.899943828582764
train/alpha_loss,2173,1786469066.353125,-5.986071586608887
train/alpha_loss,2183,1786469067.186291,-5.926024436950684
train/alpha_loss,2192,1786469067.922542,-5.839652061462402
train/alpha_loss,2202,1786469068.745663,-5.892900466918945
train/alpha_loss,2211,1786469069.489884,-5.958580017089844
train/alpha_loss,2221,1786469070.306901,-5.8677287101745605
train/alpha_loss,2230,1786469071.038242,-5.82415771484375
train/alpha_loss,2240,1786469071.853887,-5.893906593322754
train/alpha_loss,2249,1786469072.587038,-5.964197635650635
train/alpha_loss,2259,1786469073.397976,-5.959203243255615
train/alpha_loss,2268,1786469074.124153,-5.87879753112793
train/alpha_loss,2278,1786469074.930116,-6.001226902008057
train/alpha_loss,2287,1786469075.655222,-5.92357063293457
train/alpha_loss,2297,1786469076.461057,-5.931543827056885
train/alpha_loss,2306,1786469077.196493,-5.968155384063721
train/alpha_loss,2316,1786469078.031984,-5.8021416664123535
train/alpha_loss,2325,1786469078.784241,-6.039226055145264
train/alpha_loss,2335,1786469079.606352,-5.884256362915039
train/alpha_loss,2344,1786469080.350282,-5.9527788162231445
train/alpha_loss,2354,1786469081.176182,-5.818470478057861
train/alpha_loss,2363,1786469081.931200,-5.870675563812256
train/alpha_loss,2373,1786469082.755661,-5.910351276397705
train/alpha_loss,2382,1786469083.499194,-5.964375972747803
train/alpha_loss,2392,1786469084.324426,-5.937277793884277
train/alpha_loss,2401,1786469085.065987,-5.998786926269531
train/alpha_loss,2411,1786469085.881839,-6.003127098083496
train/alpha_loss,2420,1786469086.613175,-5.913208484649658
train/alpha_loss,2430,1786469087.425404,-5.957886695861816
train/alpha_loss,2439,1786469088.160239,-5.933887004852295
train/alpha_loss,2449,1786469088.976411,-5.739059925079346
train/alpha_loss,2458,1786469094.277401,-5.905080318450928
train/alpha_loss,2468,1786469094.972193,-5.97221565246582
train/alpha_loss,2477,1786469095.672354,-5.906802654266357
train/alpha_loss,2487,1786469096.456231,-6.131069183349609
train/alpha_loss,2496,1786469097.164968,-5.821703910827637
train/alpha_loss,2506,1786469097.943177,-5.798525333404541
train/alpha_loss,2516,1786469098.725276,-6.016348838806152
train/alpha_loss,2525,1786469099.431772,-5.699916839599609
train/alpha_loss,2535,1786469100.217096,-5.909358501434326
train/alpha_loss,2544,1786469100.923492,-6.044313907623291
train/alpha_loss,2554,1786469101.709328,-6.0972185134887695
train/alpha_loss,2563,1786469102.413738,-5.859477519989014
train/alpha_loss,2573,1786469103.199982,-5.883541107177734
train/alpha_loss,2582,1786469103.909756,-5.983237266540527
train/alpha_loss,2592,1786469104.694273,-5.875615119934082
train/alpha_loss,2601,1786469105.403387,-6.112863540649414
train/alpha_loss,2611,1786469106.194698,-6.02949333190918
train/alpha_loss,2620,1786469106.928566,-5.835090160369873
train/alpha_loss,2630,1786469107.749396,-5.918496131896973
train/alpha_loss,2639,1786469108.481434,-5.96019983291626
train/alpha_loss,2649,1786469109.293655,-5.936861991882324
train/alpha_loss,2658,1786469110.028885,-6.04589319229126
train/alpha_loss,2668,1786469110.847649,-5.864886283874512
train/alpha_loss,2677,1786469111.584103,-5.854037761688232
train/alpha_loss,2687,1786469112.399400,-5.912628173828125
train/alpha_loss,2696,1786469113.135493,-5.833605766296387
train/alpha_loss,2706,1786469113.950692,-5.971185207366943
train/alpha_loss,2715,1786469114.693140,-6.065003395080566
train/alpha_loss,2725,1786469115.486215,-5.886529445648193
train/alpha_loss,2734,1786469116.213293,-5.823771953582764
train/alpha_loss,2744,1786469117.023175,-5.863302707672119
train/alpha_loss,2753,1786469117.760105,-5.870649337768555
train/alpha_loss,2763,1786469118.564428,-5.694029808044434
train/alpha_loss,2772,1786469119.286661,-5.977376461029053
train/alpha_loss,2782,1786469120.099610,-5.7661967277526855
train/alpha_loss,2791,1786469120.823189,-5.888645648956299
train/alpha_loss,2801,1786469121.634085,-5.841978549957275
train/alpha_loss,2810,1786469122.362329,-5.78639030456543
train/alpha_loss,2820,1786469123.173429,-5.377630710601807
train/alpha_loss,2829,1786469123.900181,-5.998856067657471
train/alpha_loss,2839,1786469124.713068,-5.942883014678955
train/alpha_loss,2848,1786469125.444354,-6.072180271148682
train/alpha_loss,2858,1786469126.262868,-5.890612602233887
train/alpha_loss,2867,1786469127.001302,-5.823079586029053
train/alpha_loss,2877,1786469127.820614,-5.935766696929932
train/alpha_loss,2886,1786469128.563164,-5.995654106140137
train/alpha_loss,2896,1786469129.383609,-5.15577507019043
train/alpha_loss,2905,1786469130.125075,-5.90657901763916
train/alpha_loss,2915,1786469130.945516,-5.9428911209106445
train/alpha_loss,2924,1786469131.685379,-5.740449905395508
train/alpha_loss,2934,1786469132.505315,-5.636436462402344
train/alpha_loss,2943,1786469133.249060,-5.554433345794678
train/alpha_loss,2953,1786469134.064628,-6.092257976531982
train/alpha_loss,2962,1786469139.196645,-5.327203750610352
train/alpha_loss,2972,1786469139.991895,-5.813167095184326
train/alpha_loss,2981,1786469140.702949,-5.901757717132568
train/alpha_loss,2991,1786469141.500087,-5.788971900939941
train/alpha_loss,3001,1786469142.293958,-5.776631832122803
train/alpha_loss,3010,1786469143.015271,-5.677645206451416
train/alpha_loss,3020,1786469143.822065,-5.502634048461914
train/alpha_loss,3029,1786469144.549534,-6.079627513885498
train/alpha_loss,3039,1786469145.353032,-5.340824604034424
train/alpha_loss,3048,1786469146.084380,-5.934847354888916
train/alpha_loss,3058,1786469146.887325,-5.816597938537598
train/alpha_loss,3067,1786469147.613390,-5.787751197814941
train/alpha_loss,3077,1786469148.417686,-5.260865211486816
train/alpha_loss,3086,1786469149.141627,-5.539814472198486
train/alpha_loss,3096,1786469149.947186,-5.88360595703125
train/alpha_loss,3105,1786469150.670213,-5.425682067871094
train/alpha_loss,3115,1786469151.479239,-5.465297222137451
train/alpha_loss,3124,1786469152.213204,-5.547172546386719
train/alpha_loss,3134,1786469153.013534,-5.8150529861450195
train/alpha_loss,3143,1786469153.752468,-5.987158298492432
train/alpha_loss,3153,1786469154.560014,-5.852243423461914
train/alpha_loss,3162,1786469155.291750,-5.565022945404053
train/alpha_loss,3172,1786469156.109672,-5.734434604644775
train/alpha_loss,3181,1786469156.834066,-5.859312534332275
train/alpha_loss,3191,1786469157.644583,-5.386760234832764
train/alpha_loss,3200,1786469158.363790,-5.8705973625183105
train/alpha_loss,3210,1786469159.165079,-5.893908500671387
train/alpha_loss,3219,1786469159.889099,-5.8147711753845215
train/alpha_loss,3229,1786469160.689716,-5.978662014007568
train/alpha_loss,3238,1786469161.415876,-5.737353801727295
train/alpha_loss,3248,1786469162.222450,-5.605878829956055
train/alpha_loss,3257,1786469162.947349,-5.6995415687561035
train/alpha_loss,3267,1786469168.119405,-5.736300468444824
train/alpha_loss,3276,1786469168.830199,-5.761363506317139
train/alpha_loss,3286,1786469169.621509,-5.63569450378418
train/alpha_loss,3295,1786469170.331094,-5.650414943695068
train/alpha_loss,3305,1786469171.117871,-5.442563533782959
train/alpha_loss,3314,1786469171.826341,-5.962677478790283
train/alpha_loss,3324,1786469172.602741,-5.839665412902832
train/alpha_loss,3333,1786469173.302509,-5.786500930786133
train/alpha_loss,3343,1786469174.079308,-5.816866397857666
train/alpha_loss,3352,1786469174.781348,-5.866838455200195
train/alpha_loss,3362,1786469175.556265,-6.053910255432129
train/alpha_loss,3371,1786469176.253181,-5.836297988891602
train/alpha_loss,3381,1786469177.026449,-5.435555458068848
train/alpha_loss,3390,1786469177.730033,-5.829880237579346
train/alpha_loss,3400,1786469178.512750,-6.005972862243652
train/alpha_loss,3409,1786469179.227131,-5.683732032775879
train/alpha_loss,3419,1786469180.018707,-5.28933572769165
train/alpha_loss,3428,1786469180.725446,-5.846675395965576
train/alpha_loss,3438,1786469181.534106,-5.799375057220459
train/alpha_loss,3447,1786469182.248349,-5.893890857696533
train/alpha_loss,3457,1786469183.055094,-5.837451457977295
train/alpha_loss,3466,1786469183.782804,-5.577357769012451
train/alpha_loss,3476,1786469184.590062,-5.823007583618164
train/alpha_loss,3485,1786469185.316206,-5.692477703094482
train/alpha_loss,3495,1786469186.125112,-5.690759181976318
train/alpha_loss,3505,1786469186.928232,-5.765607833862305
train/alpha_loss,3514,1786469187.653156,-5.375007629394531
train/alpha_loss,3524,1786469188.455107,-5.726510047912598
train/alpha_loss,3533,1786469189.177240,-5.755441188812256
train/alpha_loss,3543,1786469189.981756,-5.561957359313965
train/alpha_loss,3552,1786469190.702371,-5.49403190612793
train/alpha_loss,3562,1786469191.508005,-5.612120628356934
train/alpha_loss,3571,1786469192.230149,-5.815347671508789
train/alpha_loss,3581,1786469193.029381,-5.989280700683594
train/alpha_loss,3590,1786469193.757167,-5.53729248046875
train/alpha_loss,3600,1786469194.558641,-5.50288200378418
train/alpha_loss,3609,1786469195.278911,-5.69353723526001
train/alpha_loss,3619,1786469196.079427,-5.587260723114014
train/alpha_loss,3628,1786469196.796351,-5.506435871124268
train/alpha_loss,3638,1786469197.597342,-4.881910800933838
train/alpha_loss,3647,1786469198.314580,-5.558369159698486
train/alpha_loss,3657,1786469199.112666,-5.830524921417236
train/alpha_loss,3666,1786469199.828311,-5.879262447357178
train/alpha_loss,3676,1786469200.623630,-5.304932117462158
train/alpha_loss,3685,1786469201.341344,-5.716911315917969
train/alpha_loss,3695,1786469202.142318,-5.923610687255859
train/alpha_loss,3704,1786469202.853473,-5.733303070068359
train/alpha_loss,3714,1786469203.649687,-6.068000316619873
train/alpha_loss,3723,1786469204.352318,-5.408715724945068
train/alpha_loss,3733,1786469205.140031,-5.771181583404541
train/alpha_loss,3742,1786469205.851340,-5.690818786621094
train/alpha_loss,3752,1786469206.639106,-5.7316131591796875
train/alpha_loss,3761,1786469211.724982,-5.541450500488281
train/alpha_loss,3771,1786469212.538861,-5.77740478515625
train/alpha_loss,3780,1786469213.262543,-5.489080905914307
train/alpha_loss,3790,1786469214.074236,-5.694097995758057
train/alpha_loss,3799,1786469214.790259,-5.704286575317383
train/alpha_loss,3809,1786469215.593438,-5.523885250091553
train/alpha_loss,3818,1786469216.319719,-5.658125400543213
train/alpha_loss,3828,1786469217.128093,-5.659818649291992
train/alpha_loss,3837,1786469217.865310,-5.004663944244385
train/alpha_loss,3847,1786469218.675030,-5.108046531677246
train/alpha_loss,3856,1786469219.406516,-5.423980712890625
train/alpha_loss,3866,1786469220.222222,-5.794018268585205
train/alpha_loss,3875,1786469220.951875,-5.804882526397705
train/alpha_loss,3885,1786469221.773979,-5.257224082946777
train/alpha_loss,3894,1786469222.513653,-5.12177848815918
train/alpha_loss,3904,1786469223.338323,-5.980203628540039
train/alpha_loss,3913,1786469224.080832,-5.683585166931152
train/alpha_loss,3923,1786469224.905068,-5.355411052703857
train/alpha_loss,3932,1786469225.653499,-5.229311943054199
train/alpha_loss,3942,1786469226.480307,-5.393890380859375
train/alpha_loss,3951,1786469227.222463,-5.487355709075928
train/alpha_loss,3961,1786469228.055045,-5.7130608558654785
train/alpha_loss,3970,1786469228.795912,-5.330860614776611
train/alpha_loss,3980,1786469229.629032,-5.3051981925964355
train/alpha_loss,3989,1786469230.372068,-5.580991268157959
train/alpha_loss,3999,1786469231.192387,-5.624605178833008
train/alpha_loss,4009,1786469232.174452,-5.527226448059082
train/alpha_loss,4018,1786469232.912613,-5.443554401397705
train/alpha_loss,4028,1786469233.721920,-5.152409553527832
train/alpha_loss,4037,1786469234.455606,-5.3607892990112305
train/alpha_loss,4047,1786469235.269759,-5.457275867462158
train/alpha_loss,4056,1786469236.004164,-5.6018967628479
train/alpha_loss,4066,1786469236.816207,-5.382430076599121
train/alpha_loss,4075,1786469237.546720,-4.622713088989258
train/alpha_loss,4085,1786469238.355096,-5.372902870178223
train/alpha_loss,4094,1786469239.080694,-5.63884973526001
train/alpha_loss,4104,1786469239.896234,-5.192637920379639
train/alpha_loss,4113,1786469240.630155,-5.411160945892334
train/alpha_loss,4123,1786469241.452679,-5.560695648193359
train/alpha_loss,4132,1786469242.171884,-5.330854415893555
train/alpha_loss,4142,1786469242.983158,-5.302375316619873
train/alpha_loss,4151,1786469243.705867,-5.2509074211120605
train/alpha_loss,4161,1786469244.511247,-4.689445972442627
train/alpha_loss,4170,1786469245.237375,-4.876570701599121
train/alpha_loss,4180,1786469246.044521,-5.207795143127441
train/alpha_loss,4189,1786469246.765057,-5.270843505859375
train/alpha_loss,4199,1786469247.558118,-4.915215492248535
train/alpha_loss,4208,1786469248.272137,-5.187037467956543
train/alpha_loss,4218,1786469249.062999,-5.433062553405762
train/alpha_loss,4227,1786469249.780663,-5.406732082366943
train/alpha_loss,4237,1786469250.567933,-5.4377264976501465
train/alpha_loss,4246,1786469251.283599,-5.421417713165283
train/alpha_loss,4256,1786469252.072733,-5.124392032623291
train/alpha_loss,4265,1786469257.153491,-5.922335624694824
train/alpha_loss,4275,1786469257.958790,-5.30865478515625
train/alpha_loss,4284,1786469258.679436,-5.751040458679199
train/alpha_loss,4294,1786469259.483293,-5.2916131019592285
train/alpha_loss,4303,1786469260.204046,-4.669004440307617
train/alpha_loss,4313,1786469260.990909,-5.251979827880859
train/alpha_loss,4322,1786469261.709466,-5.713494777679443
train/alpha_loss,4332,1786469262.517897,-5.175135612487793
train/alpha_loss,4341,1786469263.243572,-5.503793716430664
train/alpha_loss,4351,1786469264.047418,-5.657633304595947
train/alpha_loss,4360,1786469264.766371,-5.422290325164795
train/alpha_loss,4370,1786469265.569417,-5.075524806976318
train/alpha_loss,4379,1786469266.280717,-5.339573383331299
train/alpha_loss,4389,1786469267.073141,-5.542428970336914
train/alpha_loss,4398,1786469267.788613,-4.981228351593018
train/alpha_loss,4408,1786469268.585410,-5.72122049331665
train/alpha_loss,4417,1786469269.297028,-5.332918643951416
train/alpha_loss,4427,1786469270.096827,-5.867250919342041
train/alpha_loss,4436,1786469270.828935,-5.41813850402832
train/alpha_loss,4446,1786469271.639338,-5.635378360748291
train/alpha_loss,4455,1786469272.371851,-5.485208511352539
train/alpha_loss,4465,1786469273.193790,-5.629121780395508
train/alpha_loss,4474,1786469273.923219,-5.833291053771973
train/alpha_loss,4484,1786469274.738953,-5.801469802856445
train/alpha_loss,4493,1786469275.481771,-5.407813549041748
train/alpha_loss,4503,1786469276.316390,-5.664700984954834
train/alpha_loss,4513,1786469277.146717,-5.351859092712402
train/alpha_loss,4522,1786469277.893648,-5.521501541137695
train/alpha_loss,4532,1786469278.721835,-5.257496356964111
train/alpha_loss,4541,1786469279.470722,-5.1084184646606445
train/alpha_loss,4551,1786469280.302239,-5.470515251159668
train/alpha_loss,4560,1786469281.051052,-5.362539768218994
train/alpha_loss,4570,1786469281.882648,-5.099783420562744
train/alpha_loss,4579,1786469282.628392,-5.384315013885498
train/alpha_loss,4589,1786469283.462031,-5.437341213226318
train/alpha_loss,4598,1786469284.211159,-5.101107120513916
train/alpha_loss,4608,1786469285.040327,-5.195061683654785
train/alpha_loss,4617,1786469285.785119,-5.596799850463867
train/alpha_loss,4627,1786469286.612039,-6.039207458496094
train/alpha_loss,4636,1786469287.352354,-5.399575233459473
train/alpha_loss,4646,1786469288.178092,-5.599567890167236
train/alpha_loss,4655,1786469288.920753,-5.273594856262207
train/alpha_loss,4665,1786469289.755269,-5.332929611206055
train/alpha_loss,4674,1786469290.497845,-5.39937686920166
train/alpha_loss,4684,1786469291.330124,-5.742720603942871
train/alpha_loss,4693,1786469292.078480,-5.272985935211182
train/alpha_loss,4703,1786469292.912640,-5.807629108428955
train/alpha_loss,4712,1786469293.666192,-5.377764701843262
train/alpha_loss,4722,1786469294.499909,-5.947420597076416
train/alpha_loss,4731,1786469295.253859,-5.5878586769104
train/alpha_loss,4741,1786469296.081791,-5.459630012512207
train/alpha_loss,4750,1786469296.827327,-5.645969867706299
train/alpha_loss,4760,1786469302.126896,-5.482481479644775
train/alpha_loss,4769,1786469302.842330,-5.404451370239258
train/alpha_loss,4779,1786469303.623214,-5.7869391441345215
train/alpha_loss,4788,1786469304.334130,-5.493742942810059
train/alpha_loss,4798,1786469305.124673,-5.866076946258545
train/alpha_loss,4807,1786469305.828604,-5.149281978607178
train/alpha_loss,4817,1786469306.610883,-5.729190349578857
train/alpha_loss,4826,1786469307.320911,-5.516262054443359
train/alpha_loss,4836,1786469308.110346,-4.942484378814697
train/alpha_loss,4845,1786469308.824308,-5.579215049743652
train/alpha_loss,4855,1786469309.618238,-5.428555965423584
train/alpha_loss,4864,1786469310.321637,-5.786745071411133
train/alpha_loss,4874,1786469311.109463,-6.013359069824219
train/alpha_loss,4883,1786469311.821992,-5.662656307220459
train/alpha_loss,4893,1786469312.609415,-5.262668132781982
train/alpha_loss,4902,1786469313.319820,-5.891610145568848
train/alpha_loss,4912,1786469314.121433,-5.60814905166626
train/alpha_loss,4921,1786469314.843879,-5.755456447601318
train/alpha_loss,4931,1786469315.655426,-5.548976898193359
train/alpha_loss,4940,1786469316.390525,-5.661109447479248
train/alpha_loss,4950,1786469317.197372,-5.873898983001709
train/alpha_loss,4959,1786469317.926638,-5.193959712982178
train/alpha_loss,4969,1786469318.735326,-5.672908782958984
train/alpha_loss,4978,1786469319.464704,-5.57075834274292
train/alpha_loss,4988,1786469320.271315,-5.964007377624512
train/alpha_loss,4997,1786469320.996979,-5.738562107086182
train/alpha_loss,5007,1786469321.799106,-5.777987957000732
train/alpha_loss,5017,1786469322.606338,-5.667613506317139
train/alpha_loss,5026,1786469323.337339,-5.646616458892822
train/alpha_loss,5036,1786469324.139195,-5.677342414855957
train/alpha_loss,5045,1786469324.865907,-5.713367938995361
train/alpha_loss,5055,1786469325.679584,-5.752106189727783
train/alpha_loss,5064,1786469326.403375,-5.7310380935668945
train/alpha_loss,5074,1786469327.212151,-5.941789627075195
train/alpha_loss,5083,1786469327.947952,-5.610997200012207
train/alpha_loss,5093,1786469328.754079,-5.792025566101074
train/alpha_loss,5102,1786469329.482371,-5.483724117279053
train/alpha_loss,5112,1786469330.294615,-5.625942707061768
train/alpha_loss,5121,1786469331.023736,-5.750316143035889
train/alpha_loss,5131,1786469331.833331,-5.133337497711182
train/alpha_loss,5140,1786469332.560946,-5.8216729164123535
train/alpha_loss,5150,1786469333.374932,-5.722874641418457
train/alpha_loss,5159,1786469334.108907,-5.290463924407959
train/alpha_loss,5169,1786469334.915893,-6.160289764404297
train/alpha_loss,5178,1786469335.646926,-6.000435829162598
train/alpha_loss,5188,1786469336.456052,-5.744278430938721
train/alpha_loss,5197,1786469337.184615,-5.916370868682861
train/alpha_loss,5207,1786469337.993150,-5.06192684173584
train/alpha_loss,5216,1786469338.718693,-5.601647853851318
train/alpha_loss,5226,1786469339.527354,-5.294310092926025
train/alpha_loss,5235,1786469340.255643,-5.471782684326172
train/alpha_loss,5245,1786469341.056839,-6.018657684326172
train/alpha_loss,5254,1786469341.783832,-5.964729309082031
train/alpha_loss,5264,1786469347.005308,-5.753701210021973
train/alpha_loss,5273,1786469347.709479,-6.159533977508545
train/alpha_loss,5283,1786469348.495061,-5.735118389129639
train/alpha_loss,5292,1786469349.207659,-4.981393814086914
train/alpha_loss,5302,1786469349.996162,-5.581818580627441
train/alpha_loss,5311,1786469350.703383,-5.432248592376709
train/alpha_loss,5321,1786469351.491297,-5.71003532409668
train/alpha_loss,5330,1786469352.211213,-5.403110980987549
train/alpha_loss,5340,1786469353.022580,-5.247218132019043
train/alpha_loss,5349,1786469353.752141,-5.507613182067871
train/alpha_loss,5359,1786469354.560092,-5.337866306304932
train/alpha_loss,5368,1786469355.280735,-5.256147861480713
train/alpha_loss,5378,1786469356.089923,-5.524615287780762
train/alpha_loss,5387,1786469356.798365,-5.796267032623291
train/alpha_loss,5397,1786469357.591246,-5.971680164337158
train/alpha_loss,5406,1786469358.313042,-5.621408462524414
train/alpha_loss,5416,1786469359.119899,-5.5827202796936035
train/alpha_loss,5425,1786469359.830148,-5.575132846832275
train/alpha_loss,5435,1786469360.641667,-5.417974948883057
train/alpha_loss,5444,1786469361.374692,-5.238560676574707
train/alpha_loss,5454,1786469362.190482,-6.2440948486328125
train/alpha_loss,5463,1786469362.918509,-5.813405513763428
train/alpha_loss,5473,1786469363.722803,-5.295307636260986
train/alpha_loss,5482,1786469364.450854,-5.852048873901367
train/alpha_loss,5492,1786469365.255866,-5.560085296630859
train/alpha_loss,5502,1786469366.065329,-5.551018714904785
train/alpha_loss,5511,1786469366.784651,-5.878161430358887
train/alpha_loss,5521,1786469367.595155,-5.5327372550964355
train/alpha_loss,5530,1786469368.317120,-5.818278789520264
train/alpha_loss,5540,1786469369.118604,-5.32981538772583
train/alpha_loss,5549,1786469369.843727,-5.452972412109375
train/alpha_loss,5559,1786469370.643698,-5.224400997161865
train/alpha_loss,5568,1786469371.365337,-5.459381103515625
train/alpha_loss,5578,1786469372.166290,-5.179811954498291
train/alpha_loss,5587,1786469372.885282,-6.051110744476318
train/alpha_loss,5597,1786469373.691312,-5.1962571144104
train/alpha_loss,5606,1786469374.408895,-5.393962383270264
train/alpha_loss,5616,1786469375.210022,-5.458405017852783
train/alpha_loss,5625,1786469375.932668,-5.648210525512695
train/alpha_loss,5635,1786469376.738936,-4.857612609863281
train/alpha_loss,5644,1786469377.468323,-5.903664588928223
train/alpha_loss,5654,1786469378.262656,-5.28026008605957
train/alpha_loss,5663,1786469378.984365,-5.524274826049805
train/alpha_loss,5673,1786469379.783894,-5.599631309509277
train/alpha_loss,5682,1786469380.512717,-5.138131141662598
train/alpha_loss,5692,1786469381.330162,-5.309852123260498
train/alpha_loss,5701,1786469382.050669,-5.44425630569458
train/alpha_loss,5711,1786469382.849667,-4.828537464141846
train/alpha_loss,5720,1786469383.573894,-5.7062201499938965
train/alpha_loss,5730,1786469384.369355,-5.2726874351501465
train/alpha_loss,5739,1786469385.087330,-5.713586330413818
train/alpha_loss,5749,1786469385.885676,-5.259594440460205
train/alpha_loss,5758,1786469391.011790,-5.43111515045166
train/alpha_loss,5768,1786469391.740336,-5.193745136260986
train/alpha_loss,5777,1786469392.457707,-5.1744384765625
train/alpha_loss,5787,1786469393.242757,-5.534604549407959
train/alpha_loss,5796,1786469393.952560,-5.933248043060303
train/alpha_loss,5806,1786469394.731900,-5.551268577575684
train/alpha_loss,5815,1786469395.444337,-4.989843368530273
train/alpha_loss,5825,1786469396.230235,-5.480301856994629
train/alpha_loss,5834,1786469396.939086,-5.310644626617432
train/alpha_loss,5844,1786469397.727566,-5.260403156280518
train/alpha_loss,5853,1786469398.437324,-4.920377254486084
train/alpha_loss,5863,1786469399.226009,-5.0993781089782715
train/alpha_loss,5872,1786469399.931368,-5.352657318115234
train/alpha_loss,5882,1786469400.717270,-5.705336093902588
train/alpha_loss,5891,1786469401.426030,-5.470282554626465
train/alpha_loss,5901,1786469402.218092,-5.238404273986816
train/alpha_loss,5910,1786469402.934740,-5.468756198883057
train/alpha_loss,5920,1786469403.740819,-5.10015869140625
train/alpha_loss,5929,1786469408.856352,-5.546950340270996
train/alpha_loss,5939,1786469409.654130,-5.0529866218566895
train/alpha_loss,5948,1786469410.363208,-5.355831623077393
train/alpha_loss,5958,1786469411.154456,-5.070948600769043
train/alpha_loss,5967,1786469411.866438,-5.259448051452637
train/alpha_loss,5977,1786469412.650285,-5.213956356048584
train/alpha_loss,5986,1786469413.361068,-5.099165439605713
train/alpha_loss,5996,1786469414.154037,-5.133189678192139
train/alpha_loss,6006,1786469415.191664,-5.856385231018066
train/alpha_loss,6015,1786469415.906336,-5.025063991546631
train/alpha_loss,6025,1786469416.705109,-5.1514434814453125
train/alpha_loss,6034,1786469417.413630,-5.523756980895996
train/alpha_loss,6044,1786469422.614035,-4.582962989807129
train/alpha_loss,6053,1786469423.331125,-5.525696277618408
train/alpha_loss,6063,1786469424.125528,-5.426718711853027
train/alpha_loss,6072,1786469424.836857,-4.754115581512451
train/alpha_loss,6082,1786469425.626937,-5.183563232421875
train/alpha_loss,6091,1786469426.337191,-5.87969970703125
train/alpha_loss,6101,1786469427.129218,-5.502938747406006
train/alpha_loss,6110,1786469427.846505,-5.088557243347168
train/alpha_loss,6120,1786469428.651373,-4.753853797912598
train/alpha_loss,6129,1786469429.373893,-5.337382793426514
train/alpha_loss,6139,1786469430.176797,-4.844689846038818
train/alpha_loss,6148,1786469430.899614,-4.957160949707031
train/alpha_loss,6158,1786469431.703265,-5.170183181762695
train/alpha_loss,6167,1786469432.424455,-5.385624885559082
train/alpha_loss,6177,1786469433.223834,-5.624433517456055
train/alpha_loss,6186,1786469433.943266,-4.779777526855469
train/alpha_loss,6196,1786469434.743877,-4.435353755950928
train/alpha_loss,6205,1786469435.464738,-5.310980796813965
train/alpha_loss,6215,1786469436.263712,-5.177175045013428
train/alpha_loss,6224,1786469436.987774,-4.946467399597168
train/alpha_loss,6234,1786469437.788530,-5.320574760437012
train/alpha_loss,6243,1786469438.502579,-5.253073215484619
train/alpha_loss,6253,1786469439.294840,-4.5222954750061035
train/alpha_loss,6262,1786469440.012184,-4.943068027496338
train/alpha_loss,6272,1786469440.808233,-5.526010513305664
train/alpha_loss,6281,1786469441.526314,-5.181567668914795
train/alpha_loss,6291,1786469442.325353,-5.379427433013916
train/alpha_loss,6300,1786469443.040111,-5.1067914962768555
train/alpha_loss,6310,1786469443.838195,-5.267833232879639
train/alpha_loss,6319,1786469444.555197,-4.935330867767334
train/alpha_loss,6329,1786469445.351041,-4.674396991729736
train/alpha_loss,6338,1786469446.074667,-5.394510269165039
train/alpha_loss,6348,1786469446.865464,-5.394712448120117
train/alpha_loss,6357,1786469447.576181,-5.188422679901123
train/alpha_loss,6367,1786469448.358823,-5.01497220993042
train/alpha_loss,6376,1786469449.070847,-5.3056464195251465
train/alpha_loss,6386,1786469449.862137,-4.448782444000244
train/alpha_loss,6395,1786469450.574955,-5.12752628326416
train/alpha_loss,6405,1786469451.366203,-5.395419120788574
train/alpha_loss,6414,1786469452.084742,-5.483616352081299
train/alpha_loss,6424,1786469452.872441,-6.021064758300781
train/alpha_loss,6433,1786469453.586936,-5.315709590911865
train/alpha_loss,6443,1786469454.377514,-5.115018367767334
train/alpha_loss,6452,1786469455.090436,-5.555446624755859
train/alpha_loss,6462,1786469455.886442,-5.860078811645508
train/alpha_loss,6471,1786469456.602170,-5.926398277282715
train/alpha_loss,6481,1786469457.398960,-5.526670455932617
train/alpha_loss,6490,1786469458.115489,-5.897356986999512
train/alpha_loss,6500,1786469458.908253,-5.25390625
train/alpha_loss,6510,1786469459.705108,-5.509613037109375
train/alpha_loss,6519,1786469460.420184,-5.464565753936768
train/alpha_loss,6529,1786469461.212692,-5.663230895996094
train/alpha_loss,6538,1786469466.311039,-4.961671829223633
train/alpha_loss,6548,1786469467.062846,-4.82167911529541
train/alpha_loss,6557,1786469467.777094,-5.689054012298584
train/alpha_loss,6567,1786469468.558517,-5.291585445404053
train/alpha_loss,6576,1786469469.266718,-5.1370768547058105
train/alpha_loss,6586,1786469470.064128,-5.384960174560547
train/alpha_loss,6595,1786469470.759756,-5.413666725158691
train/alpha_loss,6605,1786469471.547369,-5.253413200378418
train/alpha_loss,6614,1786469472.257844,-5.4556756019592285
train/alpha_loss,6624,1786469473.046744,-5.249457836151123
train/alpha_loss,6633,1786469473.760783,-5.1210527420043945
train/alpha_loss,6643,1786469474.549500,-6.181140422821045
train/alpha_loss,6652,1786469475.269420,-5.8059563636779785
train/alpha_loss,6662,1786469476.064751,-4.968709468841553
train/alpha_loss,6671,1786469476.762744,-5.355615615844727
train/alpha_loss,6681,1786469477.537735,-5.296528339385986
train/alpha_loss,6690,1786469478.234657,-5.914155960083008
train/alpha_loss,6700,1786469479.009809,-5.1499786376953125
train/alpha_loss,6709,1786469479.714128,-4.790719032287598
train/alpha_loss,6719,1786469480.506025,-5.591080665588379
train/alpha_loss,6728,1786469481.226844,-5.003348350524902
train/alpha_loss,6738,1786469482.027164,-5.502402305603027
train/alpha_loss,6747,1786469482.762828,-5.373404502868652
train/alpha_loss,6757,1786469483.586920,-5.834122180938721
train/alpha_loss,6766,1786469484.326314,-5.174174785614014
train/alpha_loss,6776,1786469485.148248,-4.894207000732422
train/alpha_loss,6785,1786469485.887359,-5.555416107177734
train/alpha_loss,6795,1786469486.701012,-5.49124002456665
train/alpha_loss,6804,1786469487.436581,-5.14185905456543
train/alpha_loss,6814,1786469488.265569,-4.724996089935303
train/alpha_loss,6823,1786469488.999541,-5.795321464538574
train/alpha_loss,6833,1786469489.814348,-5.112111568450928
train/alpha_loss,6842,1786469490.544522,-5.1961822509765625
train/alpha_loss,6852,1786469491.357288,-5.260420799255371
train/alpha_loss,6861,1786469492.076180,-5.620268821716309
train/alpha_loss,6871,1786469492.884483,-5.142903804779053
train/alpha_loss,6880,1786469493.617322,-5.139361381530762
train/alpha_loss,6890,1786469494.428237,-5.32556676864624
train/alpha_loss,6899,1786469495.153722,-5.536599159240723
train/alpha_loss,6909,1786469495.958429,-5.460424900054932
train/alpha_loss,6918,1786469496.680543,-5.599274635314941
train/alpha_loss,6928,1786469497.481396,-5.221174240112305
train/alpha_loss,6937,1786469498.202740,-4.948943138122559
train/alpha_loss,6947,1786469499.028717,-5.05271053314209
train/alpha_loss,6956,1786469499.779478,-5.438470363616943
train/alpha_loss,6966,1786469500.590034,-5.470888614654541
train/alpha_loss,6975,1786469501.308258,-5.260358810424805
train/alpha_loss,6985,1786469502.124404,-5.821542739868164
train/alpha_loss,6994,1786469502.843801,-5.644250869750977
train/alpha_loss,7004,1786469503.652607,-5.502570629119873
train/alpha_loss,7014,1786469504.450413,-5.488188743591309
train/alpha_loss,7023,1786469505.188597,-4.682584285736084
train/alpha_loss,7033,1786469505.992092,-5.473974704742432
train/alpha_loss,7042,1786469511.066161,-5.907324314117432
train/alpha_loss,7052,1786469511.876511,-5.682175159454346
train/alpha_loss,7061,1786469512.620474,-5.138301372528076
train/alpha_loss,7071,1786469513.450817,-5.994977951049805
train/alpha_loss,7080,1786469514.204691,-5.507201194763184
train/alpha_loss,7090,1786469515.028355,-5.602042198181152
train/alpha_loss,7099,1786469515.749433,-4.704370498657227
train/alpha_loss,7109,1786469516.580676,-4.667952060699463
train/alpha_loss,7118,1786469517.335100,-5.526148796081543
train/alpha_loss,7128,1786469518.167466,-4.398959636688232
train/alpha_loss,7137,1786469518.902894,-3.9761412143707275
train/alpha_loss,7147,1786469519.715253,-5.449803352355957
train/alpha_loss,7156,1786469520.463729,-5.353313446044922
train/alpha_loss,7166,1786469521.281774,-4.259182929992676
train/alpha_loss,7175,1786469522.025082,-4.921964168548584
train/alpha_loss,7185,1786469522.841914,-4.958371639251709
train/alpha_loss,7194,1786469523.592361,-5.11808967590332
train/alpha_loss,7204,1786469524.467173,-5.080206394195557
train/alpha_loss,7213,1786469525.226462,-4.285510540008545
train/alpha_loss,7223,1786469526.097074,-5.212757587432861
train/alpha_loss,7232,1786469526.848952,-5.118386268615723
train/alpha_loss,7242,1786469527.691925,-5.192259311676025
train/alpha_loss,7251,1786469528.449202,-4.615945816040039
train/alpha_loss,7261,1786469529.275206,-5.6369805335998535
train/alpha_loss,7270,1786469530.029494,-5.049018859863281
train/alpha_loss,7280,1786469530.837260,-4.700736999511719
train/alpha_loss,7289,1786469531.602453,-5.583331108093262
train/alpha_loss,7299,1786469532.432228,-4.722893714904785
train/alpha_loss,7308,1786469533.163544,-5.131398677825928
train/alpha_loss,7318,1786469533.972720,-5.802711486816406
train/alpha_loss,7327,1786469534.701040,-5.761813163757324
train/alpha_loss,7337,1786469535.511391,-5.667820930480957
train/alpha_loss,7346,1786469536.247963,-5.245422840118408
train/alpha_loss,7356,1786469537.103341,-5.398669242858887
train/alpha_loss,7365,1786469537.868694,-5.5148797035217285
train/alpha_loss,7375,1786469538.699423,-5.715622425079346
train/alpha_loss,7384,1786469539.436930,-4.895503044128418
train/alpha_loss,7394,1786469540.285104,-5.524909019470215
train/alpha_loss,7403,1786469541.028365,-4.77687406539917
train/alpha_loss,7413,1786469541.842283,-5.88182258605957
train/alpha_loss,7422,1786469542.575880,-5.741940975189209
train/alpha_loss,7432,1786469543.396601,-5.757745265960693
train/alpha_loss,7441,1786469544.159811,-5.557312965393066
train/alpha_loss,7451,1786469544.986771,-5.184393882751465
train/alpha_loss,7460,1786469545.738559,-4.862519264221191
train/alpha_loss,7470,1786469546.574723,-5.938684940338135
train/alpha_loss,7479,1786469547.349337,-5.58378791809082
train/alpha_loss,7489,1786469548.180954,-5.310530185699463
train/alpha_loss,7498,1786469548.913025,-5.319586277008057
train/alpha_loss,7508,1786469549.742967,-5.181726455688477
train/alpha_loss,7518,1786469550.586751,-5.847043514251709
train/alpha_loss,7527,1786469551.350804,-4.622888565063477
train/alpha_loss,7537,1786469556.851396,-5.901461124420166
train/alpha_loss,7546,1786469557.498446,-6.367332458496094
train/alpha_loss,7556,1786469558.313011,-5.345975399017334
train/alpha_loss,7565,1786469559.061061,-5.856014251708984
train/alpha_loss,7575,1786469559.880830,-5.147807598114014
train/alpha_loss,7584,1786469560.613325,-5.884952068328857
train/alpha_loss,7594,1786469561.424664,-4.187933444976807
train/alpha_loss,7603,1786469562.153777,-5.85224723815918
train/alpha_loss,7613,1786469562.952110,-6.1885247230529785
train/alpha_loss,7622,1786469563.697540,-5.479394435882568
train/alpha_loss,7632,1786469564.544156,-5.081873893737793
train/alpha_loss,7641,1786469565.286716,-5.520035266876221
train/alpha_loss,7651,1786469566.126818,-4.912417888641357
train/alpha_loss,7660,1786469566.871542,-5.52008581161499
train/alpha_loss,7670,1786469567.681073,-4.838816165924072
train/alpha_loss,7679,1786469568.400765,-5.910046100616455
train/alpha_loss,7689,1786469569.196931,-5.691713333129883
train/alpha_loss,7698,1786469569.921200,-4.813249588012695
train/alpha_loss,7708,1786469570.732990,-4.4886274337768555
train/alpha_loss,7717,1786469571.471595,-4.922420501708984
train/alpha_loss,7727,1786469572.288213,-5.805929660797119
train/alpha_loss,7736,1786469573.027443,-5.798146724700928
train/alpha_loss,7746,1786469573.856809,-5.633048057556152
train/alpha_loss,7755,1786469574.605755,-5.468415260314941
train/alpha_loss,7765,1786469575.443066,-6.1291680335998535
train/alpha_loss,7774,1786469576.192271,-4.942610263824463
train/alpha_loss,7784,1786469577.035912,-5.135806560516357
train/alpha_loss,7793,1786469577.781178,-5.534670352935791
train/alpha_loss,7803,1786469578.605534,-4.8822922706604
train/alpha_loss,7812,1786469579.354034,-5.64805793762207
train/alpha_loss,7822,1786469580.187669,-6.100119590759277
train/alpha_loss,7831,1786469580.936171,-5.028088569641113
train/alpha_loss,7841,1786469581.744812,-4.7213850021362305
train/alpha_loss,7850,1786469582.479124,-4.647873401641846
train/alpha_loss,7860,1786469583.296358,-5.882617473602295
train/alpha_loss,7869,1786469584.033021,-5.392053127288818
train/alpha_loss,7879,1786469584.852673,-5.42430305480957
train/alpha_loss,7888,1786469585.595187,-5.479944229125977
train/alpha_loss,7898,1786469586.420526,-4.922807693481445
train/alpha_loss,7907,1786469587.163065,-5.90080451965332
train/alpha_loss,7917,1786469587.977824,-4.972049236297607
train/alpha_loss,7926,1786469588.701144,-5.398244380950928
train/alpha_loss,7936,1786469589.504148,-4.699086666107178
train/alpha_loss,7945,1786469590.227367,-4.835532188415527
train/alpha_loss,7955,1786469591.027427,-5.215364456176758
train/alpha_loss,7964,1786469591.747591,-5.674105167388916
train/alpha_loss,7974,1786469592.550995,-5.24128532409668
train/alpha_loss,7983,1786469593.280982,-4.835090160369873
train/alpha_loss,7993,1786469594.079456,-4.602937698364258
train/alpha_loss,8003,1786469595.270475,-5.387528419494629
train/alpha_loss,8012,1786469595.956203,-4.406611442565918
train/alpha_loss,8022,1786469596.765339,-5.723167419433594
train/alpha_loss,8031,1786469597.474637,-5.533468723297119
train/alpha_loss,8041,1786469602.649138,-5.10809850692749
train/alpha_loss,8050,1786469603.355986,-5.794271945953369
train/alpha_loss,8060,1786469604.142411,-5.000338077545166
train/alpha_loss,8069,1786469604.846729,-5.426502704620361
train/alpha_loss,8079,1786469605.630919,-5.816439151763916
train/alpha_loss,8088,1786469606.336703,-5.267059803009033
train/alpha_loss,8098,1786469607.120511,-6.303736209869385
train/alpha_loss,8107,1786469607.830859,-5.489133358001709
train/alpha_loss,8117,1786469608.637163,-5.536595344543457
train/alpha_loss,8126,1786469609.339581,-5.55608606338501
train/alpha_loss,8136,1786469610.139633,-5.288290977478027
train/alpha_loss,8145,1786469610.856660,-5.728247165679932
train/alpha_loss,8155,1786469611.648834,-4.905155658721924
train/alpha_loss,8164,1786469612.354902,-5.769194602966309
train/alpha_loss,8174,1786469613.142524,-6.015530109405518
train/alpha_loss,8183,1786469613.849153,-5.658023357391357
train/alpha_loss,8193,1786469614.635429,-5.524971008300781
train/alpha_loss,8202,1786469615.348682,-4.528869152069092
train/alpha_loss,8212,1786469616.136526,-5.238974094390869
train/alpha_loss,8221,1786469616.849535,-5.09035587310791
train/alpha_loss,8231,1786469617.640952,-5.360228538513184
train/alpha_loss,8240,1786469618.353388,-5.9157304763793945
train/alpha_loss,8250,1786469619.141818,-4.743696689605713
train/alpha_loss,8259,1786469619.854134,-5.509004592895508
train/alpha_loss,8269,1786469620.648771,-5.569550514221191
train/alpha_loss,8278,1786469621.365426,-5.533139705657959
train/alpha_loss,8288,1786469622.174855,-4.709843158721924
train/alpha_loss,8297,1786469622.878551,-4.864596366882324
train/alpha_loss,8307,1786469623.674432,-5.807273864746094
train/alpha_loss,8316,1786469624.389388,-4.54404878616333
train/alpha_loss,8326,1786469625.189646,-5.176681995391846
train/alpha_loss,8335,1786469625.908598,-4.826584815979004
train/alpha_loss,8345,1786469626.706444,-5.143626689910889
train/alpha_loss,8354,1786469627.425941,-5.459287643432617
train/alpha_loss,8364,1786469628.223867,-5.681485652923584
train/alpha_loss,8373,1786469628.940165,-5.188254356384277
train/alpha_loss,8383,1786469629.737057,-5.021442890167236
train/alpha_loss,8392,1786469630.457252,-4.777312278747559
train/alpha_loss,8402,1786469631.270492,-5.964766502380371
train/alpha_loss,8411,1786469631.999791,-5.276198387145996
train/alpha_loss,8421,1786469632.814123,-5.373640537261963
train/alpha_loss,8430,1786469633.533000,-4.40411901473999
train/alpha_loss,8440,1786469634.334003,-4.6207380294799805
train/alpha_loss,8449,1786469635.051246,-5.63958740234375
train/alpha_loss,8459,1786469635.849483,-4.834428787231445
train/alpha_loss,8468,1786469636.567026,-5.184004783630371
train/alpha_loss,8478,1786469637.370913,-5.511775016784668
train/alpha_loss,8487,1786469638.090825,-4.285175800323486
train/alpha_loss,8497,1786469638.893584,-5.27711296081543
train/alpha_loss,8507,1786469639.697265,-5.434760093688965
train/alpha_loss,8516,1786469640.409742,-5.454751014709473
train/alpha_loss,8526,1786469641.209420,-5.261890888214111
train/alpha_loss,8535,1786469641.926646,-5.032686710357666
train/alpha_loss,8545,1786469647.133975,-4.7666015625
train/alpha_loss,8554,1786469647.852906,-5.14215087890625
train/alpha_loss,8564,1786469648.645658,-5.298122406005859
train/alpha_loss,8573,1786469649.368608,-4.314234733581543
train/alpha_loss,8583,1786469650.176378,-5.119610786437988
train/alpha_loss,8592,1786469650.917801,-4.8954901695251465
train/alpha_loss,8602,1786469651.735536,-4.663191318511963
train/alpha_loss,8611,1786469652.474088,-5.45399808883667
train/alpha_loss,8621,1786469653.303310,-5.704982757568359
train/alpha_loss,8630,1786469654.056958,-5.559830665588379
train/alpha_loss,8640,1786469654.881643,-5.906172752380371
train/alpha_loss,8649,1786469655.625324,-5.455086708068848
train/alpha_loss,8659,1786469656.452066,-4.624179363250732
train/alpha_loss,8668,1786469657.198108,-3.8789384365081787
train/alpha_loss,8678,1786469658.027234,-5.249884128570557
train/alpha_loss,8687,1786469658.760567,-4.640903949737549
train/alpha_loss,8697,1786469659.564803,-4.927821636199951
train/alpha_loss,8706,1786469660.286796,-5.129190444946289
train/alpha_loss,8716,1786469661.096488,-5.246137619018555
train/alpha_loss,8725,1786469661.816884,-4.223453998565674
train/alpha_loss,8735,1786469662.627524,-5.837069034576416
train/alpha_loss,8744,1786469663.352874,-5.041131019592285
train/alpha_loss,8754,1786469664.166039,-5.17050838470459
train/alpha_loss,8763,1786469664.903345,-4.589048385620117
train/alpha_loss,8773,1786469665.713166,-5.2600860595703125
train/alpha_loss,8782,1786469666.443273,-5.1441802978515625
train/alpha_loss,8792,1786469667.252090,-5.030113220214844
train/alpha_loss,8801,1786469667.981500,-5.415083408355713
train/alpha_loss,8811,1786469668.788272,-4.688249588012695
train/alpha_loss,8820,1786469669.522040,-5.0243024826049805
train/alpha_loss,8830,1786469670.343171,-4.715001106262207
train/alpha_loss,8839,1786469671.074544,-5.1076765060424805
train/alpha_loss,8849,1786469671.897892,-5.459033489227295
train/alpha_loss,8858,1786469672.630746,-4.400582790374756
train/alpha_loss,8868,1786469673.445363,-5.705440521240234
train/alpha_loss,8877,1786469674.180326,-5.710302829742432
train/alpha_loss,8887,1786469674.993399,-5.338284969329834
train/alpha_loss,8896,1786469675.728190,-5.187654495239258
train/alpha_loss,8906,1786469676.544342,-4.8131842613220215
train/alpha_loss,8915,1786469677.292187,-5.656919956207275
train/alpha_loss,8925,1786469678.097684,-5.21145486831665
train/alpha_loss,8934,1786469678.832513,-5.283158302307129
train/alpha_loss,8944,1786469679.650707,-4.415754318237305
train/alpha_loss,8953,1786469680.383274,-4.8275017738342285
train/alpha_loss,8963,1786469681.194780,-4.983152389526367
train/alpha_loss,8972,1786469681.924934,-5.232830047607422
train/alpha_loss,8982,1786469682.730338,-5.482195854187012
train/alpha_loss,8991,1786469683.455761,-5.415124416351318
train/alpha_loss,9001,1786469684.262236,-5.151530742645264
train/alpha_loss,9011,1786469685.080620,-5.897212982177734
train/alpha_loss,9020,1786469685.792690,-4.171659469604492
train/alpha_loss,9030,1786469686.600565,-4.764410972595215
train/alpha_loss,9039,1786469691.749293,-5.131494522094727
train/alpha_loss,9049,1786469692.556385,-4.866413593292236
train/alpha_loss,9058,1786469693.281337,-5.694326877593994
train/alpha_loss,9068,1786469694.107177,-4.8633222579956055
train/alpha_loss,9077,1786469694.841195,-4.736016750335693
train/alpha_loss,9087,1786469695.657089,-4.6110920906066895
train/alpha_loss,9096,1786469696.391782,-5.45933723449707
train/alpha_loss,9106,1786469697.210133,-4.784192085266113
train/alpha_loss,9115,1786469697.950707,-5.94738245010376
train/alpha_loss,9125,1786469698.774130,-5.690704822540283
train/alpha_loss,9134,1786469699.512519,-4.751317501068115
train/alpha_loss,9144,1786469700.332638,-5.808957576751709
train/alpha_loss,9153,1786469701.071248,-5.208250999450684
train/alpha_loss,9163,1786469701.897736,-5.032009601593018
train/alpha_loss,9172,1786469702.647440,-4.895590305328369
train/alpha_loss,9182,1786469703.474773,-5.597825050354004
train/alpha_loss,9191,1786469704.213815,-5.682581424713135
train/alpha_loss,9201,1786469705.060500,-5.724737644195557
train/alpha_loss,9210,1786469710.457360,-6.02056884765625
train/alpha_loss,9220,1786469711.173707,-5.961537837982178
train/alpha_loss,9229,1786469711.897560,-5.130061149597168
train/alpha_loss,9239,1786469712.692681,-5.448304176330566
train/alpha_loss,9248,1786469713.416463,-4.4763031005859375
train/alpha_loss,9258,1786469714.224499,-4.915083885192871
train/alpha_loss,9267,1786469714.948951,-4.94687032699585
train/alpha_loss,9277,1786469715.759373,-6.099507808685303
train/alpha_loss,9286,1786469716.484468,-5.363345623016357
train/alpha_loss,9296,1786469717.292269,-5.918447017669678
train/alpha_loss,9305,1786469718.020007,-5.166331768035889
train/alpha_loss,9315,1786469718.828576,-4.817224979400635
train/alpha_loss,9324,1786469719.552118,-5.778430461883545
train/alpha_loss,9334,1786469720.361554,-5.891462802886963
train/alpha_loss,9343,1786469721.081800,-5.304054260253906
train/alpha_loss,9353,1786469721.888819,-5.332334041595459
train/alpha_loss,9362,1786469722.614818,-5.3437676429748535
train/alpha_loss,9372,1786469723.418781,-5.670724391937256
train/alpha_loss,9381,1786469724.143389,-4.949739933013916
train/alpha_loss,9391,1786469724.954916,-4.930396556854248
train/alpha_loss,9400,1786469725.699300,-5.0496110916137695
train/alpha_loss,9410,1786469726.514769,-5.794723987579346
train/alpha_loss,9419,1786469727.252281,-5.421330451965332
train/alpha_loss,9429,1786469728.083872,-5.995850086212158
train/alpha_loss,9438,1786469728.833620,-4.449599742889404
train/alpha_loss,9448,1786469729.677998,-5.701771259307861
train/alpha_loss,9457,1786469730.428272,-4.793993949890137
train/alpha_loss,9467,1786469731.274913,-4.987290382385254
train/alpha_loss,9476,1786469732.033713,-5.744602680206299
train/alpha_loss,9486,1786469732.879841,-6.253651142120361
train/alpha_loss,9495,1786469733.636922,-5.529003620147705
train/alpha_loss,9505,1786469734.476907,-5.587176322937012
train/alpha_loss,9515,1786469735.314770,-5.633536338806152
train/alpha_loss,9524,1786469736.061227,-5.227968692779541
train/alpha_loss,9534,1786469736.885177,-5.902267932891846
train/alpha_loss,9543,1786469737.620397,-5.657054424285889
train/alpha_loss,9553,1786469738.434311,-5.240920066833496
train/alpha_loss,9562,1786469739.170913,-5.264934539794922
train/alpha_loss,9572,1786469739.989204,-5.39600133895874
train/alpha_loss,9581,1786469740.717379,-5.631457805633545
train/alpha_loss,9591,1786469741.534499,-4.962916851043701
train/alpha_loss,9600,1786469742.269625,-5.840394020080566
train/alpha_loss,9610,1786469743.078946,-5.265732765197754
train/alpha_loss,9619,1786469743.806138,-5.87025785446167
train/alpha_loss,9629,1786469744.613247,-6.243262767791748
train/alpha_loss,9638,1786469745.343778,-5.828805923461914
train/alpha_loss,9648,1786469746.141698,-4.841821670532227
train/alpha_loss,9657,1786469746.859822,-5.752310752868652
train/alpha_loss,9667,1786469747.661504,-5.310466289520264
train/alpha_loss,9676,1786469748.387327,-5.721904277801514
train/alpha_loss,9686,1786469749.184731,-4.822160243988037
train/alpha_loss,9695,1786469749.910525,-5.824811935424805
train/alpha_loss,9705,1786469750.710094,-5.708470821380615
train/alpha_loss,9714,1786469755.846272,-5.711209774017334
train/alpha_loss,9724,1786469756.648372,-5.155204772949219
train/alpha_loss,9733,1786469757.367667,-5.298224925994873
train/alpha_loss,9743,1786469758.154584,-5.461670875549316
train/alpha_loss,9752,1786469758.869296,-5.24722146987915
train/alpha_loss,9762,1786469759.665777,-5.159963130950928
train/alpha_loss,9771,1786469760.383531,-5.856993198394775
train/alpha_loss,9781,1786469761.179483,-5.01015043258667
train/alpha_loss,9790,1786469761.892219,-5.062419891357422
train/alpha_loss,9800,1786469762.692204,-5.530723571777344
train/alpha_loss,9809,1786469763.409865,-5.515120506286621
train/alpha_loss,9819,1786469764.211210,-5.473251819610596
train/alpha_loss,9828,1786469764.930878,-5.4080352783203125
train/alpha_loss,9838,1786469765.727157,-5.500041484832764
train/alpha_loss,9847,1786469766.447696,-6.013992786407471
train/alpha_loss,9857,1786469767.250877,-5.62324333190918
train/alpha_loss,9866,1786469767.973954,-4.555465221405029
train/alpha_loss,9876,1786469768.779311,-5.207916259765625
train/alpha_loss,9885,1786469769.513317,-6.203260898590088
train/alpha_loss,9895,1786469770.329697,-5.489266395568848
train/alpha_loss,9904,1786469771.037538,-5.343613147735596
train/alpha_loss,9914,1786469771.831692,-5.468872547149658
train/alpha_loss,9923,1786469772.548064,-4.832619667053223
train/alpha_loss,9933,1786469773.347133,-5.455521106719971
train/alpha_loss,9942,1786469774.072344,-4.938851356506348
train/alpha_loss,9952,1786469774.881466,-6.003958702087402
train/alpha_loss,9961,1786469775.617751,-5.321847915649414
train/alpha_loss,9971,1786469776.439832,-5.78403377532959
train/alpha_loss,9980,1786469777.173752,-5.540700435638428
train/alpha_loss,9990,1786469777.979141,-5.399478435516357
train/alpha_loss,10000,1786469778.784768,-4.041646957397461
train/avg_q,500,1786468883.384436,0.25058430433273315
train/avg_q,509,1786468888.457176,0.32569780945777893
train/avg_q,519,1786468889.260989,0.39714711904525757
train/avg_q,528,1786468889.984607,0.4442252218723297
train/avg_q,538,1786468890.784635,0.45285215973854065
train/avg_q,547,1786468891.496179,0.4945683479309082
train/avg_q,557,1786468892.286877,0.5048587918281555
train/avg_q,566,1786468892.994469,0.5557428002357483
train/avg_q,576,1786468893.789245,0.566530168056488
train/avg_q,585,1786468894.500037,0.5780881643295288
train/avg_q,595,1786468895.296118,0.5739021897315979
train/avg_q,604,1786468896.010636,0.6518114805221558
train/avg_q,614,1786468896.805814,0.5512018203735352
train/avg_q,623,1786468897.519649,0.6393707990646362
train/avg_q,633,1786468898.313997,0.477424681186676
train/avg_q,642,1786468899.041533,0.5109320878982544
train/avg_q,652,1786468899.822528,0.5201894044876099
train/avg_q,661,1786468900.536844,0.6505228877067566
train/avg_q,671,1786468901.331480,0.4722364842891693
train/avg_q,680,1786468906.478326,0.7200184464454651
train/avg_q,690,1786468907.262064,0.31284618377685547
train/avg_q,699,1786468907.971609,0.33232954144477844
train/avg_q,709,1786468908.759298,0.4906695485115051
train/avg_q,718,1786468909.487455,0.578637421131134
train/avg_q,728,1786468910.294585,0.5156345367431641
train/avg_q,737,1786468911.015344,0.398619145154953
train/avg_q,747,1786468911.829400,0.3267071545124054
train/avg_q,756,1786468912.557451,0.7308980226516724
train/avg_q,766,1786468913.366185,0.3037952482700348
train/avg_q,775,1786468914.094934,0.39632925391197205
train/avg_q,785,1786468914.904321,0.3702085018157959
train/avg_q,794,1786468915.633231,0.672886848449707
train/avg_q,804,1786468916.437256,0.5451505780220032
train/avg_q,813,1786468917.172055,0.7367693185806274
train/avg_q,823,1786468917.968645,0.2851933538913727
train/avg_q,832,1786468918.702091,0.6511316299438477
train/avg_q,842,1786468919.505030,0.4312814176082611
train/avg_q,851,1786468920.232694,0.5848826169967651
train/avg_q,861,1786468921.045069,0.5243615508079529
train/avg_q,870,1786468921.774877,0.6218063831329346
train/avg_q,880,1786468922.596276,0.7738999724388123
train/avg_q,889,1786468923.313422,0.49385446310043335
train/avg_q,899,1786468924.127269,0.8376995921134949
train/avg_q,908,1786468924.856906,0.5435552597045898
train/avg_q,918,1786468925.669507,0.6486005783081055
train/avg_q,927,1786468930.827299,0.21814042329788208
train/avg_q,937,1786468931.615755,0.3604719936847687
train/avg_q,946,1786468932.324294,0.46833065152168274
train/avg_q,956,1786468933.114022,0.11581513285636902
train/avg_q,965,1786468933.825756,0.4414108991622925
train/avg_q,975,1786468934.626720,0.7159138917922974
train/avg_q,984,1786468935.350865,0.5810880661010742
train/avg_q,994,1786468936.153353,0.7579342722892761
train/avg_q,1004,1786468936.952674,0.36962467432022095
train/avg_q,1013,1786468937.677881,0.768947184085846
train/avg_q,1023,1786468938.480166,0.631927490234375
train/avg_q,1032,1786468939.201636,0.4472852349281311
train/avg_q,1042,1786468939.998163,0.3752065896987915
train/avg_q,1051,1786468940.717083,0.2581636309623718
train/avg_q,1061,1786468941.519230,0.7661468386650085
train/avg_q,1070,1786468942.242267,-0.00813107006251812
train/avg_q,1080,1786468943.043556,-0.015430131927132607
train/avg_q,1089,1786468943.760442,0.44389650225639343
train/avg_q,1099,1786468944.559530,0.8408738374710083
train/avg_q,1108,1786468945.288336,0.29844874143600464
train/avg_q,1118,1786468946.082725,0.11320001631975174
train/avg_q,1127,1786468946.807845,0.4104762077331543
train/avg_q,1137,1786468947.604782,0.9025865197181702
train/avg_q,1146,1786468948.322357,0.7627261281013489
train/avg_q,1156,1786468949.116501,-1.4770559072494507
train/avg_q,1165,1786468949.841356,0.16643230617046356
train/avg_q,1175,1786468955.059274,-0.06586804986000061
train/avg_q,1184,1786468955.808440,0.07771898806095123
train/avg_q,1194,1786468956.645588,0.5347853899002075
train/avg_q,1203,1786468957.401338,0.4395104646682739
train/avg_q,1213,1786468958.248093,-0.8439550399780273
train/avg_q,1222,1786468963.573216,-0.5261257290840149
train/avg_q,1232,1786468964.366307,-0.5143566131591797
train/avg_q,1241,1786468965.079709,-3.4794535636901855
train/avg_q,1251,1786468965.865255,0.027023257687687874
train/avg_q,1260,1786468966.564499,-1.2321494817733765
train/avg_q,1270,1786468967.342492,-0.5855538845062256
train/avg_q,1279,1786468968.046961,-3.4813318252563477
train/avg_q,1289,1786468973.196253,-1.4970506429672241
train/avg_q,1298,1786468973.943169,-1.1320582628250122
train/avg_q,1308,1786468974.735587,-0.42362749576568604
train/avg_q,1317,1786468975.463586,-0.04790186882019043
train/avg_q,1327,1786468976.276673,-0.8074651956558228
train/avg_q,1336,1786468977.004654,-0.3428797721862793
train/avg_q,1346,1786468977.821095,-2.762784481048584
train/avg_q,1355,1786468978.563531,-2.822442054748535
train/avg_q,1365,1786468979.461615,0.47507017850875854
train/avg_q,1374,1786468980.373187,0.22490143775939941
train/avg_q,1384,1786468981.562722,7.402419578284025e-05
train/avg_q,1393,1786468982.590783,-0.46862342953681946
train/avg_q,1403,1786468983.563730,0.4758124351501465
train/avg_q,1412,1786468984.435058,-0.9158527851104736
train/avg_q,1422,1786468985.383991,-0.21442092955112457
train/avg_q,1431,1786468986.298276,-1.5728563070297241
train/avg_q,1441,1786468987.134049,0.4802011251449585
train/avg_q,1450,1786468987.887374,-4.260168552398682
train/avg_q,1460,1786468988.729476,-0.2634640336036682
train/avg_q,1469,1786468989.582364,-0.49221521615982056
train/avg_q,1479,1786468990.493279,-1.9626458883285522
train/avg_q,1488,1786468991.243859,0.5880481004714966
train/avg_q,1498,1786468992.089515,-0.051009178161621094
train/avg_q,1508,1786468992.920657,-3.1161904335021973
train/avg_q,1517,1786468993.693159,-1.5540963411331177
train/avg_q,1527,1786468994.543163,0.6436225771903992
train/avg_q,1536,1786468995.329251,-2.492191791534424
train/avg_q,1546,1786468996.206354,-1.4450879096984863
train/avg_q,1555,1786468997.004100,-2.234849214553833
train/avg_q,1565,1786468997.854151,-4.050113201141357
train/avg_q,1574,1786468998.645751,-0.017232723534107208
train/avg_q,1584,1786468999.638442,-6.251070499420166
train/avg_q,1593,1786469000.530011,-2.8853893280029297
train/avg_q,1603,1786469001.413871,-2.0708982944488525
train/avg_q,1612,1786469002.181066,-0.34344595670700073
train/avg_q,1622,1786469003.134069,0.6281633973121643
train/avg_q,1631,1786469003.981447,-2.134782552719116
train/avg_q,1641,1786469005.284243,-2.006117105484009
train/avg_q,1650,1786469006.292714,-5.098750591278076
train/avg_q,1660,1786469007.126217,-0.6989176273345947
train/avg_q,1669,1786469007.876796,-2.0259931087493896
train/avg_q,1679,1786469008.710899,-1.1464307308197021
train/avg_q,1688,1786469009.464040,0.6110203266143799
train/avg_q,1698,1786469010.315971,-10.86421012878418
train/avg_q,1707,1786469011.227257,-1.4550213813781738
train/avg_q,1717,1786469012.220637,-3.756810188293457
train/avg_q,1726,1786469013.049585,-1.4540168046951294
train/avg_q,1736,1786469013.895486,-1.9618761539459229
train/avg_q,1745,1786469014.650216,-0.11667190492153168
train/avg_q,1755,1786469015.492337,-6.17172908782959
train/avg_q,1764,1786469016.603561,-4.1864447593688965
train/avg_q,1774,1786469017.486905,-2.913163185119629
train/avg_q,1783,1786469022.968917,-2.6181352138519287
train/avg_q,1793,1786469023.730157,-4.132544040679932
train/avg_q,1802,1786469024.438479,-1.4872454404830933
train/avg_q,1812,1786469025.224964,-5.003012180328369
train/avg_q,1821,1786469026.468128,-7.069194316864014
train/avg_q,1831,1786469033.536422,0.1587594896554947
train/avg_q,1840,1786469034.279042,-0.4894016683101654
train/avg_q,1850,1786469035.092928,-3.087167978286743
train/avg_q,1859,1786469035.828298,-0.711189866065979
train/avg_q,1869,1786469036.691208,-1.9401333332061768
train/avg_q,1878,1786469037.429498,-0.02790195494890213
train/avg_q,1888,1786469038.237505,-6.376039505004883
train/avg_q,1897,1786469038.970159,-0.7661741375923157
train/avg_q,1907,1786469039.785225,-3.1337697505950928
train/avg_q,1916,1786469040.530499,-1.646788239479065
train/avg_q,1926,1786469041.354190,-1.672547459602356
train/avg_q,1935,1786469042.095149,-3.9138665199279785
train/avg_q,1945,1786469042.899016,-0.30461764335632324
train/avg_q,1954,1786469043.621279,-4.889053821563721
train/avg_q,1964,1786469044.431367,-2.3934707641601562
train/avg_q,1973,1786469045.135353,0.35756632685661316
train/avg_q,1983,1786469045.947477,-3.5147948265075684
train/avg_q,1992,1786469046.682427,-2.829653024673462
train/avg_q,2002,1786469047.724253,-2.760061025619507
train/avg_q,2012,1786469048.444032,-2.867794990539551
train/avg_q,2021,1786469049.190889,-8.028446197509766
train/avg_q,2031,1786469054.559470,-7.937131881713867
train/avg_q,2040,1786469055.294127,-0.3715048134326935
train/avg_q,2050,1786469056.115930,-4.976644992828369
train/avg_q,2059,1786469056.853664,-3.5431783199310303
train/avg_q,2069,1786469057.675315,-7.664516925811768
train/avg_q,2078,1786469058.413481,-2.2413525581359863
train/avg_q,2088,1786469059.231827,-5.619258880615234
train/avg_q,2097,1786469059.981343,-0.6852232217788696
train/avg_q,2107,1786469060.825993,-3.8777377605438232
train/avg_q,2116,1786469061.577271,-1.830270767211914
train/avg_q,2126,1786469062.420032,-3.8259379863739014
train/avg_q,2135,1786469063.170955,-1.1433241367340088
train/avg_q,2145,1786469064.009722,-3.5834743976593018
train/avg_q,2154,1786469064.765664,-1.034894347190857
train/avg_q,2164,1786469065.606740,-3.9488234519958496
train/avg_q,2173,1786469066.353139,-6.186873435974121
train/avg_q,2183,1786469067.186305,-2.84393048286438
train/avg_q,2192,1786469067.922560,-4.605230808258057
train/avg_q,2202,1786469068.745678,-4.820182800292969
train/avg_q,2211,1786469069.489898,-1.4997776746749878
train/avg_q,2221,1786469070.306916,-4.792093753814697
train/avg_q,2230,1786469071.038256,-1.3085331916809082
train/avg_q,2240,1786469071.853901,-4.45448637008667
train/avg_q,2249,1786469072.587053,-0.20564723014831543
train/avg_q,2259,1786469073.397991,-4.768909454345703
train/avg_q,2268,1786469074.124167,-7.0912957191467285
train/avg_q,2278,1786469074.930130,0.6472262144088745
train/avg_q,2287,1786469075.655239,-1.6067023277282715
train/avg_q,2297,1786469076.461072,-4.419315338134766
train/avg_q,2306,1786469077.196507,-2.059399127960205
train/avg_q,2316,1786469078.031998,-9.935186386108398
train/avg_q,2325,1786469078.784286,-2.1772546768188477
train/avg_q,2335,1786469079.606367,-3.228029489517212
train/avg_q,2344,1786469080.350296,-3.1192564964294434
train/avg_q,2354,1786469081.176196,-5.458514213562012
train/avg_q,2363,1786469081.931214,-5.436043739318848
train/avg_q,2373,1786469082.755676,-7.440025329589844
train/avg_q,2382,1786469083.499208,-3.368248224258423
train/avg_q,2392,1786469084.324440,-1.5617291927337646
train/avg_q,2401,1786469085.066002,-5.21632194519043
train/avg_q,2411,1786469085.881853,-1.0141903162002563
train/avg_q,2420,1786469086.613190,-3.310685157775879
train/avg_q,2430,1786469087.425418,-2.6535961627960205
train/avg_q,2439,1786469088.160254,-6.312932014465332
train/avg_q,2449,1786469088.976456,-11.192184448242188
train/avg_q,2458,1786469094.277416,-5.098609924316406
train/avg_q,2468,1786469094.972207,-4.388010501861572
train/avg_q,2477,1786469095.672368,-8.766618728637695
train/avg_q,2487,1786469096.456247,-2.8086721897125244
train/avg_q,2496,1786469097.164981,-5.148758411407471
train/avg_q,2506,1786469097.943192,-4.144975185394287
train/avg_q,2516,1786469098.725291,-4.233667373657227
train/avg_q,2525,1786469099.431787,-5.564647197723389
train/avg_q,2535,1786469100.217110,-5.577693462371826
train/avg_q,2544,1786469100.923507,-3.618553638458252
train/avg_q,2554,1786469101.709342,0.32710158824920654
train/avg_q,2563,1786469102.413754,-0.0011294364230707288
train/avg_q,2573,1786469103.199997,-2.7781944274902344
train/avg_q,2582,1786469103.909772,-10.976262092590332
train/avg_q,2592,1786469104.694288,-5.334022045135498
train/avg_q,2601,1786469105.403403,-0.3337433636188507
train/avg_q,2611,1786469106.194712,-3.6440587043762207
train/avg_q,2620,1786469106.928581,-7.214951515197754
train/avg_q,2630,1786469107.749410,-7.754918575286865
train/avg_q,2639,1786469108.481449,-6.441978454589844
train/avg_q,2649,1786469109.293670,-9.280059814453125
train/avg_q,2658,1786469110.028900,-1.834090232849121
train/avg_q,2668,1786469110.847663,-5.681957721710205
train/avg_q,2677,1786469111.584117,-6.751752853393555
train/avg_q,2687,1786469112.399417,-1.028995394706726
train/avg_q,2696,1786469113.135511,-6.187792778015137
train/avg_q,2706,1786469113.950709,-4.126956462860107
train/avg_q,2715,1786469114.693189,-4.379292964935303
train/avg_q,2725,1786469115.486233,-6.493121147155762
train/avg_q,2734,1786469116.213310,-6.132485389709473
train/avg_q,2744,1786469117.023192,-5.3574748039245605
train/avg_q,2753,1786469117.760122,-3.518455982208252
train/avg_q,2763,1786469118.564446,-6.099233150482178
train/avg_q,2772,1786469119.286678,-6.398019790649414
train/avg_q,2782,1786469120.099628,-12.253385543823242
train/avg_q,2791,1786469120.823205,-5.843409061431885
train/avg_q,2801,1786469121.634103,-5.82437801361084
train/avg_q,2810,1786469122.362346,-9.886110305786133
train/avg_q,2820,1786469123.173447,-4.1664581298828125
train/avg_q,2829,1786469123.900198,-4.789449214935303
train/avg_q,2839,1786469124.713087,-3.9319965839385986
train/avg_q,2848,1786469125.444371,-1.9167025089263916
train/avg_q,2858,1786469126.262884,-4.5715131759643555
train/avg_q,2867,1786469127.001319,-4.928279399871826
train/avg_q,2877,1786469127.820632,-3.7860679626464844
train/avg_q,2886,1786469128.563179,-4.708202362060547
train/avg_q,2896,1786469129.383624,-9.160724639892578
train/avg_q,2905,1786469130.125090,-6.334864139556885
train/avg_q,2915,1786469130.945530,-5.276517868041992
train/avg_q,2924,1786469131.685393,-6.719126224517822
train/avg_q,2934,1786469132.505330,-10.111042022705078
train/avg_q,2943,1786469133.249074,-6.671142578125
train/avg_q,2953,1786469134.064642,-9.39216423034668
train/avg_q,2962,1786469139.196660,-10.413787841796875
train/avg_q,2972,1786469139.991909,-9.647100448608398
train/avg_q,2981,1786469140.702964,-9.2978515625
train/avg_q,2991,1786469141.500101,-6.777847766876221
train/avg_q,3001,1786469142.293972,-3.143148183822632
train/avg_q,3010,1786469143.015285,-12.13665771484375
train/avg_q,3020,1786469143.822079,-10.701129913330078
train/avg_q,3029,1786469144.549552,-6.152448654174805
train/avg_q,3039,1786469145.353047,-13.025330543518066
train/avg_q,3048,1786469146.084395,-3.742912530899048
train/avg_q,3058,1786469146.887340,-4.976287841796875
train/avg_q,3067,1786469147.613405,-5.6686248779296875
train/avg_q,3077,1786469148.417700,-5.071141719818115
train/avg_q,3086,1786469149.141642,-0.991739809513092
train/avg_q,3096,1786469149.947201,-10.0850248336792
train/avg_q,3105,1786469150.670229,-5.478875160217285
train/avg_q,3115,1786469151.479254,-11.934540748596191
train/avg_q,3124,1786469152.213218,-3.541445732116699
train/avg_q,3134,1786469153.013551,-6.917104244232178
train/avg_q,3143,1786469153.752489,-3.59671688079834
train/avg_q,3153,1786469154.560028,-4.240923881530762
train/avg_q,3162,1786469155.291764,-3.3528006076812744
train/avg_q,3172,1786469156.109687,-3.674630641937256
train/avg_q,3181,1786469156.834080,-2.42181396484375
train/avg_q,3191,1786469157.644597,-9.861743927001953
train/avg_q,3200,1786469158.363804,-7.318223476409912
train/avg_q,3210,1786469159.165094,-6.5850396156311035
train/avg_q,3219,1786469159.889112,-4.575721740722656
train/avg_q,3229,1786469160.689730,-9.904671669006348
train/avg_q,3238,1786469161.415893,-7.763966083526611
train/avg_q,3248,1786469162.222464,-3.772160530090332
train/avg_q,3257,1786469162.947363,-8.2283296585083
train/avg_q,3267,1786469168.119420,-6.946555137634277
train/avg_q,3276,1786469168.830212,-10.925131797790527
train/avg_q,3286,1786469169.621523,-6.98738956451416
train/avg_q,3295,1786469170.331109,-10.451845169067383
train/avg_q,3305,1786469171.117886,-15.783475875854492
train/avg_q,3314,1786469171.826355,-4.5874104499816895
train/avg_q,3324,1786469172.602757,-6.278636455535889
train/avg_q,3333,1786469173.302526,-8.071539878845215
train/avg_q,3343,1786469174.079324,-7.211355209350586
train/avg_q,3352,1786469174.781366,-15.804438591003418
train/avg_q,3362,1786469175.556282,-7.473471641540527
train/avg_q,3371,1786469176.253198,-6.096299171447754
train/avg_q,3381,1786469177.026466,-7.108030319213867
train/avg_q,3390,1786469177.730051,-3.5600767135620117
train/avg_q,3400,1786469178.512767,-5.655367851257324
train/avg_q,3409,1786469179.227148,-14.300840377807617
train/avg_q,3419,1786469180.018724,-17.432985305786133
train/avg_q,3428,1786469180.725463,-6.310784816741943
train/avg_q,3438,1786469181.534122,-10.292487144470215
train/avg_q,3447,1786469182.248365,-3.894322395324707
train/avg_q,3457,1786469183.055110,-9.946649551391602
train/avg_q,3466,1786469183.782822,-4.303494930267334
train/avg_q,3476,1786469184.590080,-10.990923881530762
train/avg_q,3485,1786469185.316224,-10.581491470336914
train/avg_q,3495,1786469186.125129,-6.078892707824707
train/avg_q,3505,1786469186.928249,-13.217608451843262
train/avg_q,3514,1786469187.653174,-12.88272762298584
train/avg_q,3524,1786469188.455124,-9.416316986083984
train/avg_q,3533,1786469189.177257,-10.209486961364746
train/avg_q,3543,1786469189.981773,-7.758387088775635
train/avg_q,3552,1786469190.702388,-10.125861167907715
train/avg_q,3562,1786469191.508023,-9.385100364685059
train/avg_q,3571,1786469192.230164,-9.244916915893555
train/avg_q,3581,1786469193.029397,-7.193540573120117
train/avg_q,3590,1786469193.757181,-10.77346134185791
train/avg_q,3600,1786469194.558655,-7.746877193450928
train/avg_q,3609,1786469195.278926,-10.303019523620605
train/avg_q,3619,1786469196.079472,-6.399096488952637
train/avg_q,3628,1786469196.796365,-12.011903762817383
train/avg_q,3638,1786469197.597357,-8.472467422485352
train/avg_q,3647,1786469198.314594,-3.7454259395599365
train/avg_q,3657,1786469199.112681,-7.397558212280273
train/avg_q,3666,1786469199.828326,-15.143794059753418
train/avg_q,3676,1786469200.623645,-13.667192459106445
train/avg_q,3685,1786469201.341358,-11.1033935546875
train/avg_q,3695,1786469202.142363,-6.751650333404541
train/avg_q,3704,1786469202.853487,-4.675077438354492
train/avg_q,3714,1786469203.649701,-8.416766166687012
train/avg_q,3723,1786469204.352332,-12.840032577514648
train/avg_q,3733,1786469205.140046,-6.9859619140625
train/avg_q,3742,1786469205.851355,-5.698797702789307
train/avg_q,3752,1786469206.639120,-5.380471706390381
train/avg_q,3761,1786469211.724996,-8.02886962890625
train/avg_q,3771,1786469212.538875,-13.548828125
train/avg_q,3780,1786469213.262562,-15.131213188171387
train/avg_q,3790,1786469214.074252,-14.807604789733887
train/avg_q,3799,1786469214.790276,-7.726060390472412
train/avg_q,3809,1786469215.593452,-7.330389022827148
train/avg_q,3818,1786469216.319734,-6.334902286529541
train/avg_q,3828,1786469217.128107,-12.891641616821289
train/avg_q,3837,1786469217.865325,-15.89108943939209
train/avg_q,3847,1786469218.675045,-10.040163040161133
train/avg_q,3856,1786469219.406530,-7.391798973083496
train/avg_q,3866,1786469220.222236,-12.57863998413086
train/avg_q,3875,1786469220.951890,-9.273958206176758
train/avg_q,3885,1786469221.773993,-7.378058433532715
train/avg_q,3894,1786469222.513668,-18.265336990356445
train/avg_q,3904,1786469223.338337,-10.795144081115723
train/avg_q,3913,1786469224.080847,-12.708073616027832
train/avg_q,3923,1786469224.905082,-13.866433143615723
train/avg_q,3932,1786469225.653513,-15.268996238708496
train/avg_q,3942,1786469226.480322,-9.130712509155273
train/avg_q,3951,1786469227.222477,-12.392562866210938
train/avg_q,3961,1786469228.055059,-9.08617877960205
train/avg_q,3970,1786469228.795927,-13.583879470825195
train/avg_q,3980,1786469229.629045,-5.858243465423584
train/avg_q,3989,1786469230.372083,-14.2343111038208
train/avg_q,3999,1786469231.192408,-9.948970794677734
train/avg_q,4009,1786469232.174466,-10.793356895446777
train/avg_q,4018,1786469232.912637,-11.944015502929688
train/avg_q,4028,1786469233.721934,-8.627878189086914
train/avg_q,4037,1786469234.455620,-8.678919792175293
train/avg_q,4047,1786469235.269774,-10.321844100952148
train/avg_q,4056,1786469236.004179,-9.943304061889648
train/avg_q,4066,1786469236.816226,-18.49240493774414
train/avg_q,4075,1786469237.546737,-17.0460205078125
train/avg_q,4085,1786469238.355113,-14.765681266784668
train/avg_q,4094,1786469239.080712,-7.9404191970825195
train/avg_q,4104,1786469239.896252,-17.34173583984375
train/avg_q,4113,1786469240.630171,-12.53687858581543
train/avg_q,4123,1786469241.452696,-12.4070405960083
train/avg_q,4132,1786469242.171901,-7.056687355041504
train/avg_q,4142,1786469242.983210,-10.90887451171875
train/avg_q,4151,1786469243.705885,-18.33196449279785
train/avg_q,4161,1786469244.511265,-14.671706199645996
train/avg_q,4170,1786469245.237393,-12.243743896484375
train/avg_q,4180,1786469246.044539,-13.209476470947266
train/avg_q,4189,1786469246.765075,-10.082084655761719
train/avg_q,4199,1786469247.558135,-15.863862037658691
train/avg_q,4208,1786469248.272155,-13.446295738220215
train/avg_q,4218,1786469249.063015,-12.89793872833252
train/avg_q,4227,1786469249.780681,-12.400760650634766
train/avg_q,4237,1786469250.567950,-16.818822860717773
train/avg_q,4246,1786469251.283617,-7.430683612823486
train/avg_q,4256,1786469252.072750,-14.133511543273926
train/avg_q,4265,1786469257.153505,-10.169918060302734
train/avg_q,4275,1786469257.958804,-8.722414016723633
train/avg_q,4284,1786469258.679452,-6.742154598236084
train/avg_q,4294,1786469259.483312,-14.45162582397461
train/avg_q,4303,1786469260.204059,-17.76247215270996
train/avg_q,4313,1786469260.990923,-19.23617172241211
train/avg_q,4322,1786469261.709480,-10.695658683776855
train/avg_q,4332,1786469262.517911,-12.551422119140625
train/avg_q,4341,1786469263.243591,-10.023713111877441
train/avg_q,4351,1786469264.047436,-9.441120147705078
train/avg_q,4360,1786469264.766386,-13.065414428710938
train/avg_q,4370,1786469265.569432,-23.71299171447754
train/avg_q,4379,1786469266.280731,-15.16329288482666
train/avg_q,4389,1786469267.073155,-9.91811752319336
train/avg_q,4398,1786469267.788628,-17.854387283325195
train/avg_q,4408,1786469268.585424,-12.85339069366455
train/avg_q,4417,1786469269.297042,-14.222461700439453
train/avg_q,4427,1786469270.096841,-11.54274845123291
train/avg_q,4436,1786469270.828949,-11.335567474365234
train/avg_q,4446,1786469271.639353,-12.443341255187988
train/avg_q,4455,1786469272.371865,-21.7559814453125
train/avg_q,4465,1786469273.193804,-14.09801197052002
train/avg_q,4474,1786469273.923234,-9.198319435119629
train/avg_q,4484,1786469274.738968,-11.836671829223633
train/avg_q,4493,1786469275.481786,-16.514373779296875
train/avg_q,4503,1786469276.316412,-13.837809562683105
train/avg_q,4513,1786469277.146732,-13.557042121887207
train/avg_q,4522,1786469277.893669,-18.226356506347656
train/avg_q,4532,1786469278.721850,-13.610197067260742
train/avg_q,4541,1786469279.470736,-14.754059791564941
train/avg_q,4551,1786469280.302255,-14.167280197143555
train/avg_q,4560,1786469281.051066,-20.74260139465332
train/avg_q,4570,1786469281.882663,-18.846649169921875
train/avg_q,4579,1786469282.628406,-16.85047721862793
train/avg_q,4589,1786469283.462045,-11.61968994140625
train/avg_q,4598,1786469284.211173,-16.32208251953125
train/avg_q,4608,1786469285.040342,-17.387292861938477
train/avg_q,4617,1786469285.785134,-13.965726852416992
train/avg_q,4627,1786469286.612056,-9.582415580749512
train/avg_q,4636,1786469287.352368,-17.222721099853516
train/avg_q,4646,1786469288.178107,-13.519684791564941
train/avg_q,4655,1786469288.920768,-15.232821464538574
train/avg_q,4665,1786469289.755283,-24.53142738342285
train/avg_q,4674,1786469290.497859,-21.071346282958984
train/avg_q,4684,1786469291.330138,-11.860383033752441
train/avg_q,4693,1786469292.078496,-12.608691215515137
train/avg_q,4703,1786469292.912656,-11.771899223327637
train/avg_q,4712,1786469293.666209,-19.47140121459961
train/avg_q,4722,1786469294.499923,-10.814841270446777
train/avg_q,4731,1786469295.253873,-12.768855094909668
train/avg_q,4741,1786469296.081806,-12.661503791809082
train/avg_q,4750,1786469296.827373,-15.086691856384277
train/avg_q,4760,1786469302.126910,-14.402226448059082
train/avg_q,4769,1786469302.842344,-13.066537857055664
train/avg_q,4779,1786469303.623229,-15.027660369873047
train/avg_q,4788,1786469304.334144,-11.015498161315918
train/avg_q,4798,1786469305.124688,-15.381510734558105
train/avg_q,4807,1786469305.828622,-18.166423797607422
train/avg_q,4817,1786469306.610900,-12.137394905090332
train/avg_q,4826,1786469307.320929,-17.36404800415039
train/avg_q,4836,1786469308.110364,-20.884593963623047
train/avg_q,4845,1786469308.824326,-9.62222671508789
train/avg_q,4855,1786469309.618255,-19.067380905151367
train/avg_q,4864,1786469310.321654,-13.963496208190918
train/avg_q,4874,1786469311.109480,-14.054858207702637
train/avg_q,4883,1786469311.822010,-18.430988311767578
train/avg_q,4893,1786469312.609432,-22.203369140625
train/avg_q,4902,1786469313.319837,-20.54024314880371
train/avg_q,4912,1786469314.121451,-14.830429077148438
train/avg_q,4921,1786469314.843897,-17.615964889526367
train/avg_q,4931,1786469315.655475,-14.552277565002441
train/avg_q,4940,1786469316.390542,-12.126723289489746
train/avg_q,4950,1786469317.197390,-15.2017240524292
train/avg_q,4959,1786469317.926655,-16.8936767578125
train/avg_q,4969,1786469318.735344,-13.546918869018555
train/avg_q,4978,1786469319.464732,-15.95205307006836
train/avg_q,4988,1786469320.271332,-14.402189254760742
train/avg_q,4997,1786469320.996996,-15.045093536376953
train/avg_q,5007,1786469321.799122,-11.450783729553223
train/avg_q,5017,1786469322.606355,-15.496310234069824
train/avg_q,5026,1786469323.337356,-18.96009635925293
train/avg_q,5036,1786469324.139213,-11.394075393676758
train/avg_q,5045,1786469324.865925,-10.070178985595703
train/avg_q,5055,1786469325.679600,-16.213191986083984
train/avg_q,5064,1786469326.403392,-14.292084693908691
train/avg_q,5074,1786469327.212168,-16.051956176757812
train/avg_q,5083,1786469327.947969,-13.403609275817871
train/avg_q,5093,1786469328.754096,-18.175762176513672
train/avg_q,5102,1786469329.482385,-15.691962242126465
train/avg_q,5112,1786469330.294631,-12.50674057006836
train/avg_q,5121,1786469331.023752,-15.7738618850708
train/avg_q,5131,1786469331.833346,-16.931642532348633
train/avg_q,5140,1786469332.560960,-18.210540771484375
train/avg_q,5150,1786469333.374946,-15.45934772491455
train/avg_q,5159,1786469334.108922,-16.322216033935547
train/avg_q,5169,1786469334.915908,-14.447977066040039
train/avg_q,5178,1786469335.646941,-16.510469436645508
train/avg_q,5188,1786469336.456066,-17.13446044921875
train/avg_q,5197,1786469337.184635,-11.22446346282959
train/avg_q,5207,1786469337.993167,-22.129621505737305
train/avg_q,5216,1786469338.718708,-20.51494598388672
train/avg_q,5226,1786469339.527369,-17.688261032104492
train/avg_q,5235,1786469340.255657,-17.406036376953125
train/avg_q,5245,1786469341.056854,-18.194442749023438
train/avg_q,5254,1786469341.783848,-16.062917709350586
train/avg_q,5264,1786469347.005329,-13.044864654541016
train/avg_q,5273,1786469347.709494,-11.796344757080078
train/avg_q,5283,1786469348.495076,-18.321073532104492
train/avg_q,5292,1786469349.207674,-19.792341232299805
train/avg_q,5302,1786469349.996176,-15.90080738067627
train/avg_q,5311,1786469350.703398,-13.841670036315918
train/avg_q,5321,1786469351.491312,-13.173934936523438
train/avg_q,5330,1786469352.211228,-14.343241691589355
train/avg_q,5340,1786469353.022630,-24.574674606323242
train/avg_q,5349,1786469353.752156,-20.582826614379883
train/avg_q,5359,1786469354.560107,-21.739299774169922
train/avg_q,5368,1786469355.280757,-15.00573444366455
train/avg_q,5378,1786469356.089969,-25.15291404724121
train/avg_q,5387,1786469356.798379,-11.8866548538208
train/avg_q,5397,1786469357.591262,-17.935331344604492
train/avg_q,5406,1786469358.313057,-15.82009506225586
train/avg_q,5416,1786469359.119914,-17.715070724487305
train/avg_q,5425,1786469359.830163,-20.048625946044922
train/avg_q,5435,1786469360.641683,-18.27312660217285
train/avg_q,5444,1786469361.374707,-17.144317626953125
train/avg_q,5454,1786469362.190496,-15.909660339355469
train/avg_q,5463,1786469362.918524,-25.97464370727539
train/avg_q,5473,1786469363.722817,-19.753273010253906
train/avg_q,5482,1786469364.450872,-22.99909210205078
train/avg_q,5492,1786469365.255880,-20.280899047851562
train/avg_q,5502,1786469366.065346,-22.4703369140625
train/avg_q,5511,1786469366.784666,-22.185848236083984
train/avg_q,5521,1786469367.595170,-25.175697326660156
train/avg_q,5530,1786469368.317134,-30.65410804748535
train/avg_q,5540,1786469369.118619,-22.003215789794922
train/avg_q,5549,1786469369.843741,-26.600570678710938
train/avg_q,5559,1786469370.643712,-19.935569763183594
train/avg_q,5568,1786469371.365352,-20.55494499206543
train/avg_q,5578,1786469372.166304,-30.977436065673828
train/avg_q,5587,1786469372.885297,-23.418912887573242
train/avg_q,5597,1786469373.691334,-23.98015594482422
train/avg_q,5606,1786469374.408909,-32.32752990722656
train/avg_q,5616,1786469375.210037,-30.117015838623047
train/avg_q,5625,1786469375.932689,-22.158002853393555
train/avg_q,5635,1786469376.738953,-31.482975006103516
train/avg_q,5644,1786469377.468341,-23.2440128326416
train/avg_q,5654,1786469378.262674,-27.499738693237305
train/avg_q,5663,1786469378.984382,-29.036317825317383
train/avg_q,5673,1786469379.783911,-24.212787628173828
train/avg_q,5682,1786469380.512734,-27.303489685058594
train/avg_q,5692,1786469381.330180,-22.825571060180664
train/avg_q,5701,1786469382.050686,-22.88389015197754
train/avg_q,5711,1786469382.849685,-34.27328872680664
train/avg_q,5720,1786469383.573911,-26.000314712524414
train/avg_q,5730,1786469384.369372,-34.59636306762695
train/avg_q,5739,1786469385.087346,-22.192461013793945
train/avg_q,5749,1786469385.885693,-31.09393882751465
train/avg_q,5758,1786469391.011804,-37.643455505371094
train/avg_q,5768,1786469391.740351,-18.252729415893555
train/avg_q,5777,1786469392.457722,-33.861209869384766
train/avg_q,5787,1786469393.242772,-36.416786193847656
train/avg_q,5796,1786469393.952574,-23.295377731323242
train/avg_q,5806,1786469394.731915,-35.311553955078125
train/avg_q,5815,1786469395.444352,-27.08358383178711
train/avg_q,5825,1786469396.230250,-26.748674392700195
train/avg_q,5834,1786469396.939101,-21.06161117553711
train/avg_q,5844,1786469397.727581,-25.9500675201416
train/avg_q,5853,1786469398.437340,-32.7806396484375
train/avg_q,5863,1786469399.226024,-23.780107498168945
train/avg_q,5872,1786469399.931382,-33.49051284790039
train/avg_q,5882,1786469400.717283,-21.334115982055664
train/avg_q,5891,1786469401.426045,-24.03493309020996
train/avg_q,5901,1786469402.218106,-30.76927375793457
train/avg_q,5910,1786469402.934754,-31.38973617553711
train/avg_q,5920,1786469403.740834,-21.35981559753418
train/avg_q,5929,1786469408.856367,-26.428449630737305
train/avg_q,5939,1786469409.654145,-28.36873435974121
train/avg_q,5948,1786469410.363222,-27.57346534729004
train/avg_q,5958,1786469411.154471,-26.226093292236328
train/avg_q,5967,1786469411.866452,-30.575042724609375
train/avg_q,5977,1786469412.650301,-29.52906608581543
train/avg_q,5986,1786469413.361084,-32.89006423950195
train/avg_q,5996,1786469414.154051,-29.149494171142578
train/avg_q,6006,1786469415.191679,-29.221323013305664
train/avg_q,6015,1786469415.906351,-27.801239013671875
train/avg_q,6025,1786469416.705123,-36.68238830566406
train/avg_q,6034,1786469417.413647,-29.01150894165039
train/avg_q,6044,1786469422.614050,-24.644176483154297
train/avg_q,6053,1786469423.331143,-27.20915412902832
train/avg_q,6063,1786469424.125543,-27.771156311035156
train/avg_q,6072,1786469424.836872,-20.21647834777832
train/avg_q,6082,1786469425.626952,-37.79341125488281
train/avg_q,6091,1786469426.337207,-21.16619300842285
train/avg_q,6101,1786469427.129232,-32.1928596496582
train/avg_q,6110,1786469427.846519,-26.05590057373047
train/avg_q,6120,1786469428.651388,-24.074125289916992
train/avg_q,6129,1786469429.373907,-25.554149627685547
train/avg_q,6139,1786469430.176812,-41.63630676269531
train/avg_q,6148,1786469430.899628,-28.55238151550293
train/avg_q,6158,1786469431.703280,-21.15938377380371
train/avg_q,6167,1786469432.424469,-27.645282745361328
train/avg_q,6177,1786469433.223851,-27.92055892944336
train/avg_q,6186,1786469433.943284,-28.317420959472656
train/avg_q,6196,1786469434.743894,-32.837013244628906
train/avg_q,6205,1786469435.464755,-27.94868278503418
train/avg_q,6215,1786469436.263730,-24.950023651123047
train/avg_q,6224,1786469436.987791,-30.125349044799805
train/avg_q,6234,1786469437.788554,-28.708375930786133
train/avg_q,6243,1786469438.502597,-35.22637176513672
train/avg_q,6253,1786469439.294858,-37.59912872314453
train/avg_q,6262,1786469440.012201,-27.27874183654785
train/avg_q,6272,1786469440.808250,-22.178129196166992
train/avg_q,6281,1786469441.526331,-28.38652229309082
train/avg_q,6291,1786469442.325371,-37.15678024291992
train/avg_q,6300,1786469443.040128,-25.546144485473633
train/avg_q,6310,1786469443.838212,-38.15176010131836
train/avg_q,6319,1786469444.555212,-33.039306640625
train/avg_q,6329,1786469445.351087,-23.23185920715332
train/avg_q,6338,1786469446.074681,-31.833803176879883
train/avg_q,6348,1786469446.865479,-27.386972427368164
train/avg_q,6357,1786469447.576228,-23.94696044921875
train/avg_q,6367,1786469448.358838,-30.60335350036621
train/avg_q,6376,1786469449.070862,-26.501108169555664
train/avg_q,6386,1786469449.862151,-26.3618106842041
train/avg_q,6395,1786469450.574969,-23.65639877319336
train/avg_q,6405,1786469451.366217,-26.40028190612793
train/avg_q,6414,1786469452.084757,-17.74911117553711
train/avg_q,6424,1786469452.872456,-20.0545597076416
train/avg_q,6433,1786469453.586983,-25.42812728881836
train/avg_q,6443,1786469454.377529,-25.19023323059082
train/avg_q,6452,1786469455.090450,-24.17026138305664
train/avg_q,6462,1786469455.886457,-14.041403770446777
train/avg_q,6471,1786469456.602184,-19.77296257019043
train/avg_q,6481,1786469457.398975,-25.632396697998047
train/avg_q,6490,1786469458.115504,-29.67863655090332
train/avg_q,6500,1786469458.908267,-34.65961837768555
train/avg_q,6510,1786469459.705122,-25.38040542602539
train/avg_q,6519,1786469460.420198,-30.171449661254883
train/avg_q,6529,1786469461.212706,-23.2476749420166
train/avg_q,6538,1786469466.311055,-29.724149703979492
train/avg_q,6548,1786469467.062860,-33.08082580566406
train/avg_q,6557,1786469467.777109,-24.898405075073242
train/avg_q,6567,1786469468.558532,-31.082582473754883
train/avg_q,6576,1786469469.266732,-28.325592041015625
train/avg_q,6586,1786469470.064142,-21.23314666748047
train/avg_q,6595,1786469470.759771,-29.469993591308594
train/avg_q,6605,1786469471.547384,-24.31705665588379
train/avg_q,6614,1786469472.257858,-24.25995635986328
train/avg_q,6624,1786469473.046759,-25.501245498657227
train/avg_q,6633,1786469473.760798,-25.50000762939453
train/avg_q,6643,1786469474.549516,-17.440765380859375
train/avg_q,6652,1786469475.269434,-18.974224090576172
train/avg_q,6662,1786469476.064765,-33.92228317260742
train/avg_q,6671,1786469476.762758,-27.4259033203125
train/avg_q,6681,1786469477.537755,-30.5533504486084
train/avg_q,6690,1786469478.234672,-23.99196434020996
train/avg_q,6700,1786469479.009824,-28.845531463623047
train/avg_q,6709,1786469479.714142,-32.279205322265625
train/avg_q,6719,1786469480.506039,-28.135459899902344
train/avg_q,6728,1786469481.226860,-34.760704040527344
train/avg_q,6738,1786469482.027178,-21.75129508972168
train/avg_q,6747,1786469482.762842,-27.32343292236328
train/avg_q,6757,1786469483.586938,-24.03424835205078
train/avg_q,6766,1786469484.326329,-20.438940048217773
train/avg_q,6776,1786469485.148295,-32.675479888916016
train/avg_q,6785,1786469485.887374,-23.970144271850586
train/avg_q,6795,1786469486.701027,-21.78066062927246
train/avg_q,6804,1786469487.436595,-32.649539947509766
train/avg_q,6814,1786469488.265584,-30.706684112548828
train/avg_q,6823,1786469488.999561,-23.22041893005371
train/avg_q,6833,1786469489.814365,-35.36479949951172
train/avg_q,6842,1786469490.544539,-28.38457489013672
train/avg_q,6852,1786469491.357306,-25.811288833618164
train/avg_q,6861,1786469492.076197,-27.5571231842041
train/avg_q,6871,1786469492.884531,-30.66901206970215
train/avg_q,6880,1786469493.617340,-25.14603042602539
train/avg_q,6890,1786469494.428255,-23.41987419128418
train/avg_q,6899,1786469495.153739,-26.540096282958984
train/avg_q,6909,1786469495.958446,-24.61387062072754
train/avg_q,6918,1786469496.680566,-24.07686996459961
train/avg_q,6928,1786469497.481414,-23.41378402709961
train/avg_q,6937,1786469498.202757,-35.93294906616211
train/avg_q,6947,1786469499.028735,-14.137968063354492
train/avg_q,6956,1786469499.779496,-23.004980087280273
train/avg_q,6966,1786469500.590049,-22.232318878173828
train/avg_q,6975,1786469501.308272,-32.17893981933594
train/avg_q,6985,1786469502.124419,-22.51579475402832
train/avg_q,6994,1786469502.843816,-24.31513786315918
train/avg_q,7004,1786469503.652628,-25.43338394165039
train/avg_q,7014,1786469504.450426,-23.63736915588379
train/avg_q,7023,1786469505.188615,-22.160573959350586
train/avg_q,7033,1786469505.992109,-21.892475128173828
train/avg_q,7042,1786469511.066175,-21.61275863647461
train/avg_q,7052,1786469511.876526,-24.242862701416016
train/avg_q,7061,1786469512.620488,-32.92015838623047
train/avg_q,7071,1786469513.450832,-19.105199813842773
train/avg_q,7080,1786469514.204706,-25.592323303222656
train/avg_q,7090,1786469515.028369,-21.1264591217041
train/avg_q,7099,1786469515.749447,-30.663814544677734
train/avg_q,7109,1786469516.580691,-32.29506301879883
train/avg_q,7118,1786469517.335115,-25.343631744384766
train/avg_q,7128,1786469518.167480,-34.31184387207031
train/avg_q,7137,1786469518.902908,-29.836055755615234
train/avg_q,7147,1786469519.715267,-32.19999694824219
train/avg_q,7156,1786469520.463745,-24.949310302734375
train/avg_q,7166,1786469521.281789,-30.02302360534668
train/avg_q,7175,1786469522.025096,-26.92093849182129
train/avg_q,7185,1786469522.841928,-28.431936264038086
train/avg_q,7194,1786469523.592376,-27.950048446655273
train/avg_q,7204,1786469524.467187,-27.902328491210938
train/avg_q,7213,1786469525.226476,-24.290754318237305
train/avg_q,7223,1786469526.097089,-23.473705291748047
train/avg_q,7232,1786469526.848966,-25.82968521118164
train/avg_q,7242,1786469527.691939,-20.625452041625977
train/avg_q,7251,1786469528.449246,-31.216989517211914
train/avg_q,7261,1786469529.275220,-23.574228286743164
train/avg_q,7270,1786469530.029508,-26.67481803894043
train/avg_q,7280,1786469530.837274,-26.558185577392578
train/avg_q,7289,1786469531.602468,-21.52156639099121
train/avg_q,7299,1786469532.432242,-29.005210876464844
train/avg_q,7308,1786469533.163562,-22.725126266479492
train/avg_q,7318,1786469533.972734,-24.29119110107422
train/avg_q,7327,1786469534.701055,-14.273787498474121
train/avg_q,7337,1786469535.511405,-20.674501419067383
train/avg_q,7346,1786469536.247978,-29.950862884521484
train/avg_q,7356,1786469537.103356,-26.4954833984375
train/avg_q,7365,1786469537.868708,-35.443641662597656
train/avg_q,7375,1786469538.699438,-18.009525299072266
train/avg_q,7384,1786469539.436944,-20.072227478027344
train/avg_q,7394,1786469540.285118,-26.739730834960938
train/avg_q,7403,1786469541.028379,-32.78306198120117
train/avg_q,7413,1786469541.842297,-22.766008377075195
train/avg_q,7422,1786469542.575895,-25.474178314208984
train/avg_q,7432,1786469543.396616,-22.63884162902832
train/avg_q,7441,1786469544.159826,-25.1551456451416
train/avg_q,7451,1786469544.986786,-32.260990142822266
train/avg_q,7460,1786469545.738578,-24.611215591430664
train/avg_q,7470,1786469546.574738,-18.681917190551758
train/avg_q,7479,1786469547.349352,-22.54328155517578
train/avg_q,7489,1786469548.180967,-21.683692932128906
train/avg_q,7498,1786469548.913040,-18.033212661743164
train/avg_q,7508,1786469549.742995,-32.918846130371094
train/avg_q,7518,1786469550.586765,-27.78937530517578
train/avg_q,7527,1786469551.350819,-31.13619041442871
train/avg_q,7537,1786469556.851441,-18.070199966430664
train/avg_q,7546,1786469557.498461,-17.874292373657227
train/avg_q,7556,1786469558.313025,-19.63385009765625
train/avg_q,7565,1786469559.061075,-21.090360641479492
train/avg_q,7575,1786469559.880854,-25.927743911743164
train/avg_q,7584,1786469560.613339,-23.765932083129883
train/avg_q,7594,1786469561.424678,-25.183446884155273
train/avg_q,7603,1786469562.153791,-17.699981689453125
train/avg_q,7613,1786469562.952124,-21.273012161254883
train/avg_q,7622,1786469563.697566,-22.050518035888672
train/avg_q,7632,1786469564.544170,-28.750389099121094
train/avg_q,7641,1786469565.286731,-23.35272979736328
train/avg_q,7651,1786469566.126832,-25.03563117980957
train/avg_q,7660,1786469566.871560,-24.950429916381836
train/avg_q,7670,1786469567.681088,-28.52050018310547
train/avg_q,7679,1786469568.400779,-21.897735595703125
train/avg_q,7689,1786469569.196945,-21.286495208740234
train/avg_q,7698,1786469569.921215,-30.911222457885742
train/avg_q,7708,1786469570.733004,-27.137697219848633
train/avg_q,7717,1786469571.471609,-22.549577713012695
train/avg_q,7727,1786469572.288228,-11.581544876098633
train/avg_q,7736,1786469573.027458,-24.30000877380371
train/avg_q,7746,1786469573.856824,-29.374046325683594
train/avg_q,7755,1786469574.605769,-28.737089157104492
train/avg_q,7765,1786469575.443079,-19.217016220092773
train/avg_q,7774,1786469576.192286,-27.630521774291992
train/avg_q,7784,1786469577.035957,-20.788442611694336
train/avg_q,7793,1786469577.781193,-19.543346405029297
train/avg_q,7803,1786469578.605555,-21.932641983032227
train/avg_q,7812,1786469579.354048,-23.000038146972656
train/avg_q,7822,1786469580.187684,-22.87672996520996
train/avg_q,7831,1786469580.936185,-29.389455795288086
train/avg_q,7841,1786469581.744827,-24.68988037109375
train/avg_q,7850,1786469582.479139,-29.75997543334961
train/avg_q,7860,1786469583.296372,-23.92059326171875
train/avg_q,7869,1786469584.033036,-27.23004913330078
train/avg_q,7879,1786469584.852687,-25.262977600097656
train/avg_q,7888,1786469585.595201,-20.714271545410156
train/avg_q,7898,1786469586.420540,-30.805438995361328
train/avg_q,7907,1786469587.163079,-23.096845626831055
train/avg_q,7917,1786469587.977840,-31.2741756439209
train/avg_q,7926,1786469588.701158,-22.89897346496582
train/avg_q,7936,1786469589.504163,-27.19581413269043
train/avg_q,7945,1786469590.227381,-33.76075744628906
train/avg_q,7955,1786469591.027442,-31.223588943481445
train/avg_q,7964,1786469591.747606,-22.663875579833984
train/avg_q,7974,1786469592.551009,-30.05497932434082
train/avg_q,7983,1786469593.280996,-26.208444595336914
train/avg_q,7993,1786469594.079471,-29.439741134643555
train/avg_q,8003,1786469595.270490,-25.361024856567383
train/avg_q,8012,1786469595.956218,-26.97797393798828
train/avg_q,8022,1786469596.765353,-21.00843048095703
train/avg_q,8031,1786469597.474652,-29.216562271118164
train/avg_q,8041,1786469602.649152,-24.861738204956055
train/avg_q,8050,1786469603.356000,-18.611045837402344
train/avg_q,8060,1786469604.142426,-32.69757843017578
train/avg_q,8069,1786469604.846744,-29.466049194335938
train/avg_q,8079,1786469605.630933,-34.66270446777344
train/avg_q,8088,1786469606.336717,-24.540185928344727
train/avg_q,8098,1786469607.120526,-20.363176345825195
train/avg_q,8107,1786469607.830873,-31.416717529296875
train/avg_q,8117,1786469608.637178,-36.28889465332031
train/avg_q,8126,1786469609.339595,-20.31546401977539
train/avg_q,8136,1786469610.139649,-32.93626022338867
train/avg_q,8145,1786469610.856675,-30.135204315185547
train/avg_q,8155,1786469611.648850,-30.076610565185547
train/avg_q,8164,1786469612.354916,-21.066545486450195
train/avg_q,8174,1786469613.142539,-25.413652420043945
train/avg_q,8183,1786469613.849174,-30.055110931396484
train/avg_q,8193,1786469614.635444,-28.618967056274414
train/avg_q,8202,1786469615.348697,-32.40271759033203
train/avg_q,8212,1786469616.136540,-31.931432723999023
train/avg_q,8221,1786469616.849553,-31.1865177154541
train/avg_q,8231,1786469617.640966,-31.143285751342773
train/avg_q,8240,1786469618.353402,-19.546146392822266
train/avg_q,8250,1786469619.141832,-32.93124008178711
train/avg_q,8259,1786469619.854148,-37.099021911621094
train/avg_q,8269,1786469620.648786,-31.59576988220215
train/avg_q,8278,1786469621.365440,-29.936376571655273
train/avg_q,8288,1786469622.174901,-30.88873291015625
train/avg_q,8297,1786469622.878567,-35.11563491821289
train/avg_q,8307,1786469623.674448,-29.083553314208984
train/avg_q,8316,1786469624.389403,-39.053367614746094
train/avg_q,8326,1786469625.189662,-27.9205322265625
train/avg_q,8335,1786469625.908615,-39.544769287109375
train/avg_q,8345,1786469626.706462,-32.65129852294922
train/avg_q,8354,1786469627.425958,-34.4989128112793
train/avg_q,8364,1786469628.223884,-26.42801284790039
train/avg_q,8373,1786469628.940182,-38.28040313720703
train/avg_q,8383,1786469629.737074,-37.95852279663086
train/avg_q,8392,1786469630.457269,-41.434871673583984
train/avg_q,8402,1786469631.270509,-31.011381149291992
train/avg_q,8411,1786469631.999808,-27.047992706298828
train/avg_q,8421,1786469632.814172,-40.73008728027344
train/avg_q,8430,1786469633.533017,-35.005104064941406
train/avg_q,8440,1786469634.334021,-38.777503967285156
train/avg_q,8449,1786469635.051263,-29.796728134155273
train/avg_q,8459,1786469635.849500,-32.08030319213867
train/avg_q,8468,1786469636.567043,-32.41660690307617
train/avg_q,8478,1786469637.370930,-37.302146911621094
train/avg_q,8487,1786469638.090842,-54.8167724609375
train/avg_q,8497,1786469638.893601,-34.47015380859375
train/avg_q,8507,1786469639.697282,-27.766103744506836
train/avg_q,8516,1786469640.409759,-40.63068771362305
train/avg_q,8526,1786469641.209437,-28.829408645629883
train/avg_q,8535,1786469641.926663,-34.25187301635742
train/avg_q,8545,1786469647.133992,-34.036373138427734
train/avg_q,8554,1786469647.852923,-28.457677841186523
train/avg_q,8564,1786469648.645675,-35.20490264892578
train/avg_q,8573,1786469649.368625,-40.92559051513672
train/avg_q,8583,1786469650.176395,-36.98291015625
train/avg_q,8592,1786469650.917817,-42.19695281982422
train/avg_q,8602,1786469651.735557,-47.13280487060547
train/avg_q,8611,1786469652.474105,-30.56160545349121
train/avg_q,8621,1786469653.303327,-33.79297637939453
train/avg_q,8630,1786469654.056975,-31.082286834716797
train/avg_q,8640,1786469654.881660,-27.378265380859375
train/avg_q,8649,1786469655.625341,-29.667098999023438
train/avg_q,8659,1786469656.452083,-33.883697509765625
train/avg_q,8668,1786469657.198125,-35.819374084472656
train/avg_q,8678,1786469658.027252,-35.29666519165039
train/avg_q,8687,1786469658.760584,-35.42188262939453
train/avg_q,8697,1786469659.564820,-30.77083396911621
train/avg_q,8706,1786469660.286813,-34.51279830932617
train/avg_q,8716,1786469661.096504,-43.616661071777344
train/avg_q,8725,1786469661.816900,-38.82537078857422
train/avg_q,8735,1786469662.627541,-41.78059387207031
train/avg_q,8744,1786469663.352891,-38.01589584350586
train/avg_q,8754,1786469664.166056,-34.0336799621582
train/avg_q,8763,1786469664.903362,-40.65081787109375
train/avg_q,8773,1786469665.713183,-34.3045539855957
train/avg_q,8782,1786469666.443290,-35.25102615356445
train/avg_q,8792,1786469667.252107,-51.07480239868164
train/avg_q,8801,1786469667.981518,-35.49456787109375
train/avg_q,8811,1786469668.788287,-33.39334487915039
train/avg_q,8820,1786469669.522054,-30.837446212768555
train/avg_q,8830,1786469670.343185,-35.39390563964844
train/avg_q,8839,1786469671.074563,-38.21038055419922
train/avg_q,8849,1786469671.897907,-27.42545509338379
train/avg_q,8858,1786469672.630760,-45.84531021118164
train/avg_q,8868,1786469673.445379,-29.06377410888672
train/avg_q,8877,1786469674.180342,-35.76800537109375
train/avg_q,8887,1786469674.993416,-37.6638298034668
train/avg_q,8896,1786469675.728207,-40.15489959716797
train/avg_q,8906,1786469676.544358,-32.765907287597656
train/avg_q,8915,1786469677.292205,-32.18743133544922
train/avg_q,8925,1786469678.097702,-37.67680740356445
train/avg_q,8934,1786469678.832531,-34.451866149902344
train/avg_q,8944,1786469679.650725,-42.980628967285156
train/avg_q,8953,1786469680.383290,-44.64112854003906
train/avg_q,8963,1786469681.194798,-34.004905700683594
train/avg_q,8972,1786469681.924952,-34.89364242553711
train/avg_q,8982,1786469682.730355,-32.26968765258789
train/avg_q,8991,1786469683.455778,-34.052120208740234
train/avg_q,9001,1786469684.262254,-44.613929748535156
train/avg_q,9011,1786469685.080667,-30.44196128845215
train/avg_q,9020,1786469685.792707,-47.61007308959961
train/avg_q,9030,1786469686.600582,-27.638334274291992
train/avg_q,9039,1786469691.749311,-33.23331832885742
train/avg_q,9049,1786469692.556402,-37.276493072509766
train/avg_q,9058,1786469693.281353,-31.59627914428711
train/avg_q,9068,1786469694.107194,-39.23779296875
train/avg_q,9077,1786469694.841213,-34.99958038330078
train/avg_q,9087,1786469695.657107,-34.55690383911133
train/avg_q,9096,1786469696.391799,-34.38560485839844
train/avg_q,9106,1786469697.210147,-43.46492004394531
train/avg_q,9115,1786469697.950722,-34.751277923583984
train/avg_q,9125,1786469698.774144,-36.44367218017578
train/avg_q,9134,1786469699.512534,-38.53068161010742
train/avg_q,9144,1786469700.332653,-30.71415901184082
train/avg_q,9153,1786469701.071265,-31.560495376586914
train/avg_q,9163,1786469701.897753,-40.28335189819336
train/avg_q,9172,1786469702.647458,-45.32862091064453
train/avg_q,9182,1786469703.474792,-34.9727783203125
train/avg_q,9191,1786469704.213832,-39.59288787841797
train/avg_q,9201,1786469705.060515,-32.11992263793945
train/avg_q,9210,1786469710.457378,-34.945186614990234
train/avg_q,9220,1786469711.173725,-31.242658615112305
train/avg_q,9229,1786469711.897578,-37.52980422973633
train/avg_q,9239,1786469712.692698,-34.779441833496094
train/avg_q,9248,1786469713.416480,-40.730712890625
train/avg_q,9258,1786469714.224516,-41.845054626464844
train/avg_q,9267,1786469714.948968,-45.48517990112305
train/avg_q,9277,1786469715.759389,-36.05400466918945
train/avg_q,9286,1786469716.484485,-33.59050750732422
train/avg_q,9296,1786469717.292286,-39.095558166503906
train/avg_q,9305,1786469718.020025,-36.29877471923828
train/avg_q,9315,1786469718.828593,-39.20468521118164
train/avg_q,9324,1786469719.552135,-37.42416763305664
train/avg_q,9334,1786469720.361572,-26.897985458374023
train/avg_q,9343,1786469721.081817,-35.43705368041992
train/avg_q,9353,1786469721.888836,-38.71990966796875
train/avg_q,9362,1786469722.614835,-31.159374237060547
train/avg_q,9372,1786469723.418798,-36.55976486206055
train/avg_q,9381,1786469724.143406,-37.24073791503906
train/avg_q,9391,1786469724.954933,-36.83427810668945
train/avg_q,9400,1786469725.699317,-41.95573806762695
train/avg_q,9410,1786469726.514786,-29.426414489746094
train/avg_q,9419,1786469727.252298,-31.305152893066406
train/avg_q,9429,1786469728.083888,-30.908992767333984
train/avg_q,9438,1786469728.833637,-34.08656311035156
train/avg_q,9448,1786469729.678015,-30.015380859375
train/avg_q,9457,1786469730.428296,-42.1138801574707
train/avg_q,9467,1786469731.274930,-37.63747787475586
train/avg_q,9476,1786469732.033729,-31.050086975097656
train/avg_q,9486,1786469732.879858,-32.25614547729492
train/avg_q,9495,1786469733.636939,-30.100006103515625
train/avg_q,9505,1786469734.476924,-29.848758697509766
train/avg_q,9515,1786469735.314787,-29.655092239379883
train/avg_q,9524,1786469736.061243,-30.917631149291992
train/avg_q,9534,1786469736.885194,-30.817670822143555
train/avg_q,9543,1786469737.620413,-37.78922653198242
train/avg_q,9553,1786469738.434328,-32.10128402709961
train/avg_q,9562,1786469739.170930,-36.34929275512695
train/avg_q,9572,1786469739.989220,-31.610292434692383
train/avg_q,9581,1786469740.717396,-30.458654403686523
train/avg_q,9591,1786469741.534517,-38.42805099487305
train/avg_q,9600,1786469742.269642,-33.09906768798828
train/avg_q,9610,1786469743.078963,-42.37086486816406
train/avg_q,9619,1786469743.806155,-27.8117618560791
train/avg_q,9629,1786469744.613265,-26.191654205322266
train/avg_q,9638,1786469745.343795,-38.655372619628906
train/avg_q,9648,1786469746.141716,-30.848445892333984
train/avg_q,9657,1786469746.859839,-26.289867401123047
train/avg_q,9667,1786469747.661522,-29.525203704833984
train/avg_q,9676,1786469748.387352,-32.64223861694336
train/avg_q,9686,1786469749.184748,-32.464473724365234
train/avg_q,9695,1786469749.910542,-32.195735931396484
train/avg_q,9705,1786469750.710111,-26.9549503326416
train/avg_q,9714,1786469755.846289,-27.076128005981445
train/avg_q,9724,1786469756.648389,-35.7103157043457
train/avg_q,9733,1786469757.367684,-31.558637619018555
train/avg_q,9743,1786469758.154601,-28.5638427734375
train/avg_q,9752,1786469758.869313,-34.69981384277344
train/avg_q,9762,1786469759.665794,-29.739763259887695
train/avg_q,9771,1786469760.383564,-25.823699951171875
train/avg_q,9781,1786469761.179501,-37.00911331176758
train/avg_q,9790,1786469761.892236,-36.164615631103516
train/avg_q,9800,1786469762.692253,-35.50728988647461
train/avg_q,9809,1786469763.409882,-32.69437789916992
train/avg_q,9819,1786469764.211226,-28.894439697265625
train/avg_q,9828,1786469764.930895,-33.29482650756836
train/avg_q,9838,1786469765.727175,-25.7554874420166
train/avg_q,9847,1786469766.447713,-33.89682388305664
train/avg_q,9857,1786469767.250895,-27.824613571166992
train/avg_q,9866,1786469767.973971,-43.50284194946289
train/avg_q,9876,1786469768.779328,-41.16334915161133
train/avg_q,9885,1786469769.513335,-32.06080627441406
train/avg_q,9895,1786469770.329714,-25.01082420349121
train/avg_q,9904,1786469771.037558,-28.004642486572266
train/avg_q,9914,1786469771.831709,-40.18894577026367
train/avg_q,9923,1786469772.548081,-34.45105743408203
train/avg_q,9933,1786469773.347151,-40.18959426879883
train/avg_q,9942,1786469774.072361,-38.77811813354492
train/avg_q,9952,1786469774.881483,-35.553802490234375
train/avg_q,9961,1786469775.617768,-34.71006393432617
train/avg_q,9971,1786469776.439850,-37.414451599121094
train/avg_q,9980,1786469777.173769,-32.39431381225586
train/avg_q,9990,1786469777.979159,-28.241455078125
train/avg_q,10000,1786469778.784786,-40.05947494506836
train/critic_1_loss,500,1786468883.384404,0.12261918932199478
train/critic_1_loss,509,1786468888.457144,0.017856193706393242
train/critic_1_loss,519,1786468889.260957,0.049229949712753296
train/critic_1_loss,528,1786468889.984574,0.09213145822286606
train/critic_1_loss,538,1786468890.784595,0.0437970869243145
train/critic_1_loss,547,1786468891.496147,0.03556666150689125
train/critic_1_loss,557,1786468892.286846,0.05614277720451355
train/critic_1_loss,566,1786468892.994436,0.011996890418231487
train/critic_1_loss,576,1786468893.789210,0.08374030143022537
train/critic_1_loss,585,1786468894.500001,0.062488410621881485
train/critic_1_loss,595,1786468895.296086,0.11873284727334976
train/critic_1_loss,604,1786468896.010605,0.13417108356952667
train/critic_1_loss,614,1786468896.805782,0.09504067152738571
train/critic_1_loss,623,1786468897.519616,0.05393518507480621
train/critic_1_loss,633,1786468898.313965,0.21961034834384918
train/critic_1_loss,642,1786468899.041438,0.10541743785142899
train/critic_1_loss,652,1786468899.822496,0.13257931172847748
train/critic_1_loss,661,1786468900.536810,0.10273385792970657
train/critic_1_loss,671,1786468901.331447,0.13266529142856598
train/critic_1_loss,680,1786468906.478294,0.09289220720529556
train/critic_1_loss,690,1786468907.262031,395.00299072265625
train/critic_1_loss,699,1786468907.971578,398.62432861328125
train/critic_1_loss,709,1786468908.759266,0.16625849902629852
train/critic_1_loss,718,1786468909.487422,0.1286839097738266
train/critic_1_loss,728,1786468910.294550,0.11873845010995865
train/critic_1_loss,737,1786468911.015302,0.04532237723469734
train/critic_1_loss,747,1786468911.829366,0.12548232078552246
train/critic_1_loss,756,1786468912.557416,389.8462829589844
train/critic_1_loss,766,1786468913.366154,0.1522267758846283
train/critic_1_loss,775,1786468914.094903,0.24342988431453705
train/critic_1_loss,785,1786468914.904289,0.17248298227787018
train/critic_1_loss,794,1786468915.633197,0.0916869044303894
train/critic_1_loss,804,1786468916.437224,0.15783435106277466
train/critic_1_loss,813,1786468917.172021,0.38017502427101135
train/critic_1_loss,823,1786468917.968611,363.36932373046875
train/critic_1_loss,832,1786468918.701993,0.44913947582244873
train/critic_1_loss,842,1786468919.504998,0.36897891759872437
train/critic_1_loss,851,1786468920.232662,0.26083049178123474
train/critic_1_loss,861,1786468921.045036,0.08661424368619919
train/critic_1_loss,870,1786468921.774845,0.2274136245250702
train/critic_1_loss,880,1786468922.596242,0.08918678760528564
train/critic_1_loss,889,1786468923.313389,0.12531912326812744
train/critic_1_loss,899,1786468924.127236,0.11397179961204529
train/critic_1_loss,908,1786468924.856874,0.11614583432674408
train/critic_1_loss,918,1786468925.669474,0.14816248416900635
train/critic_1_loss,927,1786468930.827267,0.275155246257782
train/critic_1_loss,937,1786468931.615711,403.72119140625
train/critic_1_loss,946,1786468932.324263,0.36431166529655457
train/critic_1_loss,956,1786468933.113991,0.17051824927330017
train/critic_1_loss,965,1786468933.825711,0.5642789602279663
train/critic_1_loss,975,1786468934.626687,0.17204000055789948
train/critic_1_loss,984,1786468935.350832,408.3182067871094
train/critic_1_loss,994,1786468936.153322,0.6220657229423523
train/critic_1_loss,1004,1786468936.952640,0.5597224831581116
train/critic_1_loss,1013,1786468937.677848,0.35685309767723083
train/critic_1_loss,1023,1786468938.480132,0.18482837080955505
train/critic_1_loss,1032,1786468939.201575,0.560663104057312
train/critic_1_loss,1042,1786468939.998130,0.5636325478553772
train/critic_1_loss,1051,1786468940.717051,0.633927583694458
train/critic_1_loss,1061,1786468941.519197,0.8162902593612671
train/critic_1_loss,1070,1786468942.242235,352.09564208984375
train/critic_1_loss,1080,1786468943.043519,0.4519396424293518
train/critic_1_loss,1089,1786468943.760410,5.690506458282471
train/critic_1_loss,1099,1786468944.559496,0.4079858958721161
train/critic_1_loss,1108,1786468945.288304,0.5453818440437317
train/critic_1_loss,1118,1786468946.082692,0.87168288230896
train/critic_1_loss,1127,1786468946.807813,1.0265223979949951
train/critic_1_loss,1137,1786468947.604750,0.40963852405548096
train/critic_1_loss,1146,1786468948.322326,1.231345772743225
train/critic_1_loss,1156,1786468949.116469,65.00243377685547
train/critic_1_loss,1165,1786468949.841322,1.0679587125778198
train/critic_1_loss,1175,1786468955.059243,318.02154541015625
train/critic_1_loss,1184,1786468955.808407,2.1764426231384277
train/critic_1_loss,1194,1786468956.645483,1.2821125984191895
train/critic_1_loss,1203,1786468957.401306,0.9753129482269287
train/critic_1_loss,1213,1786468958.248062,249.39341735839844
train/critic_1_loss,1222,1786468963.573184,12.360774040222168
train/critic_1_loss,1232,1786468964.366272,9.061534881591797
train/critic_1_loss,1241,1786468965.079675,29.45846939086914
train/critic_1_loss,1251,1786468965.865223,0.9408596754074097
train/critic_1_loss,1260,1786468966.564467,307.0758972167969
train/critic_1_loss,1270,1786468967.342459,1.7103350162506104
train/critic_1_loss,1279,1786468968.046930,25.16337776184082
train/critic_1_loss,1289,1786468973.196219,67.85478210449219
train/critic_1_loss,1298,1786468973.943132,1.3909308910369873
train/critic_1_loss,1308,1786468974.735544,0.9951701164245605
train/critic_1_loss,1317,1786468975.463538,0.4760691821575165
train/critic_1_loss,1327,1786468976.276634,46.37006378173828
train/critic_1_loss,1336,1786468977.004616,3.078690767288208
train/critic_1_loss,1346,1786468977.821055,3.003007650375366
train/critic_1_loss,1355,1786468978.563491,510.8748779296875
train/critic_1_loss,1365,1786468979.461551,0.9285494685173035
train/critic_1_loss,1374,1786468980.373148,1.1877079010009766
train/critic_1_loss,1384,1786468981.562680,4.790896892547607
train/critic_1_loss,1393,1786468982.590746,3.231447696685791
train/critic_1_loss,1403,1786468983.563674,397.6360778808594
train/critic_1_loss,1412,1786468984.435014,18.030229568481445
train/critic_1_loss,1422,1786468985.383951,0.6846505403518677
train/critic_1_loss,1431,1786468986.298229,20.398561477661133
train/critic_1_loss,1441,1786468987.134007,0.8936407566070557
train/critic_1_loss,1450,1786468987.887333,115.67902374267578
train/critic_1_loss,1460,1786468988.729435,4.561151504516602
train/critic_1_loss,1469,1786468989.582324,4.270028114318848
train/critic_1_loss,1479,1786468990.493237,15.01844310760498
train/critic_1_loss,1488,1786468991.243819,0.8693772554397583
train/critic_1_loss,1498,1786468992.089479,2.8025426864624023
train/critic_1_loss,1508,1786468992.920623,37.497379302978516
train/critic_1_loss,1517,1786468993.693118,15.643324851989746
train/critic_1_loss,1527,1786468994.543123,0.6672199368476868
train/critic_1_loss,1536,1786468995.329218,23.915834426879883
train/critic_1_loss,1546,1786468996.206320,51.429500579833984
train/critic_1_loss,1555,1786468997.004067,147.78530883789062
train/critic_1_loss,1565,1786468997.854120,40.586647033691406
train/critic_1_loss,1574,1786468998.645717,10.365409851074219
train/critic_1_loss,1584,1786468999.638397,60.27986526489258
train/critic_1_loss,1593,1786469000.529904,396.4117431640625
train/critic_1_loss,1603,1786469001.413835,339.5910949707031
train/critic_1_loss,1612,1786469002.181030,18.294370651245117
train/critic_1_loss,1622,1786469003.134037,6.653282165527344
train/critic_1_loss,1631,1786469003.981402,3.6989452838897705
train/critic_1_loss,1641,1786469005.284207,11.075963973999023
train/critic_1_loss,1650,1786469006.292617,11.124015808105469
train/critic_1_loss,1660,1786469007.126184,26.892940521240234
train/critic_1_loss,1669,1786469007.876765,5.938976764678955
train/critic_1_loss,1679,1786469008.710864,3.125283718109131
train/critic_1_loss,1688,1786469009.464008,1.0412100553512573
train/critic_1_loss,1698,1786469010.315938,68.29171752929688
train/critic_1_loss,1707,1786469011.227225,33.53226852416992
train/critic_1_loss,1717,1786469012.220604,17.131317138671875
train/critic_1_loss,1726,1786469013.049550,1.5418959856033325
train/critic_1_loss,1736,1786469013.895454,5.969779014587402
train/critic_1_loss,1745,1786469014.650179,6.074833869934082
train/critic_1_loss,1755,1786469015.492306,58.25983810424805
train/critic_1_loss,1764,1786469016.603522,339.51422119140625
train/critic_1_loss,1774,1786469017.486853,33.8394775390625
train/critic_1_loss,1783,1786469022.968885,64.75032043457031
train/critic_1_loss,1793,1786469023.730126,22.133703231811523
train/critic_1_loss,1802,1786469024.438447,3.074218988418579
train/critic_1_loss,1812,1786469025.224933,37.74797821044922
train/critic_1_loss,1821,1786469026.468097,70.59088897705078
train/critic_1_loss,1831,1786469033.536390,354.89617919921875
train/critic_1_loss,1840,1786469034.279007,25.615331649780273
train/critic_1_loss,1850,1786469035.092896,20.362884521484375
train/critic_1_loss,1859,1786469035.828265,760.9370727539062
train/critic_1_loss,1869,1786469036.691175,19.4439697265625
train/critic_1_loss,1878,1786469037.429466,2.3411879539489746
train/critic_1_loss,1888,1786469038.237473,441.4781799316406
train/critic_1_loss,1897,1786469038.970127,4.631648540496826
train/critic_1_loss,1907,1786469039.785183,24.92815399169922
train/critic_1_loss,1916,1786469040.530467,125.69441223144531
train/critic_1_loss,1926,1786469041.354157,5.278446674346924
train/critic_1_loss,1935,1786469042.095118,33.02601623535156
train/critic_1_loss,1945,1786469042.898985,3.5691914558410645
train/critic_1_loss,1954,1786469043.621248,7.120446681976318
train/critic_1_loss,1964,1786469044.431336,43.6397590637207
train/critic_1_loss,1973,1786469045.135311,1.2483994960784912
train/critic_1_loss,1983,1786469045.947444,6.317058563232422
train/critic_1_loss,1992,1786469046.682395,8.046602249145508
train/critic_1_loss,2002,1786469047.724221,45.99520492553711
train/critic_1_loss,2012,1786469048.443999,14.875205993652344
train/critic_1_loss,2021,1786469049.190858,32.60346603393555
train/critic_1_loss,2031,1786469054.559439,17.785932540893555
train/critic_1_loss,2040,1786469055.294094,405.80230712890625
train/critic_1_loss,2050,1786469056.115896,57.73231887817383
train/critic_1_loss,2059,1786469056.853631,3.4150893688201904
train/critic_1_loss,2069,1786469057.675284,101.10404968261719
train/critic_1_loss,2078,1786469058.413448,7.890483856201172
train/critic_1_loss,2088,1786469059.231794,454.4421081542969
train/critic_1_loss,2097,1786469059.981310,39.43501281738281
train/critic_1_loss,2107,1786469060.825961,35.52313232421875
train/critic_1_loss,2116,1786469061.577239,12.294294357299805
train/critic_1_loss,2126,1786469062.420000,35.87985610961914
train/critic_1_loss,2135,1786469063.170922,6.137887477874756
train/critic_1_loss,2145,1786469064.009692,19.409709930419922
train/critic_1_loss,2154,1786469064.765632,13.56020450592041
train/critic_1_loss,2164,1786469065.606706,221.43431091308594
train/critic_1_loss,2173,1786469066.353107,47.30678939819336
train/critic_1_loss,2183,1786469067.186272,3.231415271759033
train/critic_1_loss,2192,1786469067.922525,5.393075942993164
train/critic_1_loss,2202,1786469068.745646,20.595216751098633
train/critic_1_loss,2211,1786469069.489867,3.5247490406036377
train/critic_1_loss,2221,1786469070.306884,103.19532012939453
train/critic_1_loss,2230,1786469071.038224,5.270445346832275
train/critic_1_loss,2240,1786469071.853870,15.915458679199219
train/critic_1_loss,2249,1786469072.587021,6.387520790100098
train/critic_1_loss,2259,1786469073.397959,50.31106185913086
train/critic_1_loss,2268,1786469074.124135,4.286834239959717
train/critic_1_loss,2278,1786469074.930098,1.1443992853164673
train/critic_1_loss,2287,1786469075.655204,5.558770656585693
train/critic_1_loss,2297,1786469076.461039,10.076070785522461
train/critic_1_loss,2306,1786469077.196476,404.4803161621094
train/critic_1_loss,2316,1786469078.031967,17.19902229309082
train/critic_1_loss,2325,1786469078.784191,12.416455268859863
train/critic_1_loss,2335,1786469079.606335,4.402676105499268
train/critic_1_loss,2344,1786469080.350265,24.54623794555664
train/critic_1_loss,2354,1786469081.176165,17.50630760192871
train/critic_1_loss,2363,1786469081.931182,3.5935308933258057
train/critic_1_loss,2373,1786469082.755643,23.32172966003418
train/critic_1_loss,2382,1786469083.499177,284.36578369140625
train/critic_1_loss,2392,1786469084.324409,6.102863788604736
train/critic_1_loss,2401,1786469085.065970,14.82141399383545
train/critic_1_loss,2411,1786469085.881821,1.4516574144363403
train/critic_1_loss,2420,1786469086.613158,129.35580444335938
train/critic_1_loss,2430,1786469087.425386,28.799564361572266
train/critic_1_loss,2439,1786469088.160221,40.03315353393555
train/critic_1_loss,2449,1786469088.976362,17.22600555419922
train/critic_1_loss,2458,1786469094.277383,416.3770751953125
train/critic_1_loss,2468,1786469094.972176,34.13970947265625
train/critic_1_loss,2477,1786469095.672336,498.5582580566406
train/critic_1_loss,2487,1786469096.456213,1.3692559003829956
train/critic_1_loss,2496,1786469097.164950,43.366455078125
train/critic_1_loss,2506,1786469097.943160,20.32852554321289
train/critic_1_loss,2516,1786469098.725259,5.724989891052246
train/critic_1_loss,2525,1786469099.431754,382.3914489746094
train/critic_1_loss,2535,1786469100.217078,4.994662761688232
train/critic_1_loss,2544,1786469100.923475,14.818255424499512
train/critic_1_loss,2554,1786469101.709311,1.2555968761444092
train/critic_1_loss,2563,1786469102.413720,12.717242240905762
train/critic_1_loss,2573,1786469103.199965,22.309099197387695
train/critic_1_loss,2582,1786469103.909737,103.23713684082031
train/critic_1_loss,2592,1786469104.694256,12.427172660827637
train/critic_1_loss,2601,1786469105.403369,1.0254584550857544
train/critic_1_loss,2611,1786469106.194678,9.580606460571289
train/critic_1_loss,2620,1786469106.928544,13.32114028930664
train/critic_1_loss,2630,1786469107.749378,48.60873794555664
train/critic_1_loss,2639,1786469108.481405,30.472036361694336
train/critic_1_loss,2649,1786469109.293637,99.08468627929688
train/critic_1_loss,2658,1786469110.028864,2.982511520385742
train/critic_1_loss,2668,1786469110.847632,4.7171430587768555
train/critic_1_loss,2677,1786469111.584085,23.296520233154297
train/critic_1_loss,2687,1786469112.399378,6.462030410766602
train/critic_1_loss,2696,1786469113.135471,15.476874351501465
train/critic_1_loss,2706,1786469113.950671,33.661376953125
train/critic_1_loss,2715,1786469114.693085,18.99289321899414
train/critic_1_loss,2725,1786469115.486193,267.0628356933594
train/critic_1_loss,2734,1786469116.213272,14.354279518127441
train/critic_1_loss,2744,1786469117.023153,10.707327842712402
train/critic_1_loss,2753,1786469117.760084,37.11405563354492
train/critic_1_loss,2763,1786469118.564407,7.360062122344971
train/critic_1_loss,2772,1786469119.286639,43.385257720947266
train/critic_1_loss,2782,1786469120.099590,18.853885650634766
train/critic_1_loss,2791,1786469120.823168,44.01551055908203
train/critic_1_loss,2801,1786469121.634065,78.40977478027344
train/critic_1_loss,2810,1786469122.362308,26.626556396484375
train/critic_1_loss,2820,1786469123.173408,22.119272232055664
train/critic_1_loss,2829,1786469123.900160,6.751351833343506
train/critic_1_loss,2839,1786469124.713046,65.23921966552734
train/critic_1_loss,2848,1786469125.444333,3.936965227127075
train/critic_1_loss,2858,1786469126.262847,686.0384521484375
train/critic_1_loss,2867,1786469127.001281,8.467500686645508
train/critic_1_loss,2877,1786469127.820593,9.38661003112793
train/critic_1_loss,2886,1786469128.563147,4.521821022033691
train/critic_1_loss,2896,1786469129.383589,47.51953887939453
train/critic_1_loss,2905,1786469130.125057,426.8462829589844
train/critic_1_loss,2915,1786469130.945498,28.677345275878906
train/critic_1_loss,2924,1786469131.685361,45.23904037475586
train/critic_1_loss,2934,1786469132.505297,39.61663055419922
train/critic_1_loss,2943,1786469133.249043,43.58378219604492
train/critic_1_loss,2953,1786469134.064612,63.47527313232422
train/critic_1_loss,2962,1786469139.196627,18.606670379638672
train/critic_1_loss,2972,1786469139.991878,22.77747344970703
train/critic_1_loss,2981,1786469140.702927,36.57403564453125
train/critic_1_loss,2991,1786469141.500070,24.123268127441406
train/critic_1_loss,3001,1786469142.293940,4.1748762130737305
train/critic_1_loss,3010,1786469143.015253,21.20534324645996
train/critic_1_loss,3020,1786469143.822048,78.79428100585938
train/critic_1_loss,3029,1786469144.549516,11.671004295349121
train/critic_1_loss,3039,1786469145.353014,32.126670837402344
train/critic_1_loss,3048,1786469146.084362,3.6210272312164307
train/critic_1_loss,3058,1786469146.887306,3.0288851261138916
train/critic_1_loss,3067,1786469147.613372,16.34760284423828
train/critic_1_loss,3077,1786469148.417665,6.044095516204834
train/critic_1_loss,3086,1786469149.141609,4.431649684906006
train/critic_1_loss,3096,1786469149.947169,19.422536849975586
train/critic_1_loss,3105,1786469150.670195,8.436792373657227
train/critic_1_loss,3115,1786469151.479221,45.46695327758789
train/critic_1_loss,3124,1786469152.213187,35.322547912597656
train/critic_1_loss,3134,1786469153.013516,4.7196807861328125
train/critic_1_loss,3143,1786469153.752450,20.762775421142578
train/critic_1_loss,3153,1786469154.559996,2.574885845184326
train/critic_1_loss,3162,1786469155.291732,2.943885326385498
train/critic_1_loss,3172,1786469156.109653,2.56142258644104
train/critic_1_loss,3181,1786469156.834049,12.46889877319336
train/critic_1_loss,3191,1786469157.644565,72.17058563232422
train/critic_1_loss,3200,1786469158.363772,15.699617385864258
train/critic_1_loss,3210,1786469159.165061,76.28865814208984
train/critic_1_loss,3219,1786469159.889081,25.43398094177246
train/critic_1_loss,3229,1786469160.689698,33.47650146484375
train/critic_1_loss,3238,1786469161.415858,4.233399868011475
train/critic_1_loss,3248,1786469162.222432,14.085314750671387
train/critic_1_loss,3257,1786469162.947331,21.125717163085938
train/critic_1_loss,3267,1786469168.119387,61.4732666015625
train/critic_1_loss,3276,1786469168.830181,19.601364135742188
train/critic_1_loss,3286,1786469169.621491,30.068721771240234
train/critic_1_loss,3295,1786469170.331075,6.939166069030762
train/critic_1_loss,3305,1786469171.117849,98.40095520019531
train/critic_1_loss,3314,1786469171.826322,4.2413129806518555
train/critic_1_loss,3324,1786469172.602723,8.272900581359863
train/critic_1_loss,3333,1786469173.302489,16.24754524230957
train/critic_1_loss,3343,1786469174.079288,75.76457214355469
train/critic_1_loss,3352,1786469174.781326,103.89276885986328
train/critic_1_loss,3362,1786469175.556244,11.700578689575195
train/critic_1_loss,3371,1786469176.253160,140.09259033203125
train/critic_1_loss,3381,1786469177.026429,3.9076855182647705
train/critic_1_loss,3390,1786469177.730012,4.616143226623535
train/critic_1_loss,3400,1786469178.512730,35.3875617980957
train/critic_1_loss,3409,1786469179.227111,10.047932624816895
train/critic_1_loss,3419,1786469180.018686,174.4757537841797
train/critic_1_loss,3428,1786469180.725424,6.4770355224609375
train/critic_1_loss,3438,1786469181.534085,25.324052810668945
train/critic_1_loss,3447,1786469182.248329,28.78037452697754
train/critic_1_loss,3457,1786469183.055073,16.667821884155273
train/critic_1_loss,3466,1786469183.782783,34.65266036987305
train/critic_1_loss,3476,1786469184.590040,12.629639625549316
train/critic_1_loss,3485,1786469185.316186,31.507877349853516
train/critic_1_loss,3495,1786469186.125091,22.41115379333496
train/critic_1_loss,3505,1786469186.928211,22.01954460144043
train/critic_1_loss,3514,1786469187.653135,135.94863891601562
train/critic_1_loss,3524,1786469188.455087,8.42265510559082
train/critic_1_loss,3533,1786469189.177220,11.222006797790527
train/critic_1_loss,3543,1786469189.981736,12.45836353302002
train/critic_1_loss,3552,1786469190.702350,23.64180564880371
train/critic_1_loss,3562,1786469191.507980,58.81182861328125
train/critic_1_loss,3571,1786469192.230129,38.180057525634766
train/critic_1_loss,3581,1786469193.029361,154.68435668945312
train/critic_1_loss,3590,1786469193.757149,17.31092071533203
train/critic_1_loss,3600,1786469194.558623,7.415194988250732
train/critic_1_loss,3609,1786469195.278893,11.553786277770996
train/critic_1_loss,3619,1786469196.079377,291.1968994140625
train/critic_1_loss,3628,1786469196.796333,47.280555725097656
train/critic_1_loss,3638,1786469197.597325,17.772153854370117
train/critic_1_loss,3647,1786469198.314563,7.797122478485107
train/critic_1_loss,3657,1786469199.112648,12.26922607421875
train/critic_1_loss,3666,1786469199.828295,15.275529861450195
train/critic_1_loss,3676,1786469200.623612,191.881591796875
train/critic_1_loss,3685,1786469201.341326,150.2887725830078
train/critic_1_loss,3695,1786469202.142268,4.103259086608887
train/critic_1_loss,3704,1786469202.853456,19.2396240234375
train/critic_1_loss,3714,1786469203.649669,11.981471061706543
train/critic_1_loss,3723,1786469204.352301,32.767269134521484
train/critic_1_loss,3733,1786469205.140013,10.795145988464355
train/critic_1_loss,3742,1786469205.851321,20.55864715576172
train/critic_1_loss,3752,1786469206.639089,4.4511027336120605
train/critic_1_loss,3761,1786469211.724964,4.916377544403076
train/critic_1_loss,3771,1786469212.538843,83.19722747802734
train/critic_1_loss,3780,1786469213.262526,31.170663833618164
train/critic_1_loss,3790,1786469214.074218,278.8215637207031
train/critic_1_loss,3799,1786469214.790238,106.68959045410156
train/critic_1_loss,3809,1786469215.593421,24.45298194885254
train/critic_1_loss,3818,1786469216.319702,31.474517822265625
train/critic_1_loss,3828,1786469217.128074,55.14045715332031
train/critic_1_loss,3837,1786469217.865286,217.5157012939453
train/critic_1_loss,3847,1786469218.675013,25.336238861083984
train/critic_1_loss,3856,1786469219.406498,37.14219665527344
train/critic_1_loss,3866,1786469220.222204,40.48000717163086
train/critic_1_loss,3875,1786469220.951857,39.827945709228516
train/critic_1_loss,3885,1786469221.773959,11.635748863220215
train/critic_1_loss,3894,1786469222.513634,65.022705078125
train/critic_1_loss,3904,1786469223.338306,19.385311126708984
train/critic_1_loss,3913,1786469224.080814,121.53691101074219
train/critic_1_loss,3923,1786469224.905046,22.810775756835938
train/critic_1_loss,3932,1786469225.653482,149.1676483154297
train/critic_1_loss,3942,1786469226.480289,10.617104530334473
train/critic_1_loss,3951,1786469227.222445,12.624223709106445
train/critic_1_loss,3961,1786469228.055027,41.00740051269531
train/critic_1_loss,3970,1786469228.795893,15.238700866699219
train/critic_1_loss,3980,1786469229.629014,20.476655960083008
train/critic_1_loss,3989,1786469230.372051,21.94860076904297
train/critic_1_loss,3999,1786469231.192358,50.75331115722656
train/critic_1_loss,4009,1786469232.174435,115.5362777709961
train/critic_1_loss,4018,1786469232.912582,145.00784301757812
train/critic_1_loss,4028,1786469233.721903,62.94208908081055
train/critic_1_loss,4037,1786469234.455588,25.43785858154297
train/critic_1_loss,4047,1786469235.269741,106.35865020751953
train/critic_1_loss,4056,1786469236.004146,15.923566818237305
train/critic_1_loss,4066,1786469236.816185,39.02398681640625
train/critic_1_loss,4075,1786469237.546699,25.02223777770996
train/critic_1_loss,4085,1786469238.355076,23.41248321533203
train/critic_1_loss,4094,1786469239.080673,3.79321551322937
train/critic_1_loss,4104,1786469239.896212,56.06735610961914
train/critic_1_loss,4113,1786469240.630133,57.91120147705078
train/critic_1_loss,4123,1786469241.452655,224.12545776367188
train/critic_1_loss,4132,1786469242.171863,42.308406829833984
train/critic_1_loss,4142,1786469242.983099,183.0100555419922
train/critic_1_loss,4151,1786469243.705846,53.36771011352539
train/critic_1_loss,4161,1786469244.511225,6.858253002166748
train/critic_1_loss,4170,1786469245.237354,91.16102600097656
train/critic_1_loss,4180,1786469246.044500,27.72023582458496
train/critic_1_loss,4189,1786469246.765035,12.550164222717285
train/critic_1_loss,4199,1786469247.558097,5.135014533996582
train/critic_1_loss,4208,1786469248.272115,22.10112190246582
train/critic_1_loss,4218,1786469249.062977,51.45870590209961
train/critic_1_loss,4227,1786469249.780642,114.80274963378906
train/critic_1_loss,4237,1786469250.567912,30.54403305053711
train/critic_1_loss,4246,1786469251.283575,24.344642639160156
train/critic_1_loss,4256,1786469252.072712,29.848234176635742
train/critic_1_loss,4265,1786469257.153473,64.3215103149414
train/critic_1_loss,4275,1786469257.958771,3.870290994644165
train/critic_1_loss,4284,1786469258.679419,17.89398193359375
train/critic_1_loss,4294,1786469259.483274,62.64990234375
train/critic_1_loss,4303,1786469260.204027,14.626025199890137
train/critic_1_loss,4313,1786469260.990887,25.66226577758789
train/critic_1_loss,4322,1786469261.709448,6.049942493438721
train/critic_1_loss,4332,1786469262.517879,14.427130699157715
train/critic_1_loss,4341,1786469263.243549,60.94380569458008
train/critic_1_loss,4351,1786469264.047400,23.502973556518555
train/critic_1_loss,4360,1786469264.766354,17.099971771240234
train/critic_1_loss,4370,1786469265.569400,30.089324951171875
train/critic_1_loss,4379,1786469266.280698,8.39348316192627
train/critic_1_loss,4389,1786469267.073123,15.863779067993164
train/critic_1_loss,4398,1786469267.788596,26.558029174804688
train/critic_1_loss,4408,1786469268.585392,20.978307723999023
train/critic_1_loss,4417,1786469269.297010,5.216113567352295
train/critic_1_loss,4427,1786469270.096809,8.000905990600586
train/critic_1_loss,4436,1786469270.828917,20.996253967285156
train/critic_1_loss,4446,1786469271.639321,126.8018798828125
train/critic_1_loss,4455,1786469272.371834,36.186973571777344
train/critic_1_loss,4465,1786469273.193772,45.20556640625
train/critic_1_loss,4474,1786469273.923191,11.975173950195312
train/critic_1_loss,4484,1786469274.738932,11.678606986999512
train/critic_1_loss,4493,1786469275.481753,25.714130401611328
train/critic_1_loss,4503,1786469276.316361,5.330292701721191
train/critic_1_loss,4513,1786469277.146698,37.64566421508789
train/critic_1_loss,4522,1786469277.893631,70.65973663330078
train/critic_1_loss,4532,1786469278.721816,24.07197380065918
train/critic_1_loss,4541,1786469279.470704,33.68885040283203
train/critic_1_loss,4551,1786469280.302222,11.088871955871582
train/critic_1_loss,4560,1786469281.051035,32.8057975769043
train/critic_1_loss,4570,1786469281.882630,185.5266876220703
train/critic_1_loss,4579,1786469282.628375,201.9552764892578
train/critic_1_loss,4589,1786469283.462013,18.966859817504883
train/critic_1_loss,4598,1786469284.211141,7.533792018890381
train/critic_1_loss,4608,1786469285.040308,75.60182189941406
train/critic_1_loss,4617,1786469285.785101,113.9400863647461
train/critic_1_loss,4627,1786469286.612020,30.817731857299805
train/critic_1_loss,4636,1786469287.352336,76.43858337402344
train/critic_1_loss,4646,1786469288.178075,79.8055419921875
train/critic_1_loss,4655,1786469288.920734,30.557453155517578
train/critic_1_loss,4665,1786469289.755251,44.552616119384766
train/critic_1_loss,4674,1786469290.497828,39.95854949951172
train/critic_1_loss,4684,1786469291.330107,5.8832268714904785
train/critic_1_loss,4693,1786469292.078462,57.62080383300781
train/critic_1_loss,4703,1786469292.912619,114.98661041259766
train/critic_1_loss,4712,1786469293.666172,20.823139190673828
train/critic_1_loss,4722,1786469294.499891,15.235124588012695
train/critic_1_loss,4731,1786469295.253842,23.717985153198242
train/critic_1_loss,4741,1786469296.081772,41.12650680541992
train/critic_1_loss,4750,1786469296.827275,13.558807373046875
train/critic_1_loss,4760,1786469302.126879,73.47992706298828
train/critic_1_loss,4769,1786469302.842312,209.6902618408203
train/critic_1_loss,4779,1786469303.623195,41.38941192626953
train/critic_1_loss,4788,1786469304.334112,69.73346710205078
train/critic_1_loss,4798,1786469305.124654,4.1546759605407715
train/critic_1_loss,4807,1786469305.828584,48.466522216796875
train/critic_1_loss,4817,1786469306.610862,79.33454132080078
train/critic_1_loss,4826,1786469307.320889,12.952592849731445
train/critic_1_loss,4836,1786469308.110325,22.874223709106445
train/critic_1_loss,4845,1786469308.824288,58.954959869384766
train/critic_1_loss,4855,1786469309.618216,235.46885681152344
train/critic_1_loss,4864,1786469310.321616,22.862186431884766
train/critic_1_loss,4874,1786469311.109441,24.58071517944336
train/critic_1_loss,4883,1786469311.821971,9.144855499267578
train/critic_1_loss,4893,1786469312.609393,112.14920043945312
train/critic_1_loss,4902,1786469313.319799,160.64590454101562
train/critic_1_loss,4912,1786469314.121413,24.286434173583984
train/critic_1_loss,4921,1786469314.843859,33.044979095458984
train/critic_1_loss,4931,1786469315.655370,8.929421424865723
train/critic_1_loss,4940,1786469316.390501,8.644762992858887
train/critic_1_loss,4950,1786469317.197351,20.254901885986328
train/critic_1_loss,4959,1786469317.926617,20.99571418762207
train/critic_1_loss,4969,1786469318.735305,38.31748962402344
train/critic_1_loss,4978,1786469319.464670,19.383142471313477
train/critic_1_loss,4988,1786469320.271293,34.67987060546875
train/critic_1_loss,4997,1786469320.996957,6.877542018890381
train/critic_1_loss,5007,1786469321.799084,17.424802780151367
train/critic_1_loss,5017,1786469322.606317,8.503156661987305
train/critic_1_loss,5026,1786469323.337318,45.66725540161133
train/critic_1_loss,5036,1786469324.139175,8.977819442749023
train/critic_1_loss,5045,1786469324.865886,3.603135347366333
train/critic_1_loss,5055,1786469325.679561,21.1649169921875
train/critic_1_loss,5064,1786469326.403354,17.216989517211914
train/critic_1_loss,5074,1786469327.212130,88.47183227539062
train/critic_1_loss,5083,1786469327.947931,33.43280029296875
train/critic_1_loss,5093,1786469328.754061,6.3098063468933105
train/critic_1_loss,5102,1786469329.482354,60.557430267333984
train/critic_1_loss,5112,1786469330.294595,9.633259773254395
train/critic_1_loss,5121,1786469331.023718,58.80527114868164
train/critic_1_loss,5131,1786469331.833313,44.859100341796875
train/critic_1_loss,5140,1786469332.560928,31.953807830810547
train/critic_1_loss,5150,1786469333.374914,204.26675415039062
train/critic_1_loss,5159,1786469334.108889,17.63348960876465
train/critic_1_loss,5169,1786469334.915875,43.435604095458984
train/critic_1_loss,5178,1786469335.646907,34.51982116699219
train/critic_1_loss,5188,1786469336.456034,12.505475044250488
train/critic_1_loss,5197,1786469337.184592,11.145708084106445
train/critic_1_loss,5207,1786469337.993132,52.28734588623047
train/critic_1_loss,5216,1786469338.718674,45.67033004760742
train/critic_1_loss,5226,1786469339.527337,58.0783576965332
train/critic_1_loss,5235,1786469340.255624,23.81844711303711
train/critic_1_loss,5245,1786469341.056820,125.62566375732422
train/critic_1_loss,5254,1786469341.783814,13.24362564086914
train/critic_1_loss,5264,1786469347.005283,14.647348403930664
train/critic_1_loss,5273,1786469347.709461,18.867462158203125
train/critic_1_loss,5283,1786469348.495043,12.438718795776367
train/critic_1_loss,5292,1786469349.207641,8.267694473266602
train/critic_1_loss,5302,1786469349.996144,22.61825942993164
train/critic_1_loss,5311,1786469350.703365,44.66924285888672
train/critic_1_loss,5321,1786469351.491280,16.652599334716797
train/critic_1_loss,5330,1786469352.211195,9.837055206298828
train/critic_1_loss,5340,1786469353.022520,15.290915489196777
train/critic_1_loss,5349,1786469353.752123,25.656696319580078
train/critic_1_loss,5359,1786469354.560075,53.65032958984375
train/critic_1_loss,5368,1786469355.280708,8.162734985351562
train/critic_1_loss,5378,1786469356.089870,45.37855529785156
train/critic_1_loss,5387,1786469356.798348,12.736672401428223
train/critic_1_loss,5397,1786469357.591227,46.29884719848633
train/critic_1_loss,5406,1786469358.313024,14.768465995788574
train/critic_1_loss,5416,1786469359.119881,6.040378093719482
train/critic_1_loss,5425,1786469359.830130,22.38674545288086
train/critic_1_loss,5435,1786469360.641649,30.752845764160156
train/critic_1_loss,5444,1786469361.374674,11.361227989196777
train/critic_1_loss,5454,1786469362.190463,5.302300930023193
train/critic_1_loss,5463,1786469362.918491,31.90335464477539
train/critic_1_loss,5473,1786469363.722785,11.220706939697266
train/critic_1_loss,5482,1786469364.450835,25.671058654785156
train/critic_1_loss,5492,1786469365.255848,53.39582061767578
train/critic_1_loss,5502,1786469366.065312,8.459969520568848
train/critic_1_loss,5511,1786469366.784633,103.80228424072266
train/critic_1_loss,5521,1786469367.595137,85.5146255493164
train/critic_1_loss,5530,1786469368.317102,7.909890174865723
train/critic_1_loss,5540,1786469369.118587,25.365924835205078
train/critic_1_loss,5549,1786469369.843709,26.416053771972656
train/critic_1_loss,5559,1786469370.643680,53.789100646972656
train/critic_1_loss,5568,1786469371.365319,32.511436462402344
train/critic_1_loss,5578,1786469372.166272,52.98352813720703
train/critic_1_loss,5587,1786469372.885264,10.42398738861084
train/critic_1_loss,5597,1786469373.691285,12.373777389526367
train/critic_1_loss,5606,1786469374.408874,66.49696350097656
train/critic_1_loss,5616,1786469375.210005,23.65056610107422
train/critic_1_loss,5625,1786469375.932632,33.50080871582031
train/critic_1_loss,5635,1786469376.738916,22.538114547729492
train/critic_1_loss,5644,1786469377.468302,12.246355056762695
train/critic_1_loss,5654,1786469378.262636,123.88916778564453
train/critic_1_loss,5663,1786469378.984343,13.013978004455566
train/critic_1_loss,5673,1786469379.783873,19.104665756225586
train/critic_1_loss,5682,1786469380.512690,31.205209732055664
train/critic_1_loss,5692,1786469381.330140,14.241372108459473
train/critic_1_loss,5701,1786469382.050647,49.06028366088867
train/critic_1_loss,5711,1786469382.849646,59.187835693359375
train/critic_1_loss,5720,1786469383.573874,23.653148651123047
train/critic_1_loss,5730,1786469384.369334,36.053863525390625
train/critic_1_loss,5739,1786469385.087309,36.844017028808594
train/critic_1_loss,5749,1786469385.885654,14.553959846496582
train/critic_1_loss,5758,1786469391.011772,19.831890106201172
train/critic_1_loss,5768,1786469391.740319,10.215532302856445
train/critic_1_loss,5777,1786469392.457689,16.646461486816406
train/critic_1_loss,5787,1786469393.242738,12.54298210144043
train/critic_1_loss,5796,1786469393.952538,44.62382125854492
train/critic_1_loss,5806,1786469394.731883,27.433895111083984
train/critic_1_loss,5815,1786469395.444320,159.25746154785156
train/critic_1_loss,5825,1786469396.230216,15.230112075805664
train/critic_1_loss,5834,1786469396.939069,13.365925788879395
train/critic_1_loss,5844,1786469397.727549,12.70814037322998
train/critic_1_loss,5853,1786469398.437303,12.791204452514648
train/critic_1_loss,5863,1786469399.225992,31.54387092590332
train/critic_1_loss,5872,1786469399.931350,43.22842788696289
train/critic_1_loss,5882,1786469400.717252,30.66234016418457
train/critic_1_loss,5891,1786469401.426013,10.286890983581543
train/critic_1_loss,5901,1786469402.218074,10.606184005737305
train/critic_1_loss,5910,1786469402.934722,14.238677978515625
train/critic_1_loss,5920,1786469403.740801,9.168038368225098
train/critic_1_loss,5929,1786469408.856333,10.829315185546875
train/critic_1_loss,5939,1786469409.654113,30.22807502746582
train/critic_1_loss,5948,1786469410.363190,14.4039888381958
train/critic_1_loss,5958,1786469411.154439,9.056408882141113
train/critic_1_loss,5967,1786469411.866420,23.8198184967041
train/critic_1_loss,5977,1786469412.650269,24.6094913482666
train/critic_1_loss,5986,1786469413.361049,13.598960876464844
train/critic_1_loss,5996,1786469414.154020,6.858747482299805
train/critic_1_loss,6006,1786469415.191645,21.292089462280273
train/critic_1_loss,6015,1786469415.906318,12.897953987121582
train/critic_1_loss,6025,1786469416.705091,48.77766418457031
train/critic_1_loss,6034,1786469417.413602,28.13387680053711
train/critic_1_loss,6044,1786469422.614018,27.93617820739746
train/critic_1_loss,6053,1786469423.331108,17.60760498046875
train/critic_1_loss,6063,1786469424.125510,21.589008331298828
train/critic_1_loss,6072,1786469424.836840,8.731207847595215
train/critic_1_loss,6082,1786469425.626920,68.53112030029297
train/critic_1_loss,6091,1786469426.337172,30.20345115661621
train/critic_1_loss,6101,1786469427.129201,20.44525909423828
train/critic_1_loss,6110,1786469427.846488,9.626523971557617
train/critic_1_loss,6120,1786469428.651355,23.157644271850586
train/critic_1_loss,6129,1786469429.373875,19.148168563842773
train/critic_1_loss,6139,1786469430.176779,30.605459213256836
train/critic_1_loss,6148,1786469430.899596,16.99421501159668
train/critic_1_loss,6158,1786469431.703248,23.21117401123047
train/critic_1_loss,6167,1786469432.424437,5.070096015930176
train/critic_1_loss,6177,1786469433.223812,103.6534423828125
train/critic_1_loss,6186,1786469433.943244,41.45298385620117
train/critic_1_loss,6196,1786469434.743855,15.588188171386719
train/critic_1_loss,6205,1786469435.464715,23.251266479492188
train/critic_1_loss,6215,1786469436.263691,9.384695053100586
train/critic_1_loss,6224,1786469436.987752,4.429553985595703
train/critic_1_loss,6234,1786469437.788509,12.805861473083496
train/critic_1_loss,6243,1786469438.502559,17.960710525512695
train/critic_1_loss,6253,1786469439.294818,40.14562225341797
train/critic_1_loss,6262,1786469440.012163,7.034218788146973
train/critic_1_loss,6272,1786469440.808213,10.214076042175293
train/critic_1_loss,6281,1786469441.526294,36.143802642822266
train/critic_1_loss,6291,1786469442.325333,253.58944702148438
train/critic_1_loss,6300,1786469443.040090,9.302306175231934
train/critic_1_loss,6310,1786469443.838174,42.17919921875
train/critic_1_loss,6319,1786469444.555179,38.29860305786133
train/critic_1_loss,6329,1786469445.350988,47.57221984863281
train/critic_1_loss,6338,1786469446.074648,8.893770217895508
train/critic_1_loss,6348,1786469446.865447,13.30678939819336
train/critic_1_loss,6357,1786469447.576128,24.43486213684082
train/critic_1_loss,6367,1786469448.358805,9.483078002929688
train/critic_1_loss,6376,1786469449.070829,10.130436897277832
train/critic_1_loss,6386,1786469449.862119,9.583250045776367
train/critic_1_loss,6395,1786469450.574938,22.762540817260742
train/critic_1_loss,6405,1786469451.366185,52.6481819152832
train/critic_1_loss,6414,1786469452.084723,9.89176082611084
train/critic_1_loss,6424,1786469452.872423,66.56989288330078
train/critic_1_loss,6433,1786469453.586882,14.926849365234375
train/critic_1_loss,6443,1786469454.377496,24.982921600341797
train/critic_1_loss,6452,1786469455.090418,21.667226791381836
train/critic_1_loss,6462,1786469455.886424,6.251334190368652
train/critic_1_loss,6471,1786469456.602152,12.654488563537598
train/critic_1_loss,6481,1786469457.398942,5.598341941833496
train/critic_1_loss,6490,1786469458.115471,61.63972091674805
train/critic_1_loss,6500,1786469458.908236,21.324676513671875
train/critic_1_loss,6510,1786469459.705090,27.991994857788086
train/critic_1_loss,6519,1786469460.420166,23.256656646728516
train/critic_1_loss,6529,1786469461.212674,14.095254898071289
train/critic_1_loss,6538,1786469466.311022,15.923628807067871
train/critic_1_loss,6548,1786469467.062828,39.27727508544922
train/critic_1_loss,6557,1786469467.777076,12.84432315826416
train/critic_1_loss,6567,1786469468.558501,19.84362030029297
train/critic_1_loss,6576,1786469469.266700,1.498639464378357
train/critic_1_loss,6586,1786469470.064111,10.998309135437012
train/critic_1_loss,6595,1786469470.759727,43.197635650634766
train/critic_1_loss,6605,1786469471.547352,8.765899658203125
train/critic_1_loss,6614,1786469472.257823,67.58747863769531
train/critic_1_loss,6624,1786469473.046725,11.089804649353027
train/critic_1_loss,6633,1786469473.760765,29.8253116607666
train/critic_1_loss,6643,1786469474.549483,11.858756065368652
train/critic_1_loss,6652,1786469475.269402,4.771636962890625
train/critic_1_loss,6662,1786469476.064734,19.153549194335938
train/critic_1_loss,6671,1786469476.762726,22.361209869384766
train/critic_1_loss,6681,1786469477.537652,9.57081413269043
train/critic_1_loss,6690,1786469478.234638,321.82861328125
train/critic_1_loss,6700,1786469479.009792,35.98090744018555
train/critic_1_loss,6709,1786469479.714111,16.343778610229492
train/critic_1_loss,6719,1786469480.506008,10.38631534576416
train/critic_1_loss,6728,1786469481.226817,8.58665657043457
train/critic_1_loss,6738,1786469482.027146,15.013534545898438
train/critic_1_loss,6747,1786469482.762810,10.430712699890137
train/critic_1_loss,6757,1786469483.586896,77.8492431640625
train/critic_1_loss,6766,1786469484.326297,44.22735595703125
train/critic_1_loss,6776,1786469485.148194,17.14863395690918
train/critic_1_loss,6785,1786469485.887341,11.762372016906738
train/critic_1_loss,6795,1786469486.700993,18.518667221069336
train/critic_1_loss,6804,1786469487.436563,61.24871826171875
train/critic_1_loss,6814,1786469488.265543,8.050215721130371
train/critic_1_loss,6823,1786469488.999521,57.18758010864258
train/critic_1_loss,6833,1786469489.814327,19.047204971313477
train/critic_1_loss,6842,1786469490.544500,18.686052322387695
train/critic_1_loss,6852,1786469491.357267,14.679038047790527
train/critic_1_loss,6861,1786469492.076156,104.51433563232422
train/critic_1_loss,6871,1786469492.884427,15.462995529174805
train/critic_1_loss,6880,1786469493.617301,7.154838562011719
train/critic_1_loss,6890,1786469494.428216,8.163365364074707
train/critic_1_loss,6899,1786469495.153701,17.231271743774414
train/critic_1_loss,6909,1786469495.958409,9.274251937866211
train/critic_1_loss,6918,1786469496.680523,19.01111602783203
train/critic_1_loss,6928,1786469497.481375,38.35403060913086
train/critic_1_loss,6937,1786469498.202717,184.96688842773438
train/critic_1_loss,6947,1786469499.028695,9.249086380004883
train/critic_1_loss,6956,1786469499.779456,21.64449691772461
train/critic_1_loss,6966,1786469500.590015,107.37543487548828
train/critic_1_loss,6975,1786469501.308240,72.75262451171875
train/critic_1_loss,6985,1786469502.124387,6.435061454772949
train/critic_1_loss,6994,1786469502.843783,82.41744995117188
train/critic_1_loss,7004,1786469503.652589,134.5438232421875
train/critic_1_loss,7014,1786469504.450394,5.032177448272705
train/critic_1_loss,7023,1786469505.188575,11.124425888061523
train/critic_1_loss,7033,1786469505.992070,11.514360427856445
train/critic_1_loss,7042,1786469511.066142,4.325105667114258
train/critic_1_loss,7052,1786469511.876493,95.498291015625
train/critic_1_loss,7061,1786469512.620456,12.997036933898926
train/critic_1_loss,7071,1786469513.450799,3.635756254196167
train/critic_1_loss,7080,1786469514.204672,134.32215881347656
train/critic_1_loss,7090,1786469515.028338,9.83655834197998
train/critic_1_loss,7099,1786469515.749415,99.62646484375
train/critic_1_loss,7109,1786469516.580657,22.09362030029297
train/critic_1_loss,7118,1786469517.335082,18.1129093170166
train/critic_1_loss,7128,1786469518.167449,104.40721130371094
train/critic_1_loss,7137,1786469518.902877,95.0821304321289
train/critic_1_loss,7147,1786469519.715235,30.744802474975586
train/critic_1_loss,7156,1786469520.463711,5.334462642669678
train/critic_1_loss,7166,1786469521.281756,41.524375915527344
train/critic_1_loss,7175,1786469522.025056,12.262495994567871
train/critic_1_loss,7185,1786469522.841896,34.74081039428711
train/critic_1_loss,7194,1786469523.592343,3.660097360610962
train/critic_1_loss,7204,1786469524.467155,7.653081893920898
train/critic_1_loss,7213,1786469525.226444,28.849843978881836
train/critic_1_loss,7223,1786469526.097057,23.706787109375
train/critic_1_loss,7232,1786469526.848934,13.096427917480469
train/critic_1_loss,7242,1786469527.691907,8.264103889465332
train/critic_1_loss,7251,1786469528.449151,18.85152816772461
train/critic_1_loss,7261,1786469529.275187,9.16859245300293
train/critic_1_loss,7270,1786469530.029477,28.342487335205078
train/critic_1_loss,7280,1786469530.837241,9.4970703125
train/critic_1_loss,7289,1786469531.602435,6.803879261016846
train/critic_1_loss,7299,1786469532.432210,27.947956085205078
train/critic_1_loss,7308,1786469533.163526,10.467272758483887
train/critic_1_loss,7318,1786469533.972702,23.26886749267578
train/critic_1_loss,7327,1786469534.701023,31.98560905456543
train/critic_1_loss,7337,1786469535.511373,7.021338939666748
train/critic_1_loss,7346,1786469536.247946,15.66309928894043
train/critic_1_loss,7356,1786469537.103324,54.24551773071289
train/critic_1_loss,7365,1786469537.868677,10.845521926879883
train/critic_1_loss,7375,1786469538.699404,31.372802734375
train/critic_1_loss,7384,1786469539.436912,15.87111759185791
train/critic_1_loss,7394,1786469540.285086,59.14760208129883
train/critic_1_loss,7403,1786469541.028347,8.174481391906738
train/critic_1_loss,7413,1786469541.842266,20.65456771850586
train/critic_1_loss,7422,1786469542.575861,162.71868896484375
train/critic_1_loss,7432,1786469543.396583,38.40761947631836
train/critic_1_loss,7441,1786469544.159793,16.355844497680664
train/critic_1_loss,7451,1786469544.986753,2.977461814880371
train/critic_1_loss,7460,1786469545.738532,45.6413459777832
train/critic_1_loss,7470,1786469546.574693,6.190752983093262
train/critic_1_loss,7479,1786469547.349318,13.009016036987305
train/critic_1_loss,7489,1786469548.180936,12.766402244567871
train/critic_1_loss,7498,1786469548.913007,11.689345359802246
train/critic_1_loss,7508,1786469549.742945,47.78364944458008
train/critic_1_loss,7518,1786469550.586732,36.76699447631836
train/critic_1_loss,7527,1786469551.350786,29.24300765991211
train/critic_1_loss,7537,1786469556.851345,3.090087890625
train/critic_1_loss,7546,1786469557.498427,46.65522384643555
train/critic_1_loss,7556,1786469558.312993,1.8543469905853271
train/critic_1_loss,7565,1786469559.061043,79.10376739501953
train/critic_1_loss,7575,1786469559.880735,50.925941467285156
train/critic_1_loss,7584,1786469560.613308,149.65037536621094
train/critic_1_loss,7594,1786469561.424647,17.415082931518555
train/critic_1_loss,7603,1786469562.153759,22.09088897705078
train/critic_1_loss,7613,1786469562.952092,48.66225051879883
train/critic_1_loss,7622,1786469563.697522,9.353778839111328
train/critic_1_loss,7632,1786469564.544138,18.15448760986328
train/critic_1_loss,7641,1786469565.286696,7.527688503265381
train/critic_1_loss,7651,1786469566.126799,34.8674201965332
train/critic_1_loss,7660,1786469566.871525,16.193578720092773
train/critic_1_loss,7670,1786469567.681055,4.374694347381592
train/critic_1_loss,7679,1786469568.400748,16.4947566986084
train/critic_1_loss,7689,1786469569.196913,20.103208541870117
train/critic_1_loss,7698,1786469569.921182,10.73453140258789
train/critic_1_loss,7708,1786469570.732970,8.188742637634277
train/critic_1_loss,7717,1786469571.471577,8.048126220703125
train/critic_1_loss,7727,1786469572.288195,6.368982791900635
train/critic_1_loss,7736,1786469573.027426,15.484577178955078
train/critic_1_loss,7746,1786469573.856792,9.235518455505371
train/critic_1_loss,7755,1786469574.605738,6.975767612457275
train/critic_1_loss,7765,1786469575.443048,3.9888877868652344
train/critic_1_loss,7774,1786469576.192253,8.945856094360352
train/critic_1_loss,7784,1786469577.035860,7.134513854980469
train/critic_1_loss,7793,1786469577.781161,6.270439147949219
train/critic_1_loss,7803,1786469578.605516,4.78859281539917
train/critic_1_loss,7812,1786469579.354015,7.30132532119751
train/critic_1_loss,7822,1786469580.187643,13.216073989868164
train/critic_1_loss,7831,1786469580.936152,8.623613357543945
train/critic_1_loss,7841,1786469581.744793,73.63343811035156
train/critic_1_loss,7850,1786469582.479106,12.089505195617676
train/critic_1_loss,7860,1786469583.296340,39.156944274902344
train/critic_1_loss,7869,1786469584.033003,27.284393310546875
train/critic_1_loss,7879,1786469584.852654,8.078411102294922
train/critic_1_loss,7888,1786469585.595170,12.269775390625
train/critic_1_loss,7898,1786469586.420509,10.681159019470215
train/critic_1_loss,7907,1786469587.163047,3.797488212585449
train/critic_1_loss,7917,1786469587.977806,6.87994909286499
train/critic_1_loss,7926,1786469588.701126,2.135124683380127
train/critic_1_loss,7936,1786469589.504131,9.844156265258789
train/critic_1_loss,7945,1786469590.227349,36.25722885131836
train/critic_1_loss,7955,1786469591.027409,10.610250473022461
train/critic_1_loss,7964,1786469591.747572,10.994500160217285
train/critic_1_loss,7974,1786469592.550978,13.845656394958496
train/critic_1_loss,7983,1786469593.280965,17.744504928588867
train/critic_1_loss,7993,1786469594.079436,21.894847869873047
train/critic_1_loss,8003,1786469595.270457,10.01113224029541
train/critic_1_loss,8012,1786469595.956185,8.311178207397461
train/critic_1_loss,8022,1786469596.765321,10.971986770629883
train/critic_1_loss,8031,1786469597.474619,14.607086181640625
train/critic_1_loss,8041,1786469602.649120,8.69505500793457
train/critic_1_loss,8050,1786469603.355968,3.3732426166534424
train/critic_1_loss,8060,1786469604.142394,14.518412590026855
train/critic_1_loss,8069,1786469604.846710,50.15204620361328
train/critic_1_loss,8079,1786469605.630900,35.75057601928711
train/critic_1_loss,8088,1786469606.336682,14.78908920288086
train/critic_1_loss,8098,1786469607.120494,4.462186336517334
train/critic_1_loss,8107,1786469607.830841,7.912173271179199
train/critic_1_loss,8117,1786469608.637146,15.568806648254395
train/critic_1_loss,8126,1786469609.339564,168.99880981445312
train/critic_1_loss,8136,1786469610.139609,10.870999336242676
train/critic_1_loss,8145,1786469610.856642,30.178300857543945
train/critic_1_loss,8155,1786469611.648817,6.875157356262207
train/critic_1_loss,8164,1786469612.354885,2.141148328781128
train/critic_1_loss,8174,1786469613.142507,9.012380599975586
train/critic_1_loss,8183,1786469613.849128,5.914561748504639
train/critic_1_loss,8193,1786469614.635412,27.491220474243164
train/critic_1_loss,8202,1786469615.348665,14.732217788696289
train/critic_1_loss,8212,1786469616.136509,25.955162048339844
train/critic_1_loss,8221,1786469616.849518,30.470706939697266
train/critic_1_loss,8231,1786469617.640936,11.40654468536377
train/critic_1_loss,8240,1786469618.353370,5.511969566345215
train/critic_1_loss,8250,1786469619.141799,65.35381317138672
train/critic_1_loss,8259,1786469619.854115,48.27922439575195
train/critic_1_loss,8269,1786469620.648754,12.316328048706055
train/critic_1_loss,8278,1786469621.365408,6.786032676696777
train/critic_1_loss,8288,1786469622.174804,13.10421371459961
train/critic_1_loss,8297,1786469622.878530,15.523930549621582
train/critic_1_loss,8307,1786469623.674414,44.57949447631836
train/critic_1_loss,8316,1786469624.389371,38.19913101196289
train/critic_1_loss,8326,1786469625.189625,9.3582124710083
train/critic_1_loss,8335,1786469625.908577,8.697891235351562
train/critic_1_loss,8345,1786469626.706423,38.009483337402344
train/critic_1_loss,8354,1786469627.425920,14.220965385437012
train/critic_1_loss,8364,1786469628.223846,9.0940523147583
train/critic_1_loss,8373,1786469628.940143,22.02153778076172
train/critic_1_loss,8383,1786469629.737035,33.816558837890625
train/critic_1_loss,8392,1786469630.457232,91.89911651611328
train/critic_1_loss,8402,1786469631.270470,16.420351028442383
train/critic_1_loss,8411,1786469631.999769,5.484642028808594
train/critic_1_loss,8421,1786469632.814068,7.259106159210205
train/critic_1_loss,8430,1786469633.532980,18.406352996826172
train/critic_1_loss,8440,1786469634.333981,5.62661600112915
train/critic_1_loss,8449,1786469635.051224,15.040671348571777
train/critic_1_loss,8459,1786469635.849462,11.119118690490723
train/critic_1_loss,8468,1786469636.567006,9.207265853881836
train/critic_1_loss,8478,1786469637.370892,185.2614288330078
train/critic_1_loss,8487,1786469638.090803,34.55985641479492
train/critic_1_loss,8497,1786469638.893563,6.428049087524414
train/critic_1_loss,8507,1786469639.697244,18.315982818603516
train/critic_1_loss,8516,1786469640.409720,6.151762962341309
train/critic_1_loss,8526,1786469641.209399,3.744539499282837
train/critic_1_loss,8535,1786469641.926626,10.3404541015625
train/critic_1_loss,8545,1786469647.133953,124.4023208618164
train/critic_1_loss,8554,1786469647.852885,12.0148286819458
train/critic_1_loss,8564,1786469648.645638,11.828169822692871
train/critic_1_loss,8573,1786469649.368587,12.54147720336914
train/critic_1_loss,8583,1786469650.176356,4.24505090713501
train/critic_1_loss,8592,1786469650.917779,8.379180908203125
train/critic_1_loss,8602,1786469651.735514,10.289583206176758
train/critic_1_loss,8611,1786469652.474068,5.451950550079346
train/critic_1_loss,8621,1786469653.303288,4.26466703414917
train/critic_1_loss,8630,1786469654.056937,3.8206048011779785
train/critic_1_loss,8640,1786469654.881622,5.477431297302246
train/critic_1_loss,8649,1786469655.625303,7.290933132171631
train/critic_1_loss,8659,1786469656.452046,9.360880851745605
train/critic_1_loss,8668,1786469657.198087,13.294947624206543
train/critic_1_loss,8678,1786469658.027214,16.898834228515625
train/critic_1_loss,8687,1786469658.760542,11.02752685546875
train/critic_1_loss,8697,1786469659.564783,3.6823997497558594
train/critic_1_loss,8706,1786469660.286775,37.390480041503906
train/critic_1_loss,8716,1786469661.096466,3.0856077671051025
train/critic_1_loss,8725,1786469661.816862,2.981438159942627
train/critic_1_loss,8735,1786469662.627503,11.862846374511719
train/critic_1_loss,8744,1786469663.352853,4.513253688812256
train/critic_1_loss,8754,1786469664.166018,7.615444183349609
train/critic_1_loss,8763,1786469664.903324,8.457651138305664
train/critic_1_loss,8773,1786469665.713145,10.131670951843262
train/critic_1_loss,8782,1786469666.443251,3.880211353302002
train/critic_1_loss,8792,1786469667.252068,30.109874725341797
train/critic_1_loss,8801,1786469667.981480,8.256444931030273
train/critic_1_loss,8811,1786469668.788253,11.687966346740723
train/critic_1_loss,8820,1786469669.522021,6.323873043060303
train/critic_1_loss,8830,1786469670.343153,9.096526145935059
train/critic_1_loss,8839,1786469671.074527,3.500441789627075
train/critic_1_loss,8849,1786469671.897873,18.523075103759766
train/critic_1_loss,8858,1786469672.630729,16.926021575927734
train/critic_1_loss,8868,1786469673.445343,2.308600425720215
train/critic_1_loss,8877,1786469674.180305,19.119829177856445
train/critic_1_loss,8887,1786469674.993377,14.233525276184082
train/critic_1_loss,8896,1786469675.728169,13.64653491973877
train/critic_1_loss,8906,1786469676.544321,9.019643783569336
train/critic_1_loss,8915,1786469677.292166,9.68372631072998
train/critic_1_loss,8925,1786469678.097663,8.808448791503906
train/critic_1_loss,8934,1786469678.832492,14.2257661819458
train/critic_1_loss,8944,1786469679.650686,7.700348854064941
train/critic_1_loss,8953,1786469680.383253,9.267191886901855
train/critic_1_loss,8963,1786469681.194758,4.948006629943848
train/critic_1_loss,8972,1786469681.924913,5.6074652671813965
train/critic_1_loss,8982,1786469682.730316,11.422748565673828
train/critic_1_loss,8991,1786469683.455740,11.842970848083496
train/critic_1_loss,9001,1786469684.262216,18.69301414489746
train/critic_1_loss,9011,1786469685.080564,6.534473896026611
train/critic_1_loss,9020,1786469685.792669,24.35356903076172
train/critic_1_loss,9030,1786469686.600540,15.825895309448242
train/critic_1_loss,9039,1786469691.749270,9.33668041229248
train/critic_1_loss,9049,1786469692.556363,53.81665802001953
train/critic_1_loss,9058,1786469693.281316,25.213623046875
train/critic_1_loss,9068,1786469694.107155,15.485039710998535
train/critic_1_loss,9077,1786469694.841174,4.955284118652344
train/critic_1_loss,9087,1786469695.657068,48.08367156982422
train/critic_1_loss,9096,1786469696.391760,22.6495304107666
train/critic_1_loss,9106,1786469697.210115,23.514434814453125
train/critic_1_loss,9115,1786469697.950690,24.811452865600586
train/critic_1_loss,9125,1786469698.774113,63.65106201171875
train/critic_1_loss,9134,1786469699.512501,11.896803855895996
train/critic_1_loss,9144,1786469700.332621,6.259041786193848
train/critic_1_loss,9153,1786469701.071227,6.079794883728027
train/critic_1_loss,9163,1786469701.897715,5.134006023406982
train/critic_1_loss,9172,1786469702.647419,30.331789016723633
train/critic_1_loss,9182,1786469703.474752,9.357182502746582
train/critic_1_loss,9191,1786469704.213795,9.001784324645996
train/critic_1_loss,9201,1786469705.060482,12.117024421691895
train/critic_1_loss,9210,1786469710.457338,212.2168731689453
train/critic_1_loss,9220,1786469711.173686,7.167478084564209
train/critic_1_loss,9229,1786469711.897532,103.72813415527344
train/critic_1_loss,9239,1786469712.692660,20.440744400024414
train/critic_1_loss,9248,1786469713.416441,3.410351514816284
train/critic_1_loss,9258,1786469714.224476,20.058300018310547
train/critic_1_loss,9267,1786469714.948930,6.510274887084961
train/critic_1_loss,9277,1786469715.759352,11.307902336120605
train/critic_1_loss,9286,1786469716.484447,12.440839767456055
train/critic_1_loss,9296,1786469717.292247,2.8878331184387207
train/critic_1_loss,9305,1786469718.019985,9.591620445251465
train/critic_1_loss,9315,1786469718.828554,4.668948650360107
train/critic_1_loss,9324,1786469719.552097,8.486580848693848
train/critic_1_loss,9334,1786469720.361529,8.938363075256348
train/critic_1_loss,9343,1786469721.081780,16.855655670166016
train/critic_1_loss,9353,1786469721.888799,12.331080436706543
train/critic_1_loss,9362,1786469722.614797,8.389082908630371
train/critic_1_loss,9372,1786469723.418760,4.536147117614746
train/critic_1_loss,9381,1786469724.143368,6.410141944885254
train/critic_1_loss,9391,1786469724.954895,6.844455242156982
train/critic_1_loss,9400,1786469725.699280,9.702526092529297
train/critic_1_loss,9410,1786469726.514748,24.23733901977539
train/critic_1_loss,9419,1786469727.252259,4.8576273918151855
train/critic_1_loss,9429,1786469728.083851,6.927331924438477
train/critic_1_loss,9438,1786469728.833600,4.459821701049805
train/critic_1_loss,9448,1786469729.677977,14.858508110046387
train/critic_1_loss,9457,1786469730.428238,19.223068237304688
train/critic_1_loss,9467,1786469731.274892,9.21408748626709
train/critic_1_loss,9476,1786469732.033694,301.5539245605469
train/critic_1_loss,9486,1786469732.879819,2.4015326499938965
train/critic_1_loss,9495,1786469733.636901,4.868419647216797
train/critic_1_loss,9505,1786469734.476887,14.40122127532959
train/critic_1_loss,9515,1786469735.314749,8.88038444519043
train/critic_1_loss,9524,1786469736.061206,18.240234375
train/critic_1_loss,9534,1786469736.885157,5.966928958892822
train/critic_1_loss,9543,1786469737.620377,14.964028358459473
train/critic_1_loss,9553,1786469738.434290,4.625560283660889
train/critic_1_loss,9562,1786469739.170892,3.0671770572662354
train/critic_1_loss,9572,1786469739.989183,3.4346938133239746
train/critic_1_loss,9581,1786469740.717358,5.422402858734131
train/critic_1_loss,9591,1786469741.534477,3.0435943603515625
train/critic_1_loss,9600,1786469742.269603,2.3740060329437256
train/critic_1_loss,9610,1786469743.078925,11.733210563659668
train/critic_1_loss,9619,1786469743.806116,17.32516860961914
train/critic_1_loss,9629,1786469744.613225,8.63924503326416
train/critic_1_loss,9638,1786469745.343756,8.025052070617676
train/critic_1_loss,9648,1786469746.141677,14.723429679870605
train/critic_1_loss,9657,1786469746.859801,6.278898239135742
train/critic_1_loss,9667,1786469747.661483,6.686441421508789
train/critic_1_loss,9676,1786469748.387294,14.793193817138672
train/critic_1_loss,9686,1786469749.184710,9.34039306640625
train/critic_1_loss,9695,1786469749.910505,20.644901275634766
train/critic_1_loss,9705,1786469750.710071,5.752773761749268
train/critic_1_loss,9714,1786469755.846251,3.010798931121826
train/critic_1_loss,9724,1786469756.648350,7.32075309753418
train/critic_1_loss,9733,1786469757.367645,2.599188804626465
train/critic_1_loss,9743,1786469758.154563,11.934921264648438
train/critic_1_loss,9752,1786469758.869275,7.710838317871094
train/critic_1_loss,9762,1786469759.665756,3.519415855407715
train/critic_1_loss,9771,1786469760.383496,2.4892420768737793
train/critic_1_loss,9781,1786469761.179461,14.728141784667969
train/critic_1_loss,9790,1786469761.892197,8.876680374145508
train/critic_1_loss,9800,1786469762.692147,59.852020263671875
train/critic_1_loss,9809,1786469763.409844,158.28350830078125
train/critic_1_loss,9819,1786469764.211188,7.655917644500732
train/critic_1_loss,9828,1786469764.930857,3.8645851612091064
train/critic_1_loss,9838,1786469765.727136,6.51591157913208
train/critic_1_loss,9847,1786469766.447675,8.333314895629883
train/critic_1_loss,9857,1786469767.250856,9.311522483825684
train/critic_1_loss,9866,1786469767.973933,11.298331260681152
train/critic_1_loss,9876,1786469768.779289,4.639256000518799
train/critic_1_loss,9885,1786469769.513296,7.617032527923584
train/critic_1_loss,9895,1786469770.329676,3.0895256996154785
train/critic_1_loss,9904,1786469771.037518,9.983724594116211
train/critic_1_loss,9914,1786469771.831673,10.55757999420166
train/critic_1_loss,9923,1786469772.548044,8.836004257202148
train/critic_1_loss,9933,1786469773.347113,33.36546325683594
train/critic_1_loss,9942,1786469774.072322,14.844489097595215
train/critic_1_loss,9952,1786469774.881445,11.987306594848633
train/critic_1_loss,9961,1786469775.617730,17.096330642700195
train/critic_1_loss,9971,1786469776.439811,3.950228214263916
train/critic_1_loss,9980,1786469777.173731,3.376713275909424
train/critic_1_loss,9990,1786469777.979120,6.66527795791626
train/critic_1_loss,10000,1786469778.784739,137.92694091796875
train/critic_2_loss,500,1786468883.384414,0.12976118922233582
train/critic_2_loss,509,1786468888.457154,0.021970566362142563
train/critic_2_loss,519,1786468889.260967,0.04920120909810066
train/critic_2_loss,528,1786468889.984584,0.09514591097831726
train/critic_2_loss,538,1786468890.784605,0.042461004108190536
train/critic_2_loss,547,1786468891.496157,0.03677492216229439
train/critic_2_loss,557,1786468892.286856,0.05658017471432686
train/critic_2_loss,566,1786468892.994446,0.012866771779954433
train/critic_2_loss,576,1786468893.789222,0.08697731792926788
train/critic_2_loss,585,1786468894.500011,0.06258314847946167
train/critic_2_loss,595,1786468895.296096,0.12919698655605316
train/critic_2_loss,604,1786468896.010615,0.14629174768924713
train/critic_2_loss,614,1786468896.805792,0.10771796107292175
train/critic_2_loss,623,1786468897.519626,0.06087883934378624
train/critic_2_loss,633,1786468898.313975,0.20270709693431854
train/critic_2_loss,642,1786468899.041465,0.08327688276767731
train/critic_2_loss,652,1786468899.822506,0.15539079904556274
train/critic_2_loss,661,1786468900.536821,0.09409213066101074
train/critic_2_loss,671,1786468901.331458,0.14511390030384064
train/critic_2_loss,680,1786468906.478304,0.0837010070681572
train/critic_2_loss,690,1786468907.262041,394.0691223144531
train/critic_2_loss,699,1786468907.971588,393.6274108886719
train/critic_2_loss,709,1786468908.759276,0.30762556195259094
train/critic_2_loss,718,1786468909.487433,0.2741033136844635
train/critic_2_loss,728,1786468910.294562,0.13324512541294098
train/critic_2_loss,737,1786468911.015315,0.046009596437215805
train/critic_2_loss,747,1786468911.829377,0.10699412971735
train/critic_2_loss,756,1786468912.557426,389.2555236816406
train/critic_2_loss,766,1786468913.366164,0.17744387686252594
train/critic_2_loss,775,1786468914.094913,0.18821631371974945
train/critic_2_loss,785,1786468914.904299,0.19343802332878113
train/critic_2_loss,794,1786468915.633208,0.07002614438533783
train/critic_2_loss,804,1786468916.437234,0.4671580493450165
train/critic_2_loss,813,1786468917.172033,0.583118736743927
train/critic_2_loss,823,1786468917.968622,346.78778076171875
train/critic_2_loss,832,1786468918.702021,0.46399161219596863
train/critic_2_loss,842,1786468919.505008,0.4382382035255432
train/critic_2_loss,851,1786468920.232672,0.25419881939888
train/critic_2_loss,861,1786468921.045046,0.09055966883897781
train/critic_2_loss,870,1786468921.774855,0.27399352192878723
train/critic_2_loss,880,1786468922.596253,0.0893021747469902
train/critic_2_loss,889,1786468923.313400,0.14063379168510437
train/critic_2_loss,899,1786468924.127246,0.09072519093751907
train/critic_2_loss,908,1786468924.856884,0.10003975033760071
train/critic_2_loss,918,1786468925.669484,0.27769872546195984
train/critic_2_loss,927,1786468930.827277,0.22908954322338104
train/critic_2_loss,937,1786468931.615721,405.266357421875
train/critic_2_loss,946,1786468932.324272,0.45313307642936707
train/critic_2_loss,956,1786468933.114001,0.2979304790496826
train/critic_2_loss,965,1786468933.825724,0.39948898553848267
train/critic_2_loss,975,1786468934.626697,0.08150159567594528
train/critic_2_loss,984,1786468935.350843,406.1737060546875
train/critic_2_loss,994,1786468936.153332,0.5885220170021057
train/critic_2_loss,1004,1786468936.952651,0.6071105599403381
train/critic_2_loss,1013,1786468937.677859,0.3681148588657379
train/critic_2_loss,1023,1786468938.480142,0.25246062874794006
train/critic_2_loss,1032,1786468939.201591,1.5858017206192017
train/critic_2_loss,1042,1786468939.998140,0.6576584577560425
train/critic_2_loss,1051,1786468940.717061,0.8603799343109131
train/critic_2_loss,1061,1786468941.519208,0.8488126993179321
train/critic_2_loss,1070,1786468942.242245,348.006591796875
train/critic_2_loss,1080,1786468943.043529,0.6342437267303467
train/critic_2_loss,1089,1786468943.760420,5.251613140106201
train/critic_2_loss,1099,1786468944.559507,0.406208336353302
train/critic_2_loss,1108,1786468945.288314,1.973497748374939
train/critic_2_loss,1118,1786468946.082702,1.3495516777038574
train/critic_2_loss,1127,1786468946.807823,1.1903659105300903
train/critic_2_loss,1137,1786468947.604760,0.5545421242713928
train/critic_2_loss,1146,1786468948.322336,0.5140057802200317
train/critic_2_loss,1156,1786468949.116479,1.5175559520721436
train/critic_2_loss,1165,1786468949.841333,2.6234068870544434
train/critic_2_loss,1175,1786468955.059253,211.49366760253906
train/critic_2_loss,1184,1786468955.808417,5.4627580642700195
train/critic_2_loss,1194,1786468956.645511,0.7110491991043091
train/critic_2_loss,1203,1786468957.401316,0.9892349243164062
train/critic_2_loss,1213,1786468958.248071,233.9014129638672
train/critic_2_loss,1222,1786468963.573194,8.650138854980469
train/critic_2_loss,1232,1786468964.366283,8.736563682556152
train/critic_2_loss,1241,1786468965.079686,58.96577835083008
train/critic_2_loss,1251,1786468965.865233,0.978514552116394
train/critic_2_loss,1260,1786468966.564477,351.14251708984375
train/critic_2_loss,1270,1786468967.342469,8.882933616638184
train/critic_2_loss,1279,1786468968.046939,15.42723274230957
train/critic_2_loss,1289,1786468973.196230,116.13311004638672
train/critic_2_loss,1298,1786468973.943144,9.149880409240723
train/critic_2_loss,1308,1786468974.735559,0.8919963836669922
train/critic_2_loss,1317,1786468975.463557,1.6737209558486938
train/critic_2_loss,1327,1786468976.276646,2.6857824325561523
train/critic_2_loss,1336,1786468977.004628,1.3555467128753662
train/critic_2_loss,1346,1786468977.821068,43.981449127197266
train/critic_2_loss,1355,1786468978.563503,471.4275207519531
train/critic_2_loss,1365,1786468979.461578,2.983875036239624
train/critic_2_loss,1374,1786468980.373160,1.3997427225112915
train/critic_2_loss,1384,1786468981.562693,17.166879653930664
train/critic_2_loss,1393,1786468982.590757,7.282711029052734
train/critic_2_loss,1403,1786468983.563692,408.3439025878906
train/critic_2_loss,1412,1786468984.435029,23.412410736083984
train/critic_2_loss,1422,1786468985.383963,8.785320281982422
train/critic_2_loss,1431,1786468986.298245,6.509278297424316
train/critic_2_loss,1441,1786468987.134020,0.8318155407905579
train/critic_2_loss,1450,1786468987.887346,140.26812744140625
train/critic_2_loss,1460,1786468988.729448,3.746953010559082
train/critic_2_loss,1469,1786468989.582336,1.0681313276290894
train/critic_2_loss,1479,1786468990.493251,2.5412707328796387
train/critic_2_loss,1488,1786468991.243832,0.3186933994293213
train/critic_2_loss,1498,1786468992.089491,6.228034496307373
train/critic_2_loss,1508,1786468992.920634,7.084756851196289
train/critic_2_loss,1517,1786468993.693136,33.450740814208984
train/critic_2_loss,1527,1786468994.543133,1.0714783668518066
train/critic_2_loss,1536,1786468995.329229,5.693172454833984
train/critic_2_loss,1546,1786468996.206331,99.100830078125
train/critic_2_loss,1555,1786468997.004078,42.750816345214844
train/critic_2_loss,1565,1786468997.854130,27.598093032836914
train/critic_2_loss,1574,1786468998.645728,12.75223159790039
train/critic_2_loss,1584,1786468999.638416,178.1570587158203
train/critic_2_loss,1593,1786469000.529935,354.4869079589844
train/critic_2_loss,1603,1786469001.413846,326.5099792480469
train/critic_2_loss,1612,1786469002.181041,16.45766258239746
train/critic_2_loss,1622,1786469003.134048,2.8031697273254395
train/critic_2_loss,1631,1786469003.981417,4.3347673416137695
train/critic_2_loss,1641,1786469005.284218,5.98485803604126
train/critic_2_loss,1650,1786469006.292645,10.345539093017578
train/critic_2_loss,1660,1786469007.126194,15.85091495513916
train/critic_2_loss,1669,1786469007.876775,30.626304626464844
train/critic_2_loss,1679,1786469008.710875,9.707945823669434
train/critic_2_loss,1688,1786469009.464019,1.2804125547409058
train/critic_2_loss,1698,1786469010.315948,51.294803619384766
train/critic_2_loss,1707,1786469011.227235,3.7239134311676025
train/critic_2_loss,1717,1786469012.220615,23.858510971069336
train/critic_2_loss,1726,1786469013.049562,8.006916046142578
train/critic_2_loss,1736,1786469013.895464,12.185514450073242
train/critic_2_loss,1745,1786469014.650190,10.301114082336426
train/critic_2_loss,1755,1786469015.492316,20.986268997192383
train/critic_2_loss,1764,1786469016.603532,342.8289489746094
train/critic_2_loss,1774,1786469017.486879,37.27829360961914
train/critic_2_loss,1783,1786469022.968895,52.45035171508789
train/critic_2_loss,1793,1786469023.730136,8.242353439331055
train/critic_2_loss,1802,1786469024.438457,3.3582115173339844
train/critic_2_loss,1812,1786469025.224943,28.701284408569336
train/critic_2_loss,1821,1786469026.468107,71.34551239013672
train/critic_2_loss,1831,1786469033.536400,340.31378173828125
train/critic_2_loss,1840,1786469034.279017,45.40378189086914
train/critic_2_loss,1850,1786469035.092906,56.20834732055664
train/critic_2_loss,1859,1786469035.828276,753.3194580078125
train/critic_2_loss,1869,1786469036.691186,6.048490524291992
train/critic_2_loss,1878,1786469037.429476,1.0698621273040771
train/critic_2_loss,1888,1786469038.237483,429.5481262207031
train/critic_2_loss,1897,1786469038.970138,7.27681303024292
train/critic_2_loss,1907,1786469039.785196,17.46150016784668
train/critic_2_loss,1916,1786469040.530477,111.43795776367188
train/critic_2_loss,1926,1786469041.354167,2.048837900161743
train/critic_2_loss,1935,1786469042.095128,2.7624456882476807
train/critic_2_loss,1945,1786469042.898995,8.101373672485352
train/critic_2_loss,1954,1786469043.621258,17.893653869628906
train/critic_2_loss,1964,1786469044.431346,20.070476531982422
train/critic_2_loss,1973,1786469045.135324,1.4298324584960938
train/critic_2_loss,1983,1786469045.947454,6.842055320739746
train/critic_2_loss,1992,1786469046.682405,10.34963607788086
train/critic_2_loss,2002,1786469047.724231,15.398665428161621
train/critic_2_loss,2012,1786469048.444009,5.06334924697876
train/critic_2_loss,2021,1786469049.190867,14.08101749420166
train/critic_2_loss,2031,1786469054.559448,14.698580741882324
train/critic_2_loss,2040,1786469055.294105,405.16363525390625
train/critic_2_loss,2050,1786469056.115907,62.7044563293457
train/critic_2_loss,2059,1786469056.853642,34.65989685058594
train/critic_2_loss,2069,1786469057.675294,75.39138793945312
train/critic_2_loss,2078,1786469058.413458,64.80988311767578
train/critic_2_loss,2088,1786469059.231804,450.5153503417969
train/critic_2_loss,2097,1786469059.981321,5.8355712890625
train/critic_2_loss,2107,1786469060.825971,10.091825485229492
train/critic_2_loss,2116,1786469061.577249,4.830928325653076
train/critic_2_loss,2126,1786469062.420010,24.008020401000977
train/critic_2_loss,2135,1786469063.170933,4.48936653137207
train/critic_2_loss,2145,1786469064.009701,32.17670440673828
train/critic_2_loss,2154,1786469064.765642,16.351322174072266
train/critic_2_loss,2164,1786469065.606716,246.4048614501953
train/critic_2_loss,2173,1786469066.353117,34.918678283691406
train/critic_2_loss,2183,1786469067.186282,6.717742919921875
train/critic_2_loss,2192,1786469067.922534,4.966650485992432
train/critic_2_loss,2202,1786469068.745656,8.448705673217773
train/critic_2_loss,2211,1786469069.489877,2.6880345344543457
train/critic_2_loss,2221,1786469070.306894,52.14522933959961
train/critic_2_loss,2230,1786469071.038234,9.617532730102539
train/critic_2_loss,2240,1786469071.853879,26.547231674194336
train/critic_2_loss,2249,1786469072.587031,15.028478622436523
train/critic_2_loss,2259,1786469073.397969,37.34705352783203
train/critic_2_loss,2268,1786469074.124145,6.301271915435791
train/critic_2_loss,2278,1786469074.930108,1.0096795558929443
train/critic_2_loss,2287,1786469075.655214,3.1909542083740234
train/critic_2_loss,2297,1786469076.461049,6.945435523986816
train/critic_2_loss,2306,1786469077.196485,399.4847717285156
train/critic_2_loss,2316,1786469078.031976,30.10713768005371
train/critic_2_loss,2325,1786469078.784218,3.8135106563568115
train/critic_2_loss,2335,1786469079.606345,5.197359561920166
train/critic_2_loss,2344,1786469080.350275,15.794503211975098
train/critic_2_loss,2354,1786469081.176175,5.9406914710998535
train/critic_2_loss,2363,1786469081.931192,4.301687717437744
train/critic_2_loss,2373,1786469082.755653,29.87095069885254
train/critic_2_loss,2382,1786469083.499187,374.9087829589844
train/critic_2_loss,2392,1786469084.324419,5.025318145751953
train/critic_2_loss,2401,1786469085.065980,23.83416748046875
train/critic_2_loss,2411,1786469085.881831,1.6137313842773438
train/critic_2_loss,2420,1786469086.613168,124.25961303710938
train/critic_2_loss,2430,1786469087.425396,49.525882720947266
train/critic_2_loss,2439,1786469088.160231,70.10560607910156
train/critic_2_loss,2449,1786469088.976388,24.585018157958984
train/critic_2_loss,2458,1786469094.277394,408.49530029296875
train/critic_2_loss,2468,1786469094.972186,28.807132720947266
train/critic_2_loss,2477,1786469095.672346,480.0163269042969
train/critic_2_loss,2487,1786469096.456223,15.755016326904297
train/critic_2_loss,2496,1786469097.164960,56.565940856933594
train/critic_2_loss,2506,1786469097.943170,5.483076572418213
train/critic_2_loss,2516,1786469098.725269,11.604619026184082
train/critic_2_loss,2525,1786469099.431764,389.2738342285156
train/critic_2_loss,2535,1786469100.217088,4.815425872802734
train/critic_2_loss,2544,1786469100.923484,8.016195297241211
train/critic_2_loss,2554,1786469101.709321,1.400462031364441
train/critic_2_loss,2563,1786469102.413730,4.681537628173828
train/critic_2_loss,2573,1786469103.199975,25.22145652770996
train/critic_2_loss,2582,1786469103.909749,184.6472930908203
train/critic_2_loss,2592,1786469104.694266,17.215065002441406
train/critic_2_loss,2601,1786469105.403379,1.5739095211029053
train/critic_2_loss,2611,1786469106.194688,17.454532623291016
train/critic_2_loss,2620,1786469106.928559,6.6350626945495605
train/critic_2_loss,2630,1786469107.749388,163.2631072998047
train/critic_2_loss,2639,1786469108.481414,107.39165496826172
train/critic_2_loss,2649,1786469109.293647,66.73085021972656
train/critic_2_loss,2658,1786469110.028877,8.439043045043945
train/critic_2_loss,2668,1786469110.847641,13.426149368286133
train/critic_2_loss,2677,1786469111.584095,11.010979652404785
train/critic_2_loss,2687,1786469112.399390,8.78724193572998
train/critic_2_loss,2696,1786469113.135484,16.339616775512695
train/critic_2_loss,2706,1786469113.950683,14.781652450561523
train/critic_2_loss,2715,1786469114.693115,17.25206756591797
train/critic_2_loss,2725,1786469115.486205,377.23193359375
train/critic_2_loss,2734,1786469116.213284,14.735031127929688
train/critic_2_loss,2744,1786469117.023165,8.07417106628418
train/critic_2_loss,2753,1786469117.760097,35.603694915771484
train/critic_2_loss,2763,1786469118.564419,28.13321304321289
train/critic_2_loss,2772,1786469119.286651,64.16146087646484
train/critic_2_loss,2782,1786469120.099602,8.588202476501465
train/critic_2_loss,2791,1786469120.823179,7.040247440338135
train/critic_2_loss,2801,1786469121.634076,82.1226577758789
train/critic_2_loss,2810,1786469122.362320,36.96066665649414
train/critic_2_loss,2820,1786469123.173420,28.910566329956055
train/critic_2_loss,2829,1786469123.900172,5.89788818359375
train/critic_2_loss,2839,1786469124.713058,61.899715423583984
train/critic_2_loss,2848,1786469125.444345,3.992908239364624
train/critic_2_loss,2858,1786469126.262859,694.4705810546875
train/critic_2_loss,2867,1786469127.001293,8.734753608703613
train/critic_2_loss,2877,1786469127.820605,84.871826171875
train/critic_2_loss,2886,1786469128.563156,6.727479934692383
train/critic_2_loss,2896,1786469129.383600,55.05113983154297
train/critic_2_loss,2905,1786469130.125067,321.1802978515625
train/critic_2_loss,2915,1786469130.945508,43.65012741088867
train/critic_2_loss,2924,1786469131.685371,30.241283416748047
train/critic_2_loss,2934,1786469132.505307,54.02008819580078
train/critic_2_loss,2943,1786469133.249053,46.05129623413086
train/critic_2_loss,2953,1786469134.064621,27.941341400146484
train/critic_2_loss,2962,1786469139.196637,13.645190238952637
train/critic_2_loss,2972,1786469139.991888,35.61870574951172
train/critic_2_loss,2981,1786469140.702938,37.5291633605957
train/critic_2_loss,2991,1786469141.500080,13.514440536499023
train/critic_2_loss,3001,1786469142.293950,4.915520668029785
train/critic_2_loss,3010,1786469143.015263,34.38361740112305
train/critic_2_loss,3020,1786469143.822058,60.28278350830078
train/critic_2_loss,3029,1786469144.549526,26.185258865356445
train/critic_2_loss,3039,1786469145.353024,29.19876480102539
train/critic_2_loss,3048,1786469146.084372,6.098025798797607
train/critic_2_loss,3058,1786469146.887316,8.079669952392578
train/critic_2_loss,3067,1786469147.613382,11.032937049865723
train/critic_2_loss,3077,1786469148.417675,4.544191837310791
train/critic_2_loss,3086,1786469149.141619,8.105185508728027
train/critic_2_loss,3096,1786469149.947179,16.155485153198242
train/critic_2_loss,3105,1786469150.670206,21.743192672729492
train/critic_2_loss,3115,1786469151.479231,57.44871520996094
train/critic_2_loss,3124,1786469152.213196,67.93022155761719
train/critic_2_loss,3134,1786469153.013526,12.017911911010742
train/critic_2_loss,3143,1786469153.752460,34.95199966430664
train/critic_2_loss,3153,1786469154.560006,2.428159713745117
train/critic_2_loss,3162,1786469155.291742,3.8118462562561035
train/critic_2_loss,3172,1786469156.109664,1.542268991470337
train/critic_2_loss,3181,1786469156.834059,6.867012977600098
train/critic_2_loss,3191,1786469157.644575,87.9712905883789
train/critic_2_loss,3200,1786469158.363782,27.585418701171875
train/critic_2_loss,3210,1786469159.165071,122.83377838134766
train/critic_2_loss,3219,1786469159.889091,18.721452713012695
train/critic_2_loss,3229,1786469160.689708,44.624061584472656
train/critic_2_loss,3238,1786469161.415868,8.628912925720215
train/critic_2_loss,3248,1786469162.222443,46.02356719970703
train/critic_2_loss,3257,1786469162.947341,102.58284759521484
train/critic_2_loss,3267,1786469168.119397,6.044948577880859
train/critic_2_loss,3276,1786469168.830191,30.936769485473633
train/critic_2_loss,3286,1786469169.621501,61.37310791015625
train/critic_2_loss,3295,1786469170.331086,18.214176177978516
train/critic_2_loss,3305,1786469171.117863,86.178955078125
train/critic_2_loss,3314,1786469171.826333,4.731882095336914
train/critic_2_loss,3324,1786469172.602733,7.011143684387207
train/critic_2_loss,3333,1786469173.302500,9.788164138793945
train/critic_2_loss,3343,1786469174.079299,77.05230712890625
train/critic_2_loss,3352,1786469174.781338,137.95782470703125
train/critic_2_loss,3362,1786469175.556256,12.685011863708496
train/critic_2_loss,3371,1786469176.253172,92.20298767089844
train/critic_2_loss,3381,1786469177.026440,10.515434265136719
train/critic_2_loss,3390,1786469177.730024,10.7232027053833
train/critic_2_loss,3400,1786469178.512742,68.11412048339844
train/critic_2_loss,3409,1786469179.227123,33.44507598876953
train/critic_2_loss,3419,1786469180.018698,159.20050048828125
train/critic_2_loss,3428,1786469180.725436,1.6971484422683716
train/critic_2_loss,3438,1786469181.534097,11.7647705078125
train/critic_2_loss,3447,1786469182.248340,44.11549758911133
train/critic_2_loss,3457,1786469183.055084,35.5174446105957
train/critic_2_loss,3466,1786469183.782795,33.66285705566406
train/critic_2_loss,3476,1786469184.590053,8.279906272888184
train/critic_2_loss,3485,1786469185.316197,38.017799377441406
train/critic_2_loss,3495,1786469186.125102,20.538124084472656
train/critic_2_loss,3505,1786469186.928223,19.76962661743164
train/critic_2_loss,3514,1786469187.653147,59.40863037109375
train/critic_2_loss,3524,1786469188.455098,7.999319076538086
train/critic_2_loss,3533,1786469189.177231,10.011198043823242
train/critic_2_loss,3543,1786469189.981747,6.073730945587158
train/critic_2_loss,3552,1786469190.702362,37.340614318847656
train/critic_2_loss,3562,1786469191.507996,68.12710571289062
train/critic_2_loss,3571,1786469192.230140,38.922935485839844
train/critic_2_loss,3581,1786469193.029372,204.1119842529297
train/critic_2_loss,3590,1786469193.757159,10.599985122680664
train/critic_2_loss,3600,1786469194.558633,8.521341323852539
train/critic_2_loss,3609,1786469195.278903,15.177770614624023
train/critic_2_loss,3619,1786469196.079404,114.01844787597656
train/critic_2_loss,3628,1786469196.796343,26.597537994384766
train/critic_2_loss,3638,1786469197.597335,39.65612030029297
train/critic_2_loss,3647,1786469198.314572,6.399213790893555
train/critic_2_loss,3657,1786469199.112659,22.399051666259766
train/critic_2_loss,3666,1786469199.828304,17.391681671142578
train/critic_2_loss,3676,1786469200.623622,36.79883575439453
train/critic_2_loss,3685,1786469201.341336,325.4797668457031
train/critic_2_loss,3695,1786469202.142295,10.529342651367188
train/critic_2_loss,3704,1786469202.853466,11.614986419677734
train/critic_2_loss,3714,1786469203.649679,23.90628433227539
train/critic_2_loss,3723,1786469204.352310,15.750118255615234
train/critic_2_loss,3733,1786469205.140023,17.013383865356445
train/critic_2_loss,3742,1786469205.851332,23.32432746887207
train/critic_2_loss,3752,1786469206.639098,13.662089347839355
train/critic_2_loss,3761,1786469211.724974,35.03999328613281
train/critic_2_loss,3771,1786469212.538853,113.99576568603516
train/critic_2_loss,3780,1786469213.262536,68.81098175048828
train/critic_2_loss,3790,1786469214.074229,145.19854736328125
train/critic_2_loss,3799,1786469214.790251,140.4232940673828
train/critic_2_loss,3809,1786469215.593430,16.324342727661133
train/critic_2_loss,3818,1786469216.319712,50.69054412841797
train/critic_2_loss,3828,1786469217.128084,89.53132629394531
train/critic_2_loss,3837,1786469217.865300,48.60675811767578
train/critic_2_loss,3847,1786469218.675023,17.502592086791992
train/critic_2_loss,3856,1786469219.406508,58.49395751953125
train/critic_2_loss,3866,1786469220.222214,17.84062385559082
train/critic_2_loss,3875,1786469220.951867,33.58578109741211
train/critic_2_loss,3885,1786469221.773971,6.7682929039001465
train/critic_2_loss,3894,1786469222.513645,72.51827239990234
train/critic_2_loss,3904,1786469223.338315,18.99299430847168
train/critic_2_loss,3913,1786469224.080824,113.26864624023438
train/critic_2_loss,3923,1786469224.905057,14.69369125366211
train/critic_2_loss,3932,1786469225.653492,76.45734405517578
train/critic_2_loss,3942,1786469226.480299,21.09900665283203
train/critic_2_loss,3951,1786469227.222455,63.565032958984375
train/critic_2_loss,3961,1786469228.055037,17.013381958007812
train/critic_2_loss,3970,1786469228.795904,26.270048141479492
train/critic_2_loss,3980,1786469229.629024,14.54368782043457
train/critic_2_loss,3989,1786469230.372061,15.045244216918945
train/critic_2_loss,3999,1786469231.192374,23.79769515991211
train/critic_2_loss,4009,1786469232.174444,70.43875122070312
train/critic_2_loss,4018,1786469232.912601,99.05514526367188
train/critic_2_loss,4028,1786469233.721913,69.8332290649414
train/critic_2_loss,4037,1786469234.455598,33.212791442871094
train/critic_2_loss,4047,1786469235.269752,111.58098602294922
train/critic_2_loss,4056,1786469236.004156,15.357650756835938
train/critic_2_loss,4066,1786469236.816198,30.769832611083984
train/critic_2_loss,4075,1786469237.546710,31.454681396484375
train/critic_2_loss,4085,1786469238.355087,13.261528015136719
train/critic_2_loss,4094,1786469239.080685,9.36144733428955
train/critic_2_loss,4104,1786469239.896225,46.63149642944336
train/critic_2_loss,4113,1786469240.630145,32.905941009521484
train/critic_2_loss,4123,1786469241.452669,146.9512176513672
train/critic_2_loss,4132,1786469242.171875,43.16523361206055
train/critic_2_loss,4142,1786469242.983131,101.39966583251953
train/critic_2_loss,4151,1786469243.705858,57.519081115722656
train/critic_2_loss,4161,1786469244.511237,7.814772129058838
train/critic_2_loss,4170,1786469245.237366,95.65766143798828
train/critic_2_loss,4180,1786469246.044512,8.473370552062988
train/critic_2_loss,4189,1786469246.765048,6.077264785766602
train/critic_2_loss,4199,1786469247.558108,9.429265022277832
train/critic_2_loss,4208,1786469248.272127,19.448440551757812
train/critic_2_loss,4218,1786469249.062989,28.35603141784668
train/critic_2_loss,4227,1786469249.780654,148.662353515625
train/critic_2_loss,4237,1786469250.567924,22.908939361572266
train/critic_2_loss,4246,1786469251.283589,24.088930130004883
train/critic_2_loss,4256,1786469252.072724,27.65407371520996
train/critic_2_loss,4265,1786469257.153483,75.24263763427734
train/critic_2_loss,4275,1786469257.958782,3.555387496948242
train/critic_2_loss,4284,1786469258.679429,14.572394371032715
train/critic_2_loss,4294,1786469259.483285,70.1760482788086
train/critic_2_loss,4303,1786469260.204038,60.63723373413086
train/critic_2_loss,4313,1786469260.990901,12.005621910095215
train/critic_2_loss,4322,1786469261.709458,27.7678165435791
train/critic_2_loss,4332,1786469262.517889,41.65839385986328
train/critic_2_loss,4341,1786469263.243562,90.46437072753906
train/critic_2_loss,4351,1786469264.047410,10.671823501586914
train/critic_2_loss,4360,1786469264.766364,29.741960525512695
train/critic_2_loss,4370,1786469265.569410,35.87712860107422
train/critic_2_loss,4379,1786469266.280709,19.52370834350586
train/critic_2_loss,4389,1786469267.073133,15.417533874511719
train/critic_2_loss,4398,1786469267.788606,24.26943588256836
train/critic_2_loss,4408,1786469268.585402,42.87002944946289
train/critic_2_loss,4417,1786469269.297020,10.091723442077637
train/critic_2_loss,4427,1786469270.096819,9.598641395568848
train/critic_2_loss,4436,1786469270.828927,22.699613571166992
train/critic_2_loss,4446,1786469271.639331,15.863699913024902
train/critic_2_loss,4455,1786469272.371843,52.86067199707031
train/critic_2_loss,4465,1786469273.193782,70.57794952392578
train/critic_2_loss,4474,1786469273.923201,17.12263298034668
train/critic_2_loss,4484,1786469274.738945,18.55681800842285
train/critic_2_loss,4493,1786469275.481763,22.700746536254883
train/critic_2_loss,4503,1786469276.316378,10.116517066955566
train/critic_2_loss,4513,1786469277.146709,16.608694076538086
train/critic_2_loss,4522,1786469277.893641,35.35636901855469
train/critic_2_loss,4532,1786469278.721827,12.051544189453125
train/critic_2_loss,4541,1786469279.470714,49.80962371826172
train/critic_2_loss,4551,1786469280.302232,20.631410598754883
train/critic_2_loss,4560,1786469281.051044,48.32819366455078
train/critic_2_loss,4570,1786469281.882641,127.75355529785156
train/critic_2_loss,4579,1786469282.628384,339.4610595703125
train/critic_2_loss,4589,1786469283.462024,18.777421951293945
train/critic_2_loss,4598,1786469284.211151,4.332592487335205
train/critic_2_loss,4608,1786469285.040319,55.5069580078125
train/critic_2_loss,4617,1786469285.785111,13.06994342803955
train/critic_2_loss,4627,1786469286.612031,19.933868408203125
train/critic_2_loss,4636,1786469287.352346,141.33529663085938
train/critic_2_loss,4646,1786469288.178085,17.70102310180664
train/critic_2_loss,4655,1786469288.920745,20.80931282043457
train/critic_2_loss,4665,1786469289.755261,62.66293716430664
train/critic_2_loss,4674,1786469290.497837,39.162776947021484
train/critic_2_loss,4684,1786469291.330117,18.923683166503906
train/critic_2_loss,4693,1786469292.078472,19.13907241821289
train/critic_2_loss,4703,1786469292.912630,85.26011657714844
train/critic_2_loss,4712,1786469293.666183,44.69240951538086
train/critic_2_loss,4722,1786469294.499902,9.136049270629883
train/critic_2_loss,4731,1786469295.253851,12.548903465270996
train/critic_2_loss,4741,1786469296.081782,69.4949722290039
train/critic_2_loss,4750,1786469296.827303,11.042619705200195
train/critic_2_loss,4760,1786469302.126889,102.81105041503906
train/critic_2_loss,4769,1786469302.842322,133.55230712890625
train/critic_2_loss,4779,1786469303.623205,40.08845520019531
train/critic_2_loss,4788,1786469304.334122,16.987958908081055
train/critic_2_loss,4798,1786469305.124665,30.065258026123047
train/critic_2_loss,4807,1786469305.828595,56.41706085205078
train/critic_2_loss,4817,1786469306.610875,63.68324661254883
train/critic_2_loss,4826,1786469307.320901,17.3360595703125
train/critic_2_loss,4836,1786469308.110337,63.331912994384766
train/critic_2_loss,4845,1786469308.824299,16.323974609375
train/critic_2_loss,4855,1786469309.618228,81.61422729492188
train/critic_2_loss,4864,1786469310.321628,11.380703926086426
train/critic_2_loss,4874,1786469311.109454,27.454275131225586
train/critic_2_loss,4883,1786469311.821983,32.796634674072266
train/critic_2_loss,4893,1786469312.609405,51.4197998046875
train/critic_2_loss,4902,1786469313.319811,165.41860961914062
train/critic_2_loss,4912,1786469314.121424,19.264896392822266
train/critic_2_loss,4921,1786469314.843870,27.77349090576172
train/critic_2_loss,4931,1786469315.655399,15.644662857055664
train/critic_2_loss,4940,1786469316.390516,77.24980926513672
train/critic_2_loss,4950,1786469317.197363,25.103744506835938
train/critic_2_loss,4959,1786469317.926629,34.80059051513672
train/critic_2_loss,4969,1786469318.735317,76.94248962402344
train/critic_2_loss,4978,1786469319.464689,24.95029067993164
train/critic_2_loss,4988,1786469320.271306,53.16423034667969
train/critic_2_loss,4997,1786469320.996969,27.51378631591797
train/critic_2_loss,5007,1786469321.799096,16.314022064208984
train/critic_2_loss,5017,1786469322.606328,10.10354995727539
train/critic_2_loss,5026,1786469323.337330,51.913818359375
train/critic_2_loss,5036,1786469324.139186,14.217586517333984
train/critic_2_loss,5045,1786469324.865898,2.500157117843628
train/critic_2_loss,5055,1786469325.679574,18.432348251342773
train/critic_2_loss,5064,1786469326.403366,60.31255340576172
train/critic_2_loss,5074,1786469327.212141,121.87643432617188
train/critic_2_loss,5083,1786469327.947943,29.771331787109375
train/critic_2_loss,5093,1786469328.754071,2.2359025478363037
train/critic_2_loss,5102,1786469329.482363,30.0913143157959
train/critic_2_loss,5112,1786469330.294605,9.237853050231934
train/critic_2_loss,5121,1786469331.023728,35.65351867675781
train/critic_2_loss,5131,1786469331.833323,51.645843505859375
train/critic_2_loss,5140,1786469332.560938,45.180145263671875
train/critic_2_loss,5150,1786469333.374924,207.9873046875
train/critic_2_loss,5159,1786469334.108899,32.22360610961914
train/critic_2_loss,5169,1786469334.915886,24.044450759887695
train/critic_2_loss,5178,1786469335.646918,55.777870178222656
train/critic_2_loss,5188,1786469336.456044,18.963037490844727
train/critic_2_loss,5197,1786469337.184607,13.08967113494873
train/critic_2_loss,5207,1786469337.993143,42.99800109863281
train/critic_2_loss,5216,1786469338.718684,27.919437408447266
train/critic_2_loss,5226,1786469339.527347,37.52358627319336
train/critic_2_loss,5235,1786469340.255635,47.52060317993164
train/critic_2_loss,5245,1786469341.056831,23.844579696655273
train/critic_2_loss,5254,1786469341.783824,28.071691513061523
train/critic_2_loss,5264,1786469347.005296,7.984973430633545
train/critic_2_loss,5273,1786469347.709471,20.69538116455078
train/critic_2_loss,5283,1786469348.495053,7.963833332061768
train/critic_2_loss,5292,1786469349.207652,12.629522323608398
train/critic_2_loss,5302,1786469349.996154,36.62041091918945
train/critic_2_loss,5311,1786469350.703375,102.83828735351562
train/critic_2_loss,5321,1786469351.491290,6.0321550369262695
train/critic_2_loss,5330,1786469352.211205,8.268609046936035
train/critic_2_loss,5340,1786469353.022554,29.13211441040039
train/critic_2_loss,5349,1786469353.752133,15.44823932647705
train/critic_2_loss,5359,1786469354.560085,221.22808837890625
train/critic_2_loss,5368,1786469355.280724,11.677604675292969
train/critic_2_loss,5378,1786469356.089898,51.4457893371582
train/critic_2_loss,5387,1786469356.798357,14.538480758666992
train/critic_2_loss,5397,1786469357.591238,31.632936477661133
train/critic_2_loss,5406,1786469358.313034,11.835248947143555
train/critic_2_loss,5416,1786469359.119891,2.568876266479492
train/critic_2_loss,5425,1786469359.830141,17.464515686035156
train/critic_2_loss,5435,1786469360.641659,30.31035614013672
train/critic_2_loss,5444,1786469361.374684,13.291544914245605
train/critic_2_loss,5454,1786469362.190474,5.872839450836182
train/critic_2_loss,5463,1786469362.918501,23.66571807861328
train/critic_2_loss,5473,1786469363.722795,5.443575382232666
train/critic_2_loss,5482,1786469364.450846,32.753334045410156
train/critic_2_loss,5492,1786469365.255858,22.934478759765625
train/critic_2_loss,5502,1786469366.065322,19.626283645629883
train/critic_2_loss,5511,1786469366.784643,24.0196475982666
train/critic_2_loss,5521,1786469367.595147,136.74485778808594
train/critic_2_loss,5530,1786469368.317113,25.597084045410156
train/critic_2_loss,5540,1786469369.118597,10.132608413696289
train/critic_2_loss,5549,1786469369.843719,15.685705184936523
train/critic_2_loss,5559,1786469370.643690,31.978839874267578
train/critic_2_loss,5568,1786469371.365330,21.16043472290039
train/critic_2_loss,5578,1786469372.166282,51.67451095581055
train/critic_2_loss,5587,1786469372.885274,19.959352493286133
train/critic_2_loss,5597,1786469373.691300,15.599209785461426
train/critic_2_loss,5606,1786469374.408887,24.990564346313477
train/critic_2_loss,5616,1786469375.210015,25.38878631591797
train/critic_2_loss,5625,1786469375.932652,21.115243911743164
train/critic_2_loss,5635,1786469376.738927,24.87385368347168
train/critic_2_loss,5644,1786469377.468314,31.248313903808594
train/critic_2_loss,5654,1786469378.262648,84.06230163574219
train/critic_2_loss,5663,1786469378.984355,21.113014221191406
train/critic_2_loss,5673,1786469379.783884,19.519044876098633
train/critic_2_loss,5682,1786469380.512705,46.25602340698242
train/critic_2_loss,5692,1786469381.330153,12.022493362426758
train/critic_2_loss,5701,1786469382.050659,12.327211380004883
train/critic_2_loss,5711,1786469382.849658,35.400081634521484
train/critic_2_loss,5720,1786469383.573885,9.60151481628418
train/critic_2_loss,5730,1786469384.369346,45.598026275634766
train/critic_2_loss,5739,1786469385.087321,39.82050323486328
train/critic_2_loss,5749,1786469385.885666,23.153865814208984
train/critic_2_loss,5758,1786469391.011783,18.46441078186035
train/critic_2_loss,5768,1786469391.740329,9.5769624710083
train/critic_2_loss,5777,1786469392.457699,13.174461364746094
train/critic_2_loss,5787,1786469393.242749,23.411977767944336
train/critic_2_loss,5796,1786469393.952552,36.49491500854492
train/critic_2_loss,5806,1786469394.731892,28.032655715942383
train/critic_2_loss,5815,1786469395.444330,107.51315307617188
train/critic_2_loss,5825,1786469396.230227,16.995548248291016
train/critic_2_loss,5834,1786469396.939079,15.00447940826416
train/critic_2_loss,5844,1786469397.727559,27.461977005004883
train/critic_2_loss,5853,1786469398.437316,6.685474872589111
train/critic_2_loss,5863,1786469399.226002,12.509326934814453
train/critic_2_loss,5872,1786469399.931360,18.65089225769043
train/critic_2_loss,5882,1786469400.717262,7.7351274490356445
train/critic_2_loss,5891,1786469401.426023,5.156821250915527
train/critic_2_loss,5901,1786469402.218084,34.06867218017578
train/critic_2_loss,5910,1786469402.934732,21.41785430908203
train/critic_2_loss,5920,1786469403.740812,3.7389097213745117
train/critic_2_loss,5929,1786469408.856344,36.39972686767578
train/critic_2_loss,5939,1786469409.654123,17.29306983947754
train/critic_2_loss,5948,1786469410.363201,28.7166690826416
train/critic_2_loss,5958,1786469411.154449,7.934638500213623
train/critic_2_loss,5967,1786469411.866431,43.922821044921875
train/critic_2_loss,5977,1786469412.650278,38.7357177734375
train/critic_2_loss,5986,1786469413.361060,12.44257640838623
train/critic_2_loss,5996,1786469414.154029,6.453193187713623
train/critic_2_loss,6006,1786469415.191656,28.379467010498047
train/critic_2_loss,6015,1786469415.906328,19.581811904907227
train/critic_2_loss,6025,1786469416.705101,88.35848236083984
train/critic_2_loss,6034,1786469417.413621,14.459953308105469
train/critic_2_loss,6044,1786469422.614028,7.4593963623046875
train/critic_2_loss,6053,1786469423.331118,88.63075256347656
train/critic_2_loss,6063,1786469424.125521,35.3866081237793
train/critic_2_loss,6072,1786469424.836850,12.345268249511719
train/critic_2_loss,6082,1786469425.626930,56.668846130371094
train/critic_2_loss,6091,1786469426.337183,80.2057113647461
train/critic_2_loss,6101,1786469427.129210,49.69904327392578
train/critic_2_loss,6110,1786469427.846498,20.90105438232422
train/critic_2_loss,6120,1786469428.651365,11.063644409179688
train/critic_2_loss,6129,1786469429.373885,39.65468215942383
train/critic_2_loss,6139,1786469430.176789,29.875734329223633
train/critic_2_loss,6148,1786469430.899606,26.70808982849121
train/critic_2_loss,6158,1786469431.703258,83.79507446289062
train/critic_2_loss,6167,1786469432.424447,11.66858959197998
train/critic_2_loss,6177,1786469433.223824,24.23805046081543
train/critic_2_loss,6186,1786469433.943257,18.02032470703125
train/critic_2_loss,6196,1786469434.743867,30.59303855895996
train/critic_2_loss,6205,1786469435.464728,21.967357635498047
train/critic_2_loss,6215,1786469436.263703,7.83836030960083
train/critic_2_loss,6224,1786469436.987765,4.820180416107178
train/critic_2_loss,6234,1786469437.788521,9.10770034790039
train/critic_2_loss,6243,1786469438.502570,25.33951187133789
train/critic_2_loss,6253,1786469439.294831,43.44746017456055
train/critic_2_loss,6262,1786469440.012175,17.49333381652832
train/critic_2_loss,6272,1786469440.808224,4.923511028289795
train/critic_2_loss,6281,1786469441.526305,58.65512466430664
train/critic_2_loss,6291,1786469442.325345,119.56636810302734
train/critic_2_loss,6300,1786469443.040102,10.826631546020508
train/critic_2_loss,6310,1786469443.838186,64.44977569580078
train/critic_2_loss,6319,1786469444.555189,39.244056701660156
train/critic_2_loss,6329,1786469445.351017,8.164767265319824
train/critic_2_loss,6338,1786469446.074659,8.62800407409668
train/critic_2_loss,6348,1786469446.865456,16.154388427734375
train/critic_2_loss,6357,1786469447.576156,7.66599702835083
train/critic_2_loss,6367,1786469448.358815,4.497323989868164
train/critic_2_loss,6376,1786469449.070839,8.130443572998047
train/critic_2_loss,6386,1786469449.862129,7.258692264556885
train/critic_2_loss,6395,1786469450.574948,22.77184295654297
train/critic_2_loss,6405,1786469451.366195,19.085716247558594
train/critic_2_loss,6414,1786469452.084734,7.055661678314209
train/critic_2_loss,6424,1786469452.872433,9.790358543395996
train/critic_2_loss,6433,1786469453.586911,33.26541519165039
train/critic_2_loss,6443,1786469454.377506,12.17141342163086
train/critic_2_loss,6452,1786469455.090428,6.449358940124512
train/critic_2_loss,6462,1786469455.886435,9.224371910095215
train/critic_2_loss,6471,1786469456.602162,13.80866527557373
train/critic_2_loss,6481,1786469457.398952,4.914573669433594
train/critic_2_loss,6490,1786469458.115482,101.5628662109375
train/critic_2_loss,6500,1786469458.908246,42.021732330322266
train/critic_2_loss,6510,1786469459.705100,28.21660041809082
train/critic_2_loss,6519,1786469460.420176,15.063162803649902
train/critic_2_loss,6529,1786469461.212683,13.973381996154785
train/critic_2_loss,6538,1786469466.311032,44.09543991088867
train/critic_2_loss,6548,1786469467.062838,9.17287826538086
train/critic_2_loss,6557,1786469467.777086,11.68239688873291
train/critic_2_loss,6567,1786469468.558510,4.826592445373535
train/critic_2_loss,6576,1786469469.266710,11.278732299804688
train/critic_2_loss,6586,1786469470.064120,14.304943084716797
train/critic_2_loss,6595,1786469470.759747,42.15367126464844
train/critic_2_loss,6605,1786469471.547362,4.769201278686523
train/critic_2_loss,6614,1786469472.257836,32.84297180175781
train/critic_2_loss,6624,1786469473.046736,14.87966537475586
train/critic_2_loss,6633,1786469473.760775,15.833000183105469
train/critic_2_loss,6643,1786469474.549493,11.517069816589355
train/critic_2_loss,6652,1786469475.269412,16.58759117126465
train/critic_2_loss,6662,1786469476.064744,20.822704315185547
train/critic_2_loss,6671,1786469476.762736,10.269218444824219
train/critic_2_loss,6681,1786469477.537714,10.134284019470215
train/critic_2_loss,6690,1786469478.234649,192.01332092285156
train/critic_2_loss,6700,1786469479.009802,20.938514709472656
train/critic_2_loss,6709,1786469479.714120,10.574935913085938
train/critic_2_loss,6719,1786469480.506017,5.612804412841797
train/critic_2_loss,6728,1786469481.226827,36.06708908081055
train/critic_2_loss,6738,1786469482.027156,6.708500385284424
train/critic_2_loss,6747,1786469482.762820,8.167525291442871
train/critic_2_loss,6757,1786469483.586910,80.7707290649414
train/critic_2_loss,6766,1786469484.326307,28.692283630371094
train/critic_2_loss,6776,1786469485.148223,26.49517250061035
train/critic_2_loss,6785,1786469485.887351,33.40328598022461
train/critic_2_loss,6795,1786469486.701004,30.043188095092773
train/critic_2_loss,6804,1786469487.436574,66.85922241210938
train/critic_2_loss,6814,1786469488.265562,12.020020484924316
train/critic_2_loss,6823,1786469488.999532,69.09981536865234
train/critic_2_loss,6833,1786469489.814339,28.8361759185791
train/critic_2_loss,6842,1786469490.544513,7.648906230926514
train/critic_2_loss,6852,1786469491.357280,6.370267868041992
train/critic_2_loss,6861,1786469492.076169,169.93563842773438
train/critic_2_loss,6871,1786469492.884456,17.539661407470703
train/critic_2_loss,6880,1786469493.617313,18.728946685791016
train/critic_2_loss,6890,1786469494.428228,3.381260395050049
train/critic_2_loss,6899,1786469495.153713,56.61368179321289
train/critic_2_loss,6909,1786469495.958420,7.534275531768799
train/critic_2_loss,6918,1786469496.680535,25.739931106567383
train/critic_2_loss,6928,1786469497.481388,25.064943313598633
train/critic_2_loss,6937,1786469498.202730,165.2810516357422
train/critic_2_loss,6947,1786469499.028707,8.449933052062988
train/critic_2_loss,6956,1786469499.779469,24.301801681518555
train/critic_2_loss,6966,1786469500.590025,96.79475402832031
train/critic_2_loss,6975,1786469501.308250,93.8461685180664
train/critic_2_loss,6985,1786469502.124397,8.349051475524902
train/critic_2_loss,6994,1786469502.843793,42.66187286376953
train/critic_2_loss,7004,1786469503.652599,126.97593688964844
train/critic_2_loss,7014,1786469504.450405,30.68796730041504
train/critic_2_loss,7023,1786469505.188589,7.241487503051758
train/critic_2_loss,7033,1786469505.992082,53.83631896972656
train/critic_2_loss,7042,1786469511.066153,14.571256637573242
train/critic_2_loss,7052,1786469511.876503,15.771293640136719
train/critic_2_loss,7061,1786469512.620466,11.235444068908691
train/critic_2_loss,7071,1786469513.450809,5.111907958984375
train/critic_2_loss,7080,1786469514.204683,151.93218994140625
train/critic_2_loss,7090,1786469515.028347,17.31304359436035
train/critic_2_loss,7099,1786469515.749425,57.33381652832031
train/critic_2_loss,7109,1786469516.580667,27.173519134521484
train/critic_2_loss,7118,1786469517.335093,30.201066970825195
train/critic_2_loss,7128,1786469518.167458,25.56624412536621
train/critic_2_loss,7137,1786469518.902887,57.742523193359375
train/critic_2_loss,7147,1786469519.715245,38.11909484863281
train/critic_2_loss,7156,1786469520.463721,10.873675346374512
train/critic_2_loss,7166,1786469521.281766,28.2510929107666
train/critic_2_loss,7175,1786469522.025071,11.156633377075195
train/critic_2_loss,7185,1786469522.841907,33.799678802490234
train/critic_2_loss,7194,1786469523.592353,28.89727783203125
train/critic_2_loss,7204,1786469524.467165,14.309022903442383
train/critic_2_loss,7213,1786469525.226454,3.90579891204834
train/critic_2_loss,7223,1786469526.097067,21.44267463684082
train/critic_2_loss,7232,1786469526.848944,14.070509910583496
train/critic_2_loss,7242,1786469527.691917,8.080531120300293
train/critic_2_loss,7251,1786469528.449178,6.532717227935791
train/critic_2_loss,7261,1786469529.275198,14.581976890563965
train/critic_2_loss,7270,1786469530.029487,34.3574104309082
train/critic_2_loss,7280,1786469530.837252,11.985246658325195
train/critic_2_loss,7289,1786469531.602446,18.94916534423828
train/critic_2_loss,7299,1786469532.432220,21.500717163085938
train/critic_2_loss,7308,1786469533.163536,15.747054100036621
train/critic_2_loss,7318,1786469533.972712,6.038947105407715
train/critic_2_loss,7327,1786469534.701033,21.591249465942383
train/critic_2_loss,7337,1786469535.511383,14.087897300720215
train/critic_2_loss,7346,1786469536.247956,10.150358200073242
train/critic_2_loss,7356,1786469537.103334,24.102951049804688
train/critic_2_loss,7365,1786469537.868687,23.661108016967773
train/critic_2_loss,7375,1786469538.699415,73.23577880859375
train/critic_2_loss,7384,1786469539.436922,67.34993743896484
train/critic_2_loss,7394,1786469540.285096,18.089365005493164
train/critic_2_loss,7403,1786469541.028357,10.400771141052246
train/critic_2_loss,7413,1786469541.842275,51.09613037109375
train/critic_2_loss,7422,1786469542.575872,152.12733459472656
train/critic_2_loss,7432,1786469543.396593,23.684650421142578
train/critic_2_loss,7441,1786469544.159804,35.211944580078125
train/critic_2_loss,7451,1786469544.986763,30.0257568359375
train/critic_2_loss,7460,1786469545.738542,46.44900131225586
train/critic_2_loss,7470,1786469546.574715,3.601854085922241
train/critic_2_loss,7479,1786469547.349329,9.090849876403809
train/critic_2_loss,7489,1786469548.180946,13.536966323852539
train/critic_2_loss,7498,1786469548.913017,14.624018669128418
train/critic_2_loss,7508,1786469549.742956,19.13160514831543
train/critic_2_loss,7518,1786469550.586743,13.894720077514648
train/critic_2_loss,7527,1786469551.350796,33.56985092163086
train/critic_2_loss,7537,1786469556.851372,40.67209243774414
train/critic_2_loss,7546,1786469557.498438,23.78255271911621
train/critic_2_loss,7556,1786469558.313003,6.0679779052734375
train/critic_2_loss,7565,1786469559.061054,51.65245819091797
train/critic_2_loss,7575,1786469559.880790,44.56959533691406
train/critic_2_loss,7584,1786469560.613317,145.72836303710938
train/critic_2_loss,7594,1786469561.424657,61.53676986694336
train/critic_2_loss,7603,1786469562.153769,7.986224174499512
train/critic_2_loss,7613,1786469562.952102,27.707895278930664
train/critic_2_loss,7622,1786469563.697532,9.15805721282959
train/critic_2_loss,7632,1786469564.544148,38.23055648803711
train/critic_2_loss,7641,1786469565.286706,4.8326568603515625
train/critic_2_loss,7651,1786469566.126810,11.177191734313965
train/critic_2_loss,7660,1786469566.871534,17.865524291992188
train/critic_2_loss,7670,1786469567.681065,6.17879056930542
train/critic_2_loss,7679,1786469568.400758,19.54678726196289
train/critic_2_loss,7689,1786469569.196923,72.93972778320312
train/critic_2_loss,7698,1786469569.921192,19.724332809448242
train/critic_2_loss,7708,1786469570.732981,6.861252307891846
train/critic_2_loss,7717,1786469571.471588,25.49797821044922
train/critic_2_loss,7727,1786469572.288206,8.212933540344238
train/critic_2_loss,7736,1786469573.027436,10.242433547973633
train/critic_2_loss,7746,1786469573.856802,13.281830787658691
train/critic_2_loss,7755,1786469574.605747,11.660409927368164
train/critic_2_loss,7765,1786469575.443058,6.079581260681152
train/critic_2_loss,7774,1786469576.192263,15.406570434570312
train/critic_2_loss,7784,1786469577.035887,10.74515151977539
train/critic_2_loss,7793,1786469577.781171,7.163080215454102
train/critic_2_loss,7803,1786469578.605526,6.601200580596924
train/critic_2_loss,7812,1786469579.354026,24.082286834716797
train/critic_2_loss,7822,1786469580.187661,5.717507362365723
train/critic_2_loss,7831,1786469580.936163,31.974262237548828
train/critic_2_loss,7841,1786469581.744804,18.35774040222168
train/critic_2_loss,7850,1786469582.479116,6.150887489318848
train/critic_2_loss,7860,1786469583.296350,44.67700958251953
train/critic_2_loss,7869,1786469584.033013,32.05146789550781
train/critic_2_loss,7879,1786469584.852665,9.981886863708496
train/critic_2_loss,7888,1786469585.595180,66.02011108398438
train/critic_2_loss,7898,1786469586.420519,19.558780670166016
train/critic_2_loss,7907,1786469587.163057,2.586909055709839
train/critic_2_loss,7917,1786469587.977817,7.622405052185059
train/critic_2_loss,7926,1786469588.701136,7.228201866149902
train/critic_2_loss,7936,1786469589.504141,13.26344108581543
train/critic_2_loss,7945,1786469590.227359,15.673134803771973
train/critic_2_loss,7955,1786469591.027419,58.66453552246094
train/critic_2_loss,7964,1786469591.747583,12.506735801696777
train/critic_2_loss,7974,1786469592.550987,11.803755760192871
train/critic_2_loss,7983,1786469593.280974,19.181482315063477
train/critic_2_loss,7993,1786469594.079446,20.732465744018555
train/critic_2_loss,8003,1786469595.270467,7.379012107849121
train/critic_2_loss,8012,1786469595.956196,15.607234001159668
train/critic_2_loss,8022,1786469596.765331,6.989804744720459
train/critic_2_loss,8031,1786469597.474629,12.291180610656738
train/critic_2_loss,8041,1786469602.649130,6.467894077301025
train/critic_2_loss,8050,1786469603.355978,12.598969459533691
train/critic_2_loss,8060,1786469604.142403,22.295560836791992
train/critic_2_loss,8069,1786469604.846721,48.68251419067383
train/critic_2_loss,8079,1786469605.630910,20.292497634887695
train/critic_2_loss,8088,1786469606.336695,18.370277404785156
train/critic_2_loss,8098,1786469607.120503,18.351346969604492
train/critic_2_loss,8107,1786469607.830851,8.93668270111084
train/critic_2_loss,8117,1786469608.637156,13.344609260559082
train/critic_2_loss,8126,1786469609.339574,159.24102783203125
train/critic_2_loss,8136,1786469610.139625,17.197843551635742
train/critic_2_loss,8145,1786469610.856653,9.026397705078125
train/critic_2_loss,8155,1786469611.648827,8.11397933959961
train/critic_2_loss,8164,1786469612.354895,3.3234026432037354
train/critic_2_loss,8174,1786469613.142517,6.341800212860107
train/critic_2_loss,8183,1786469613.849142,7.354522705078125
train/critic_2_loss,8193,1786469614.635422,30.5065975189209
train/critic_2_loss,8202,1786469615.348675,10.185028076171875
train/critic_2_loss,8212,1786469616.136518,9.800745964050293
train/critic_2_loss,8221,1786469616.849528,42.15113067626953
train/critic_2_loss,8231,1786469617.640945,6.951539039611816
train/critic_2_loss,8240,1786469618.353380,1.948535680770874
train/critic_2_loss,8250,1786469619.141810,70.17106628417969
train/critic_2_loss,8259,1786469619.854126,5.620162010192871
train/critic_2_loss,8269,1786469620.648764,4.90598201751709
train/critic_2_loss,8278,1786469621.365418,2.283352851867676
train/critic_2_loss,8288,1786469622.174832,20.20700454711914
train/critic_2_loss,8297,1786469622.878540,60.43661880493164
train/critic_2_loss,8307,1786469623.674423,65.59080505371094
train/critic_2_loss,8316,1786469624.389381,21.429229736328125
train/critic_2_loss,8326,1786469625.189637,14.940661430358887
train/critic_2_loss,8335,1786469625.908589,7.419885158538818
train/critic_2_loss,8345,1786469626.706435,62.36957931518555
train/critic_2_loss,8354,1786469627.425932,12.331746101379395
train/critic_2_loss,8364,1786469628.223858,11.805953025817871
train/critic_2_loss,8373,1786469628.940156,26.772357940673828
train/critic_2_loss,8383,1786469629.737047,68.79427337646484
train/critic_2_loss,8392,1786469630.457244,82.99650573730469
train/critic_2_loss,8402,1786469631.270483,14.956576347351074
train/critic_2_loss,8411,1786469631.999781,5.687814235687256
train/critic_2_loss,8421,1786469632.814097,11.793083190917969
train/critic_2_loss,8430,1786469633.532991,11.50172233581543
train/critic_2_loss,8440,1786469634.333993,4.0137786865234375
train/critic_2_loss,8449,1786469635.051236,24.910341262817383
train/critic_2_loss,8459,1786469635.849474,18.867528915405273
train/critic_2_loss,8468,1786469636.567018,12.2351655960083
train/critic_2_loss,8478,1786469637.370904,202.11422729492188
train/critic_2_loss,8487,1786469638.090816,67.24905395507812
train/critic_2_loss,8497,1786469638.893575,16.381973266601562
train/critic_2_loss,8507,1786469639.697256,3.5859429836273193
train/critic_2_loss,8516,1786469640.409733,6.21278190612793
train/critic_2_loss,8526,1786469641.209411,6.007540225982666
train/critic_2_loss,8535,1786469641.926638,6.009553909301758
train/critic_2_loss,8545,1786469647.133965,122.4554443359375
train/critic_2_loss,8554,1786469647.852896,8.904041290283203
train/critic_2_loss,8564,1786469648.645649,8.675110816955566
train/critic_2_loss,8573,1786469649.368599,17.016094207763672
train/critic_2_loss,8583,1786469650.176369,3.1914148330688477
train/critic_2_loss,8592,1786469650.917791,5.5405426025390625
train/critic_2_loss,8602,1786469651.735526,11.196141242980957
train/critic_2_loss,8611,1786469652.474079,9.61144733428955
train/critic_2_loss,8621,1786469653.303301,5.938527584075928
train/critic_2_loss,8630,1786469654.056949,5.745688438415527
train/critic_2_loss,8640,1786469654.881634,9.336832046508789
train/critic_2_loss,8649,1786469655.625315,9.395478248596191
train/critic_2_loss,8659,1786469656.452057,5.550469398498535
train/critic_2_loss,8668,1786469657.198098,15.809046745300293
train/critic_2_loss,8678,1786469658.027225,8.297670364379883
train/critic_2_loss,8687,1786469658.760559,53.923988342285156
train/critic_2_loss,8697,1786469659.564794,2.648740768432617
train/critic_2_loss,8706,1786469660.286787,23.45970344543457
train/critic_2_loss,8716,1786469661.096478,3.9108452796936035
train/critic_2_loss,8725,1786469661.816874,2.987050771713257
train/critic_2_loss,8735,1786469662.627515,11.562453269958496
train/critic_2_loss,8744,1786469663.352865,6.037585258483887
train/critic_2_loss,8754,1786469664.166029,4.64478874206543
train/critic_2_loss,8763,1786469664.903337,9.087611198425293
train/critic_2_loss,8773,1786469665.713157,9.022747993469238
train/critic_2_loss,8782,1786469666.443263,2.5152816772460938
train/critic_2_loss,8792,1786469667.252081,52.47317886352539
train/critic_2_loss,8801,1786469667.981492,7.848332405090332
train/critic_2_loss,8811,1786469668.788263,18.889095306396484
train/critic_2_loss,8820,1786469669.522032,6.874094486236572
train/critic_2_loss,8830,1786469670.343163,14.006532669067383
train/critic_2_loss,8839,1786469671.074537,13.199725151062012
train/critic_2_loss,8849,1786469671.897884,6.101818561553955
train/critic_2_loss,8858,1786469672.630739,13.692971229553223
train/critic_2_loss,8868,1786469673.445354,3.2164294719696045
train/critic_2_loss,8877,1786469674.180317,7.062033653259277
train/critic_2_loss,8887,1786469674.993390,2.044762372970581
train/critic_2_loss,8896,1786469675.728181,12.154589653015137
train/critic_2_loss,8906,1786469676.544333,7.168768882751465
train/critic_2_loss,8915,1786469677.292178,26.13233184814453
train/critic_2_loss,8925,1786469678.097675,5.240870475769043
train/critic_2_loss,8934,1786469678.832504,20.90617561340332
train/critic_2_loss,8944,1786469679.650697,7.612538814544678
train/critic_2_loss,8953,1786469680.383265,25.20689582824707
train/critic_2_loss,8963,1786469681.194771,4.260950565338135
train/critic_2_loss,8972,1786469681.924924,2.980699300765991
train/critic_2_loss,8982,1786469682.730328,10.248563766479492
train/critic_2_loss,8991,1786469683.455752,6.650681018829346
train/critic_2_loss,9001,1786469684.262228,11.542142868041992
train/critic_2_loss,9011,1786469685.080594,3.14925217628479
train/critic_2_loss,9020,1786469685.792681,14.78736400604248
train/critic_2_loss,9030,1786469686.600556,8.806977272033691
train/critic_2_loss,9039,1786469691.749283,7.446883201599121
train/critic_2_loss,9049,1786469692.556375,27.944347381591797
train/critic_2_loss,9058,1786469693.281328,24.898788452148438
train/critic_2_loss,9068,1786469694.107167,19.695363998413086
train/critic_2_loss,9077,1786469694.841186,4.910417556762695
train/critic_2_loss,9087,1786469695.657080,21.654815673828125
train/critic_2_loss,9096,1786469696.391773,28.14604949951172
train/critic_2_loss,9106,1786469697.210126,9.423142433166504
train/critic_2_loss,9115,1786469697.950700,13.698019981384277
train/critic_2_loss,9125,1786469698.774123,8.706857681274414
train/critic_2_loss,9134,1786469699.512511,15.35049057006836
train/critic_2_loss,9144,1786469700.332631,6.34157657623291
train/critic_2_loss,9153,1786469701.071239,8.15848159790039
train/critic_2_loss,9163,1786469701.897727,11.531044960021973
train/critic_2_loss,9172,1786469702.647431,100.20209503173828
train/critic_2_loss,9182,1786469703.474765,29.692768096923828
train/critic_2_loss,9191,1786469704.213806,8.885734558105469
train/critic_2_loss,9201,1786469705.060492,6.795205593109131
train/critic_2_loss,9210,1786469710.457350,85.70610046386719
train/critic_2_loss,9220,1786469711.173698,15.136958122253418
train/critic_2_loss,9229,1786469711.897549,75.41236877441406
train/critic_2_loss,9239,1786469712.692672,11.983949661254883
train/critic_2_loss,9248,1786469713.416454,2.692396402359009
train/critic_2_loss,9258,1786469714.224488,15.943817138671875
train/critic_2_loss,9267,1786469714.948942,9.110272407531738
train/critic_2_loss,9277,1786469715.759364,9.536918640136719
train/critic_2_loss,9286,1786469716.484460,9.031072616577148
train/critic_2_loss,9296,1786469717.292260,25.563207626342773
train/critic_2_loss,9305,1786469718.019998,5.41795015335083
train/critic_2_loss,9315,1786469718.828567,8.849319458007812
train/critic_2_loss,9324,1786469719.552109,9.142463684082031
train/critic_2_loss,9334,1786469720.361541,10.150795936584473
train/critic_2_loss,9343,1786469721.081791,5.471724033355713
train/critic_2_loss,9353,1786469721.888810,11.643427848815918
train/critic_2_loss,9362,1786469722.614809,6.617610931396484
train/critic_2_loss,9372,1786469723.418772,9.803751945495605
train/critic_2_loss,9381,1786469724.143380,12.90396785736084
train/critic_2_loss,9391,1786469724.954907,6.914010047912598
train/critic_2_loss,9400,1786469725.699292,12.80604076385498
train/critic_2_loss,9410,1786469726.514760,27.735883712768555
train/critic_2_loss,9419,1786469727.252271,8.106120109558105
train/critic_2_loss,9429,1786469728.083863,18.707645416259766
train/critic_2_loss,9438,1786469728.833611,3.4398205280303955
train/critic_2_loss,9448,1786469729.677989,10.973397254943848
train/critic_2_loss,9457,1786469730.428258,16.505983352661133
train/critic_2_loss,9467,1786469731.274903,14.97987174987793
train/critic_2_loss,9476,1786469732.033704,312.9970703125
train/critic_2_loss,9486,1786469732.879832,6.425114631652832
train/critic_2_loss,9495,1786469733.636912,7.48017692565918
train/critic_2_loss,9505,1786469734.476899,6.070608615875244
train/critic_2_loss,9515,1786469735.314761,11.931527137756348
train/critic_2_loss,9524,1786469736.061218,23.296308517456055
train/critic_2_loss,9534,1786469736.885168,3.564317464828491
train/critic_2_loss,9543,1786469737.620388,32.2098274230957
train/critic_2_loss,9553,1786469738.434302,7.078192710876465
train/critic_2_loss,9562,1786469739.170904,5.280739784240723
train/critic_2_loss,9572,1786469739.989195,5.431982517242432
train/critic_2_loss,9581,1786469740.717369,3.4627068042755127
train/critic_2_loss,9591,1786469741.534489,2.7458534240722656
train/critic_2_loss,9600,1786469742.269615,4.734984397888184
train/critic_2_loss,9610,1786469743.078937,7.009548187255859
train/critic_2_loss,9619,1786469743.806128,16.168920516967773
train/critic_2_loss,9629,1786469744.613238,14.824564933776855
train/critic_2_loss,9638,1786469745.343768,9.556825637817383
train/critic_2_loss,9648,1786469746.141689,5.640069007873535
train/critic_2_loss,9657,1786469746.859813,3.229620933532715
train/critic_2_loss,9667,1786469747.661494,8.305940628051758
train/critic_2_loss,9676,1786469748.387313,11.112051963806152
train/critic_2_loss,9686,1786469749.184722,10.843815803527832
train/critic_2_loss,9695,1786469749.910517,6.427074909210205
train/critic_2_loss,9705,1786469750.710084,5.848484992980957
train/critic_2_loss,9714,1786469755.846264,2.9533870220184326
train/critic_2_loss,9724,1786469756.648362,2.6437816619873047
train/critic_2_loss,9733,1786469757.367657,2.965080499649048
train/critic_2_loss,9743,1786469758.154575,39.20381164550781
train/critic_2_loss,9752,1786469758.869287,23.911396026611328
train/critic_2_loss,9762,1786469759.665767,5.340954303741455
train/critic_2_loss,9771,1786469760.383517,3.779353618621826
train/critic_2_loss,9781,1786469761.179473,10.683393478393555
train/critic_2_loss,9790,1786469761.892209,9.7920560836792
train/critic_2_loss,9800,1786469762.692177,70.80081176757812
train/critic_2_loss,9809,1786469763.409856,160.9986114501953
train/critic_2_loss,9819,1786469764.211200,9.225515365600586
train/critic_2_loss,9828,1786469764.930869,8.140875816345215
train/critic_2_loss,9838,1786469765.727148,7.67857027053833
train/critic_2_loss,9847,1786469766.447687,23.128747940063477
train/critic_2_loss,9857,1786469767.250868,5.850080966949463
train/critic_2_loss,9866,1786469767.973945,7.279240608215332
train/critic_2_loss,9876,1786469768.779301,7.50596284866333
train/critic_2_loss,9885,1786469769.513308,6.020316123962402
train/critic_2_loss,9895,1786469770.329688,2.1723875999450684
train/critic_2_loss,9904,1786469771.037529,6.932936668395996
train/critic_2_loss,9914,1786469771.831684,7.694843769073486
train/critic_2_loss,9923,1786469772.548056,15.03131103515625
train/critic_2_loss,9933,1786469773.347125,13.383163452148438
train/critic_2_loss,9942,1786469774.072334,148.2538604736328
train/critic_2_loss,9952,1786469774.881457,9.137648582458496
train/critic_2_loss,9961,1786469775.617742,9.254953384399414
train/critic_2_loss,9971,1786469776.439823,7.272797584533691
train/critic_2_loss,9980,1786469777.173743,6.298218727111816
train/critic_2_loss,9990,1786469777.979132,4.3200860023498535
train/critic_2_loss,10000,1786469778.784755,99.20240783691406
train/entropy,500,1786468883.384443,1.3021044731140137
train/entropy,509,1786468888.457186,1.2921764850616455
train/entropy,519,1786468889.260997,1.335536003112793
train/entropy,528,1786468889.984614,1.3480902910232544
train/entropy,538,1786468890.784642,1.3400051593780518
train/entropy,547,1786468891.496186,1.3201857805252075
train/entropy,557,1786468892.286885,1.3229162693023682
train/entropy,566,1786468892.994476,1.2882055044174194
train/entropy,576,1786468893.789253,1.3470083475112915
train/entropy,585,1786468894.500044,1.3745287656784058
train/entropy,595,1786468895.296124,1.3192379474639893
train/entropy,604,1786468896.010643,1.336381196975708
train/entropy,614,1786468896.805821,1.3569468259811401
train/entropy,623,1786468897.519656,1.3889501094818115
train/entropy,633,1786468898.314004,1.3504202365875244
train/entropy,642,1786468899.041560,1.3243130445480347
train/entropy,652,1786468899.822535,1.2829358577728271
train/entropy,661,1786468900.536851,1.3805468082427979
train/entropy,671,1786468901.331487,1.3522769212722778
train/entropy,680,1786468906.478333,1.33806574344635
train/entropy,690,1786468907.262071,1.3294811248779297
train/entropy,699,1786468907.971623,1.363911747932434
train/entropy,709,1786468908.759305,1.3353333473205566
train/entropy,718,1786468909.487462,1.340630054473877
train/entropy,728,1786468910.294592,1.3117969036102295
train/entropy,737,1786468911.015352,1.330812692642212
train/entropy,747,1786468911.829408,1.3933260440826416
train/entropy,756,1786468912.557458,1.3812694549560547
train/entropy,766,1786468913.366192,1.2815783023834229
train/entropy,775,1786468914.094941,1.334788203239441
train/entropy,785,1786468914.904328,1.33924400806427
train/entropy,794,1786468915.633239,1.3446873426437378
train/entropy,804,1786468916.437263,1.3228764533996582
train/entropy,813,1786468917.172063,1.2669570446014404
train/entropy,823,1786468917.968652,1.3182690143585205
train/entropy,832,1786468918.702113,1.2521864175796509
train/entropy,842,1786468919.505038,1.2344683408737183
train/entropy,851,1786468920.232702,1.2291603088378906
train/entropy,861,1786468921.045076,1.26405930519104
train/entropy,870,1786468921.774884,1.3272100687026978
train/entropy,880,1786468922.596283,1.329559564590454
train/entropy,889,1786468923.313429,1.3561419248580933
train/entropy,899,1786468924.127276,1.268578052520752
train/entropy,908,1786468924.856912,1.2917981147766113
train/entropy,918,1786468925.669514,1.263432264328003
train/entropy,927,1786468930.827305,1.2572574615478516
train/entropy,937,1786468931.615762,1.2532799243927002
train/entropy,946,1786468932.324301,1.1997463703155518
train/entropy,956,1786468933.114030,1.2512423992156982
train/entropy,965,1786468933.825766,1.279473900794983
train/entropy,975,1786468934.626727,1.252716064453125
train/entropy,984,1786468935.350872,1.258228063583374
train/entropy,994,1786468936.153360,1.307790756225586
train/entropy,1004,1786468936.952682,1.2353392839431763
train/entropy,1013,1786468937.677888,1.2664693593978882
train/entropy,1023,1786468938.480173,1.2974439859390259
train/entropy,1032,1786468939.201645,1.2984267473220825
train/entropy,1042,1786468939.998170,1.1611326932907104
train/entropy,1051,1786468940.717090,1.240612506866455
train/entropy,1061,1786468941.519237,1.3247748613357544
train/entropy,1070,1786468942.242274,1.3153618574142456
train/entropy,1080,1786468943.043564,0.9099053144454956
train/entropy,1089,1786468943.760450,1.2593576908111572
train/entropy,1099,1786468944.559537,1.16940438747406
train/entropy,1108,1786468945.288343,1.1183537244796753
train/entropy,1118,1786468946.082732,1.078652262687683
train/entropy,1127,1786468946.807852,1.2741590738296509
train/entropy,1137,1786468947.604789,1.2279586791992188
train/entropy,1146,1786468948.322364,1.1404309272766113
train/entropy,1156,1786468949.116508,0.9516550302505493
train/entropy,1165,1786468949.841363,1.1631901264190674
train/entropy,1175,1786468955.059281,1.270262598991394
train/entropy,1184,1786468955.808448,1.166373372077942
train/entropy,1194,1786468956.645610,1.2441340684890747
train/entropy,1203,1786468957.401345,1.28480064868927
train/entropy,1213,1786468958.248099,1.129863977432251
train/entropy,1222,1786468963.573223,1.2252389192581177
train/entropy,1232,1786468964.366314,1.3282299041748047
train/entropy,1241,1786468965.079716,1.2851630449295044
train/entropy,1251,1786468965.865262,1.264304518699646
train/entropy,1260,1786468966.564507,1.2994930744171143
train/entropy,1270,1786468967.342499,1.1646572351455688
train/entropy,1279,1786468968.046968,1.3248107433319092
train/entropy,1289,1786468973.196259,1.3085477352142334
train/entropy,1298,1786468973.943177,1.2668787240982056
train/entropy,1308,1786468974.735595,1.3301167488098145
train/entropy,1317,1786468975.463594,1.3850741386413574
train/entropy,1327,1786468976.276681,1.331470012664795
train/entropy,1336,1786468977.004663,1.391796588897705
train/entropy,1346,1786468977.821104,1.1946961879730225
train/entropy,1355,1786468978.563540,1.3332173824310303
train/entropy,1365,1786468979.461626,1.306402564048767
train/entropy,1374,1786468980.373195,1.3232635259628296
train/entropy,1384,1786468981.562731,1.327069640159607
train/entropy,1393,1786468982.590791,1.3177258968353271
train/entropy,1403,1786468983.563742,1.3136250972747803
train/entropy,1412,1786468984.435068,1.3455795049667358
train/entropy,1422,1786468985.384000,1.3064632415771484
train/entropy,1431,1786468986.298286,1.3314154148101807
train/entropy,1441,1786468987.134058,1.3103814125061035
train/entropy,1450,1786468987.887383,1.3251162767410278
train/entropy,1460,1786468988.729485,1.3024691343307495
train/entropy,1469,1786468989.582374,1.3495606184005737
train/entropy,1479,1786468990.493288,1.3062539100646973
train/entropy,1488,1786468991.243868,1.3504753112792969
train/entropy,1498,1786468992.089523,1.374276041984558
train/entropy,1508,1786468992.920664,1.3686294555664062
train/entropy,1517,1786468993.693166,1.3295955657958984
train/entropy,1527,1786468994.543170,1.4031567573547363
train/entropy,1536,1786468995.329258,1.3392351865768433
train/entropy,1546,1786468996.206362,1.37215256690979
train/entropy,1555,1786468997.004107,1.3198318481445312
train/entropy,1565,1786468997.854158,1.3206100463867188
train/entropy,1574,1786468998.645758,1.3396602869033813
train/entropy,1584,1786468999.638451,1.3733612298965454
train/entropy,1593,1786469000.530035,1.3200565576553345
train/entropy,1603,1786469001.413878,1.3477141857147217
train/entropy,1612,1786469002.181073,1.374098777770996
train/entropy,1622,1786469003.134076,1.3630019426345825
train/entropy,1631,1786469003.981459,1.3081904649734497
train/entropy,1641,1786469005.284251,1.3667147159576416
train/entropy,1650,1786469006.292736,1.3887100219726562
train/entropy,1660,1786469007.126225,1.3268144130706787
train/entropy,1669,1786469007.876803,1.3442580699920654
train/entropy,1679,1786469008.710907,1.34312105178833
train/entropy,1688,1786469009.464046,1.3470510244369507
train/entropy,1698,1786469010.315978,1.3835723400115967
train/entropy,1707,1786469011.227263,1.3123188018798828
train/entropy,1717,1786469012.220645,1.3215502500534058
train/entropy,1726,1786469013.049594,1.3583184480667114
train/entropy,1736,1786469013.895493,1.342828631401062
train/entropy,1745,1786469014.650225,1.3246047496795654
train/entropy,1755,1786469015.492344,1.322737455368042
train/entropy,1764,1786469016.603569,1.4091360569000244
train/entropy,1774,1786469017.486912,1.3123366832733154
train/entropy,1783,1786469022.968924,1.3687316179275513
train/entropy,1793,1786469023.730164,1.3706063032150269
train/entropy,1802,1786469024.438486,1.3178560733795166
train/entropy,1812,1786469025.224971,1.3286510705947876
train/entropy,1821,1786469026.468135,1.307011365890503
train/entropy,1831,1786469033.536431,1.3159383535385132
train/entropy,1840,1786469034.279049,1.3151116371154785
train/entropy,1850,1786469035.092935,1.3626530170440674
train/entropy,1859,1786469035.828305,1.365081548690796
train/entropy,1869,1786469036.691215,1.3181116580963135
train/entropy,1878,1786469037.429505,1.2995669841766357
train/entropy,1888,1786469038.237512,1.3238636255264282
train/entropy,1897,1786469038.970166,1.3136309385299683
train/entropy,1907,1786469039.785234,1.2844016551971436
train/entropy,1916,1786469040.530507,1.349625825881958
train/entropy,1926,1786469041.354197,1.3188183307647705
train/entropy,1935,1786469042.095156,1.328026533126831
train/entropy,1945,1786469042.899024,1.3795331716537476
train/entropy,1954,1786469043.621287,1.3446874618530273
train/entropy,1964,1786469044.431374,1.358697772026062
train/entropy,1973,1786469045.135363,1.3257876634597778
train/entropy,1983,1786469045.947484,1.2855393886566162
train/entropy,1992,1786469046.682434,1.3463565111160278
train/entropy,2002,1786469047.724260,1.34376859664917
train/entropy,2012,1786469048.444040,1.2906255722045898
train/entropy,2021,1786469049.190896,1.3122771978378296
train/entropy,2031,1786469054.559477,1.3186336755752563
train/entropy,2040,1786469055.294134,1.320143222808838
train/entropy,2050,1786469056.115937,1.3591011762619019
train/entropy,2059,1786469056.853672,1.3372758626937866
train/entropy,2069,1786469057.675322,1.3502378463745117
train/entropy,2078,1786469058.413487,1.3404237031936646
train/entropy,2088,1786469059.231834,1.3235327005386353
train/entropy,2097,1786469059.981350,1.3149960041046143
train/entropy,2107,1786469060.826000,1.3429408073425293
train/entropy,2116,1786469061.577278,1.3371951580047607
train/entropy,2126,1786469062.420039,1.2401740550994873
train/entropy,2135,1786469063.170963,1.2893301248550415
train/entropy,2145,1786469064.009729,1.2948342561721802
train/entropy,2154,1786469064.765671,1.3102222681045532
train/entropy,2164,1786469065.606747,1.322287917137146
train/entropy,2173,1786469066.353146,1.369077444076538
train/entropy,2183,1786469067.186312,1.3334035873413086
train/entropy,2192,1786469067.922567,1.283152461051941
train/entropy,2202,1786469068.745686,1.311224341392517
train/entropy,2211,1786469069.489905,1.3464322090148926
train/entropy,2221,1786469070.306922,1.2935513257980347
train/entropy,2230,1786469071.038263,1.2674413919448853
train/entropy,2240,1786469071.853908,1.3047168254852295
train/entropy,2249,1786469072.587060,1.3424378633499146
train/entropy,2259,1786469073.397998,1.3377652168273926
train/entropy,2268,1786469074.124174,1.2910728454589844
train/entropy,2278,1786469074.930137,1.3577390909194946
train/entropy,2287,1786469075.655246,1.312626600265503
train/entropy,2297,1786469076.461079,1.3152321577072144
train/entropy,2306,1786469077.196514,1.3340243101119995
train/entropy,2316,1786469078.032005,1.239477515220642
train/entropy,2325,1786469078.784308,1.3701586723327637
train/entropy,2335,1786469079.606374,1.2818522453308105
train/entropy,2344,1786469080.350303,1.3184057474136353
train/entropy,2354,1786469081.176203,1.241723656654358
train/entropy,2363,1786469081.931221,1.2691723108291626
train/entropy,2373,1786469082.755684,1.2894461154937744
train/entropy,2382,1786469083.499215,1.3178637027740479
train/entropy,2392,1786469084.324447,1.30095636844635
train/entropy,2401,1786469085.066009,1.3334887027740479
train/entropy,2411,1786469085.881860,1.3340511322021484
train/entropy,2420,1786469086.613197,1.282479166984558
train/entropy,2430,1786469087.425425,1.3054559230804443
train/entropy,2439,1786469088.160260,1.2905001640319824
train/entropy,2449,1786469088.976478,1.1807173490524292
train/entropy,2458,1786469094.277422,1.2711312770843506
train/entropy,2468,1786469094.972214,1.3065111637115479
train/entropy,2477,1786469095.672375,1.2686773538589478
train/entropy,2487,1786469096.456254,1.3909145593643188
train/entropy,2496,1786469097.164988,1.218219518661499
train/entropy,2506,1786469097.943198,1.20365571975708
train/entropy,2516,1786469098.725298,1.322187900543213
train/entropy,2525,1786469099.431793,1.1459071636199951
train/entropy,2535,1786469100.217118,1.2597187757492065
train/entropy,2544,1786469100.923514,1.332519292831421
train/entropy,2554,1786469101.709349,1.359838843345642
train/entropy,2563,1786469102.413761,1.2272378206253052
train/entropy,2573,1786469103.200004,1.2387239933013916
train/entropy,2582,1786469103.909779,1.2919961214065552
train/entropy,2592,1786469104.694294,1.2310205698013306
train/entropy,2601,1786469105.403410,1.3598474264144897
train/entropy,2611,1786469106.194728,1.3122206926345825
train/entropy,2620,1786469106.928588,1.2038519382476807
train/entropy,2630,1786469107.749417,1.2478843927383423
train/entropy,2639,1786469108.481457,1.2691727876663208
train/entropy,2649,1786469109.293677,1.2546076774597168
train/entropy,2658,1786469110.028907,1.312765121459961
train/entropy,2668,1786469110.847670,1.2118419408798218
train/entropy,2677,1786469111.584124,1.2043430805206299
train/entropy,2687,1786469112.399425,1.23469877243042
train/entropy,2696,1786469113.135519,1.1899495124816895
train/entropy,2706,1786469113.950717,1.2634577751159668
train/entropy,2715,1786469114.693212,1.313143253326416
train/entropy,2725,1786469115.486241,1.2139182090759277
train/entropy,2734,1786469116.213319,1.1781412363052368
train/entropy,2744,1786469117.023201,1.19804847240448
train/entropy,2753,1786469117.760130,1.2005388736724854
train/entropy,2763,1786469118.564454,1.1026182174682617
train/entropy,2772,1786469119.286685,1.2554773092269897
train/entropy,2782,1786469120.099636,1.1387814283370972
train/entropy,2791,1786469120.823214,1.2039040327072144
train/entropy,2801,1786469121.634111,1.176853895187378
train/entropy,2810,1786469122.362355,1.145133376121521
train/entropy,2820,1786469123.173456,0.92144376039505
train/entropy,2829,1786469123.900207,1.2574211359024048
train/entropy,2839,1786469124.713096,1.2253199815750122
train/entropy,2848,1786469125.444379,1.2939136028289795
train/entropy,2858,1786469126.262892,1.193726658821106
train/entropy,2867,1786469127.001328,1.1556282043457031
train/entropy,2877,1786469127.820640,1.2150315046310425
train/entropy,2886,1786469128.563185,1.2459592819213867
train/entropy,2896,1786469129.383631,0.7898199558258057
train/entropy,2905,1786469130.125097,1.1946228742599487
train/entropy,2915,1786469130.945537,1.2125990390777588
train/entropy,2924,1786469131.685400,1.1017118692398071
train/entropy,2934,1786469132.505336,1.0439261198043823
train/entropy,2943,1786469133.249081,0.9982454180717468
train/entropy,2953,1786469134.064649,1.286867618560791
train/entropy,2962,1786469139.196667,0.8727623820304871
train/entropy,2972,1786469139.991916,1.1332296133041382
train/entropy,2981,1786469140.702971,1.1795226335525513
train/entropy,2991,1786469141.500108,1.1171495914459229
train/entropy,3001,1786469142.293979,1.108899474143982
train/entropy,3010,1786469143.015293,1.0542153120040894
train/entropy,3020,1786469143.822086,0.9585754871368408
train/entropy,3029,1786469144.549559,1.2673217058181763
train/entropy,3039,1786469145.353054,0.868812084197998
train/entropy,3048,1786469146.084403,1.1864413022994995
train/entropy,3058,1786469146.887347,1.1213512420654297
train/entropy,3067,1786469147.613412,1.1044248342514038
train/entropy,3077,1786469148.417707,0.8203635811805725
train/entropy,3086,1786469149.141649,0.9685794711112976
train/entropy,3096,1786469149.947207,1.1512274742126465
train/entropy,3105,1786469150.670236,0.9046247601509094
train/entropy,3115,1786469151.479261,0.9243709444999695
train/entropy,3124,1786469152.213225,0.9668610692024231
train/entropy,3134,1786469153.013558,1.1086000204086304
train/entropy,3143,1786469153.752499,1.1991686820983887
train/entropy,3153,1786469154.560035,1.125488519668579
train/entropy,3162,1786469155.291771,0.970730721950531
train/entropy,3172,1786469156.109694,1.0596281290054321
train/entropy,3181,1786469156.834087,1.124840497970581
train/entropy,3191,1786469157.644604,0.8713759183883667
train/entropy,3200,1786469158.363811,1.1278737783432007
train/entropy,3210,1786469159.165101,1.1386970281600952
train/entropy,3219,1786469159.889119,1.0951296091079712
train/entropy,3229,1786469160.689738,1.180739402770996
train/entropy,3238,1786469161.415900,1.050968050956726
train/entropy,3248,1786469162.222471,0.9795530438423157
train/entropy,3257,1786469162.947370,1.0279698371887207
train/entropy,3267,1786469168.119427,1.0459719896316528
train/entropy,3276,1786469168.830219,1.0578994750976562
train/entropy,3286,1786469169.621530,0.9896917343139648
train/entropy,3295,1786469170.331116,0.9961546659469604
train/entropy,3305,1786469171.117893,0.8845313191413879
train/entropy,3314,1786469171.826361,1.158800721168518
train/entropy,3324,1786469172.602765,1.092089056968689
train/entropy,3333,1786469173.302534,1.0625495910644531
train/entropy,3343,1786469174.079332,1.0770748853683472
train/entropy,3352,1786469174.781374,1.1021071672439575
train/entropy,3362,1786469175.556290,1.1994179487228394
train/entropy,3371,1786469176.253207,1.0830398797988892
train/entropy,3381,1786469177.026474,0.8699320554733276
train/entropy,3390,1786469177.730059,1.076785922050476
train/entropy,3400,1786469178.512775,1.1681559085845947
train/entropy,3409,1786469179.227156,0.9968041777610779
train/entropy,3419,1786469180.018733,0.787446141242981
train/entropy,3428,1786469180.725471,1.0797852277755737
train/entropy,3438,1786469181.534130,1.053342580795288
train/entropy,3447,1786469182.248373,1.101688027381897
train/entropy,3457,1786469183.055119,1.0704519748687744
train/entropy,3466,1786469183.782830,0.9323278665542603
train/entropy,3476,1786469184.590088,1.0599584579467773
train/entropy,3485,1786469185.316232,0.9900041222572327
train/entropy,3495,1786469186.125138,0.9876025915145874
train/entropy,3505,1786469186.928257,1.025403618812561
train/entropy,3514,1786469187.653183,0.8191848397254944
train/entropy,3524,1786469188.455133,1.0020737648010254
train/entropy,3533,1786469189.177266,1.0158882141113281
train/entropy,3543,1786469189.981781,0.9130284190177917
train/entropy,3552,1786469190.702400,0.8761847019195557
train/entropy,3562,1786469191.508032,0.9365699291229248
train/entropy,3571,1786469192.230172,1.0415399074554443
train/entropy,3581,1786469193.029404,1.1309483051300049
train/entropy,3590,1786469193.757188,0.8933926820755005
train/entropy,3600,1786469194.558662,0.8740090727806091
train/entropy,3609,1786469195.278933,0.9722656607627869
train/entropy,3619,1786469196.079494,0.915333092212677
train/entropy,3628,1786469196.796373,0.8718869090080261
train/entropy,3638,1786469197.597364,0.5449342131614685
train/entropy,3647,1786469198.314601,0.8963436484336853
train/entropy,3657,1786469199.112688,1.0366913080215454
train/entropy,3666,1786469199.828333,1.0607197284698486
train/entropy,3676,1786469200.623652,0.7603725790977478
train/entropy,3685,1786469201.341366,0.9734434485435486
train/entropy,3695,1786469202.142385,1.0794366598129272
train/entropy,3704,1786469202.853494,0.9791808724403381
train/entropy,3714,1786469203.649709,1.1515878438949585
train/entropy,3723,1786469204.352339,0.8079602718353271
train/entropy,3733,1786469205.140053,0.9947149157524109
train/entropy,3742,1786469205.851364,0.9517345428466797
train/entropy,3752,1786469206.639127,0.9714404344558716
train/entropy,3761,1786469211.725003,0.8716219663619995
train/entropy,3771,1786469212.538882,0.992489755153656
train/entropy,3780,1786469213.262627,0.8418931365013123
train/entropy,3790,1786469214.074260,0.9465959072113037
train/entropy,3799,1786469214.790283,0.9505981206893921
train/entropy,3809,1786469215.593459,0.8558988571166992
train/entropy,3818,1786469216.319741,0.9240372776985168
train/entropy,3828,1786469217.128114,0.9234830737113953
train/entropy,3837,1786469217.865332,0.583938717842102
train/entropy,3847,1786469218.675053,0.6360401511192322
train/entropy,3856,1786469219.406537,0.7978651523590088
train/entropy,3866,1786469220.222243,0.9873101711273193
train/entropy,3875,1786469220.951896,0.991603672504425
train/entropy,3885,1786469221.774000,0.708056628704071
train/entropy,3894,1786469222.513676,0.6371870040893555
train/entropy,3904,1786469223.338344,1.0777661800384521
train/entropy,3913,1786469224.080854,0.9238503575325012
train/entropy,3923,1786469224.905089,0.753709077835083
train/entropy,3932,1786469225.653521,0.687762975692749
train/entropy,3942,1786469226.480329,0.7711105942726135
train/entropy,3951,1786469227.222484,0.8179522752761841
train/entropy,3961,1786469228.055067,0.9324879050254822
train/entropy,3970,1786469228.795934,0.7351530194282532
train/entropy,3980,1786469229.629053,0.7207279801368713
train/entropy,3989,1786469230.372090,0.8609994053840637
train/entropy,3999,1786469231.192418,0.8820217847824097
train/entropy,4009,1786469232.174473,0.8308150768280029
train/entropy,4018,1786469232.912648,0.7867770791053772
train/entropy,4028,1786469233.721940,0.636479914188385
train/entropy,4037,1786469234.455627,0.7419595122337341
train/entropy,4047,1786469235.269781,0.7900290489196777
train/entropy,4056,1786469236.004185,0.8627949357032776
train/entropy,4066,1786469236.816235,0.7493690252304077
train/entropy,4075,1786469237.546745,0.36030814051628113
train/entropy,4085,1786469238.355121,0.7420880198478699
train/entropy,4094,1786469239.080720,0.8766182661056519
train/entropy,4104,1786469239.896260,0.6477598547935486
train/entropy,4113,1786469240.630180,0.7580451965332031
train/entropy,4123,1786469241.452704,0.8329545259475708
train/entropy,4132,1786469242.171910,0.7147274613380432
train/entropy,4142,1786469242.983235,0.6990022659301758
train/entropy,4151,1786469243.705893,0.671690821647644
train/entropy,4161,1786469244.511273,0.3849175274372101
train/entropy,4170,1786469245.237401,0.47909510135650635
train/entropy,4180,1786469246.044552,0.6463233828544617
train/entropy,4189,1786469246.765084,0.6772862076759338
train/entropy,4199,1786469247.558143,0.49551284313201904
train/entropy,4208,1786469248.272163,0.6324411034584045
train/entropy,4218,1786469249.063024,0.7560712099075317
train/entropy,4227,1786469249.780689,0.7416065335273743
train/entropy,4237,1786469250.567958,0.7560821175575256
train/entropy,4246,1786469251.283626,0.7467045187950134
train/entropy,4256,1786469252.072758,0.5950576066970825
train/entropy,4265,1786469257.153512,0.9979145526885986
train/entropy,4275,1786469257.958812,0.6860058307647705
train/entropy,4284,1786469258.679459,0.9086416363716125
train/entropy,4294,1786469259.483319,0.675028383731842
train/entropy,4303,1786469260.204066,0.3592962622642517
train/entropy,4313,1786469260.990931,0.6526879668235779
train/entropy,4322,1786469261.709487,0.8846074342727661
train/entropy,4332,1786469262.517918,0.6115992069244385
train/entropy,4341,1786469263.243601,0.7763102650642395
train/entropy,4351,1786469264.047443,0.8525893092155457
train/entropy,4360,1786469264.766393,0.7327756285667419
train/entropy,4370,1786469265.569439,0.5568253993988037
train/entropy,4379,1786469266.280738,0.6887370347976685
train/entropy,4389,1786469267.073162,0.7895965576171875
train/entropy,4398,1786469267.788635,0.5060924887657166
train/entropy,4408,1786469268.585431,0.8770643472671509
train/entropy,4417,1786469269.297049,0.6806809306144714
train/entropy,4427,1786469270.096848,0.947880208492279
train/entropy,4436,1786469270.828956,0.7210583090782166
train/entropy,4446,1786469271.639360,0.8288217186927795
train/entropy,4455,1786469272.371872,0.7522735595703125
train/entropy,4465,1786469273.193811,0.8231733441352844
train/entropy,4474,1786469273.923242,0.9243363738059998
train/entropy,4484,1786469274.738975,0.9070098400115967
train/entropy,4493,1786469275.481793,0.7085925340652466
train/entropy,4503,1786469276.316422,0.8359166383743286
train/entropy,4513,1786469277.146739,0.6780146360397339
train/entropy,4522,1786469277.893677,0.7617150545120239
train/entropy,4532,1786469278.721857,0.6284192800521851
train/entropy,4541,1786469279.470743,0.5528122782707214
train/entropy,4551,1786469280.302262,0.7325038909912109
train/entropy,4560,1786469281.051073,0.677447497844696
train/entropy,4570,1786469281.882670,0.5450636744499207
train/entropy,4579,1786469282.628413,0.6859387159347534
train/entropy,4589,1786469283.462052,0.7111199498176575
train/entropy,4598,1786469284.211180,0.5423862934112549
train/entropy,4608,1786469285.040349,0.5879871249198914
train/entropy,4617,1786469285.785141,0.7869287133216858
train/entropy,4627,1786469286.612062,1.005792498588562
train/entropy,4636,1786469287.352375,0.6862870454788208
train/entropy,4646,1786469288.178116,0.784458577632904
train/entropy,4655,1786469288.920776,0.6212272644042969
train/entropy,4665,1786469289.755290,0.6494613289833069
train/entropy,4674,1786469290.497866,0.6813486218452454
train/entropy,4684,1786469291.330146,0.8505184650421143
train/entropy,4693,1786469292.078504,0.6162312030792236
train/entropy,4703,1786469292.912665,0.880132794380188
train/entropy,4712,1786469293.666217,0.665799617767334
train/entropy,4722,1786469294.499930,0.946800947189331
train/entropy,4731,1786469295.253881,0.7674696445465088
train/entropy,4741,1786469296.081814,0.7026779055595398
train/entropy,4750,1786469296.827396,0.7937297821044922
train/entropy,4760,1786469302.126917,0.7115375995635986
train/entropy,4769,1786469302.842351,0.6718148589134216
train/entropy,4779,1786469303.623236,0.8595687747001648
train/entropy,4788,1786469304.334151,0.7135220170021057
train/entropy,4798,1786469305.124695,0.8960364460945129
train/entropy,4807,1786469305.828630,0.5410601496696472
train/entropy,4817,1786469306.610909,0.8259090781211853
train/entropy,4826,1786469307.320938,0.7197254300117493
train/entropy,4836,1786469308.110372,0.4356881380081177
train/entropy,4845,1786469308.824334,0.74832683801651
train/entropy,4855,1786469309.618263,0.6728655695915222
train/entropy,4864,1786469310.321662,0.8480377197265625
train/entropy,4874,1786469311.109489,0.9581713676452637
train/entropy,4883,1786469311.822019,0.784454345703125
train/entropy,4893,1786469312.609441,0.586565375328064
train/entropy,4902,1786469313.319846,0.8944738507270813
train/entropy,4912,1786469314.121460,0.7539118528366089
train/entropy,4921,1786469314.843905,0.8250553607940674
train/entropy,4931,1786469315.655499,0.7224363684654236
train/entropy,4940,1786469316.390554,0.776282787322998
train/entropy,4950,1786469317.197398,0.8792653679847717
train/entropy,4959,1786469317.926664,0.544884979724884
train/entropy,4969,1786469318.735352,0.778249979019165
train/entropy,4978,1786469319.464744,0.7270615696907043
train/entropy,4988,1786469320.271340,0.9181806445121765
train/entropy,4997,1786469320.997004,0.8066727519035339
train/entropy,5007,1786469321.799131,0.8246282935142517
train/entropy,5017,1786469322.606364,0.7693713307380676
train/entropy,5026,1786469323.337365,0.7579412460327148
train/entropy,5036,1786469324.139221,0.771630585193634
train/entropy,5045,1786469324.865933,0.7880467772483826
train/entropy,5055,1786469325.679608,0.8056265711784363
train/entropy,5064,1786469326.403400,0.79414963722229
train/entropy,5074,1786469327.212176,0.8955302238464355
train/entropy,5083,1786469327.947978,0.7331661581993103
train/entropy,5093,1786469328.754103,0.8200016617774963
train/entropy,5102,1786469329.482392,0.6687549948692322
train/entropy,5112,1786469330.294639,0.7366753816604614
train/entropy,5121,1786469331.023759,0.7959815859794617
train/entropy,5131,1786469331.833353,0.49479812383651733
train/entropy,5140,1786469332.560967,0.8281455636024475
train/entropy,5150,1786469333.374953,0.7788551449775696
train/entropy,5159,1786469334.108929,0.5678108930587769
train/entropy,5169,1786469334.915915,0.9886056184768677
train/entropy,5178,1786469335.646949,0.9098151922225952
train/entropy,5188,1786469336.456073,0.7842680811882019
train/entropy,5197,1786469337.184642,0.8664677143096924
train/entropy,5207,1786469337.993174,0.45135825872421265
train/entropy,5216,1786469338.718715,0.7116072773933411
train/entropy,5226,1786469339.527376,0.5616400241851807
train/entropy,5235,1786469340.255665,0.6464293599128723
train/entropy,5245,1786469341.056864,0.9095954895019531
train/entropy,5254,1786469341.783855,0.8823014497756958
train/entropy,5264,1786469347.005340,0.7790269255638123
train/entropy,5273,1786469347.709501,0.9738277196884155
train/entropy,5283,1786469348.495083,0.7676330208778381
train/entropy,5292,1786469349.207681,0.4028947055339813
train/entropy,5302,1786469349.996183,0.6913284063339233
train/entropy,5311,1786469350.703404,0.618172824382782
train/entropy,5321,1786469351.491319,0.750823974609375
train/entropy,5330,1786469352.211235,0.6019023060798645
train/entropy,5340,1786469353.022652,0.5256987810134888
train/entropy,5349,1786469353.752163,0.6499608755111694
train/entropy,5359,1786469354.560113,0.5671164393424988
train/entropy,5368,1786469355.280770,0.5267805457115173
train/entropy,5378,1786469356.089991,0.6546549797058105
train/entropy,5387,1786469356.798386,0.7840706706047058
train/entropy,5397,1786469357.591269,0.8670375347137451
train/entropy,5406,1786469358.313064,0.6977667808532715
train/entropy,5416,1786469359.119921,0.6779744625091553
train/entropy,5425,1786469359.830170,0.6732213497161865
train/entropy,5435,1786469360.641690,0.5966694355010986
train/entropy,5444,1786469361.374715,0.509653627872467
train/entropy,5454,1786469362.190503,0.9900200963020325
train/entropy,5463,1786469362.918531,0.7826457023620605
train/entropy,5473,1786469363.722824,0.5335243344306946
train/entropy,5482,1786469364.450880,0.7987539768218994
train/entropy,5492,1786469365.255887,0.6578869223594666
train/entropy,5502,1786469366.065353,0.6523433327674866
train/entropy,5511,1786469366.784673,0.8075246810913086
train/entropy,5521,1786469367.595176,0.6413449048995972
train/entropy,5530,1786469368.317142,0.7765434384346008
train/entropy,5540,1786469369.118626,0.5422954559326172
train/entropy,5549,1786469369.843748,0.5999938249588013
train/entropy,5559,1786469370.643718,0.48989254236221313
train/entropy,5568,1786469371.365359,0.6008420586585999
train/entropy,5578,1786469372.166311,0.4665609896183014
train/entropy,5587,1786469372.885304,0.8803102970123291
train/entropy,5597,1786469373.691345,0.47226935625076294
train/entropy,5606,1786469374.408916,0.565298855304718
train/entropy,5616,1786469375.210044,0.5947875380516052
train/entropy,5625,1786469375.932698,0.6839433312416077
train/entropy,5635,1786469376.738961,0.30725258588790894
train/entropy,5644,1786469377.468350,0.8029915690422058
train/entropy,5654,1786469378.262683,0.5058796405792236
train/entropy,5663,1786469378.984391,0.6206377744674683
train/entropy,5673,1786469379.783920,0.6552199125289917
train/entropy,5682,1786469380.512743,0.4354201853275299
train/entropy,5692,1786469381.330188,0.5157055854797363
train/entropy,5701,1786469382.050695,0.5783654451370239
train/entropy,5711,1786469382.849694,0.2857564389705658
train/entropy,5720,1786469383.573920,0.7001661658287048
train/entropy,5730,1786469384.369380,0.4939102828502655
train/entropy,5739,1786469385.087354,0.7013782262802124
train/entropy,5749,1786469385.885702,0.4856432378292084
train/entropy,5758,1786469391.011811,0.5657085180282593
train/entropy,5768,1786469391.740358,0.4525139629840851
train/entropy,5777,1786469392.457729,0.44246065616607666
train/entropy,5787,1786469393.242779,0.6113379597663879
train/entropy,5796,1786469393.952581,0.7983177304267883
train/entropy,5806,1786469394.731922,0.6170134544372559
train/entropy,5815,1786469395.444359,0.3514277935028076
train/entropy,5825,1786469396.230258,0.581439197063446
train/entropy,5834,1786469396.939109,0.5005435347557068
train/entropy,5844,1786469397.727588,0.4757964313030243
train/entropy,5853,1786469398.437347,0.3148493468761444
train/entropy,5863,1786469399.226031,0.3980236053466797
train/entropy,5872,1786469399.931389,0.5161702036857605
train/entropy,5882,1786469400.717290,0.6808151602745056
train/entropy,5891,1786469401.426052,0.5693774223327637
train/entropy,5901,1786469402.218113,0.45941847562789917
train/entropy,5910,1786469402.934761,0.5665762424468994
train/entropy,5920,1786469403.740841,0.39254888892173767
train/entropy,5929,1786469408.856374,0.6011441946029663
train/entropy,5939,1786469409.654152,0.36847496032714844
train/entropy,5948,1786469410.363230,0.5094686150550842
train/entropy,5958,1786469411.154478,0.374978244304657
train/entropy,5967,1786469411.866459,0.462315171957016
train/entropy,5977,1786469412.650308,0.43996939063072205
train/entropy,5986,1786469413.361090,0.3853224217891693
train/entropy,5996,1786469414.154058,0.40021613240242004
train/entropy,6006,1786469415.191685,0.7371966242790222
train/entropy,6015,1786469415.906358,0.34772512316703796
train/entropy,6025,1786469416.705131,0.40574172139167786
train/entropy,6034,1786469417.413658,0.5786119103431702
train/entropy,6044,1786469422.614057,0.13850808143615723
train/entropy,6053,1786469423.331150,0.5774486660957336
train/entropy,6063,1786469424.125558,0.5302110314369202
train/entropy,6072,1786469424.836879,0.21574272215366364
train/entropy,6082,1786469425.626959,0.4148736596107483
train/entropy,6091,1786469426.337215,0.7381121516227722
train/entropy,6101,1786469427.129239,0.5615133047103882
train/entropy,6110,1786469427.846527,0.3676820695400238
train/entropy,6120,1786469428.651395,0.21099862456321716
train/entropy,6129,1786469429.373914,0.48148131370544434
train/entropy,6139,1786469430.176819,0.2514593005180359
train/entropy,6148,1786469430.899636,0.30284518003463745
train/entropy,6158,1786469431.703287,0.4007743000984192
train/entropy,6167,1786469432.424477,0.49982568621635437
train/entropy,6177,1786469433.223859,0.6095410585403442
train/entropy,6186,1786469433.943292,0.21677981317043304
train/entropy,6196,1786469434.743902,0.0561697892844677
train/entropy,6205,1786469435.464763,0.461190402507782
train/entropy,6215,1786469436.263738,0.3981659710407257
train/entropy,6224,1786469436.987800,0.29042312502861023
train/entropy,6234,1786469437.788564,0.4626293182373047
train/entropy,6243,1786469438.502604,0.43045973777770996
train/entropy,6253,1786469439.294866,0.09145533293485641
train/entropy,6262,1786469440.012209,0.285197913646698
train/entropy,6272,1786469440.808258,0.553619921207428
train/entropy,6281,1786469441.526340,0.3935132622718811
train/entropy,6291,1786469442.325378,0.48383989930152893
train/entropy,6300,1786469443.040135,0.35704943537712097
train/entropy,6310,1786469443.838222,0.4303448498249054
train/entropy,6319,1786469444.555220,0.27605924010276794
train/entropy,6329,1786469445.351109,0.1548089236021042
train/entropy,6338,1786469446.074688,0.4858230948448181
train/entropy,6348,1786469446.865486,0.4848260283470154
train/entropy,6357,1786469447.576251,0.3888481855392456
train/entropy,6367,1786469448.358845,0.30798983573913574
train/entropy,6376,1786469449.070869,0.44083404541015625
train/entropy,6386,1786469449.862158,0.04577453434467316
train/entropy,6395,1786469450.574976,0.35700464248657227
train/entropy,6405,1786469451.366224,0.4790889620780945
train/entropy,6414,1786469452.084764,0.5186375975608826
train/entropy,6424,1786469452.872463,0.7642866373062134
train/entropy,6433,1786469453.587006,0.43949782848358154
train/entropy,6443,1786469454.377536,0.34638288617134094
train/entropy,6452,1786469455.090457,0.547431230545044
train/entropy,6462,1786469455.886464,0.6859439611434937
train/entropy,6471,1786469456.602190,0.7152867913246155
train/entropy,6481,1786469457.398982,0.5310447812080383
train/entropy,6490,1786469458.115511,0.6997420191764832
train/entropy,6500,1786469458.908274,0.4041178822517395
train/entropy,6510,1786469459.705129,0.520024836063385
train/entropy,6519,1786469460.420206,0.4984479546546936
train/entropy,6529,1786469461.212713,0.5881529450416565
train/entropy,6538,1786469466.311062,0.2666316628456116
train/entropy,6548,1786469467.062871,0.20172813534736633
train/entropy,6557,1786469467.777116,0.5967954397201538
train/entropy,6567,1786469468.558539,0.4143209755420685
train/entropy,6576,1786469469.266740,0.34290409088134766
train/entropy,6586,1786469470.064149,0.45489412546157837
train/entropy,6595,1786469470.759778,0.46701857447624207
train/entropy,6605,1786469471.547391,0.3929702937602997
train/entropy,6614,1786469472.257865,0.4841518998146057
train/entropy,6624,1786469473.046766,0.3892289996147156
train/entropy,6633,1786469473.760805,0.3298966884613037
train/entropy,6643,1786469474.549523,0.8110055327415466
train/entropy,6652,1786469475.269442,0.6393561959266663
train/entropy,6662,1786469476.064772,0.25777560472488403
train/entropy,6671,1786469476.762765,0.432657390832901
train/entropy,6681,1786469477.537762,0.4047755300998688
train/entropy,6690,1786469478.234679,0.6841633319854736
train/entropy,6700,1786469479.009830,0.33631986379623413
train/entropy,6709,1786469479.714149,0.1725112497806549
train/entropy,6719,1786469480.506045,0.5343954563140869
train/entropy,6728,1786469481.226870,0.26709794998168945
train/entropy,6738,1786469482.027185,0.49217134714126587
train/entropy,6747,1786469482.762849,0.43281686305999756
train/entropy,6757,1786469483.586947,0.6402667164802551
train/entropy,6766,1786469484.326336,0.34069010615348816
train/entropy,6776,1786469485.148317,0.2130759060382843
train/entropy,6785,1786469485.887381,0.5110933780670166
train/entropy,6795,1786469486.701034,0.4810090661048889
train/entropy,6804,1786469487.436604,0.32225143909454346
train/entropy,6814,1786469488.265590,0.1330876648426056
train/entropy,6823,1786469488.999569,0.6153361201286316
train/entropy,6833,1786469489.814373,0.30604100227355957
train/entropy,6842,1786469490.544552,0.3430497348308563
train/entropy,6852,1786469491.357314,0.3709948658943176
train/entropy,6861,1786469492.076205,0.5322023034095764
train/entropy,6871,1786469492.884562,0.3161303699016571
train/entropy,6880,1786469493.617349,0.31364211440086365
train/entropy,6890,1786469494.428263,0.396444708108902
train/entropy,6899,1786469495.153748,0.49044546484947205
train/entropy,6909,1786469495.958455,0.45512792468070984
train/entropy,6918,1786469496.680574,0.5165781378746033
train/entropy,6928,1786469497.481421,0.3456418514251709
train/entropy,6937,1786469498.202765,0.22249092161655426
train/entropy,6947,1786469499.028744,0.26812484860420227
train/entropy,6956,1786469499.779504,0.4403616487979889
train/entropy,6966,1786469500.590057,0.453845739364624
train/entropy,6975,1786469501.308279,0.35851383209228516
train/entropy,6985,1786469502.124426,0.6090042591094971
train/entropy,6994,1786469502.843823,0.5285706520080566
train/entropy,7004,1786469503.652635,0.46403440833091736
train/entropy,7014,1786469504.450433,0.4565318524837494
train/entropy,7023,1786469505.188623,0.09514632821083069
train/entropy,7033,1786469505.992117,0.44821012020111084
train/entropy,7042,1786469511.066182,0.6410264372825623
train/entropy,7052,1786469511.876533,0.5393107533454895
train/entropy,7061,1786469512.620496,0.2953789234161377
train/entropy,7071,1786469513.450839,0.6769234538078308
train/entropy,7080,1786469514.204713,0.4581766724586487
train/entropy,7090,1786469515.028376,0.49944183230400085
train/entropy,7099,1786469515.749454,0.09813040494918823
train/entropy,7109,1786469516.580698,0.0810389518737793
train/entropy,7118,1786469517.335122,0.46273359656333923
train/entropy,7128,1786469518.167487,-0.040422648191452026
train/entropy,7137,1786469518.902915,-0.22942809760570526
train/entropy,7147,1786469519.715275,0.4258400499820709
train/entropy,7156,1786469520.463752,0.3819923996925354
train/entropy,7166,1786469521.281796,-0.1056416854262352
train/entropy,7175,1786469522.025103,0.18832680583000183
train/entropy,7185,1786469522.841936,0.20358340442180634
train/entropy,7194,1786469523.592383,0.273720920085907
train/entropy,7204,1786469524.467194,0.2559725344181061
train/entropy,7213,1786469525.226483,-0.09763286262750626
train/entropy,7223,1786469526.097095,0.31304946541786194
train/entropy,7232,1786469526.848973,0.270340234041214
train/entropy,7242,1786469527.691946,0.3021447956562042
train/entropy,7251,1786469528.449269,0.04585275426506996
train/entropy,7261,1786469529.275228,0.4973542392253876
train/entropy,7270,1786469530.029515,0.23602145910263062
train/entropy,7280,1786469530.837281,0.08090221136808395
train/entropy,7289,1786469531.602475,0.47069334983825684
train/entropy,7299,1786469532.432249,0.0890655666589737
train/entropy,7308,1786469533.163569,0.2689049541950226
train/entropy,7318,1786469533.972742,0.5646825432777405
train/entropy,7327,1786469534.701062,0.5456428527832031
train/entropy,7337,1786469535.511412,0.5030549168586731
train/entropy,7346,1786469536.247985,0.31564420461654663
train/entropy,7356,1786469537.103363,0.3823031187057495
train/entropy,7365,1786469537.868715,0.432650625705719
train/entropy,7375,1786469538.699445,0.52012699842453
train/entropy,7384,1786469539.436952,0.1577364206314087
train/entropy,7394,1786469540.285125,0.4341775178909302
train/entropy,7403,1786469541.028387,0.1038220003247261
train/entropy,7413,1786469541.842304,0.5893892645835876
train/entropy,7422,1786469542.575902,0.5268540978431702
train/entropy,7432,1786469543.396623,0.5327664613723755
train/entropy,7441,1786469544.159833,0.44367825984954834
train/entropy,7451,1786469544.986793,0.2787461578845978
train/entropy,7460,1786469545.738585,0.1364685297012329
train/entropy,7470,1786469546.574745,0.6082205772399902
train/entropy,7479,1786469547.349360,0.45143604278564453
train/entropy,7489,1786469548.180974,0.33050280809402466
train/entropy,7498,1786469548.913047,0.3336154520511627
train/entropy,7508,1786469549.743002,0.27219581604003906
train/entropy,7518,1786469550.586772,0.5629040002822876
train/entropy,7527,1786469551.350826,0.025566136464476585
train/entropy,7537,1786469556.851516,0.5847285985946655
train/entropy,7546,1786469557.498467,0.7877416610717773
train/entropy,7556,1786469558.313032,0.33960291743278503
train/entropy,7565,1786469559.061083,0.5618669986724854
train/entropy,7575,1786469559.880864,0.2511219084262848
train/entropy,7584,1786469560.613346,0.5725293159484863
train/entropy,7594,1786469561.424685,-0.1700648069381714
train/entropy,7603,1786469562.153798,0.5562342405319214
train/entropy,7613,1786469562.952131,0.7020177841186523
train/entropy,7622,1786469563.697575,0.3915077745914459
train/entropy,7632,1786469564.544177,0.21709361672401428
train/entropy,7641,1786469565.286737,0.4073391556739807
train/entropy,7651,1786469566.126840,0.14147210121154785
train/entropy,7660,1786469566.871567,0.40548500418663025
train/entropy,7670,1786469567.681096,0.10774112492799759
train/entropy,7679,1786469568.400786,0.573415994644165
train/entropy,7689,1786469569.196952,0.4773009121417999
train/entropy,7698,1786469569.921222,0.09415782988071442
train/entropy,7708,1786469570.733011,-0.047884490340948105
train/entropy,7717,1786469571.471616,0.13999564945697784
train/entropy,7727,1786469572.288235,0.5230662822723389
train/entropy,7736,1786469573.027464,0.5187376737594604
train/entropy,7746,1786469573.856831,0.4459914267063141
train/entropy,7755,1786469574.605776,0.373594731092453
train/entropy,7765,1786469575.443086,0.659290611743927
train/entropy,7774,1786469576.192293,0.1436731070280075
train/entropy,7784,1786469577.035979,0.226541668176651
train/entropy,7793,1786469577.781200,0.3985670506954193
train/entropy,7803,1786469578.605563,0.11498113721609116
train/entropy,7812,1786469579.354055,0.44584307074546814
train/entropy,7822,1786469580.187691,0.6405214667320251
train/entropy,7831,1786469580.936193,0.17565052211284637
train/entropy,7841,1786469581.744834,0.04209009185433388
train/entropy,7850,1786469582.479146,0.009572753682732582
train/entropy,7860,1786469583.296380,0.5424041152000427
train/entropy,7869,1786469584.033043,0.32953301072120667
train/entropy,7879,1786469584.852695,0.34251952171325684
train/entropy,7888,1786469585.595208,0.3656679093837738
train/entropy,7898,1786469586.420551,0.1242808923125267
train/entropy,7907,1786469587.163086,0.5453786253929138
train/entropy,7917,1786469587.977847,0.14387065172195435
train/entropy,7926,1786469588.701166,0.32680410146713257
train/entropy,7936,1786469589.504170,0.024632420390844345
train/entropy,7945,1786469590.227388,0.08266683667898178
train/entropy,7955,1786469591.027449,0.24536752700805664
train/entropy,7964,1786469591.747612,0.44198110699653625
train/entropy,7974,1786469592.551016,0.2547999918460846
train/entropy,7983,1786469593.281003,0.07931701838970184
train/entropy,7993,1786469594.079478,-0.02128743566572666
train/entropy,8003,1786469595.270497,0.31509193778038025
train/entropy,8012,1786469595.956226,-0.10708601027727127
train/entropy,8022,1786469596.765360,0.45750921964645386
train/entropy,8031,1786469597.474659,0.37521132826805115
train/entropy,8041,1786469602.649159,0.1917555183172226
train/entropy,8050,1786469603.356007,0.4853055477142334
train/entropy,8060,1786469604.142433,0.14389261603355408
train/entropy,8069,1786469604.846751,0.3257415294647217
train/entropy,8079,1786469605.630940,0.491839200258255
train/entropy,8088,1786469606.336724,0.25564026832580566
train/entropy,8098,1786469607.120533,0.6984896063804626
train/entropy,8107,1786469607.830880,0.3488985300064087
train/entropy,8117,1786469608.637185,0.3682318925857544
train/entropy,8126,1786469609.339602,0.37569984793663025
train/entropy,8136,1786469610.139657,0.26030007004737854
train/entropy,8145,1786469610.856682,0.4474661946296692
train/entropy,8155,1786469611.648857,0.09494270384311676
train/entropy,8164,1786469612.354923,0.463071346282959
train/entropy,8174,1786469613.142551,0.5671795010566711
train/entropy,8183,1786469613.849185,0.41371244192123413
train/entropy,8193,1786469614.635451,0.35600218176841736
train/entropy,8202,1786469615.348704,-0.0694834515452385
train/entropy,8212,1786469616.136553,0.23232203722000122
train/entropy,8221,1786469616.849560,0.168219193816185
train/entropy,8231,1786469617.640973,0.2822338938713074
train/entropy,8240,1786469618.353409,0.5178253054618835
train/entropy,8250,1786469619.141839,0.018169360235333443
train/entropy,8259,1786469619.854155,0.3429083526134491
train/entropy,8269,1786469620.648793,0.36770641803741455
train/entropy,8278,1786469621.365448,0.3513910174369812
train/entropy,8288,1786469622.174923,0.0007262897561304271
train/entropy,8297,1786469622.878574,0.06572747975587845
train/entropy,8307,1786469623.674455,0.46507060527801514
train/entropy,8316,1786469624.389410,-0.07183771580457687
train/entropy,8326,1786469625.189671,0.1957501620054245
train/entropy,8335,1786469625.908624,0.04654482752084732
train/entropy,8345,1786469626.706470,0.18012340366840363
train/entropy,8354,1786469627.425967,0.31308820843696594
train/entropy,8364,1786469628.223892,0.40628981590270996
train/entropy,8373,1786469628.940190,0.19660669565200806
train/entropy,8383,1786469629.737082,0.12513113021850586
train/entropy,8392,1786469630.457278,0.021072788164019585
train/entropy,8402,1786469631.270518,0.5224250555038452
train/entropy,8411,1786469631.999816,0.23043493926525116
train/entropy,8421,1786469632.814196,0.2707202732563019
train/entropy,8430,1786469633.533025,-0.13962522149085999
train/entropy,8440,1786469634.334029,-0.04886111989617348
train/entropy,8449,1786469635.051271,0.38052812218666077
train/entropy,8459,1786469635.849509,0.03986740857362747
train/entropy,8468,1786469636.567051,0.18660995364189148
train/entropy,8478,1786469637.370939,0.32394421100616455
train/entropy,8487,1786469638.090851,-0.19387727975845337
train/entropy,8497,1786469638.893609,0.22334906458854675
train/entropy,8507,1786469639.697291,0.28885605931282043
train/entropy,8516,1786469640.409767,0.2964766323566437
train/entropy,8526,1786469641.209446,0.21443049609661102
train/entropy,8535,1786469641.926671,0.11724486947059631
train/entropy,8545,1786469647.134001,0.004540081135928631
train/entropy,8554,1786469647.852931,0.1617480218410492
train/entropy,8564,1786469648.645684,0.22645050287246704
train/entropy,8573,1786469649.368633,-0.18765220046043396
train/entropy,8583,1786469650.176404,0.14985154569149017
train/entropy,8592,1786469650.917826,0.055018603801727295
train/entropy,8602,1786469651.735565,-0.043245829641819
train/entropy,8611,1786469652.474113,0.28779980540275574
train/entropy,8621,1786469653.303335,0.3921537697315216
train/entropy,8630,1786469654.056983,0.3304618000984192
train/entropy,8640,1786469654.881668,0.47464630007743835
train/entropy,8649,1786469655.625349,0.2848409116268158
train/entropy,8659,1786469656.452091,-0.06393453478813171
train/entropy,8668,1786469657.198133,-0.3765116035938263
train/entropy,8678,1786469658.027261,0.19647273421287537
train/entropy,8687,1786469658.760593,-0.058991506695747375
train/entropy,8697,1786469659.564828,0.060226161032915115
train/entropy,8706,1786469660.286821,0.143692284822464
train/entropy,8716,1786469661.096513,0.19170528650283813
train/entropy,8725,1786469661.816909,-0.23614230751991272
train/entropy,8735,1786469662.627555,0.43686026334762573
train/entropy,8744,1786469663.352900,0.10384561121463776
train/entropy,8754,1786469664.166065,0.15701717138290405
train/entropy,8763,1786469664.903370,-0.08621001988649368
train/entropy,8773,1786469665.713192,0.19280391931533813
train/entropy,8782,1786469666.443299,0.14375080168247223
train/entropy,8792,1786469667.252115,0.0954103171825409
train/entropy,8801,1786469667.981526,0.25499600172042847
train/entropy,8811,1786469668.788294,-0.04843253642320633
train/entropy,8820,1786469669.522061,0.09073060750961304
train/entropy,8830,1786469670.343192,-0.0387112982571125
train/entropy,8839,1786469671.074570,0.12392529845237732
train/entropy,8849,1786469671.897915,0.26916107535362244
train/entropy,8858,1786469672.630768,-0.17145660519599915
train/entropy,8868,1786469673.445388,0.36981359124183655
train/entropy,8877,1786469674.180351,0.3709814250469208
train/entropy,8887,1786469674.993425,0.21563869714736938
train/entropy,8896,1786469675.728216,0.15236124396324158
train/entropy,8906,1786469676.544367,-0.0037994575686752796
train/entropy,8915,1786469677.292213,0.3452936112880707
train/entropy,8925,1786469678.097711,0.15973827242851257
train/entropy,8934,1786469678.832540,0.18867532908916473
train/entropy,8944,1786469679.650733,-0.1713736653327942
train/entropy,8953,1786469680.383299,-0.0015588998794555664
train/entropy,8963,1786469681.194807,0.062054719775915146
train/entropy,8972,1786469681.924960,0.16460980474948883
train/entropy,8982,1786469682.730363,0.26688188314437866
train/entropy,8991,1786469683.455787,0.23834306001663208
train/entropy,9001,1786469684.262262,0.12854155898094177
train/entropy,9011,1786469685.080690,0.4356703460216522
train/entropy,9020,1786469685.792715,-0.2776476740837097
train/entropy,9030,1786469686.600590,-0.03366883099079132
train/entropy,9039,1786469691.749321,0.11712083220481873
train/entropy,9049,1786469692.556410,0.006983494386076927
train/entropy,9058,1786469693.281361,0.3475893437862396
train/entropy,9068,1786469694.107202,0.004181551747024059
train/entropy,9077,1786469694.841221,-0.04898293316364288
train/entropy,9087,1786469695.657115,-0.10119663923978806
train/entropy,9096,1786469696.391808,0.24732457101345062
train/entropy,9106,1786469697.210154,-0.03137832134962082
train/entropy,9115,1786469697.950729,0.44642311334609985
train/entropy,9125,1786469698.774151,0.3399141728878021
train/entropy,9134,1786469699.512542,-0.04704995080828667
train/entropy,9144,1786469700.332660,0.3867219090461731
train/entropy,9153,1786469701.071273,0.1391260325908661
train/entropy,9163,1786469701.897762,0.0659189373254776
train/entropy,9172,1786469702.647467,0.009203667752444744
train/entropy,9182,1786469703.474799,0.2965180277824402
train/entropy,9191,1786469704.213841,0.33046793937683105
train/entropy,9201,1786469705.060522,0.3468366265296936
train/entropy,9210,1786469710.457387,0.4672296941280365
train/entropy,9220,1786469711.173733,0.44205015897750854
train/entropy,9229,1786469711.897586,0.10069099813699722
train/entropy,9239,1786469712.692706,0.23013655841350555
train/entropy,9248,1786469713.416488,-0.1683814525604248
train/entropy,9258,1786469714.224524,0.010378394275903702
train/entropy,9267,1786469714.948976,0.02266288734972477
train/entropy,9277,1786469715.759398,0.49296683073043823
train/entropy,9286,1786469716.484494,0.19129596650600433
train/entropy,9296,1786469717.292294,0.4170849621295929
train/entropy,9305,1786469718.020033,0.10912922769784927
train/entropy,9315,1786469718.828601,-0.034174222499132156
train/entropy,9324,1786469719.552143,0.35724034905433655
train/entropy,9334,1786469720.361580,0.40237799286842346
train/entropy,9343,1786469721.081825,0.1620711088180542
train/entropy,9353,1786469721.888844,0.17275121808052063
train/entropy,9362,1786469722.614843,0.17662130296230316
train/entropy,9372,1786469723.418807,0.3088770806789398
train/entropy,9381,1786469724.143414,0.014572967775166035
train/entropy,9391,1786469724.954942,0.005885121878236532
train/entropy,9400,1786469725.699325,0.05364968255162239
train/entropy,9410,1786469726.514793,0.3557436168193817
train/entropy,9419,1786469727.252306,0.20316152274608612
train/entropy,9429,1786469728.083897,0.43569061160087585
train/entropy,9438,1786469728.833646,-0.1930808275938034
train/entropy,9448,1786469729.678023,0.31452837586402893
train/entropy,9457,1786469730.428308,-0.05465114116668701
train/entropy,9467,1786469731.274938,0.022998742759227753
train/entropy,9476,1786469732.033737,0.32937315106391907
train/entropy,9486,1786469732.879867,0.5347616076469421
train/entropy,9495,1786469733.636947,0.24021707475185394
train/entropy,9505,1786469734.476932,0.2628566324710846
train/entropy,9515,1786469735.314795,0.28069984912872314
train/entropy,9524,1786469736.061252,0.11576839536428452
train/entropy,9534,1786469736.885203,0.3877352178096771
train/entropy,9543,1786469737.620421,0.2877121567726135
train/entropy,9553,1786469738.434336,0.11855602264404297
train/entropy,9562,1786469739.170939,0.12750232219696045
train/entropy,9572,1786469739.989228,0.17963390052318573
train/entropy,9581,1786469740.717404,0.2739459276199341
train/entropy,9591,1786469741.534526,0.003212373238056898
train/entropy,9600,1786469742.269650,0.35655421018600464
train/entropy,9610,1786469743.078971,0.12384539097547531
train/entropy,9619,1786469743.806164,0.3668294847011566
train/entropy,9629,1786469744.613273,0.5161828994750977
train/entropy,9638,1786469745.343804,0.34827494621276855
train/entropy,9648,1786469746.141724,-0.050157736986875534
train/entropy,9657,1786469746.859848,0.3156770169734955
train/entropy,9667,1786469747.661530,0.13695353269577026
train/entropy,9676,1786469748.387364,0.30169764161109924
train/entropy,9686,1786469749.184757,-0.06098119542002678
train/entropy,9695,1786469749.910555,0.3414022624492645
train/entropy,9705,1786469750.710119,0.2937563359737396
train/entropy,9714,1786469755.846298,0.29405462741851807
train/entropy,9724,1786469756.648397,0.06993743777275085
train/entropy,9733,1786469757.367692,0.12662045657634735
train/entropy,9743,1786469758.154609,0.1913507580757141
train/entropy,9752,1786469758.869322,0.10455489158630371
train/entropy,9762,1786469759.665803,0.06874046474695206
train/entropy,9771,1786469760.383578,0.3473871052265167
train/entropy,9781,1786469761.179510,0.007196659687906504
train/entropy,9790,1786469761.892245,0.027422599494457245
train/entropy,9800,1786469762.692277,0.2141040563583374
train/entropy,9809,1786469763.409891,0.20707671344280243
train/entropy,9819,1786469764.211235,0.18945296108722687
train/entropy,9828,1786469764.930903,0.16261281073093414
train/entropy,9838,1786469765.727183,0.1985691338777542
train/entropy,9847,1786469766.447722,0.4031805396080017
train/entropy,9857,1786469767.250904,0.2461489886045456
train/entropy,9866,1786469767.973979,-0.1810028851032257
train/entropy,9876,1786469768.779337,0.07871723175048828
train/entropy,9885,1786469769.513343,0.4751412868499756
train/entropy,9895,1786469770.329722,0.1894037425518036
train/entropy,9904,1786469771.037566,0.130559042096138
train/entropy,9914,1786469771.831717,0.1796615570783615
train/entropy,9923,1786469772.548090,-0.07457569241523743
train/entropy,9933,1786469773.347159,0.17278143763542175
train/entropy,9942,1786469774.072369,-0.03367435559630394
train/entropy,9952,1786469774.881491,0.3894692063331604
train/entropy,9961,1786469775.617776,0.11727196723222733
train/entropy,9971,1786469776.439859,0.3002743422985077
train/entropy,9980,1786469777.173777,0.20275261998176575
train/entropy,9990,1786469777.979167,0.14578832685947418
train/entropy,10000,1786469778.784795,-0.3944312334060669
